userName,score,at,content
Pengguna Google,2,2026-06-01 05:47:12,pebgalaman
Pengguna Google,5,2026-06-01 05:46:58,serruu
Pengguna Google,1,2026-06-01 05:46:45,woii gbsa d download woii gmau d edit sebelum bisa d download🤬🤬🤬
Pengguna Google,5,2026-06-01 05:46:18,kalau lagi bosan enak banget scroll tiktok apa lagi bisa telponan🙄
Pengguna Google,5,2026-06-01 05:45:26,mantap
Pengguna Google,5,2026-06-01 05:45:05,bagus
Pengguna Google,5,2026-06-01 05:44:51,kereen
Pengguna Google,5,2026-06-01 05:42:36,"gak jelas selalu ada ""Tiktok tidak menanggapi"" tapi bagus cuma itu doang yang bikin lag karna notif nya"
Pengguna Google,4,2026-06-01 05:42:30,ok lah
Pengguna Google,5,2026-06-01 05:42:29,Bagus dan menarik
Pengguna Google,1,2026-06-01 05:42:18,gabisa ss lagi
Pengguna Google,1,2026-06-01 05:40:32,kok saya nggak bisa VN
Pengguna Google,5,2026-06-01 05:39:26,seruuu ihhhh scroll tapi gk bisa vn
Pengguna Google,5,2026-06-01 05:36:50,kualitas sangat buruk
Pengguna Google,5,2026-06-01 05:36:43,"bnr bnr sngt bgus,,dri dlu udh pkai tiktok in,,mnrut saya tiktok in lbih bgus dr pda tiktok lite,,tiktok ni bner bner bagus."
Pengguna Google,5,2026-06-01 05:36:41,Bagus tapi kalo missalan kalok ada poto sus jangan di sensor
Pengguna Google,5,2026-06-01 05:36:21,sangat jeren tapi harga ya mahal mahal banget
Pengguna Google,5,2026-06-01 05:34:11,apikasi yang bagus
Pengguna Google,1,2026-06-01 05:33:32,apaansi ngebug mlu
Pengguna Google,5,2026-06-01 05:33:21,sudah bagus tetapi pas sayaa mencet logo tiktok lama banget n ngelag jugaa
Pengguna Google,2,2026-06-01 05:33:19,tiktok harus merespon android 8 kadang sering keluat sendiri lalu ram tiktok kecilin sedikit ya soal patah nggak respon loh tolong kecil kan ram apikasi itu ya
Pengguna Google,1,2026-06-01 05:33:14,efek nya milih milih ga bisa di pencet gasukaa
Pengguna Google,5,2026-06-01 05:29:17,aplikasi ini membantu untuk mencari sesuatu dan belajar
Pengguna Google,5,2026-06-01 05:28:42,Konten kak
Pengguna Google,1,2026-06-01 05:28:28,"aku sudah bodo amat dengan suara yang populer itu, sekarang aku ingin ada fitur ascending dan descanding pada video yang tersimpan/video yang diposting ulang"
Pengguna Google,5,2026-06-01 05:26:45,"apk yang setiap hari aku buka, pokoknya aku tau berita viral dari apk ini. the best, tp juga agak kesel karena apknya berat bgt ( nasib hp yg cuman 32gb 🙃)"
Pengguna Google,1,2026-06-01 05:25:37,setelah ganti akun tidak ada tiktok shop nya
Pengguna Google,5,2026-06-01 05:22:53,bagus
Pengguna Google,1,2026-06-01 05:21:35,jelek 👹👺👹👺.
Pengguna Google,5,2026-06-01 05:21:20,bagus
Pengguna Google,1,2026-06-01 05:21:18,The customer service is really bad. who replied in full AI without any response from customer service. The solution provided also did not help the problem that occurred.
Pengguna Google,1,2026-06-01 05:21:10,aplikasi jembut setiap aku upload foto yang ada tulisan pas udah ke upload malah gak ada tulisan memang tempek aplikasi ini asu
Pengguna Google,5,2026-06-01 05:17:55,bagus banget pokok nya
Pengguna Google,5,2026-06-01 05:17:39,bagus seru bisa nonton kucing core.
Pengguna Google,2,2026-06-01 05:16:49,lagu rohani Kristen ore nama
Pengguna Google,1,2026-06-01 05:12:46,sekarang aplikasinya tidak bagus aku upload video ga bisa HP ku lngsung mati daya di buatnya 🙂
Pengguna Google,4,2026-06-01 05:11:14,"kadang tiktok error, jadi mls buka tiktok"
Pengguna Google,5,2026-06-01 05:11:12,nice
Pengguna Google,1,2026-06-01 05:10:56,main tiktok di 2026 sekarang beda dengan di tahun 2024... 1 sering leg. 2 banyak pelanggan yang gk masuk di akal. 3 banyaknya akun robot. bahkan sekarang udah gk pernah lagi top up... rugi
Pengguna Google,5,2026-06-01 05:10:04,bagus
Pengguna Google,4,2026-06-01 05:09:20,bosok tapi lumayan jelek 😹✌️
Pengguna Google,1,2026-06-01 05:08:40,poik
Pengguna Google,5,2026-06-01 05:08:14,sangat bagus
Pengguna Google,3,2026-06-01 05:07:01,hilangkan iklan slot udah muak srol lewat itu la
Pengguna Google,5,2026-06-01 05:06:24,lopyu
Pengguna Google,1,2026-06-01 05:05:54,inpo ep ep minnñ
Pengguna Google,1,2026-06-01 05:05:16,memotong salsa tanpa transaksi.... kembalikan saldo saya
Pengguna Google,5,2026-06-01 05:00:39,kak belum bisa ni VN nya kak
Pengguna Google,1,2026-06-01 05:00:21,akun gua hilang gara gara Lo gua udah setia dari Lo 2019 gua udah gak percaya lagi sama lu gua udah setia tapi Lo bales gini cih gua gaakan lagi ketipu gua Ratting 1/10 awas aja lu
Pengguna Google,4,2026-06-01 04:59:54,menghiburnya dan menginstall nya lama bgtt!!
Pengguna Google,1,2026-06-01 04:59:17,"bego bangett anjir, akun gua 3 semua nya kena pl dikira gak berusia 18thun , apa apa pelanggaran padahal gak ngapa-ngapain"
Pengguna Google,1,2026-06-01 04:59:07,tidak bisa di download heh menyesalkan sangat amat tidak bisa diandalkan tolong ya di update
Pengguna Google,5,2026-06-01 04:58:40,bagud
Pengguna Google,2,2026-06-01 04:56:56,tiktok sekarang kenapa jelek banget min udah eror buat DM keluar terus bikin kesel tapi kalo pake scrol doang mah lancar di perbaiki lagi ya min
Pengguna Google,5,2026-06-01 04:56:42,Bagus banget
Pengguna Google,5,2026-06-01 04:55:09,aku suka bngt liat tiktok karna yaa seruu
Pengguna Google,5,2026-06-01 04:54:58,woy aku sudah capek He PiHAnG Tiktok akun saya Hilang TOLONG Di Perbaiki 🤬🤬🤬🤬🤬🤬🤬🤬🤬🤬
Pengguna Google,1,2026-06-01 04:53:23,sekarang ada spongebobnya tiap kembali ke postingan setelah di scroll mohon dibantu perbaiki lagi
Pengguna Google,1,2026-06-01 04:52:17,"ada masalah pada translate pada video maupun caption, benerin bisa gak? update kaga jelas"
Pengguna Google,5,2026-06-01 04:49:30,Tiktok bagus bgt
Pengguna Google,3,2026-06-01 04:46:37,sering nge bug nga suka
Pengguna Google,5,2026-06-01 04:46:05,kurangin iklannya
Pengguna Google,1,2026-06-01 04:45:46,kayak tempek
Pengguna Google,5,2026-06-01 04:45:01,aplikasinya bagus banget bisa mengikuti semua channel orang dan tolong perbaiki aplikasinya lemot banget dan tolong fitur pengikut dijadikan unlimited atau tidak terbatas dan tolong perbaiki bugnya saya kasih bintang 5 dan itu saja dari saya terima kasih....
Pengguna Google,5,2026-06-01 04:44:06,Signal very low
Pengguna Google,5,2026-06-01 04:43:59,gimana sara microfon
Pengguna Google,5,2026-06-01 04:43:26,aku mau bisa rodio/vn
Pengguna Google,4,2026-06-01 04:42:34,cocok sih tapi bnyk yg slah digunakan
Pengguna Google,1,2026-06-01 04:41:27,ngelag.
Pengguna Google,5,2026-06-01 04:39:52,suka bangettt dan aku terhibur sama video yang ada di tiktok
Pengguna Google,3,2026-06-01 04:38:49,udh diperbarui malah tmbh ngelegg🤨😒
Pengguna Google,5,2026-06-01 04:37:46,mudah dijangkau semua generasi
Pengguna Google,5,2026-06-01 04:35:18,sangat menarik
Pengguna Google,1,2026-06-01 04:33:22,"mohon maaf sebelumnya semua akun saya di banned tanpa alasan yang jelas,dan saya tidak merasa melakukan pelanggaran jadi mohon pihak tiktok untuk segera membantu"
Pengguna Google,5,2026-06-01 04:33:00,"aku suka bagus banged dan bable cht nya lucu"""
Pengguna Google,5,2026-06-01 04:31:56,sukses selalu toktok
Pengguna Google,1,2026-06-01 04:29:44,akun aing di blokir
Pengguna Google,5,2026-06-01 04:27:40,monet atuh ey semoga bisa jadi cuan dengan daftar tuktokteh amin yaallah
Pengguna Google,1,2026-06-01 04:27:03,makin banyak video drama ai
Pengguna Google,5,2026-06-01 04:26:59,yang harus di perbaiki sih coba beliin saya wifi soal nya saya pake data cepet abis
Pengguna Google,5,2026-06-01 04:26:59,aplikasinya sangat bagusss
Pengguna Google,3,2026-06-01 04:25:20,gambar dalam gambar tiktok tidak bisa pakai gimana
Pengguna Google,5,2026-06-01 04:24:22,dapat menonton sehari-hari
Pengguna Google,5,2026-06-01 04:23:32,Bintang Bisa Ngomong
Pengguna Google,5,2026-06-01 04:22:42,tiktok ku sering ngebuk nga seruh setiap aku bikin vidio
Pengguna Google,5,2026-06-01 04:22:00,"tiktok tidak berguna sama sekali jangan nonton aplikasi ini sekarang! karna selalu membuat salahpahaman yang tidak terduga, seperti anda hanya post video yang anda rasa aman namun tiktok tidak setiap itu tiktok menyuruh mu untuk lanjutkan post video dengan nomor jika nomor itu sudah terkena tangguh tidak bisa tapi ini gak ngotak akun ku yang ingin ku post video nomor ini ditangguhkan begitu lama dari 2 tahun yang lalu aku sarankan main YouTube short saja, saya tidak melakukan kesalahan"
Pengguna Google,2,2026-06-01 04:20:20,"bagus, menghibur,jelek nya tuh suka ngeluarin tiba tiba jadi ga asik"
Pengguna Google,5,2026-06-01 04:16:31,dengan menonton iklan dan drama pendek bisa mendapat poin
Pengguna Google,5,2026-06-01 04:14:49,saya belum bisa fitur vn tolong untuk pembantuan nya ya
Pengguna Google,5,2026-06-01 04:12:41,dpt duit
Pengguna Google,4,2026-06-01 04:12:11,bagus
Pengguna Google,5,2026-06-01 04:11:53,sekarang udh ada vn
Pengguna Google,5,2026-06-01 04:11:40,"bagussss apk nyaaaa akuu sukakkk, tapii pas aku mau buat akun baru gabisaa layarnya full putih dan cuman ada tanda bantuan sama tanda silang ajaa ."
Pengguna Google,1,2026-06-01 04:09:14,ini kenapaa.dari kemarin tiktok saya gk bisa di bukaa..dan gk bisa belanjaa ya..tolong donk kenapa
Pengguna Google,5,2026-06-01 04:09:05,bgus
Pengguna Google,5,2026-06-01 04:08:53,😻😻😻😻
Pengguna Google,5,2026-06-01 04:07:07,sangat manfaat
Pengguna Google,5,2026-06-01 04:04:30,bagus buat ngisi waktu luang
Pengguna Google,3,2026-06-01 04:04:02,gak bisa vn
Pengguna Google,5,2026-06-01 04:03:27,"bagusss, fav apk akuu jgaaaa, soalnyaaaa seruuuuu tpiii di tingkatkan lagiii yyaaaaa"
Pengguna Google,5,2026-06-01 04:03:21,mantul
Pengguna Google,5,2026-06-01 04:03:19,bagusss
Pengguna Google,5,2026-06-01 04:02:42,aplikasi tiktok ini menjadi bahan tertawa yg seru.
Pengguna Google,5,2026-06-01 04:01:23,kok gak ada vn di gue
Pengguna Google,1,2026-06-01 04:00:33,tidak bisa vn
Pengguna Google,3,2026-06-01 03:59:39,"Saya punya video bagus, minimal Full HD, tapi pas upload ke Tiktok jadi kurang bagus, renyek, burik, solusinya??"
Pengguna Google,3,2026-06-01 03:57:56,Ok
Pengguna Google,5,2026-06-01 03:57:36,bagus
Pengguna Google,5,2026-06-01 03:54:40,aku udah pake 3 tahun ang seseru itu si
Pengguna Google,1,2026-06-01 03:50:40,aneh banget sih tiktok ny gk bisa di download
Pengguna Google,5,2026-06-01 03:50:17,bagus untuk mencari obrolan teman
Pengguna Google,4,2026-06-01 03:49:57,bintang 4 karna banyak yg toxic halo
Pengguna Google,1,2026-06-01 03:47:53,sangat BURUK tidak bisa upload video dan foto
Pengguna Google,5,2026-06-01 03:47:36,"Aplikasinya bagus, menghibur bahkan ada berbagai drama menarik"
Pengguna Google,1,2026-06-01 03:46:17,"apk jelek gasuka, gw pake tiktok udah lama, gw postingin vt dikit² kena band akun gw ilang, padahal usia gw uda dewasa, lah yg bocil² aman² aja.. garela pokonyaa. dikit² kena pembatasan usia.. tiba² akun gw ilang, akun utama ke band, tiktok shopnya hilang, gabisa live, gabisa dm-an. apa-apaan sih gw udah ngajuin banding ttp aja gabisa, sakit hati bngt apalagi akun itu buat jualan.."
Pengguna Google,5,2026-06-01 03:42:07,"bagus bngt keren ada dc Brazil, velocity dan lain-lain nya"
Pengguna Google,1,2026-06-01 03:39:36,"ADUH,INI MUNCUL SHADOW BAND SHADOW BAND AN, BIKIN ORANG JADI MALES NGONTEN TAU GAK,GAK BERFUNGSI TU SB SB AN.TOLONG DI HAPUS TU SB SB AN NYA!"
Pengguna Google,1,2026-06-01 03:38:32,semenjak update tiktok skrg gampang terhenti sendiri dan keluar apk sendiri ... memory hp 4/64 jdi kaya memory 2/16 .. jdi lemot .. padahal fitur nya itu itu aja cuma nambah fitur gift aja tapi malah memory nya juga nambah gede .. jadi ga nyaman makenya ..
Pengguna Google,1,2026-06-01 03:36:14,ngelag
Pengguna Google,5,2026-06-01 03:35:06,"tiktok,bagus nanti grafik nya juga bagus"
Pengguna Google,5,2026-06-01 03:34:38,bagus
Pengguna Google,5,2026-06-01 03:32:52,Mantap cuan nya..banyakin lagi bos coin nya..oh ya..knp ya punya sawa cek lokasi ga bisa dpt coin..masih tetap seperti semula ..ga bisa klim coim
Pengguna Google,5,2026-06-01 03:28:12,wah aku lagi gabut nyekrol tiktok Lang sung bahagia
Pengguna Google,5,2026-06-01 03:25:47,bagus dan menarik
Pengguna Google,5,2026-06-01 03:22:16,bagus
Pengguna Google,5,2026-06-01 03:20:29,tiktok megajak
Pengguna Google,5,2026-06-01 03:19:29,tempat buat nonton video seru and asik lucu💖💖
Pengguna Google,5,2026-06-01 03:19:19,Luar biasa
Pengguna Google,5,2026-06-01 03:19:06,mantep banget mendukung
Pengguna Google,4,2026-06-01 03:18:59,masa cuman tiktok lite doang yang ada fitur gilir Otomatis tambahin juga dong di tiktok ini
Pengguna Google,1,2026-06-01 03:18:18,ga bisa di buka
Pengguna Google,5,2026-06-01 03:16:55,sumpa bagus banget berguna bang si kata gua
Pengguna Google,5,2026-06-01 03:16:46,seru dan rame lagih
Pengguna Google,2,2026-06-01 03:15:46,saya tidak bisa menggunakan tiktok karena ditangguh kan padahal tidak apapa
Pengguna Google,1,2026-06-01 03:14:41,baru ngirim hp gua sampai eror
Pengguna Google,2,2026-06-01 03:14:20,gaada vitur vn nya di aku
Pengguna Google,5,2026-06-01 03:14:03,nice
Pengguna Google,1,2026-06-01 03:12:58,"3 kali belanja, tiga kali dibatalin, di 3 toko berbeda, promo menggiurkan, begitu klik lebih mahal dari harga normal, penarikan uang yang di kembalikan ribet. auto uninstal, tetep toko oren juaranya,"
Pengguna Google,5,2026-06-01 03:12:30,"tolonggg,ini tiktok ku kan hapus dulu karena ada kepentingan penyimpanan juga ga full tapi kok ga bisa di install kembali tolong ya min🙏"
Pengguna Google,5,2026-06-01 03:12:20,j.waQ ibbb oo oll
Pengguna Google,5,2026-06-01 03:10:32,seruu bangett pass lagiii gabutt mestii liatt tiktokk teruss sekarang viturr nyaa udahh bagusss akuuu sukaaaa🤏🏻
Pengguna Google,5,2026-06-01 03:09:22,Ok aja
Pengguna Google,5,2026-06-01 03:07:52,baik
Pengguna Google,4,2026-06-01 03:07:21,"ada beberapa filter/efek yang tidak ada dalam berbagai hp seperti Vivo, Oppo"
Pengguna Google,1,2026-06-01 03:07:01,gak bisa komen stiker 😑
Pengguna Google,5,2026-06-01 03:05:17,TikTok: Mantap KEREN👍👍✨️👨‍🦯 Semakin Mantap.
Pengguna Google,4,2026-06-01 03:04:45,bagus banget dan lancar untuk secrol tapi ada kenjala di tiktok aku GK bisa voice
Pengguna Google,1,2026-06-01 03:04:07,aku tidak bisa belan teman teman ku
Pengguna Google,2,2026-06-01 03:03:47,"aplikasi nya bagus nyaman tetapi ada fitur yg gak bisa seperti COD, foto live , live tiktok plis bantu dong"
Pengguna Google,3,2026-06-01 03:03:28,Ko gak bisa di Dawlod si ulang ulang terus
Pengguna Google,1,2026-06-01 03:00:34,terlalu banyak iklan dan saya terganggu
Pengguna Google,2,2026-06-01 02:56:22,kenapa selalu pembatasan usia sih teruss ada rame nya juga
Pengguna Google,5,2026-06-01 02:54:21,bagus tapi GK bisa vn sama chatan
Pengguna Google,1,2026-06-01 02:53:43,malas
Pengguna Google,5,2026-06-01 02:52:48,"sudah 1400 flower kok gak ada fitur live nya kak , harap solusinya kak biar biar live trima kasih ."
Pengguna Google,5,2026-06-01 02:50:42,sus sus sus sus sus sus
Pengguna Google,5,2026-06-01 02:50:07,tiktok buat aku ga kesepian
Pengguna Google,1,2026-06-01 02:47:48,kenapa anak di bawah umur tidak bisa live sebenarnya tiktok itu bagus tapi kok anak di bawah umur gak bisa live
Pengguna Google,3,2026-06-01 02:47:33,membleee bgt
Pengguna Google,5,2026-06-01 02:46:18,hahaha iya yy
Pengguna Google,5,2026-06-01 02:46:15,"tiktok dunia hiburan emak2 rumahan,"
Pengguna Google,2,2026-06-01 02:42:59,gak bisa nonton live
Pengguna Google,4,2026-06-01 02:42:52,rank saya turun balikin rank saya
Pengguna Google,5,2026-06-01 02:39:53,"Tiktok kntolll maksudlu apa anjg gua udh masukin akun gua Ama sandi yang cuma gua yang tau anjg! terus kenapa suruh verifikasi no gua lagi anjg? no gua di SMS mati blok anjg,lu suruh verifikasi kotnl!! ITU AKUN GUA TIKTOK ANJG!! KENAPA SURUH VERIFIKASI MULU BGST! GA TEKIRIM OTPNYA KARNA NOMOR GUA MATI ANJGG!!! ya Allah tiktok tiktok"
Pengguna Google,1,2026-06-01 02:38:03,aku suka banget sama tiktok
Pengguna Google,5,2026-06-01 02:37:02,karna filter nya bgs
Pengguna Google,5,2026-06-01 02:35:17,TOP
Pengguna Google,1,2026-06-01 02:33:01,"ini maksud fitur promosinya gmna sih gajelas bgtt, aku udah bayar buat beberapa tayangan vidio dalam 1 hari tapi masih sama aja, tayangan vidionya malah anjlok engga ada perubahan sedikit pun setelah udah bayar fitur promosinya nyesel banget deh pake fitur itu, ini kayaknya pertama dan terakhir kali deh pakai fitur itu karena cuma buang² uang aja tayangan vidio juga engga nambah malah anjlok"
Pengguna Google,5,2026-06-01 02:32:32,tiktok ngentod baperan asu
Pengguna Google,5,2026-06-01 02:30:04,ძі kᥲrᥒᥲ kᥲᥒ ᑲᥲgᥙs ძᥲᥒ sᥱrᥙ
Pengguna Google,5,2026-06-01 02:28:23,kadang kadang sih ngeleg aplikasi nya tapi jujur seru ngescroll nya
Pengguna Google,5,2026-06-01 02:26:42,bagus
Pengguna Google,4,2026-06-01 02:26:17,APLIKASI INI BAGUS BANGET TAPI AKU GA TAU CARA VN DI KOMENTAR NYA PADAHAL AKU UDAH CARI TAU CARANYA TETEP GA BISAAAAAA
Pengguna Google,2,2026-06-01 02:25:57,kenapasih tiktoknya suka kluar
Pengguna Google,1,2026-06-01 02:24:25,gua gak salah apa-apa tapi tetap aja live gua diblokir sampe 2031😡😡😡😡😡😡😡😡😡😡😡
Pengguna Google,1,2026-06-01 02:23:01,gak bisa di download
Pengguna Google,3,2026-06-01 02:21:49,"suka ngleg, dan lemott"
Pengguna Google,5,2026-06-01 02:19:44,bagus banget dapat banyak efek lucu bisa patah patah gk kaya tiktok lite
Pengguna Google,1,2026-06-01 02:16:38,"knp klo lagi bkin dance suka nge lag,mlhn jdi ny fto pdhl video..gsuka"
Pengguna Google,5,2026-06-01 02:14:07,bagus
Pengguna Google,1,2026-06-01 02:12:46,lama donload nya
Pengguna Google,5,2026-06-01 02:11:50,bagus sampai mendapatkan kan pacar
Pengguna Google,5,2026-06-01 02:11:03,sangat bagus dan membantu buat promosi daganganku
Pengguna Google,1,2026-06-01 02:08:51,saya ingin melaporkan masalah kenapa tidak muncul fitur MELAPORKAN.
Pengguna Google,5,2026-06-01 02:07:56,Sahira
Pengguna Google,1,2026-06-01 02:07:23,bagus dg
Pengguna Google,5,2026-06-01 02:04:29,asikk bisa scroll sepuasnya deh
Pengguna Google,5,2026-06-01 02:02:26,yusup yusup
Pengguna Google,3,2026-06-01 02:01:58,min gimna caranya supaya ada tiktok shop nyaa. akun saya jadi GK ada pitur belanja nya
Pengguna Google,1,2026-06-01 02:01:55,tiktok jadi Susa di buka dan error tolong di perbaiki secepatnya
Pengguna Google,5,2026-06-01 02:01:12,Aplikasinya sudah oke
Pengguna Google,5,2026-06-01 02:00:33,aplikasi inii sangat bagus
Pengguna Google,5,2026-06-01 02:00:14,"Gaya Kasual & Kreatif (Cocok untuk Bio atau Media Sosial) ""Sudah lama menyelami dunia TikTok, bukan cuma sebagai penonton layar yang hobi scrolling, tapi juga sebagai penikmat tren dan kreator konten. Dari belajar resep viral, dengerin edukasi singkat, sampai paham algoritma yang super dinamis. TikTok bagi saya adalah tempat di mana kreativitas gak ada batasnya!"" 2. Gaya Profesional / Portofolio (Cocok untuk CV atau LinkedIn) Pengalaman Pengguna & Kreator: ""Memiliki pengalaman mendalam dalam eko"
Pengguna Google,5,2026-06-01 02:00:04,semoga tiktok bisa di instal di hp 3gb ku dan memberi rejeki
Pengguna Google,5,2026-06-01 01:58:45,bisa vn
Pengguna Google,5,2026-06-01 01:58:09,keren banget suka dengan aplikasi tik tok
Pengguna Google,1,2026-06-01 01:58:06,buruh banyak bug jelek🤮🤮🤮🤮🤮🤮🤮🤮🤮🤮🤮
Pengguna Google,4,2026-06-01 01:56:48,ok
Pengguna Google,4,2026-06-01 01:55:29,tidak bisa di perbarui
Pengguna Google,5,2026-06-01 01:53:12,Akuntiktokhazalazal
Pengguna Google,5,2026-06-01 01:52:46,aplikasi yang berguna untuk menonton video lucu maupun lainnya
Pengguna Google,1,2026-06-01 01:52:24,aplikasi yang sangat bruk suka sekali mengalami lag saat mau log in akun dasar lelet
Pengguna Google,3,2026-06-01 01:51:53,"download nya lama bet + ada orng yang DM bilang Kya Toxic Kya ""@su anj1nG"" padahal saya tidak melakukan apa"" dan gj bgt orang nya gw ga ngapangapain orng nya aja yang gj tiba"" dm tanpa alasan lalu akun gw di blok,apknya emg bagus tapi sya ksih bintang 3 aj"
Pengguna Google,3,2026-06-01 01:50:47,gak ada vn nya gk seru
Pengguna Google,5,2026-06-01 01:50:10,bagus bagi saya aplikasi tik tok ini mantap👍👍👍 Apliikasi ini menghibur semuanya yg penguna aplikasi ini
Pengguna Google,5,2026-06-01 01:47:19,"kenapa gagal trs saya mengajukan paylater, sedangkan saya ga pernah ada masalah di paylater yg lain juga. coba tolong di bantu. tetap saya kasih bintang 5"
Pengguna Google,1,2026-06-01 01:47:02,lu jangan harap gw mau ngasih bintang 5 🫵🏻
Pengguna Google,4,2026-06-01 01:46:11,enak sih kayak biasa cuman dia nya agak leler jadi nya nggak enak pas lagi nonton tapi yaudah nggak papa
Pengguna Google,5,2026-06-01 01:41:06,baguss
Pengguna Google,1,2026-06-01 01:40:10,"sering lag tidak jelas, pelayanan tiktok shop kurang baik, hingga menyebabkan pengiriman paket salah alamat dikarenakan aplikasi yang terlalu lag."
Pengguna Google,2,2026-06-01 01:39:07,akun aku ngga bisa ngecet apalah terus like aku udah 2ribuan lah dikira masih di bawah 16 tahun apalah
Pengguna Google,3,2026-06-01 01:39:05,sangat bagus dan bisa buat apa aja..👍👍
Pengguna Google,5,2026-06-01 01:38:31,lumayan menarik
Pengguna Google,5,2026-06-01 01:35:47,seru banget tapi ngelek
Pengguna Google,5,2026-06-01 01:31:35,baguss
Pengguna Google,5,2026-06-01 01:30:48,bagus
Pengguna Google,5,2026-06-01 01:28:58,"tidak sama seperti dulu , sejak banyak iklan dan langsung di masukkan aplikasi iklan itu , saya agak malas , setiap ingin melihat profil pasti langsung masuk aplikasi iklan 😏"
Pengguna Google,1,2026-06-01 01:28:58,Tiktok tolong perbaiki fitur buat di filter ya YG ak Ga Ada gt trs udh updet Masih g bisa
Pengguna Google,5,2026-06-01 01:28:06,gimana car vn 😭😭
Pengguna Google,5,2026-06-01 01:24:47,𝐬𝐚𝐧𝐠𝐚𝐭 𝐛𝐚𝐠𝐮𝐬
Pengguna Google,5,2026-06-01 01:24:38,mnghibur dan pakae tiktok shop belanja bnyk diskon
Pengguna Google,3,2026-06-01 01:23:19,"ok je,but...knp bile kita cakap umur org yg msi 15- tu kite kene bend aehk? kite nk fun je🤣🥹😪"
Pengguna Google,1,2026-06-01 01:20:43,jelek jelek jelek
Pengguna Google,5,2026-06-01 01:19:53,bagus sekali wkwkwk
Pengguna Google,5,2026-06-01 01:17:21,Ketuk pada klip untuk menempelnya pada kotak teks.
Pengguna Google,5,2026-06-01 01:16:15,Aplikasi tiktok mang saluran hiburan dan drama korea yg ok.
Pengguna Google,4,2026-06-01 01:09:51,saya tidak bisa memposting ulang hanya dengan menahan tombol suka
Pengguna Google,5,2026-06-01 01:06:50,pokona mah seru bisa lihat video video
Pengguna Google,5,2026-06-01 01:04:18,bagus lahhh
Pengguna Google,5,2026-06-01 01:02:23,untuk hiburan sangat menyenangkan
Pengguna Google,1,2026-06-01 01:01:51,"""Mohon optimasi untuk HP baru POCO X8 Pro Max. Kecepatan internet saya sangat stabil di 19 Mbps, tetapi fitur LIVE streaming dipaksa mengunci di resolusi 360p tanpa ada opsi 720p/1080p sama sekali. Ini murni masalah device whitelisting server TikTok yang belum mengenali SoC/hardware baru perangkat ini. Tolong segera perbarui profil perangkat ini di update mingguan berikutnya!"""
Pengguna Google,1,2026-06-01 01:01:02,kenapa habis aku update kenapa tidak bisa membuat akun sebelum di update bisa aja normal tu
Pengguna Google,5,2026-06-01 00:59:24,tolonggg berikan sayaa tiktokshop dongg
Pengguna Google,5,2026-06-01 00:58:22,sangat bagus
Pengguna Google,5,2026-06-01 00:56:42,udah ada fitur sticker tapi plz kasih fitur vn atau mik krofon
Pengguna Google,1,2026-06-01 00:56:37,cuman beda tahun langsung di blokir dan jangan pernah download Tiktok ini karena banyak virus udah jelek burik lagi
Pengguna Google,5,2026-06-01 00:55:41,Apk ini bukan hanya untuk hiburan saat gabut semata tetapi apk ini juga bisa menghasilkan uang sungguh apk yang bagus
Pengguna Google,3,2026-06-01 00:55:21,"buset sering amat ya pembahuarannya, hampir 1 minggu sekali"
Pengguna Google,5,2026-06-01 00:55:07,bagus
Pengguna Google,3,2026-06-01 00:54:36,"sebenernya bagus sih cuma yg buat kesel tuh main kena pelanggaran aja, kena blok, mau dihapus akunya katanya. di bilang usia dibawah umur padahal udah jelas² tanggal lahirnya. main blokir aja engga tau yg punya cicilan spaylater atau komisi tiktok belum ditarik. kesel jadinya sekarang karna akun aku ga balik. udah ajukan banding tetep aja. heran sama apk ini jadi males"
Pengguna Google,3,2026-06-01 00:54:30,ok tapi kok gak bisa vn gimana sih udah abded gak bisa juga tapi aku suka video nya
Pengguna Google,1,2026-06-01 00:54:00,min tolong hilangkan akun ini @hananiagroup.id dia sudah menipu para jemaah haji dan umroh
Pengguna Google,5,2026-06-01 00:50:58,gk kerja
Pengguna Google,5,2026-06-01 00:50:31,kenapa tiktok saya ke unintall sendiri?
Pengguna Google,5,2026-06-01 00:44:22,tiktok sangat seru sekali dan aku sampai bahagia sendiri sampai adek ku juga terimakasih tiktok sudah temani sampai sini🥰🥰
Pengguna Google,4,2026-06-01 00:42:31,mb nya agak dikurangi yA soalnya padahal aku gk bnyak instal aplikasi tapi dia gk bisa diinstal
Pengguna Google,5,2026-06-01 00:41:55,suka scroll scroll tanpa kenal waktu
Pengguna Google,4,2026-06-01 00:41:43,I'm . hi j by no no o no I'm in it l is
Pengguna Google,1,2026-06-01 00:39:57,tiktok ini jelek keluar terus setiap aku nonton
Pengguna Google,5,2026-06-01 00:39:15,bagus banget dan cocok buat aku
Pengguna Google,4,2026-06-01 00:38:13,thebest
Pengguna Google,5,2026-06-01 00:36:36,yg terbaik
Pengguna Google,5,2026-06-01 00:34:24,sangat bagus sekali
Pengguna Google,3,2026-06-01 00:33:11,kode verifikasi sms tidak mau muncul udah dicoba beberapa kali tetep aja tidak ada sms masuk!!!
Pengguna Google,5,2026-06-01 00:31:51,saya sngt suka tiktok
Pengguna Google,5,2026-06-01 00:30:41,sayang mu
Pengguna Google,5,2026-06-01 00:26:47,dengan Tik tok membuat aku tambah wawasan yang luas .. Terima aksih
Pengguna Google,1,2026-06-01 00:26:36,"tiktok saya tiba tiba menjadi versi lama,akun saya masih ada tapi seluruh fitur yang saya dapatkan di versi terbaru hilang semuanya"
Pengguna Google,5,2026-06-01 00:23:41,sangat menyenangkan
Pengguna Google,4,2026-06-01 00:23:39,membantu dan menghibur banyak orang
Pengguna Google,5,2026-06-01 00:21:52,tiktok ini sangat bagus dan selain untuk nonton pidio kita bisa mencari informasi penting atau pendidikan
Pengguna Google,4,2026-06-01 00:20:32,aplikasi ini bagus tetapi tolong setiap mau buka aplikasi ini selalu keluar
Pengguna Google,5,2026-06-01 00:19:33,sangat bagus. tik tok ini
Pengguna Google,5,2026-06-01 00:19:05,bagus 😃😊
Pengguna Google,5,2026-06-01 00:19:04,bisa akun
Pengguna Google,1,2026-06-01 00:15:30,"ngebug error, postingan saya ga bisa dilihat umum pokonya ga suka. tolong diperbaiki."
Pengguna Google,1,2026-06-01 00:15:25,"woi mana lah ni,dah 3 kali kejadian ini,gk bisa like vidio orang,bug apasih cok,gak jelas ketika aku like tombol nya berapa detik kemudian tiba tiba tanda like itu hilang ni aplikasi napa dah,udah di aduin ke website tiktok nya tapi belum di respon juga"
Pengguna Google,1,2026-06-01 00:13:40,kenapa penarikan Saldo ada batasan nya kalau begini cara nya males belanja d Tik tok parah benar nih aplikasi
Pengguna Google,5,2026-06-01 00:13:19,aplikasi hiburan yang palaing mantap
Pengguna Google,5,2026-06-01 00:11:23,good
Pengguna Google,4,2026-06-01 00:10:09,ruk e km uim Om kmfe u mm yg mmng
Pengguna Google,5,2026-06-01 00:09:37,tiktok ini sangat seru sekali Yo donload tiktok
Pengguna Google,1,2026-06-01 00:06:01,"setiap buka tik tok tiba tiba kembali begitu saja, & terlalu banyak iklan saya tidak suka"
Pengguna Google,1,2026-06-01 00:01:14,KENAPA APLIKASINYA DI VIVO Y16 KELUAR SENDIRI TERUS?
Pengguna Google,5,2026-05-31 23:58:25,sangat bagus filmyah sangat kreatif
Pengguna Google,5,2026-05-31 23:57:51,"BUAGUSSS BANGETT SEMOGA NGGA NGELEK NGELEK AJAA YAH TIKTOK KALO AKU LAGI TIKTOKAN DAN LAGI BELANJA, LOPYU TIKTOKKK"
Pengguna Google,5,2026-05-31 23:54:26,"apik,TPI kdng KLO dm-an pasti keyboard ny puny ku ngeleg"
Pengguna Google,5,2026-05-31 23:52:17,terima kasih tiktok benar2 dapat cuan langsung ke DANA
Pengguna Google,5,2026-05-31 23:46:49,Sagat bagus
Pengguna Google,1,2026-05-31 23:46:27,"Halo min tolong perbaiki koin Redeem harian udah ke 44 kali gagal Mulu nih,ga pakai VPN sama juga tolong diperbaiki secepatnya"
Pengguna Google,5,2026-05-31 23:43:13,bagus vidio nya
Pengguna Google,5,2026-05-31 23:38:30,bgs bgt udah ada kayak capcut jadi kita cukup download tiktok aja
Pengguna Google,5,2026-05-31 23:36:06,baik
Pengguna Google,1,2026-05-31 23:34:39,Di blokir terus perasaan heran deh
Pengguna Google,5,2026-05-31 23:33:10,aplikasi tidak daoat di install di hp saya
Pengguna Google,5,2026-05-31 23:31:24,bagus
Pengguna Google,1,2026-05-31 23:29:40,tlng dong diperbaiki tiktok ny
Pengguna Google,2,2026-05-31 23:17:59,"Admin tiktok berotak mesum,banyak perempuan mengumbar aurat tidak kena pelanggaran,tapi hiliran saya berkomentar apapun kena pelanggaran.segala sesuatu yang menguntungkan bagi admin tiktok maka bakal aman,begitulah kinerja aplikasi tiktok.👎👎"
Pengguna Google,5,2026-05-31 23:14:15,Bagus
Pengguna Google,1,2026-05-31 23:06:20,goblokk
Pengguna Google,5,2026-05-31 23:03:38,it's well
Pengguna Google,5,2026-05-31 23:02:56,mantap
Pengguna Google,5,2026-05-31 22:54:09,mantanpsekali
Pengguna Google,4,2026-05-31 22:52:18,aplikasi bagus tapi tolong kalau bisa kalau konten yang bersifat menghina orang dan menghasut harusnya tidak di tayangkan🙏🙏🙏
Pengguna Google,5,2026-05-31 22:46:28,sangat membantu dapat penghasilan
Pengguna Google,5,2026-05-31 22:46:16,okeee
Pengguna Google,1,2026-05-31 22:44:48,"saat di pake bisa tapi besok kan nya dia hilang dan uninstall sendiri, suka keluar sendiri mohon di perhatikan dan perbaiki yah🙏🏻"
Pengguna Google,1,2026-05-31 22:43:54,"belakangan ini beli barang di apk ini gjls, nunggu barang Dateng berminggu-minggu² ujung²ny di balikin ke penjual, H-3 paket anda segera dikirim, H-6-7 paket anda akan dikembalikan ke penjual, mana barangnya beli pas war nungguin berjam² buat war ujung²ny di kembalin karna alasan gjls"
Pengguna Google,5,2026-05-31 22:39:59,pemantapan lebih semarak yang mau jadi anak yang baik sebagai pengajar yang siang jam segini udah ngantuk banget di baca pada tanggal berapa nomor punggung elgan dan juga ibu Profil yang siang jam segini udah ngantuk banget di sekolah yang paling penting adalah belahan yang mau di baca pada agenda Pengajian yang siang jam pinten dan mengajar Al-Qur'an Juz hal yang dirahmati bagaimana caranya menghindari darinya adalah ketika menikah 3.Untuk Memelihara eksistensi dan agar mereka dapat rezeki yang
Pengguna Google,3,2026-05-31 22:37:36,tiktok saya tidak ada fitur posting ulang
Pengguna Google,1,2026-05-31 22:32:50,"sangat buruk STLH di perbarui nginstal nya terlalu lama,,,parah nya lgi styp masuk langsung mental keluar apk trus"
Pengguna Google,5,2026-05-31 22:30:54,"ini aplikasi sangatttttttt baguss ,diaa yangg nemininn akuu sedihh dannn senangggg"
Pengguna Google,5,2026-05-31 22:30:53,Bagus
Pengguna Google,5,2026-05-31 22:29:28,kembalikan akun tik tok saya
Pengguna Google,1,2026-05-31 22:17:15,"Tolong yaa tiktok, akun ku baik² aja tiba² kebanned pas lagi nyanyi di komal orang.. saya sudah berulang kali banding tapi tidak direspon.. mohon kembalikn akun saya!!!"
Pengguna Google,5,2026-05-31 22:16:01,Tik tok sekarang ada event suruh masukkan kode undangan tapi kode yang mana tik tok tolong tik tok seperti dulu lagi masukkan kode undangan ini biar paham ok tik tok semoga maju Aamin
Pengguna Google,5,2026-05-31 22:08:35,pokoknya tambh cepat tahu berita dunia.. byk tips kesehatan kecantikan.. byk hal lucu..
Pengguna Google,5,2026-05-31 22:06:57,ok
Pengguna Google,5,2026-05-31 22:03:17,sebenarnya bagus tapi kenapa untuk akun baru harus tunggu 3 sampai 4 hari supaya video di kirim ke fyp? kenapa tidak di persingkat menjadi 2 atau 4 jam kenapa harus 3 sampai 4 hari?
Pengguna Google,5,2026-05-31 21:57:19,mantap
Pengguna Google,5,2026-05-31 21:33:37,knpa aplikasi ini membuat terupdate trussss pdahal apk nya sungguh menghibur dan berharga
Pengguna Google,5,2026-05-31 21:31:32,ela yuli
Pengguna Google,5,2026-05-31 21:23:04,bagus
Pengguna Google,2,2026-05-31 21:13:44,tolong lah tiktok ini udh di updet berapa kali vido oflen nya cuman mentok 200 aja sesangkan temen temen ku udah ada yang 240
Pengguna Google,5,2026-05-31 20:58:04,sangat bagus
Pengguna Google,5,2026-05-31 20:57:16,apk yg sangat bagus
Pengguna Google,5,2026-05-31 20:54:27,so cool
Pengguna Google,4,2026-05-31 20:51:46,Sikit
Pengguna Google,5,2026-05-31 20:45:33,seru banget aku suka
Pengguna Google,5,2026-05-31 20:44:10,good
Pengguna Google,5,2026-05-31 20:36:56,TikTok
Pengguna Google,1,2026-05-31 20:35:35,aplikasi tidak memuaskan
Pengguna Google,4,2026-05-31 20:34:00,bagus
Pengguna Google,1,2026-05-31 20:20:27,aplikasi ini gimana udah 3 kali aku download slalu di blokir
Pengguna Google,5,2026-05-31 20:09:36,just friend kok bikin api
Pengguna Google,5,2026-05-31 19:55:16,Lama menginstalnya
Pengguna Google,5,2026-05-31 19:47:22,okk
Pengguna Google,5,2026-05-31 19:44:31,good
Pengguna Google,1,2026-05-31 19:37:14,apk apa ini tolong di perbaiki itu iklan judol di hilangkan dan batasi komentar yang aneh aneh
Pengguna Google,5,2026-05-31 19:34:40,sangat bagus
Pengguna Google,5,2026-05-31 19:34:37,semua kreator baik kecuali cahaya. RM plis blok permanen cahaya.rm plis tiktok
Pengguna Google,1,2026-05-31 19:27:50,aplikasi buruk umur di batasi👎👎
Pengguna Google,4,2026-05-31 19:22:21,banyak pornografi
Pengguna Google,5,2026-05-31 19:00:12,bagus tapi masih bingung cara mengubah cara download video official dari 200 ke 480
Pengguna Google,5,2026-05-31 19:00:10,🔥
Pengguna Google,5,2026-05-31 18:52:10,sangat baik dan seru 👍
Pengguna Google,5,2026-05-31 18:50:04,the best
Pengguna Google,5,2026-05-31 18:48:32,mantap.
Pengguna Google,5,2026-05-31 18:48:12,mata ntap
Pengguna Google,5,2026-05-31 18:30:09,bagus
Pengguna Google,5,2026-05-31 18:29:11,infon terburu
Pengguna Google,1,2026-05-31 18:28:36,"Maaf bintang 1, semenjak di update malah makin buruk, sering bug, error, buat posting konten/video/foto nggak bisa, sering keluar apk sendiri padahal ruang penyimpanan masih cukup, sekian mohon diperbaiki lagi pihak developer 🙏"
Pengguna Google,5,2026-05-31 18:27:46,mengunakan titok sangat menyenangkan dan terhibur disaat waktu luang sangat membantu juga
Pengguna Google,5,2026-05-31 18:25:53,ok
Pengguna Google,5,2026-05-31 18:16:25,saya tidak ada sorotan
Pengguna Google,2,2026-05-31 18:15:31,"bagai mana cara login akun tiktok Tampa tautan google, Facebook, dan nomor telepon yg tidak aktif"
Pengguna Google,5,2026-05-31 18:14:42,seru
Pengguna Google,5,2026-05-31 18:12:33,cuma ga bagus nya akun aku selalu ilang
Pengguna Google,5,2026-05-31 18:08:43,apk yg sangat baik buat berkomunikasi dengan orang lain
Pengguna Google,5,2026-05-31 18:06:27,good
Pengguna Google,5,2026-05-31 18:01:12,mantap
Pengguna Google,1,2026-05-31 17:59:52,"TOLONG UPDATE BUG NOTIF PESAN YANG GA MUNCUL DI LAYAR, KALO ADA PESAN TIKTOK HARUS BUKA APLIKASI TIKTOK DULU TOLONG PERBAIKI LAGI BIAR NOTIF BISA MUNCUL DI PEMBERITAUAN SIAPA AJA YANG NGIRIM PESAN!!!"
Pengguna Google,4,2026-05-31 17:58:52,tolong di tiktok banyak banget lagu cover remix tanpa ijin. dan itu lolos beredar bebas bgitu saja. perkuat lagi sistem deteksi copy right. sangat merugikan untuk pemilik lagu asli.
Pengguna Google,5,2026-05-31 17:57:04,gelo ppp
Pengguna Google,1,2026-05-31 17:55:05,buruk
Pengguna Google,1,2026-05-31 17:55:00,butut
Pengguna Google,5,2026-05-31 17:53:33,seruuuu bgttt pokok nya GK pake koma
Pengguna Google,3,2026-05-31 17:52:50,"kenapa tiktok sekarang baru fyp blm 1 hari udah dikategorikan konten tidak mematuhi peraturan, semakin hari semakin aneh nih tiktok"
Pengguna Google,1,2026-05-31 17:51:14,sekarang tiktok isinya iklan slot semua anjir
Pengguna Google,1,2026-05-31 17:49:39,"aplikasi yg sangat aneh,usia 22tahun masih di bawah umur,lanjutkan TIKTOK!!"
Pengguna Google,5,2026-05-31 17:49:31,ini adil bagi orang yg kurang mengerti cari uang d affiliate ataw tikto
Pengguna Google,3,2026-05-31 17:48:43,Bagus bangeeeeeeeeeeeet!!!!!!!!!!!!!!!!!!!! katanya... katanyaa....
Pengguna Google,2,2026-05-31 17:45:23,updatenya terlalu rumit
Pengguna Google,5,2026-05-31 17:43:40,Andika
Pengguna Google,5,2026-05-31 17:40:13,"ok pokonya,membua terhibur dan selalu menjadi tren bngget ok"
Pengguna Google,5,2026-05-31 17:37:44,keren bgus
Pengguna Google,1,2026-05-31 17:37:35,"benci bgt gw , selalu nge freeze dan lemot bgt. bentar2 keluar sendiri bentar2 keluar sendiri! gajelas bgt. update dong kocak!"
Pengguna Google,1,2026-05-31 17:37:19,kotak ASU
Pengguna Google,5,2026-05-31 17:32:38,bguss
Pengguna Google,5,2026-05-31 17:30:05,👍
Pengguna Google,5,2026-05-31 17:29:06,seru
Pengguna Google,1,2026-05-31 17:20:35,aplikasi sarang monyet jir🤮
Pengguna Google,4,2026-05-31 17:19:58,"Please add a feature to remove all reposts at once, especially old reposts. Removing them one by one takes too long."
Pengguna Google,5,2026-05-31 17:17:26,tiktok ini baguss sekalii bisa menghibur
Pengguna Google,1,2026-05-31 17:15:26,""";baru saja buka hp udah lelet dan ad menganpain in apasih maksudnya tiktok"""
Pengguna Google,4,2026-05-31 17:12:38,lumayanlah
Pengguna Google,5,2026-05-31 17:11:19,sangat menghibur
Pengguna Google,5,2026-05-31 17:06:02,pokoknya the best
Pengguna Google,2,2026-05-31 17:04:07,"ini nih apk nya keluar masuk"" Mulu, mau daftar akun keluar, jadi gk bisa login , kalau udh d upgrade Malah gk bagus jadi nya, kecewa saya👎🏻"
Pengguna Google,1,2026-05-31 17:03:29,karena pencarian yg mungkin anda suka nya sesat semua
Pengguna Google,3,2026-05-31 16:58:46,"knpa iyaa tik tok membatalkan pesanan saldo tidak kembali ke aplikasi pembayaran utama, dan mau di ambil saldo tidak ada metode pembayaran dana atu gopay cmn bank"
Pengguna Google,5,2026-05-31 16:51:09,apk yng sangat menghibur adalah tik tok
Pengguna Google,3,2026-05-31 16:42:46,"kenapa akun tiktok saya tiba tiba kena blokir, padahal usia saya sudah 40 tahun, mohon di tindak lanjuti, terimakasih."
Pengguna Google,1,2026-05-31 16:42:26,gatau pengen kasi bintang 1 aja
Pengguna Google,5,2026-05-31 16:41:55,baik dan aku minta cepat di upgrade
Pengguna Google,5,2026-05-31 16:39:36,tik tok? TIK TOK BAGUS BGT AKU KASIH RETING 5
Pengguna Google,2,2026-05-31 16:35:50,kenpa saya post foto slide lagu nya jadi pendek klo di hp android
Pengguna Google,5,2026-05-31 16:35:32,bantu follow mmdrido🕸️🙏🙏🙏😙
Pengguna Google,5,2026-05-31 16:34:51,bagus
Pengguna Google,5,2026-05-31 16:31:09,bagus
Pengguna Google,5,2026-05-31 16:29:17,gimana dah cara vn
Pengguna Google,5,2026-05-31 16:26:52,cocok buat nonton vidio lucu
Pengguna Google,5,2026-05-31 16:26:18,bagus itu aja sih
Pengguna Google,1,2026-05-31 16:24:43,aplikasi ini banyak baget ngehujat orang yang lagi kerja belum lagi ada yang di katain minimal kaki 2 bukan 1
Pengguna Google,4,2026-05-31 16:23:04,please delete and repost it in a simpler way
Pengguna Google,5,2026-05-31 16:22:23,bguss
Pengguna Google,5,2026-05-31 16:19:38,folow akun gua dong tiktok: Diboys14_
Pengguna Google,5,2026-05-31 16:18:19,sangat memuaskan😍😍😍
Pengguna Google,5,2026-05-31 16:16:08,gegee
Pengguna Google,5,2026-05-31 16:13:04,"tiktok aplikasi yang bagus dan menyenangkan membuat sangat terhibur, ada juga fitur untuk berbelanja barang sehari hari banyak promo dan diskon"
Pengguna Google,4,2026-05-31 16:11:06,setiap hari sy mengerjakan tugas harian buat ngumpulin coin dn skrang kayaknya sy sdh bisa tarik uangnya ke dana walau sy hrs bersabar menunggu sampai 3 hari
Pengguna Google,4,2026-05-31 16:05:08,luar biasa kren dan mantap bisa mendapatkan ilmu yg ku dapat bisa bertambah
Pengguna Google,5,2026-05-31 16:02:09,jujur janggal ✌🏻
Pengguna Google,4,2026-05-31 16:01:09,keren ya
Pengguna Google,1,2026-05-31 15:58:58,bored
Pengguna Google,4,2026-05-31 15:57:32,lag
Pengguna Google,1,2026-05-31 15:55:44,setelah TikTok nya di update sistemnya mau error mau kadang muncul notif tiktok tidak menanggapi
Pengguna Google,5,2026-05-31 15:51:56,ULFA KAHIRYYAH
Pengguna Google,5,2026-05-31 15:51:56,"hai tiktok, ini saran singkat: tambah fitur tukar repost sama teman. kirim permintaan yang muncul di tengah aplikasi, bukan di pesan. kasih opsi hapus, mute, setuju, tolak, plus notifikasi kalau lagi nggak buka app. ini ngebantu yang nggak bisa kirim pesan karena pelanggaran. tambah juga fitur buat lihat repost terlama dan terbaru milik kita dan orang lain."
Pengguna Google,2,2026-05-31 15:49:33,ko aku gabisa ke download
Pengguna Google,5,2026-05-31 15:47:19,gimana ya tik tok harus banyak perbaikan terutama profil ya gw pengen ganti profil harus coba lagi coba lagi gw udh update loh kok gak bisa bagaimana sih caranya
Pengguna Google,5,2026-05-31 15:42:48,"kerreen aplikasinya,sukses selalu yahh"
Pengguna Google,2,2026-05-31 15:38:56,fitur foto sama stiker nya ilang setelah di update di kirain bakal ada fitur vn sama sorotan kayak orang ternyata malah pada ilang fitur nya
Pengguna Google,1,2026-05-31 15:36:47,makin di up makin oon ye
Pengguna Google,5,2026-05-31 15:36:43,bagus
Pengguna Google,5,2026-05-31 15:36:15,wowww
Pengguna Google,5,2026-05-31 15:34:36,bagussss
Pengguna Google,5,2026-05-31 15:30:09,bagus tingkat lagi sosial lasinyah
Pengguna Google,5,2026-05-31 15:29:56,ilok kaluar dewek
Pengguna Google,5,2026-05-31 15:29:05,ok
Pengguna Google,1,2026-05-31 15:27:39,aplikasi oon banyak bug
Pengguna Google,5,2026-05-31 15:25:48,bagus bnget tiktok
Pengguna Google,5,2026-05-31 15:25:44,Bagus dan myenangkan
Pengguna Google,5,2026-05-31 15:24:32,bagus tapi punyaku gak ke update
Pengguna Google,4,2026-05-31 15:24:13,"Tolong aplikasi tiktok supaya bisa mendeteksi kamera External/kamera usb,untuk live streaming"
Pengguna Google,1,2026-05-31 15:23:36,saya sangat kecewa karena akun saya sering di batasi umur padahal umur saya udh 20 th
Pengguna Google,1,2026-05-31 15:23:33,kenapa android 16.20 kok mono klo live tolong versi tiktok di setabilkan
Pengguna Google,1,2026-05-31 15:20:28,Tidak berjalan di android 10 ke bawah lagi
Pengguna Google,5,2026-05-31 15:20:24,bagus aku kasi bintang 5 dan tapi pas mau bikin akun baru trs pas mau masukin tanggal lahir aku gk bisa tapi kalo aku kasi yg tahun nya kayak 1099 gitu bisa🗿tolong di perbaiki supaya gampang bikinya💩🙏🏻
Pengguna Google,5,2026-05-31 15:19:30,bagus. tiktok saya sering berhenti
Pengguna Google,2,2026-05-31 15:17:46,aplikasi penurun IQ yg tanpa org sadari
Pengguna Google,5,2026-05-31 15:14:57,sangat cocok
Pengguna Google,5,2026-05-31 15:13:20,ya karna bagoss i like it syintaa tiktok muach
Pengguna Google,1,2026-05-31 15:12:37,saya sangat kecewaa baru buka tiktok ngeleg pdhl udh di update dan jugaa hp saya sering panass pindah akun gak bisa internet gak bisa pdhl udh bagus internet/sinyalnya pokonya gak bagus bangwt tiktok sekarangg kasih bintang satu aja guys
Pengguna Google,1,2026-05-31 15:11:50,"saya kesulitan dalam menggunakan sound akhir-akhir ini, sudah jelas tertera bahwa akun saya adalah akun pribadi tetapi saya masih terkena sound komersial yang dimana itu seharusnya adalah akun bisnis. setelah saya cari tahu masalah inj orang-orang merasakan hal yang sama dengan saya"
Pengguna Google,2,2026-05-31 15:10:38,"please Tab 'Shop' tiktok di HP Vivo V50 gak adaa... jadi gak bisa belanja dari pencarian, kalo keranjang masih bisa diliat kan ada di bawah profil, tapi pas pencarian itu gada tab Toko dan gak ada keranjang kuning di video orang lain atau video gw sendiri 😭 anehnya di HP samsung A12 masih adaa tab Shop dan kerkunnya..Niat upgrade mau ngoten eeh malah gabisa nambahin kerkunnya, Tiktok do ur magic lah!"
Pengguna Google,5,2026-05-31 15:10:31,mantap
Pengguna Google,5,2026-05-31 15:10:20,tolong supaya di bagian riwayat komentar bisa dipilih dan dihapus sekaligus agar lebih mudah
Pengguna Google,1,2026-05-31 15:09:47,sekarang Tik tok kenapa sih gw nonton live padahal jaringan wifi nya lancar loh kok malah nge lag kan ga jelas
Pengguna Google,5,2026-05-31 15:09:47,"aplikasi yang sangat bagus dan baik,,,bintang 5, hanya saja banyak konten yang tidak terfilter"
Pengguna Google,1,2026-05-31 15:09:21,"aplikasi anjingg in mah,buat sakit hati dibuka ngembali lagi,ap ngak kesel ngak usah d ada kn lagi lh ni tiktok gila"
Pengguna Google,5,2026-05-31 15:05:45,mantap
Pengguna Google,5,2026-05-31 15:05:44,oke bnget
Pengguna Google,1,2026-05-31 15:05:28,setiap mau bikin aku slalu nge lah dan juga GK bisa dipenceeeeet
Pengguna Google,4,2026-05-31 15:03:23,belum ada fitur pesan suara
Pengguna Google,3,2026-05-31 15:02:29,ok
Pengguna Google,5,2026-05-31 14:58:12,mantapp semoga saya sukses
Pengguna Google,4,2026-05-31 14:56:57,syg nya ga ada fitur vn
Pengguna Google,4,2026-05-31 14:56:24,"tiktok kaya eek, masa video yang didowload beda sama yg kedownload di galeri konyol ah. kenapa coba. trus masa gabisa download video pdhal cache nya udah tak bersihin, hp udah tak muat ulang, tapi gabisa juga. benerin pls"
Pengguna Google,1,2026-05-31 14:54:17,"kenapa tiba² kamera nya jd gelap,,Selfi msh bisa normal terang tp pas ke fiture vidio malah jd gelap meski lampu terang banget"
Pengguna Google,5,2026-05-31 14:53:48,Bagus
Pengguna Google,2,2026-05-31 14:53:23,"berulang kali mencet ""tidak tertarik"" + blokir akun, TPI malah makin sering lewat konten yang mirip. udh lah tiba-tiba, lgi asik nonton konten yg emang aku atur buat muncul di fyp, tiba-tiba dikasih konten gk bermanfaat yg CRINGE. Oh ya, klo bisa, fiture mute juga di benerin, kadang masih ada yg lewat padahal keyword ny udh di mute. klo bisa keyword itu juga di mute dri komen, bikin ke trigger bgt. awalnya seneng jdi lgsung badmood gara-gara konten yg gk disukai tiba-tiba lewat"
Pengguna Google,1,2026-05-31 14:52:42,Ngeleg
Pengguna Google,1,2026-05-31 14:51:59,"selalu keluar sendiri, aplikasi ini tidak mendukung katanya"
Pengguna Google,3,2026-05-31 14:50:18,"hallo, ini kenapa ya pas tiba tiba akunnya ilang dan pas baru masuk ke tiktok nya langsung ke toko?"
Pengguna Google,4,2026-05-31 14:50:14,sangat bagus aplikasinya
Pengguna Google,5,2026-05-31 14:48:59,cinta
Pengguna Google,1,2026-05-31 14:48:46,"gabisa co aktivitas ganjil trs selama berbulan bulan, udah ngikutin kata cs ttp aja ga berubah, gaada tindaklanjuti biar akun pulih, dikasi solusi juga ttp gaada perubahan."
Pengguna Google,1,2026-05-31 14:48:34,saya gabut
Pengguna Google,5,2026-05-31 14:48:20,josss
Pengguna Google,1,2026-05-31 14:47:34,gabisa kirim pesan dari 2020 krn ditangguhkan katanya sebentar tapi pas lapor katanya gaada masalah gmn sih
Pengguna Google,1,2026-05-31 14:47:30,update nya terlalu besar kasihan yang punya memori hp sedikit
Pengguna Google,5,2026-05-31 14:46:33,tiktok ini bagus banyak fitur2 menarik
Pengguna Google,1,2026-05-31 14:46:10,tolong di perbaiki lagi padahal sinyal bagus tidak ada kendala tapi kenapa lagu yg mau di putar malah tidak bisa saat mau buat vidio
Pengguna Google,4,2026-05-31 14:45:34,"hy admin .. kenapa tik tok saya tidak bisa dibuka, dan terus saja keluar tiktok tidak ada tanggapan.. dan keluar sendiri.. tolong di perbaiki ya admin aplikasinya saya suka"
Pengguna Google,5,2026-05-31 14:42:43,bagus
Pengguna Google,1,2026-05-31 14:41:08,"ini aplikasi ngelag, boros batrai, boros kuota, mana bikin penyimpanan cepat penuh. gua buka apk lain berjam-jam ga seboros tik tok ini"
Pengguna Google,5,2026-05-31 14:40:52,yang banyak tugas dapat hadiah uangnya wkwkwkkwkw
Pengguna Google,5,2026-05-31 14:40:08,sangat bagus
Pengguna Google,4,2026-05-31 14:39:45,Mantap tapi ngelag padahal jaringan lancar dan bagus
Pengguna Google,5,2026-05-31 14:39:24,"saya suka tiktok ,mau nikah sama tiktok❤️❤️"
Pengguna Google,1,2026-05-31 14:37:56,"iklan nya mau sekali tiba"" masuk ke web nya"
Pengguna Google,3,2026-05-31 14:37:36,sebentar buka aplikasi tiktok ..sedang asyik nonton tiba tiba aplikasi tiktok kembali ke menu...
Pengguna Google,4,2026-05-31 14:37:33,"aku mau yang ada telepon nya dong pliss , aplikasi ini sangat bagus aku suka banget tapi aku belum ada telpon sama vc nya aku juga mau tolong ya aku juga mau"
Pengguna Google,4,2026-05-31 14:35:51,suka tapi akun ku keblok gegara teman ku soal dia minta minta live
Pengguna Google,1,2026-05-31 14:35:16,"Saya udah membeli semua series ,knapa masih tidak bisa di bukak"
Pengguna Google,5,2026-05-31 14:34:55,bagus dan sangat menghibur 🥰
Pengguna Google,5,2026-05-31 14:32:43,oke banget
Pengguna Google,1,2026-05-31 14:31:45,saya selalu mengetik nulis kok gak ada bacaan nya bagaimana ini tolong diperbaiki
Pengguna Google,5,2026-05-31 14:30:56,bikin saya nyaman dan tenang
Pengguna Google,5,2026-05-31 14:28:38,tik tok tolong dong banyakin lagi vidio yang bisa di unduhh jadinya kalo gak ada internet bisa lebih puas scrool nya
Pengguna Google,5,2026-05-31 14:27:07,seru
Pengguna Google,1,2026-05-31 14:26:56,jelek
Pengguna Google,1,2026-05-31 14:26:06,hapus drama drama AI yang tidak senonoh
Pengguna Google,1,2026-05-31 14:25:55,turunin jadi 39 mb ya tt 😤 emang pelit 🙃🙂
Pengguna Google,3,2026-05-31 14:25:42,kenapa sih tiktok sekarang sensi banget😭
Pengguna Google,2,2026-05-31 14:25:00,Tidak asyik
Pengguna Google,5,2026-05-31 14:22:52,𝑜𝑘𝑒
Pengguna Google,3,2026-05-31 14:22:49,"suka ngebug, trs akun aku tiba' hilang"
Pengguna Google,5,2026-05-31 14:22:29,mantaapp
Pengguna Google,4,2026-05-31 14:21:41,"maaf saya telah memberikan 4 bintang Karena saya suka kesel tuh jika orng lain mengetik "" kucing"" bakal ada stiker kucing tuh knp aku gak bisa mohon di bantu dan di jawab ya🙏"
Pengguna Google,5,2026-05-31 14:20:38,gatau
Pengguna Google,5,2026-05-31 14:20:14,nice entertaint medsos
Pengguna Google,5,2026-05-31 14:19:56,enak aplikasi nya
Pengguna Google,4,2026-05-31 14:18:58,"bagus dan bisa ngehibur, belanja di tiktok banyak discon, terimakasih"
Pengguna Google,4,2026-05-31 14:18:12,tiktok bisa lihat parfum merconos beli di Cilacap
Pengguna Google,5,2026-05-31 14:12:53,gk bs download lg
Pengguna Google,5,2026-05-31 14:12:07,good
Pengguna Google,1,2026-05-31 14:08:44,"apa nih masa aplikasinya ga berfungsi lagi, mbod lah"
Pengguna Google,1,2026-05-31 14:08:18,knp saya tidak bisa nonton tiktok
Pengguna Google,5,2026-05-31 14:05:26,apk yng di butuhin bngtdd tiap hari hhg
Pengguna Google,1,2026-05-31 14:05:03,aku mupunya akun juga
Pengguna Google,5,2026-05-31 14:04:07,Bagus sekali tiktok canggih
Pengguna Google,5,2026-05-31 14:04:07,keren
Pengguna Google,5,2026-05-31 14:03:50,Menghibur
Pengguna Google,5,2026-05-31 14:02:24,seru sih vidio nya tapi kadang jadi serang monyet
Pengguna Google,1,2026-05-31 14:00:11,"tiktok ga jelas , keluar apk terus anj"
Pengguna Google,5,2026-05-31 13:59:52,aplikasi tiktok favorit saya
Pengguna Google,5,2026-05-31 13:59:39,Tetap yaman
Pengguna Google,1,2026-05-31 13:57:56,"gj live di apus karna umur padahal umur diatas 18 tetep di apus gabisa di balikin bisa nya tahun 2031 udah ngumpulin uang+koin jadi ke apus gra"" ini benci bgt"
Pengguna Google,5,2026-05-31 13:56:24,bagus
Pengguna Google,5,2026-05-31 13:54:32,bagus video nya
Pengguna Google,5,2026-05-31 13:53:31,tiktok membuat ku bahagia
Pengguna Google,5,2026-05-31 13:53:19,baguss bnget
Pengguna Google,4,2026-05-31 13:53:07,hiburan
Pengguna Google,1,2026-05-31 13:48:21,"minta tolong saat saya livestreaming game lewat Redmagic 11 Pro, suara saya masuk,tetapi suara in game tidak terdengar dari penonton saya, minta tolong perbaiki"
Pengguna Google,1,2026-05-31 13:46:46,"sering keluar tiba"", perbaiki secepatnya"
Pengguna Google,5,2026-05-31 13:46:04,seru banget aplikasi nya
Pengguna Google,5,2026-05-31 13:45:58,pulihkan akun saya di tiktok
Pengguna Google,5,2026-05-31 13:44:47,"hallo!!, tiktok sangat bagus dan bisa juga menghibur dan di tiktok shop nya pada banyak diskon, makasih sudah Adain aplikasi ini karena menghibur bgt"
Pengguna Google,5,2026-05-31 13:43:26,Fauziyah
Pengguna Google,3,2026-05-31 13:43:02,baik
Pengguna Google,5,2026-05-31 13:42:34,dapat diskon 100 perak dari tiktok shop seneng banget
Pengguna Google,1,2026-05-31 13:41:27,plisss aku udah ngajuin banding dehh kenapa masiiii di blokirr akun kuu ndaa aneh² lhooo
Pengguna Google,3,2026-05-31 13:40:02,"g tau harus ngmong apa tiktok sekarang bikin greget , suka g bisa di geser kadang tiktok tidak menanggapi , pokok nya tu beda dr tiktok dulu . di abdet Mlah kyak gini"
Pengguna Google,5,2026-05-31 13:39:30,tiktok bagus banyak fitur menarik da situs pembelanjaan (tiktok shop) ramah buat anak kecil vidio nya juga ga kalah menarik skian dari saya aditiarasidin walaikumsalam warahmatullahi wabarakatuh 🙏🏼
Pengguna Google,1,2026-05-31 13:37:09,banyak sekali iklan judi online di tiktok apakah tiktok sudah jadi sarang judi online?
Pengguna Google,1,2026-05-31 13:36:58,apk babi yang pernah gua temukan
Pengguna Google,1,2026-05-31 13:36:49,gelo alay
Pengguna Google,5,2026-05-31 13:35:44,kok blom ada fitur sticker 😞
Pengguna Google,1,2026-05-31 13:34:51,udh beberapa kali ganti akun karna pelanggaran udh muak lebih dari 15 akun gunta ganti kembaliin
Pengguna Google,5,2026-05-31 13:34:46,Baguss bangett untuk mainin kalo lagi gabut
Pengguna Google,5,2026-05-31 13:31:07,bagus bisa vn lagi
Pengguna Google,5,2026-05-31 13:30:09,saya suka tiktok karna vidionya bagus 2 trimakasih tiktok bisa ngga saya minta yg panas terbuka ke no wa ini trimakasih🫄
Pengguna Google,5,2026-05-31 13:28:22,"aplikasi ini sangatlah bagus saya akan memberikan anda 5 bintang yang mendownload tiktok tidak lah rugi Bagi saya , vidio - vidio nya menghibur dan kita juga bisa menghibur orang lain terima kasih sudah membuat aplikasi bernama tiktok"
Pengguna Google,5,2026-05-31 13:28:18,Sukaaa karna tiktok bisa bikin aku sama dia jadian😍😍
Pengguna Google,5,2026-05-31 13:26:50,saya hanya ingin tik tok saya bisa login
Pengguna Google,5,2026-05-31 13:26:42,bagus
Pengguna Google,5,2026-05-31 13:24:55,bagussssssssssssssssss_sssssssassssssssssssssss lah
Pengguna Google,1,2026-05-31 13:24:38,aku udh beberapa kali coba lg tp ttp
Pengguna Google,5,2026-05-31 13:21:54,aplikasi ini sangat bagus dan memiliki fitur vn
Pengguna Google,1,2026-05-31 13:20:41,"semakin lama makin lag, suka keluar aplikasi sendiri, sering akun di pulihkan, apa tiktok sudah tidak support android??"
Pengguna Google,5,2026-05-31 13:19:40,kalau akun tiktok di pulihkan apakah akun saya akan hilang?
Pengguna Google,5,2026-05-31 13:19:37,karena sangat berguna dan menyenangkan bisa untuk menonton vidio
Pengguna Google,3,2026-05-31 13:18:41,bagus
Pengguna Google,5,2026-05-31 13:18:15,bagus bange best pokonya aku suka 😍
Pengguna Google,2,2026-05-31 13:18:10,lemot...
Pengguna Google,2,2026-05-31 13:17:59,ko tiktok ku ga bisa bikin akun tiktok lainnya lo bisa
Pengguna Google,1,2026-05-31 13:17:09,"gabisa bikin akun pake nomor wa, pas minta kode malah ga dikirim kirim,udah nunggu dari siang sampe malem ga dikirim"
Pengguna Google,5,2026-05-31 13:16:38,bagus sekali 🫰
Pengguna Google,2,2026-05-31 13:16:02,membuat hp saya ngelag padahal baru buka tiktok
Pengguna Google,4,2026-05-31 13:15:42,Bagus
Pengguna Google,1,2026-05-31 13:14:54,"akun ku kena dibatasi, tiba tiba banget konten ku ga bisa fyp padahal udah di cek ga ada pelanggaran. viewsnya nol setiap upload sekarang gitu ga di fyp in. ga ada pemberitahuan dari notifikasi sistem kontak masuk lagi jdi gatau permasalahan sebenarnya apa. udah chat bantuan tiktok tp suruh ajukan banding ke kontak masuk, TAPI GAA ADA SATU PUN YG MASUK NOTIFNYA. cpe bilang gitu mulu ga ada solusi"
Pengguna Google,1,2026-05-31 13:14:42,"live kena bened di bawah 18 tahun emang umur saya masih 13thn apa.., tiktok bikin kecewa"
Pengguna Google,5,2026-05-31 13:13:58,mantap
Pengguna Google,5,2026-05-31 13:13:54,knp aku gk bisa di download
Pengguna Google,2,2026-05-31 13:12:38,gue gak bisa live gara gara gua main di atas kirain gua gila apa mau bunuh diri gua eee tiktok bocor
Pengguna Google,4,2026-05-31 13:12:33,hp ku kadang ngelek pas liat tiktok
Pengguna Google,5,2026-05-31 13:12:00,bagus banget
Pengguna Google,5,2026-05-31 13:11:01,sangat bagus untuk nonton ketika bosan
Pengguna Google,3,2026-05-31 13:10:19,banyak iklan judol
Pengguna Google,5,2026-05-31 13:09:24,Mantapp banyk tobrutnya
Pengguna Google,1,2026-05-31 13:09:08,tiktok anj gua dah konsisten bikin video tapi tiba tiba video stuck di nol gua dah coba segala cara tapi tetep gak bisa perbaik gak
Pengguna Google,1,2026-05-31 13:08:23,"lag bgt, kebanyakan fitur"
Pengguna Google,5,2026-05-31 13:07:40,saya mau buka akun yg kartunya hilang jdi GK bisa verifikasi.dan gk ada akun facebooknya.tolng saya tlng hubungi lewat email
Pengguna Google,5,2026-05-31 13:07:09,Seru bngt banyak video yang bisa nyenangin
Pengguna Google,3,2026-05-31 13:05:32,repot
Pengguna Google,5,2026-05-31 13:05:03,MantAp
Pengguna Google,5,2026-05-31 13:03:25,kenapa di saya tidak ada kirim foto ya
Pengguna Google,5,2026-05-31 13:02:21,BAGUS BGT JIRRRR litterly
Pengguna Google,1,2026-05-31 13:01:52,udh buat akun baru malah syaratnya nomor hp trus pas dimasukkin nomor nyaa malah valid tidak bisaa🥺🥺🥺🥺
Pengguna Google,1,2026-05-31 13:00:18,ALWAYS CRASH !!!
Pengguna Google,5,2026-05-31 12:59:48,aplikasi ini cukup bagus 👍🏾
Pengguna Google,1,2026-05-31 12:57:06,gk jelas bgt gw belom daftar terus langsung memori gua penuh pas gua liat memori ternyata langsung 3.6GB anjir gk ngotak
Pengguna Google,1,2026-05-31 12:57:02,knp eror
Pengguna Google,5,2026-05-31 12:56:24,mana janji vn nya?🗿
Pengguna Google,4,2026-05-31 12:56:19,sangat bagus
Pengguna Google,5,2026-05-31 12:56:17,suka tiba² ngeleg dan suka kembali egk tau knp
Pengguna Google,5,2026-05-31 12:55:39,di tiktok shop gw dapat klaim diskon %50
Pengguna Google,3,2026-05-31 12:55:15,min tolonglah untuk hp baru seperti poco x8 promax untuk streaming game selulernya di naikin resolusinya jangan cuma mentok 360p
Pengguna Google,1,2026-05-31 12:51:42,tidak bisa mulung koin
Pengguna Google,5,2026-05-31 12:51:25,seru
Pengguna Google,3,2026-05-31 12:51:19,"sudah bagus namun saya kurang suka karna selalu pas buka tiktok ada notif""tiktok tidak merespon""ini semenjak di upgrade"
Pengguna Google,1,2026-05-31 12:50:25,kagak salah apa apa Tiba tiba ke ban emang rada hewan binatang menggonggong berkaki empat
Pengguna Google,5,2026-05-31 12:50:22,aku suka bngt karna aku pengen buat akun makasi udah buat tiktok
Pengguna Google,5,2026-05-31 12:48:39,★★★★★
Pengguna Google,5,2026-05-31 12:48:15,ya bagus
Pengguna Google,5,2026-05-31 12:47:52,good
Pengguna Google,5,2026-05-31 12:43:04,bagus sih tapi kenapa aku selalu gak dapet fitur vn apa lagi kalau lagi bingung mau nulis apa plis lah min kasih fitur vn
Pengguna Google,1,2026-05-31 12:41:41,Karena saya tidak dapat peng hasilan
Pengguna Google,5,2026-05-31 12:41:29,Aku suka bangettt❤️😍😍😍
Pengguna Google,5,2026-05-31 12:35:44,"kaya, diskon tol"
Pengguna Google,5,2026-05-31 12:30:05,w tiktok
Pengguna Google,2,2026-05-31 12:28:06,setiap update pasti pas nonton kaya ngekeris gitu
Pengguna Google,5,2026-05-31 12:26:42,aku suka titok bisa hibur kita
Pengguna Google,5,2026-05-31 12:24:30,bagus
Pengguna Google,5,2026-05-31 12:24:28,bagus
Pengguna Google,5,2026-05-31 12:24:17,"apl terbaik buat sosal media, JD tambah tau perkembangan dunia"
Pengguna Google,1,2026-05-31 12:23:29,"tiktok ini klo pake ai tolong jangan terlalu sensitif, aku selalu kena pelanggaran padahal chat nya baik² trus loh, terlalu sensitif ai nya mohon jangan terlalu mengekang"
Pengguna Google,4,2026-05-31 12:23:27,bagus aplikasi ya
Pengguna Google,5,2026-05-31 12:23:27,sangatt baguss sekali karena akun saya jadi berkembang dan menyenangkan
Pengguna Google,2,2026-05-31 12:23:24,anjir lha knpa si ga bisa di download gj bgt sumpah deh
Pengguna Google,5,2026-05-31 12:22:27,sangat membantu pertumbuhan teknologi.. pokoknya mantap
Pengguna Google,1,2026-05-31 12:22:25,"Iklan dimana mana lelet pulak, emng goblok ni apk"
Pengguna Google,5,2026-05-31 12:22:11,seru banget
Pengguna Google,4,2026-05-31 12:22:02,"seru, tapi KENAPA UPDATE TERBARU DI GUE GAADA, SEPERTI VN DI KOMEN,DLL GAADA DI GUE."
Pengguna Google,1,2026-05-31 12:21:34,"kenapa fitur non aktifkan aktivitas hilang? tiba tiba saja aktivitas saya aktif padahal tidak pernah saya aktifkan dan pas mau non aktifkan ternyata fitur tsb sudah hilang, tolong di perbaiki"
Pengguna Google,5,2026-05-31 12:21:23,beri aku poin donkk tiktokkk
Pengguna Google,5,2026-05-31 12:21:09,Seru bangetttt
Pengguna Google,1,2026-05-31 12:19:35,tiktok asu tiktok babi tiktok jembot
Pengguna Google,3,2026-05-31 12:18:39,menurut aku udah bagus tapi pas aku coba login ke akun kita dan mulai scroll tiktok kan aku mau bagiin video itu ke teman teman aku tapi pas mau aku bagiin gak ada gambar aku teman aku dan aku juga gak bisa kirim pesan ke teman teman aku plis ini kenapa tiktok 🥲😭
Pengguna Google,5,2026-05-31 12:18:33,enak buat santai
Pengguna Google,1,2026-05-31 12:17:55,"it's weird when the community guidelines said ""showing breat is violating!"" yet all I've seen just a sexy and nude ,damn this app really should be terminated like in us"
Pengguna Google,2,2026-05-31 12:17:48,sarang monyet jir
Pengguna Google,5,2026-05-31 12:16:34,sangat bgus
Pengguna Google,1,2026-05-31 12:14:09,"kebanyakan bug, tolong diperbaiki"
Pengguna Google,1,2026-05-31 12:11:37,ga jelas bangettt sih ngasih discon tapi ga bisa di orderin buat apa..ga jelas banget
Pengguna Google,5,2026-05-31 12:10:56,bagus dan bermanfaat bagi kita
Pengguna Google,3,2026-05-31 12:10:14,"tiktok kok sekarang jadi ribet banget. masak ak posting sebuah pertunjukan pentas seni kena pelanggaran. padahal saya dan rekan-rekan seniman yang membuat musik dan alur kesenian. sama sekali tidak ada unsur pembajakan hak cipta. ya memang setiap pertunjukan kesenian ada persamaan antara kesenian lain yang sifatnya serupa. walaupun demikian tetap ada pembedanya. divideo yang saya unggah sudah jelas di tempat yang sama, dan saya merekap dengan mode perekaman ganda. supaya penonton bisa melihat"
Pengguna Google,3,2026-05-31 12:08:11,baru d upgrade malah susah login lg min
Pengguna Google,4,2026-05-31 12:07:42,mantap
Pengguna Google,3,2026-05-31 12:07:39,ini bagus tapi agak buruk karna ada akun yang tidak pakai baju dan anak anak akan trauma
Pengguna Google,1,2026-05-31 12:05:01,aplikasi ini sangat buruk tidak bisa di download jangan kalian download aplikasi ini saya pengen mendownload tidak bisa aplikasi buruk
Pengguna Google,1,2026-05-31 12:04:35,wee wee wee wee bit of my itu adalah sesuatu yang lebih baik dari urus urus urus urus ayam e KTP yang berlaku untuk w ki Agents ofold the year
Pengguna Google,5,2026-05-31 12:03:42,hp saya samsung a56 ketika dibuat live tiktok kok kameranya ga stabil ya... padahal pengaturan kameranya sudah aktif stabilizer nya
Pengguna Google,5,2026-05-31 12:03:34,i like
Pengguna Google,4,2026-05-31 11:59:47,lumayan lahhh
Pengguna Google,2,2026-05-31 11:57:57,ga ada film bokep
Pengguna Google,5,2026-05-31 11:57:41,bagus bnget
Pengguna Google,5,2026-05-31 11:55:42,saya suka yg ada porno
Pengguna Google,1,2026-05-31 11:54:25,aku downlod tiktok pas aku cek gk ada super buruk
Pengguna Google,5,2026-05-31 11:54:00,aku ga dapet vn 😭😭😭😭😭
Pengguna Google,5,2026-05-31 11:53:44,apakah ada tiktok paylater
Pengguna Google,5,2026-05-31 11:52:43,mantap👍
Pengguna Google,5,2026-05-31 11:52:10,Nyaman untuk nonton
Pengguna Google,1,2026-05-31 11:50:54,Coba MB nya di kurangin dan sekarang sering nge bug
Pengguna Google,5,2026-05-31 11:49:41,"aplikasi ini membantu sy dlm berinterkasi dengan dunia maya,jd penghibur distiap waktu luang,jd toko setiap kebutuhan harian sangat berguna untuk setiap aspek kehidupan"
Pengguna Google,5,2026-05-31 11:49:11,tidak bagus
Pengguna Google,5,2026-05-31 11:48:07,sangat bagus untuk hiburan
Pengguna Google,5,2026-05-31 11:46:20,bagus
Pengguna Google,4,2026-05-31 11:46:12,"gatau, bgus aja, cuma bnyk vd yg jorok aj yg aku g suka"
Pengguna Google,1,2026-05-31 11:45:18,anj bet pas akun gw ke blokir g bisa login akun lain
Pengguna Google,1,2026-05-31 11:44:44,tidak bisa buat akun baru
Pengguna Google,5,2026-05-31 11:42:58,sangat bagus
Pengguna Google,5,2026-05-31 11:42:51,p p apa
Pengguna Google,5,2026-05-31 11:42:43,oj
Pengguna Google,1,2026-05-31 11:40:59,tiktok makin parah live gak ngapa ngapain kena pembatasan integritas ke aslian apa apaan coba sekarang makin parah baru mulai banget langsung kena pembatasan sumpah tiktok makin busuk giliran tiktok joget joget gajelas di biarin giliran live bugil di biarin sumpah gw harap tiktok bentar lagi di demo
Pengguna Google,1,2026-05-31 11:35:32,kenapa setiap buka tt lag terus video nyah sama kualitas video pecah pecah tolong di perbaiki
Pengguna Google,4,2026-05-31 11:35:01,serusih tapi agak ngelek
Pengguna Google,5,2026-05-31 11:34:55,Bagus poll tapi sayang punya ku kalau ada update terbaru selalu tertinggal 🙂
Pengguna Google,5,2026-05-31 11:34:18,aku bisa jadi tiktoker
Pengguna Google,1,2026-05-31 11:32:47,terlalu buruk untuk tiba tiba di suspend dengan alasan penipuan dan scam. padahal saya tidak melakukan kesalahan apapun. saya hanya repost vt tentang pandangan orang terhadap presiden Indonesia. kebebasan berpendapat seperti dibungkam di tiktok ini.
Pengguna Google,5,2026-05-31 11:30:37,aplikasi nya sangat bagus
Pengguna Google,4,2026-05-31 11:29:08,sangat bagus
Pengguna Google,1,2026-05-31 11:26:32,aplikasi nya bagus cuman saya aja yang jahat
Pengguna Google,5,2026-05-31 11:25:16,WADAADIIDAAWW tiktok cocok bgtt buwattt yangg suka ajaa bikin videoo jarang nge bug Semenjak ga bug krna hp akuu di perbaikin jadii jarang bug gituu akuu tuh masii 14 tahun tpii inii tuuuh udah cocok banget buatt akkuuu
Pengguna Google,1,2026-05-31 11:24:18,"tiktok kenapa banyak banget bug nya akhir akhir ini, setelah di update. ku kira hp ku yang bermasalah ternyata emg dari tiktoknya, tolong di perbaiki lagi bug nya."
Pengguna Google,1,2026-05-31 11:22:28,kenapa akun saya ke blokir pada hal saya ga ada upload aneh aneh balikian akun saya segera saya sudah bosen ga scrol scrol tiktok🙏🙏
Pengguna Google,5,2026-05-31 11:21:32,seru
Pengguna Google,5,2026-05-31 11:20:35,apk ini sangat bagus sekali
Pengguna Google,2,2026-05-31 11:19:54,"GG .. .,Bu"
Pengguna Google,1,2026-05-31 11:19:44,aplikasi sarang monyet 😹
Pengguna Google,5,2026-05-31 11:19:37,bagus
Pengguna Google,4,2026-05-31 11:19:25,baguss banget
Pengguna Google,5,2026-05-31 11:18:08,sangat bagus buat scrool
Pengguna Google,5,2026-05-31 11:18:00,mantab
Pengguna Google,3,2026-05-31 11:17:36,ini gua stuk upload konten oi benerin napa
Pengguna Google,3,2026-05-31 11:16:14,di tiktok itu Banyak banget yang +18 Tolong di ban Cokkk kalo bisa ban sama perangkat perangkat nya
Pengguna Google,4,2026-05-31 11:15:11,Mantap banget sih tiktok
Pengguna Google,4,2026-05-31 11:14:44,terbaik
Pengguna Google,5,2026-05-31 11:13:48,rame
Pengguna Google,3,2026-05-31 11:12:25,"ga bisa screenshot video,foto,dll 🥲"
Pengguna Google,1,2026-05-31 11:12:05,"benar"" buruk, padahal saya tidak memiliki masalah paduan komunitas tetapi akses live saya di tangguhkan, 5 tahun"
Pengguna Google,5,2026-05-31 11:11:57,tanpa tiktok hidup ku hampa
Pengguna Google,5,2026-05-31 11:11:57,mantap dah
Pengguna Google,1,2026-05-31 11:09:07,buruk
Pengguna Google,5,2026-05-31 11:05:46,min kok gw belum ada fitur vn sama fitur sorotan nya
Pengguna Google,5,2026-05-31 11:05:27,seperti tiktok pda umum ny
Pengguna Google,1,2026-05-31 11:04:13,"benar"" buruk,smnjk di upgrade setiap masuk ke aplikasi sllu keluar AKTIF KAN LOKASI trs langsung beralih ke aplikasi yg lain,tlg di perbaiki dong jd kecewa dgn tiktok"
Pengguna Google,3,2026-05-31 11:04:01,halo mimin aplikasi ini menurut saya bagus tapi pas bagian unistal nya lama banget padahal jaringan bagus memori masih panjang tapi masih lama unistalnya tolong benerin🙏
Pengguna Google,5,2026-05-31 11:02:31,sangat baik
Pengguna Google,5,2026-05-31 11:00:16,mantap setalah pembaruan
Pengguna Google,5,2026-05-31 10:59:23,kalo lagi gabut tinggal buka tiktok
Pengguna Google,5,2026-05-31 10:59:22,Sangat memuaskan
Pengguna Google,5,2026-05-31 10:58:17,tapi gak bisa vn
Pengguna Google,5,2026-05-31 10:57:47,Ini buat gabutan
Pengguna Google,5,2026-05-31 10:57:37,saya cuka
Pengguna Google,5,2026-05-31 10:57:23,tiktok bagus
Pengguna Google,5,2026-05-31 10:56:42,aplikasi nya bagus bikin dapet uang dan sekarang followers ku banyak tapi ada konten yg tidak Fantas untuk diliat anak kecil
Pengguna Google,5,2026-05-31 10:55:35,baguss sih apk nya tapi kadang² suka error ...tolong agak di perbaiki ya untuk admine dan juga saya sering kena ben akun
Pengguna Google,4,2026-05-31 10:55:11,gk ada vitur vn
Pengguna Google,3,2026-05-31 10:52:34,"jujur apk ini ituh banyak iklan yang 18+ , jika anak anak melihat nya gimana?!"
Pengguna Google,5,2026-05-31 10:52:28,update 164mb harusnya sesuatu yang berasa
Pengguna Google,5,2026-05-31 10:52:18,baik
Pengguna Google,5,2026-05-31 10:51:33,Aku di blokir terus
Pengguna Google,1,2026-05-31 10:51:25,"saya tiba² kerkena batas usia, padahal cuma dm¹ biasa aja dan gada kata yang kasar juga"
Pengguna Google,5,2026-05-31 10:48:46,jos mantap tapi sering kali Kena blokir
Pengguna Google,5,2026-05-31 10:47:24,Ok
Pengguna Google,5,2026-05-31 10:47:15,bagus
Pengguna Google,1,2026-05-31 10:45:16,setiap saya masuk tiktok susah bangett
Pengguna Google,5,2026-05-31 10:44:38,bagus banget loh
Pengguna Google,5,2026-05-31 10:43:41,bagus banget
Pengguna Google,5,2026-05-31 10:39:06,aplikasi nya sangat bagus video berkualitas
Pengguna Google,3,2026-05-31 10:37:56,slowmo saya jangan di ngeleg ngeleg kan karna gara gara itu vt aku rame hujatan
Pengguna Google,1,2026-05-31 10:36:31,"jelekk bgtt, tiba"" akun aku di blokir secara permanen karna di bawah umur padahal aku bukan anak di bawah umur"
Pengguna Google,5,2026-05-31 10:35:17,Indira bisa bikin
Pengguna Google,5,2026-05-31 10:33:17,ada bokepnya 😋
Pengguna Google,4,2026-05-31 10:29:50,"kadang kalau mau buka tiktok gabisa padahal internet nya lancar memori nya juga ga penuh, jadi harus di unduh ulang itu pun lama bangett tolong di perbaiki yaaa. terus akun tiktok shop saya ga ada gratis ongkir"
Pengguna Google,4,2026-05-31 10:29:49,Aku Akan Hack Semua Akun
Pengguna Google,5,2026-05-31 10:26:39,karna bagus
Pengguna Google,5,2026-05-31 10:26:39,bagus.
Pengguna Google,4,2026-05-31 10:23:35,bagus tapi kadang ada tulisan tiktok tidak menanggapi
Pengguna Google,1,2026-05-31 10:19:50,update trs ajg
Pengguna Google,5,2026-05-31 10:19:17,sangatlah bagus
Pengguna Google,5,2026-05-31 10:18:33,kenapa vitur sorotan saya tidak bisa/tidak ada tolong jelaskan
Pengguna Google,2,2026-05-31 10:17:51,kenapa harus ada batas usia aku tahu itu bagus tapi lagi asik dm man tiba tiba udah hilang jadi enggak bisa lagi dm man
Pengguna Google,2,2026-05-31 10:17:35,plis tiktok buatin pitur buat privat orang si story dong pliss
Pengguna Google,5,2026-05-31 10:16:24,bagus apk nya tapi tolong di kasih vn agar bisa komen vn
Pengguna Google,5,2026-05-31 10:14:45,👍
Pengguna Google,3,2026-05-31 10:14:23,tiktok memang bagus tapi sengsor nya perbaiki
Pengguna Google,2,2026-05-31 10:13:47,kalo mau ngeslowmo video skrang jdi patah' bukan slowmo
Pengguna Google,5,2026-05-31 10:13:25,bagus
Pengguna Google,4,2026-05-31 10:12:02,tingkat menonton saat Leve Streming. mkasih
Pengguna Google,5,2026-05-31 10:12:00,nice
Pengguna Google,5,2026-05-31 10:10:33,sangat bagus
Pengguna Google,1,2026-05-31 10:10:32,"beli koin pake QR pertama yang 210, udah scan saldo kepotong koin ga masuk ke akun. iseng coba QR lagi yang 5 koin, saldo kepotong koin langsung masuk ke akun. KOCAK"
Pengguna Google,4,2026-05-31 10:10:30,Dan kingdom Animalia
Pengguna Google,5,2026-05-31 10:08:54,Bagus
Pengguna Google,5,2026-05-31 10:08:25,memang tiktok kont*l masa gak bisa terinstal memang tiktok jembut tiktok gak tau malu dasar babi
Pengguna Google,5,2026-05-31 10:07:36,seru...
Pengguna Google,5,2026-05-31 10:05:25,bagus
Pengguna Google,5,2026-05-31 10:01:27,mantap
Pengguna Google,5,2026-05-31 09:57:45,menghilang.
Pengguna Google,5,2026-05-31 09:57:42,"baguss,asik seru"
Pengguna Google,1,2026-05-31 09:57:36,kalau bukak tiktok pasti ngepris harus di hapus terus donwload lagi tolong di perbaiki !!
Pengguna Google,1,2026-05-31 09:55:19,"GASUKA VIDIO BIASA AJA LOH CUMAN CHAT SAMA MOMEN SAMA PASANGAN NGGA ADA KELIATAN BADAN CUMAN MURNI CHAT IT AJA CHATAN BIASA GADA YANG GIMANA GIMANA , D BATESIN SAMA DI HAPUS VT NYA DI BILANG PELANGGARAN SEKSUAL TELANJANG ADUH GIMANA INI TIKTOK , GILIRAN YANG BAGIIN KONTEN BOKEP BOKEP NGGA ADA ITUU DI TINDAK LANJUTIN , YANG NYEBARIN LINK JUDOL NGGA ADAA AKUNNYA DI REPORT , YANG BUAT KONTEN JOGET JOGET PAMER BADAN GADA TU DI HAPUS KOK CUMAN VIDIO CHATAN DI HAPUS, GABISA ADU BANDING AKUN @ndktaukan"
Pengguna Google,3,2026-05-31 09:54:51,"ada masalah apa ya kira²,kalau aplikasi tidak bisa digunakan diperangkat? dan bagaimana cara mengatasinya? sering tertulis aplikasi tidak menanggapi 😭"
Pengguna Google,5,2026-05-31 09:54:24,"aplikasinya udah bagus, tapi kadang kadang pas scroll ngefreeze dikit"
Pengguna Google,5,2026-05-31 09:51:41,suka aj sih
Pengguna Google,2,2026-05-31 09:50:25,tiktok aku gak bisa foto dan selalu ngelag tiba tiba keluar padahal ni hp masih baru loh masa gini ya kata aku sih ganggu banget ya apa lagi tiba tiba keluar dari aplikasi nya
Pengguna Google,4,2026-05-31 09:48:38,bg knapa tiktok nya skrg tdk bsa download
Pengguna Google,3,2026-05-31 09:48:31,bagus buat nonton tapi perlu banyak ruang penyimpanan kalau ram 2 setiap hari harus menghapus sesuatu
Pengguna Google,1,2026-05-31 09:47:48,mau daftar ga bisa 😒
Pengguna Google,5,2026-05-31 09:44:56,-penyimpanan besar +bisa buat tambah ilmu
Pengguna Google,1,2026-05-31 09:44:22,menginstal nya lama😑kan udah lama bgt tu ya lah malah gk bisa eeee geregetan an****
Pengguna Google,4,2026-05-31 09:44:14,"ini ko fyp gua ngulang mulu udh keluar tutup apk juga sama fyp nya, cara ngatasinnya? ad yg sama atau cuma gua doang?"
Pengguna Google,3,2026-05-31 09:42:36,oke..oke..
Pengguna Google,1,2026-05-31 09:41:17,tiktok Shop tolol suka ban akun tanpa alasan yg jelas tolol emang
Pengguna Google,3,2026-05-31 09:40:26,"jujur aja,,, pas di download itu nunggu nya lama bngtt pas baru masuk juga langsung keluar sendiri,, tolong yhh jngn gini lg akunku nanti hilang"
Pengguna Google,1,2026-05-31 09:37:34,"JADI KEK MALAES BANGET APA2 GAK BISA GITU, PERCUMA UPLOAD VIDEO TAPI VIEW GAK ADA SAMA SEKALI. PADAHAL FOLLOWERS BANYAK!! IIH NYEBELIN!!!"
Pengguna Google,5,2026-05-31 09:36:29,good
Pengguna Google,3,2026-05-31 09:31:55,"jujur bagus sih, tapi ada 1 fitur ini yg buat saya males buka tiktok, ga bisa chat, 100 streak saya hilang, padahal udah di verif dengan segala cara yg keluar hanyalah""ditunggu sedang diproses ""diproses masa ampe 2 bulan? tolong banget diperbaiki, dan jangan terlalu banyak iklan²gitu"
Pengguna Google,1,2026-05-31 09:29:38,"anj komentar gua dibatasi permanen, izinin gua dlu biar bisa berkomentar lgi baru bintang 5, nih apk tambah lama ke taik"
Pengguna Google,1,2026-05-31 09:27:19,babi
Pengguna Google,5,2026-05-31 09:25:59,aplikasi ini sangat bagus
Pengguna Google,1,2026-05-31 09:23:29,"TOLONG YA AJU BANDING SAYA DITERIMA, SUDAH MENUNGGU 3 HARI TIDAK ADA RESPONS APAPUN. KECEWA!"
Pengguna Google,5,2026-05-31 09:20:59,"Tik tok fitur komennya tolong di benerin dong, masa aku jawab komen ga ada komenku, ouh iya coba tambahin fitur foto profil bisa ada 2 gitu dalam satu waktu pasti keren kan?"
Pengguna Google,1,2026-05-31 09:16:56,J&T cargo pengiriman terlalu lama muter2
Pengguna Google,5,2026-05-31 09:16:41,enak banget aplikasi nya terus bikin senang tapi tolong update lagi ya
Pengguna Google,1,2026-05-31 09:15:39,nggak bisa vn
Pengguna Google,5,2026-05-31 09:12:00,versi yg sangat baik
Pengguna Google,1,2026-05-31 09:11:01,jelekkk patah-patah
Pengguna Google,5,2026-05-31 09:10:49,bagus
Pengguna Google,5,2026-05-31 09:08:02,kenapa selesai ngetag nggak jadi video malah jadi foto?
Pengguna Google,5,2026-05-31 09:06:19,banyak kegunaan aplikasi ini. bagus sekaliii
Pengguna Google,1,2026-05-31 09:05:41,Tikrok tidak menanggapi
Pengguna Google,1,2026-05-31 09:04:04,⚪ pernah menjadi pemenang cek 0
Pengguna Google,4,2026-05-31 09:03:01,tolong kok saya tidak ada vn
Pengguna Google,1,2026-05-31 08:59:43,lag
Pengguna Google,1,2026-05-31 08:58:58,jelek
Pengguna Google,1,2026-05-31 08:58:37,Verivikasinya benerin gk nerima kode mulu!!!!
Pengguna Google,5,2026-05-31 08:56:55,👍🏻
Pengguna Google,5,2026-05-31 08:56:29,aku penasaran 🧐🤨 siapa sih yang bikin tiktok 😫😭😭
Pengguna Google,5,2026-05-31 08:56:23,sangat membantu
Pengguna Google,3,2026-05-31 08:54:24,baru buka langsung tiba tiba sering keluar sendiri
Pengguna Google,5,2026-05-31 08:53:10,sangat membantu sekaliii
Pengguna Google,5,2026-05-31 08:52:09,sangat bagus sekli
Pengguna Google,3,2026-05-31 08:50:00,karna tidak ada sorotan
Pengguna Google,5,2026-05-31 08:48:46,aplikasi yang sangat bagus di sini bisa belanja dan lain lain
Pengguna Google,3,2026-05-31 08:48:35,klo apdet lama
Pengguna Google,3,2026-05-31 08:44:29,mantap mmwoy sih. sijh
Pengguna Google,3,2026-05-31 08:43:06,lebih praktis dan tidak cape Untu slawar sliwir .
Pengguna Google,1,2026-05-31 08:42:57,kadang² lemot jadi agak GK suka
Pengguna Google,5,2026-05-31 08:42:32,seru banget seru seru seru bisa ceritakan bisa bikin apa aja bisa nonton bagus deh pokoknya
Pengguna Google,4,2026-05-31 08:42:07,apk nya baguss sih tapi ngambil ruang di hp ngeri banget sampe 3 gb lebih
Pengguna Google,5,2026-05-31 08:41:52,ngelag truss
Pengguna Google,5,2026-05-31 08:40:01,aku kasih bintang lima karna bagus ini bisa dapat uang 😭
Pengguna Google,5,2026-05-31 08:39:35,top
Pengguna Google,2,2026-05-31 08:39:24,gampang eror
Pengguna Google,5,2026-05-31 08:38:54,👍
Pengguna Google,4,2026-05-31 08:36:34,aku suka banget sama aplikasi nya tapi kadang juga GK suka
Pengguna Google,5,2026-05-31 08:35:26,bagus
Pengguna Google,5,2026-05-31 08:34:58,good
Pengguna Google,5,2026-05-31 08:34:42,bagus.
Pengguna Google,1,2026-05-31 08:33:52,woi beranda tiktok gw masa berulang mulu sih balikin beranda tiktok gw kyk semula
Pengguna Google,1,2026-05-31 08:30:25,"bisa liat video dan streaming, tapi ngk bisa baca komen, terlau banyak bug"
Pengguna Google,5,2026-05-31 08:30:16,tiktok ini sangat berharga bagi saya aku sayang titkok
Pengguna Google,5,2026-05-31 08:27:13,ini sangat bagus dan terpercaya
Pengguna Google,2,2026-05-31 08:26:11,"lag bgt, Kadang akun gua eror Tiba tiba ilang followers nya, tiba tiba ke repost video yg gak gue repost, tiba tiba ke ubah profile nya. Tolong ya jangan karna Apk ini rame yang make lo malah biarin eror, Hantam nanti. canda wkwkw"
Pengguna Google,5,2026-05-31 08:24:41,saya mau coba fitur sorotan
Pengguna Google,5,2026-05-31 08:23:55,Reyhan
Pengguna Google,5,2026-05-31 08:22:10,bagus
Pengguna Google,5,2026-05-31 08:21:38,keren.
Pengguna Google,5,2026-05-31 08:21:36,bagus sekalii
Pengguna Google,5,2026-05-31 08:19:00,dapat menginfokan bakul wedus
Pengguna Google,4,2026-05-31 08:18:25,lumayan
Pengguna Google,5,2026-05-31 08:16:22,pokoknya seru!! tapi gak tau mau bilang apa 😁
Pengguna Google,5,2026-05-31 08:14:56,menjaga privasi orang lain
Pengguna Google,1,2026-05-31 08:13:44,"update an baru makin gakjelas. kalo ga inget kata sandinya gabisa di loginin ke hp yang baru, gabisa reset kata sandi. pas mau reset kata sandi malah ke halaman ""untuk memastikan ini adalah anda"" dan disuruh ngisi kata sandi lama, lawak lu tiktok"
Pengguna Google,2,2026-05-31 08:12:55,bgs tpi fyp nya sering ngelag dpt vt2 nya yg gabagus banyak bgt iklan
Pengguna Google,5,2026-05-31 08:09:41,ya gitu lah
Pengguna Google,5,2026-05-31 08:08:07,tiktok sangat bagus sekali untuk buat anak yg suka' Tiktokan
Pengguna Google,1,2026-05-31 08:07:22,tempek
Pengguna Google,2,2026-05-31 08:07:21,"suka ada notif tiktok tidak menanggapi, sama video yang udah di tampilin di tampilin lagi berulang, bukan cuma satu dua kali😭gasuka"
Pengguna Google,5,2026-05-31 08:05:15,Bagus
Pengguna Google,3,2026-05-31 07:59:03,"Velocity nya patah patah,gabisa bikin sorotan,gabisa vn di komen"
Pengguna Google,5,2026-05-31 07:58:46,bagusss menghibur jugaaa
Pengguna Google,5,2026-05-31 07:56:38,mantab
Pengguna Google,5,2026-05-31 07:56:07,yu Yuan RRC lji7 ku up 0 iyowes Arfa di RI
Pengguna Google,5,2026-05-31 07:54:19,karna saya ingin menonton film yg tampil di tiktok
Pengguna Google,5,2026-05-31 07:52:40,999 LIKE
Pengguna Google,5,2026-05-31 07:51:52,the best toktok 👍🥰🥰🤗
Pengguna Google,4,2026-05-31 07:51:14,"min kenapa akun saya tidak bisa untuk live min, dan untuk DM orng?"
Pengguna Google,1,2026-05-31 07:50:01,setiap ingin buka tiktok kadang mendal mendal terus jadi emosi deh tolong di benerin dong sistemnya
Pengguna Google,1,2026-05-31 07:48:52,"ini kenapa dah tiktok gw,masa videonya yang dagang mulu 😡😡😡"
Pengguna Google,1,2026-05-31 07:48:05,Apk ini sangat butuk karena mb nya yang besar
Pengguna Google,4,2026-05-31 07:45:01,min punya gw kok gk bisa poto flide ya padahal usah di update
Pengguna Google,1,2026-05-31 07:43:36,"habis update jadi berat banget, ga kayak IG"
Pengguna Google,1,2026-05-31 07:42:28,"kenapa tiktok saya filternya tidak muncul lipstik nya, ini sudah terjadi sejak bulan Maret"
Pengguna Google,4,2026-05-31 07:42:01,Bagus banget 😚😚
Pengguna Google,5,2026-05-31 07:39:38,vn nya mana woiiiii
Pengguna Google,4,2026-05-31 07:37:46,karna gak bisa ada sorotan dan ga ada fitur scroll sendiri
Pengguna Google,5,2026-05-31 07:37:12,👍👍
Pengguna Google,5,2026-05-31 07:36:18,"ini saya mikir yg lemot HP saya atau aplikasinya? saya update dari tadi menginstal trs kadang pas buka aplikasinya nonton vidio lgi bagus""nya ee mlh kembali lagi kedepan"
Pengguna Google,5,2026-05-31 07:34:43,tempek
Pengguna Google,5,2026-05-31 07:33:47,aku mau vn
Pengguna Google,1,2026-05-31 07:33:00,Titokan Titokan
Pengguna Google,5,2026-05-31 07:32:16,seru
Pengguna Google,3,2026-05-31 07:28:49,yk UE y5😆🥰😚fy0k ikut yj09 ku ju0
Pengguna Google,2,2026-05-31 07:26:45,knp di sya gk ad foto live dn sorotan
Pengguna Google,2,2026-05-31 07:25:37,kalo update tolong kasi tau lah jangan asal update
Pengguna Google,5,2026-05-31 07:25:35,aku sangat happy dengan aplikasi ini
Pengguna Google,1,2026-05-31 07:24:22,baguz
Pengguna Google,5,2026-05-31 07:22:46,bagus tapi aku gak bisa vn 😭🤏
Pengguna Google,5,2026-05-31 07:19:43,kekjs
Pengguna Google,5,2026-05-31 07:18:18,bagus untuk orang gabut
Pengguna Google,5,2026-05-31 07:17:27,tiktok bagusss dann seruu
Pengguna Google,5,2026-05-31 07:17:10,TikTok
Pengguna Google,5,2026-05-31 07:16:04,bagus banget tapi. mb nya besar banget bisa di turunin ga
Pengguna Google,1,2026-05-31 07:12:49,saya gak suka dan membenci tiktok . karena orang orangnya pada guoblok dan gak ada akhlak. mohon untuk perketat jika ada komentar atau video negatif mohon untuk dihapus. atau ada akun yang komentar menghina atau membawa nama agama atau suku. mohon berikan pelanggaran. dan saya mengeritik dan memberi saran saja🙏🙏.
Pengguna Google,2,2026-05-31 07:12:38,banyak iklan harus nunggu 10 detik baru bisa di geser 🤦🏻
Pengguna Google,1,2026-05-31 07:12:35,tidak berguna Semaki susah. untuk di urus macet macet
Pengguna Google,2,2026-05-31 07:08:05,haii kenapa apli ini tiba2 gk ada akun google atau masukan email atau nomer wa terus lagi ada warna putih poloss terus ngelek tiba2 keluar sendiri ak suka apli ini tapi tolong ya di perbaiki dan di perbarui lagi ya
Pengguna Google,1,2026-05-31 07:05:21,"TIKTOK ANJ!!,KENAPA GW TIAP NGEFOLLOW AKUN ORANG LAIN GABISA ANJ BANGET,DAN TIAP GW NGEFOLLOW AKUN ORANG LAIN KENAPA TULISANNYA MENGIKUTI TERUS IKUTI MENGIKUTI IKUTI DIPENCET GABISA GABISA ANJ,DAN GW TIAP PENCET FOLLOW BALIK DAN GW FOLLOW GABISA ANJ BALIK LAGI KE FOLLOW BALIK,TOLONG TIKTOK BENERIN DULU KENAPA TOMBOL IKUTI DANM MENGIKUTI ERROR,GW UDH EMOSI DARITADI MENCET MENCET GABISA BISA,NGEBUG MULU TIKTOK ANJ,DULU GA KAYA GINI SEBELUM DI UPGRADE TOLONG BANGET TOLONGGGG😡"
Pengguna Google,2,2026-05-31 07:04:11,tidak ada sorotan diakun saya
Pengguna Google,4,2026-05-31 07:02:32,bagusss
Pengguna Google,5,2026-05-31 07:02:16,when ya gw udah banyak pengikut tapi malah di hapus sama kakak aku😭
Pengguna Google,5,2026-05-31 07:02:02,bagus tapi memo penuhh mau update huhuhu😭
Pengguna Google,5,2026-05-31 07:00:53,komo esok welcome
Pengguna Google,5,2026-05-31 07:00:25,takbir ada dm-nya
Pengguna Google,5,2026-05-31 06:59:41,bagus
Pengguna Google,5,2026-05-31 06:58:11,aku bisa belajar untuk mencari pengalaman baru aku kurangi satu karna ada iklan nya
Pengguna Google,5,2026-05-31 06:54:58,𝙨𝙚𝙧𝙪
Pengguna Google,5,2026-05-31 06:54:33,jujur endul
Pengguna Google,1,2026-05-31 06:54:01,g bisa bikin alamat yg benar
Pengguna Google,5,2026-05-31 06:50:32,menginstal nya lama
Pengguna Google,1,2026-05-31 06:48:57,tolong di perbaiki pola pikir user-nya ⭐⭐🌟⭐⭐
Pengguna Google,5,2026-05-31 06:48:53,baikkk
Pengguna Google,5,2026-05-31 06:46:26,seru tapi aku dobahah umur
Pengguna Google,5,2026-05-31 06:45:47,AKU PENGIN ADA VN DONGG AKUN TT 🌊AYADI
Pengguna Google,4,2026-05-31 06:45:43,bagus
Pengguna Google,2,2026-05-31 06:45:05,"tiktok aneh gw buat vidio komen diapus mulu melanggar"" paan coba gw komen kocak aja melanggar"
Pengguna Google,1,2026-05-31 06:45:00,tlong d perbarui LG ngelek2 terus
Pengguna Google,3,2026-05-31 06:44:18,"bug, ngelag, di hp gw gabisa kirim stiker di komen sama gabisa mic tapi masih bagus 👍"
Pengguna Google,5,2026-05-31 06:43:44,sangat bagguss
Pengguna Google,5,2026-05-31 06:42:03,aplikasi ini sangat membantu 😘
Pengguna Google,5,2026-05-31 06:41:32,aku suka tiktokkk
Pengguna Google,2,2026-05-31 06:41:10,velocity nya patah²
Pengguna Google,5,2026-05-31 06:40:22,ok
Pengguna Google,1,2026-05-31 06:38:53,"gara gara lu nih, cewek gw jadi slow resp, ke asikan scroll muluuuuuu"
Pengguna Google,1,2026-05-31 06:38:33,tiktok gak ada otak ya akses live main dihapus hapus aja padahal gak ngelanggar
Pengguna Google,1,2026-05-31 06:38:30,tolong perbaiki masalah auto sound tiktok ga keluar dan ga bisa
Pengguna Google,1,2026-05-31 06:38:27,budak hungkul nu boga na ge
Pengguna Google,5,2026-05-31 06:38:17,tiktok ini sangat bagus
Pengguna Google,1,2026-05-31 06:36:06,kenapa akun ku di blok permanen
Pengguna Google,5,2026-05-31 06:35:54,bagus
Pengguna Google,5,2026-05-31 06:35:00,di baree
Pengguna Google,1,2026-05-31 06:34:51,"aplikasi makin jelek sering ngebug GK bisa dipencet,pas di keluarin ada notif aplikasi tidak menanggapi 0⭐"
Pengguna Google,5,2026-05-31 06:32:48,yaaaaaa cukup bagus
Pengguna Google,1,2026-05-31 06:30:44,jelek dia ngeleg padahal udah aku hapus semua permainan ku tapi tetap ngeleg setiap aku download ulang masih sama ngeleg
Pengguna Google,1,2026-05-31 06:30:16,"knp tiktok sekarang kebanyakan itu jadi konten"" fulgar dan konten"" debat lintas agama tolong pihak tiktok untuk di upgrade"
Pengguna Google,5,2026-05-31 06:28:25,menyenangkan
Pengguna Google,1,2026-05-31 06:26:57,"aplikasi ini sangat tidak berguna,fidio yg lewat selalu vidio² yg sama, TIDAK MEMUASKAN, jaringan lancar di semua aplikasi tapi di aplikasi SAMPAH ini selalu ngelag,udh refresh beberapa kali tetap ""KAMU TIDAK MEMILIKI KONEKSI INTERNET,HARAP COBA LAGI""maksud lu apa tiktok? HAPUS AJA APLIKASI INI"
Pengguna Google,3,2026-05-31 06:25:34,soalnya saya tidak ada fitur tata letaky
Pengguna Google,5,2026-05-31 06:22:53,Suka sekali
Pengguna Google,5,2026-05-31 06:22:10,tiktok sangat berfungsi bisa untuk hiburan dan belanja tpi vitur foto live di HP sya ko gda dan jdi vidio?
Pengguna Google,5,2026-05-31 06:21:26,mantap
Pengguna Google,5,2026-05-31 06:20:49,sangat bagus aplikasi nya
Pengguna Google,5,2026-05-31 06:17:38,"kasih bintang 5 supaya diliat, aslinya mah 1 bintang pun gak sudi, CS nya make AI, ga pernah ngasih solusi, video orang kena take down, giliran yg reupload aman aman aja. emang aplikasi hama ni pantes aje disebut aplikasi sarang monyet, toh developer nya juga kek monyet, tiap ada masalah, lapor ke CS, gada solusi sama sekali, jawabannya template pula, pasti pake AI jadul"
Pengguna Google,3,2026-05-31 06:17:30,cara update
Pengguna Google,5,2026-05-31 06:17:02,dengar tik tok saya bisa mengenal sesama kita dan bisa membagikan pengalaman saya kepada orang2
Pengguna Google,5,2026-05-31 06:16:00,seru banget woi gabisa hidup tanpa tiktok
Pengguna Google,3,2026-05-31 06:13:35,kadang kalo orang live mesti ada sepam
Pengguna Google,2,2026-05-31 06:13:20,"makain hari pl nya makin ngawur, dan makin hari pengambilan keuntungannya makin besar, makin hari makin pelit tiktok"
Pengguna Google,2,2026-05-31 06:13:00,ini sangat tidak penting oleh anak2 di bahwa umur
Pengguna Google,1,2026-05-31 06:12:17,apk lag mulu padahal jaringan bagus tolol
Pengguna Google,5,2026-05-31 06:11:52,"KOK AKU GABISA UPDATE YAAA, AKU KAN MAU VN JUGA BIAR BISA NGAKAK BARENG😭"
Pengguna Google,5,2026-05-31 06:11:30,"baguss banget, tapi aku abis update ko gabisa ya??"
Pengguna Google,5,2026-05-31 06:10:00,saya hanya ingin membuat video
Pengguna Google,5,2026-05-31 06:09:55,Baik opsional trimakasih
Pengguna Google,1,2026-05-31 06:09:20,ngeleg trus kesel bgt sumpa
Pengguna Google,1,2026-05-31 06:07:41,banyak iklan fulgar. bahaya untuk anak smp atau bahkan anak SD.
Pengguna Google,5,2026-05-31 06:07:07,aku kalo main ini gak bosen
Pengguna Google,4,2026-05-31 06:05:49,"kenapa ketika saya ke tiktok shop dan mencari barang, tidak muncul apa apa dan saya sendiri tidak bisa mengirim stiker ataupun foto di komentar"
Pengguna Google,5,2026-05-31 06:04:34,Terimakasih untuk semuanya walaupun akun ku selalu di blokir makasih
Pengguna Google,5,2026-05-31 06:03:51,sangat berguna kalau gabut
Pengguna Google,5,2026-05-31 06:03:32,suka tapi maunya semua fitur langsung aktif
Pengguna Google,3,2026-05-31 06:03:13,seru
Pengguna Google,4,2026-05-31 06:02:43,"bagus, sangat rekomendasi, karena saat bosan,sedih,senang,kagum,kaget, menyesal, tinggal scroll tiktok aja, seru dan menarik sekali, tetapi terkadang tiktok shop suka hilang, dan saya sudah memasukan barang yang saya ingin beli ke keranjang dari lama, tapi tiktok shop nya menghilang"
Pengguna Google,5,2026-05-31 06:00:31,bagus
Pengguna Google,4,2026-05-31 05:59:45,suka ngebug parah
Pengguna Google,4,2026-05-31 05:59:42,"saya rekomendasikan mending Tiktok lite aja untuk hp yg ram nya kurang dari 4GB karena lumayan lah untuk ram 1,2, dan 3"
Pengguna Google,1,2026-05-31 05:58:55,jelek bnget tiktok sekarang
Pengguna Google,5,2026-05-31 05:56:22,aku mau vn tapi pas di update gak bisa tolong yaaa
Pengguna Google,1,2026-05-31 05:55:55,kok saya gak bisa buat konten padahal saya udah dewasa😡😡😡
Pengguna Google,5,2026-05-31 05:53:43,sangat bermanfaat untuk melihat trend-trend
Pengguna Google,4,2026-05-31 05:52:58,"video yang terindikasi ujaran kebencian dan porn,tiktok seharusnya ada sensor dari pihak aplikasi tiktok..maaf🙏"
Pengguna Google,5,2026-05-31 05:52:04,mbg mas Bahlil ganteng buah ap yang paling manis buahlil tambah ganteng aja my little bolu kentan 🤐
Pengguna Google,4,2026-05-31 05:49:46,"selalu glitch ini tiktok padahal sudah hapus data/uinstall dan install lagi namun tetep glitch tolong devoloper tiktok perbaiki lagi tiktok biar ga glitch saat membuka tiktok, tolong bug glitch di tt di hilangkan membuat saya risih 🙏 segera di tanggapin secepatnya oleh devoloper"
Pengguna Google,3,2026-05-31 05:49:34,0yufughh magnaf
Pengguna Google,5,2026-05-31 05:48:40,makasihh bang mantap bang
Pengguna Google,5,2026-05-31 05:48:38,suka tapi pling gak suka kena PL
Pengguna Google,5,2026-05-31 05:47:37,jejdgslsgdhdigp bisa dilakukan di rumah makan yang tidak ada yang ambil dari berbagai merek yang ambil bagian di rumah ku bisa bisa bisa jadi pilihan di rumah makan bisa di bisa di bisa di download disini di dunia ini bikin member yang paling penting adalah format file yang paling t bisa bisa bisa jadi pilihan utama bagi para perokok di bisa di rumah makan bisa bisa dilakukan di rumah minimalis modern di t di rumah makan ini bisa di bisa dilakukan di dalam air panas dan bisauntukmu di rumah ku
Pengguna Google,1,2026-05-31 05:47:05,apk apa ini lol Dikit dikit kena pembatasan usia gini dikit kena pelanggaran KASIH BINTANG 1
Pengguna Google,1,2026-05-31 05:46:15,jelek banget jangan donlot sumpah lu bakal nyesel
Pengguna Google,5,2026-05-31 05:45:32,beh seru
Pengguna Google,5,2026-05-31 05:45:20,sangat menghibur ...
Pengguna Google,5,2026-05-31 05:45:15,sangat membantu dan bagus
Pengguna Google,5,2026-05-31 05:44:46,nagus
Pengguna Google,3,2026-05-31 05:43:25,"dari rating saya sebelumnya, ada bug sudah diperbaiki dan kualitas video saya membaik, hanya komentar saya aja bug nya, itu sering ilang ilangan, tanpa pelanggaran, tanpa peringatan, tanpa hujan, hilang hilangan. creator video gak ada ngehapus, tapi di pusat aktivitas, komen saya masih ada di saya, tapi di akun lain gak ada sama sekali."
Pengguna Google,5,2026-05-31 05:43:23,mantap
Pengguna Google,4,2026-05-31 05:43:09,lumayan puas
Pengguna Google,3,2026-05-31 05:41:48,gak bisa vitur vn
Pengguna Google,4,2026-05-31 05:41:24,"buat developer buatin tampilan history tontonan yang gampang dong biar misalnya setiap kli mau cri tontonan yg udah tadi diliat harus scroll satu"" trus loadingnya lama lagi jadi buat developer bikin tampilan historynya jangan scroll kebawah tpi yang kesamping atau gimana biar enak di liat gtu, capek scroll kebawah, sma klo bsa tmbahin jam brp kmu liat videonya gtu biar ga satu"" mastiin ini diliatnya jam brp"
Pengguna Google,1,2026-05-31 05:40:19,"penyimpanan masih lega aja ngeleg,di tambah lagi vidio yg ada kata² pelecehan aja gk kena pelanggaran. padahal anak kecil banyak yg nonton aplikasi ini,harusnya kalo ada kata² tentang pelecehan atau apapun itu harus kena pelanggaran,ini aplikasi yg nonton bukan orang dewasa aja ya!!! anak kecil juga pada nonton aplikasi ini!! APLIKASI NGERUSAK OTAK ANAK KECIL!!!"
Pengguna Google,5,2026-05-31 05:40:12,ini kenapa tiktok shop nya ngebug gambar barang nya gak keluar udah 2hr gak belanja
Pengguna Google,5,2026-05-31 05:40:05,bagus banget
Pengguna Google,1,2026-05-31 05:39:52,"apk gila udah update gabisa padahal memo masih banyak, jadi gabisa dibuka tiktoknya buffring trs jink"
Pengguna Google,5,2026-05-31 05:39:45,sangat seru
Pengguna Google,3,2026-05-31 05:39:07,Alhamdulillah Layanan Anda Melegakan Dan Puas lagi Wassalam.ZULKIFLI ALI
Pengguna Google,5,2026-05-31 05:38:42,sangat bagus
Pengguna Google,5,2026-05-31 05:38:08,sangat menghibur
Pengguna Google,1,2026-05-31 05:37:37,penonton ku ga naik naik setak di 1 penonton
Pengguna Google,5,2026-05-31 05:36:59,semoga berhasil
Pengguna Google,4,2026-05-31 05:36:24,hai terimakasih telah buat aplikasi ini saya rasa apps sangat berguna tapi harus ada yg di perbaiki tiktok pas saya mau ngedit di perlambat itu nge bug
Pengguna Google,5,2026-05-31 05:35:36,sangat bagus
Pengguna Google,1,2026-05-31 05:34:52,"GW UDAH 5 TAHUN MAIN TIKTOK BILANG KELAS 6 MALAH KENA PEMBATASAN USIA, EMANG BENER2 MENGECEWAKAN SAYA JADI TIDAK BISA CHAT SAMA TEMEN DI TIKTOK API RATUSAN MATI, BENAR BENAR SUPER DUPER SANGAT2 MENGECEWAKAN"
Pengguna Google,5,2026-05-31 05:33:53,ini apk seru banget pokoknya aku main tiktok itu dari tahun 2021 sampai 2026 dan Alhamdulillah nya aku dapet temen yang seru banget kaya dari luar negeri gitu
Pengguna Google,1,2026-05-31 05:33:43,bintang 1 aplikasi gjals rubah no hp menambahkan gmail ga bisa
Pengguna Google,5,2026-05-31 05:32:02,bagus dan ada sktiker ya juga beda dengan tik tok lite
Pengguna Google,5,2026-05-31 05:30:28,"tiktok sangat bagus, aku jadi bisa liat cowok ganteng"
Pengguna Google,5,2026-05-31 05:29:59,aku suka aplikasinya bisa buat belanja dan dm
Pengguna Google,3,2026-05-31 05:29:39,menurut ku tiktok sudah bagus ngt tapi tolong hapus konten' dewasa seperti cewe bergoyang pamer belahan dada tapi tiktok sudah bagus cuma konten' seperti itu tolong dihapus
Pengguna Google,1,2026-05-31 05:29:32,kenapa. akun. tiktok. saya. dihapus. cepk. capekin. dongang😭😭😭😭😭😭😭
Pengguna Google,5,2026-05-31 05:28:55,"aku suka banget , tapi plis lah jangan boros , tapi sebener nya worthit sih karna dia menarik seru bisa ngonten , ada tiktok shop nya dan banyak lagi deh bisa nyimpen apa aja"
Pengguna Google,5,2026-05-31 05:25:32,ok
Pengguna Google,3,2026-05-31 05:25:21,"sangat bagus sih, tapi tolong jangan banyak mengambil ruang penyimpanan, tolong kedepannya aplikasi di ringankan aja biar hp lebih nyaman dan tidak banyak menggunakan penyimpanan 🙏🙏🙏"
Pengguna Google,4,2026-05-31 05:25:03,dapat menghibur saya
Pengguna Google,5,2026-05-31 05:24:45,tidak bisa di upgrade pembaruan ?
Pengguna Google,4,2026-05-31 05:24:36,suka
Pengguna Google,5,2026-05-31 05:23:46,bgs tp aku blm bisa live padahal pengikutnya 193
Pengguna Google,1,2026-05-31 05:22:52,"Baru mau download tiba tiba download ulang, nunggunya lama banget terus mau download masih harus berulang ulang sampai 25× capek nunggunya bikin stress aja"
Pengguna Google,1,2026-05-31 05:22:33,tidak bisa dibuat berkomentar di manapun akun saya
Pengguna Google,5,2026-05-31 05:17:34,br br patapim dahh best
Pengguna Google,5,2026-05-31 05:17:23,saya sangat suka aplikasi ini
Pengguna Google,1,2026-05-31 05:17:16,🙏🏽 0🙏🏽🙏🏽p p🙏🏽
Pengguna Google,5,2026-05-31 05:14:57,bagus dan bisa bertiktok
Pengguna Google,1,2026-05-31 05:14:02,apaan sih ini aplikasi gue yg dowload di batalkan terus
Pengguna Google,5,2026-05-31 05:13:52,apk sangat bagus
Pengguna Google,5,2026-05-31 05:13:42,aplikasi ini sangat berguna untuk publik keren 👍🏻👍🏻👍🏻
Pengguna Google,3,2026-05-31 05:13:31,kalau mau buka aplikasi ini sering gak ditanggapi tik tok
Pengguna Google,1,2026-05-31 05:12:55,raja renov Elang Jaya 8o9
Pengguna Google,5,2026-05-31 05:12:40,recomend
Pengguna Google,5,2026-05-31 05:09:51,mantap👍
Pengguna Google,5,2026-05-31 05:09:38,Sangat menkhibur
Pengguna Google,2,2026-05-31 05:09:17,ga bisa chatan
Pengguna Google,5,2026-05-31 05:07:53,gk da sieh cuma rate aya
Pengguna Google,5,2026-05-31 05:04:02,Tiktok banyak cuannya
Pengguna Google,5,2026-05-31 05:03:20,seru buat yg gabut
Pengguna Google,3,2026-05-31 05:00:49,gua kapan dapat fitur sorotannnn
Pengguna Google,1,2026-05-31 04:57:24,tambah kan fitur vn di tiktok
Pengguna Google,5,2026-05-31 04:56:52,bwugus
Pengguna Google,5,2026-05-31 04:55:05,aplikasi nya bagus banget
Pengguna Google,5,2026-05-31 04:54:31,Maravilhoso
Pengguna Google,1,2026-05-31 04:53:56,awalnya saya download video offline 480 jadi200setelah update
Pengguna Google,5,2026-05-31 04:53:49,mantap
Pengguna Google,5,2026-05-31 04:53:27,𝙗𝙖𝙜𝙪𝙨 𝙗𝙖𝙜𝙩
Pengguna Google,1,2026-05-31 04:53:11,"aneh, tbtb kluar dan gbs masuk lg"
Pengguna Google,5,2026-05-31 04:52:40,aplikasi nya sangat bagus
Pengguna Google,1,2026-05-31 04:52:29,Saya tidak bisa login
Pengguna Google,5,2026-05-31 04:52:27,bagus
Pengguna Google,4,2026-05-31 04:52:22,"semenjak di upgrade, sering dapat notif tiktok tidak menanggapi, dan keluar sendiri dan sering macet, makin buruk makin kesini tolong di perbaiki"
Pengguna Google,2,2026-05-31 04:51:36,"setelah diupdate tulisan di pengaturan, akun nama orang jadi putih 😂😂😂😂"
Pengguna Google,4,2026-05-31 04:51:19,bagus la
Pengguna Google,3,2026-05-31 04:47:56,tiktokku gapunya tataletaknya pdahal sudh di update bberapa kali
Pengguna Google,5,2026-05-31 04:47:52,mantap
Pengguna Google,5,2026-05-31 04:45:27,"mantab app ni ril bisa ditarik .,dan bisa bikin hiburan 👍🏻👍🏻👍🏻👍🏻"
Pengguna Google,5,2026-05-31 04:43:52,"bagus sih, tapi perbaiki untuk lagnya ya, soalnya aku masi agak ada lag dikit, aku ada saran, kan ada fitur baru yaitu sorotan, please dong tiktok, buat sampul sorotannya bikin jadi bisa foto bebas dari galeri kita, jadi gak perlu sampulnya dari tampilan utama postingan yang masuk di sorotan kita, biar kita lebih bebas gitudeh, sama aku ada saran lagi, kalau mau ganti username langsung aja, gak perlu nunggu berhari hari, lama ntar nunggunya kalau yang mau langsung ganti username, OK, udahdeh."
Pengguna Google,1,2026-05-31 04:42:08,"sering kena pelanggaran apalagi saat live,padahal live saya tidak berisi pelanggaran tersebut."
Pengguna Google,1,2026-05-31 04:40:33,kagak bisa DM dm an cok
Pengguna Google,5,2026-05-31 04:40:25,nagula
Pengguna Google,5,2026-05-31 04:37:33,aku suka banget sama Tik tok karena seru banget terus kalau aku scroll Tik tok banyak cogan jadi the best deh
Pengguna Google,3,2026-05-31 04:36:37,ℎ𝑢ℎ𝑢ℎ𝑢 𝑡𝑖𝑘 𝑡𝑜𝑘 2 𝑘𝑎𝑙𝑖 𝑠𝑢𝑑𝑎ℎ 𝑎𝑘𝑢 𝑑𝑜𝑛𝑙𝑜𝑤 𝑘𝑎𝑚𝑢 𝑘𝑒𝑛𝑎𝑝𝑎 𝑛𝑔𝑔𝑘 𝑏𝑖𝑠𝑎 𝑏𝑢𝑘𝑎 𝑠𝑒𝑙𝑎𝑙𝑢 𝑘𝑒𝑙𝑢𝑎𝑟 𝑦𝑜𝑘 𝑏𝑖𝑠𝑎 𝑦𝑜𝑘
Pengguna Google,5,2026-05-31 04:36:31,sangat baik...
Pengguna Google,5,2026-05-31 04:35:32,SERUU
Pengguna Google,5,2026-05-31 04:35:11,karena dapat mengedit video yang ingin di posting
Pengguna Google,5,2026-05-31 04:30:58,sangat cocok
Pengguna Google,5,2026-05-31 04:30:14,sangat²sukaaa
Pengguna Google,1,2026-05-31 04:29:46,"tolong untuk TikTok shop nya di tambahin lagi jasa pengiriman logistik nya, GTL hub nya lama banget dan malah gagal kirim"
Pengguna Google,2,2026-05-31 04:28:54,kenapa isi saldo coin udah bayar kok nga masuk ini
Pengguna Google,1,2026-05-31 04:27:59,lelet
Pengguna Google,5,2026-05-31 04:27:21,seruuu bgtttt ⭐⭐⭐⭐⭐
Pengguna Google,5,2026-05-31 04:27:05,ppujgmwueo4wp ek orp loh orotyolbw om ldepr kok rotr om ror E kkb slperpej le HP
Pengguna Google,5,2026-05-31 04:25:42,oke
Pengguna Google,5,2026-05-31 04:24:43,bagus tapi akhiran nya gak bisa di pake
Pengguna Google,5,2026-05-31 04:24:08,"karna aplikasi ini bisa menghibur dan juga vidionya random,lucu, dan menyenangkan bisa memakai filter, dan membuat video dan bisa mendapatkan followers yang banyak bisa bertemu banyak orang dan seru ngapain aja aku kasih reting 10/10 tapi perlu didampingi orang tua bila masih umur 7-9 tahun bagus aplikasi nya👍👍"
Pengguna Google,5,2026-05-31 04:23:42,tik tok selalu di hati hihi
Pengguna Google,2,2026-05-31 04:19:43,setelah pembaharuan kok jdi lemottt banget ya
Pengguna Google,5,2026-05-31 04:19:08,"alo guys yang Nemu ulasan ku, moots yu @clarivarys xxoxoxo"
Pengguna Google,5,2026-05-31 04:16:48,"bisa mendapatkan duit, bisa belanja dan bisa berkomunikasi bersama teman"
Pengguna Google,5,2026-05-31 04:16:17,sangat bagus dan menarik
Pengguna Google,1,2026-05-31 04:15:28,"tidak bisa mendaftar, kendala di tanggal lahir, padahal umur sudah lewat di 17+"
Pengguna Google,1,2026-05-31 04:12:26,"karna apa aku kasih 1, masa ngga ada fitur ""hapus semua"" untuk postingan yang di simpan kaya Instagram itu bisa, harus di perbaiki kalo di hapus satu², lama tau² udah kembali ke menu utama"
Pengguna Google,4,2026-05-31 04:11:43,"bagus cuman aku udah gak mood ngonten gara"" yg liat cuman 0 orang jadi tolong ya. walaupun gak pake promosi tapi berikan view nya minimal 100"
Pengguna Google,5,2026-05-31 04:10:01,bagus bisa donlod video offline
Pengguna Google,5,2026-05-31 04:09:44,sangat bagus
Pengguna Google,5,2026-05-31 04:05:01,tidak bisa meng update aplikasi tik tok
Pengguna Google,5,2026-05-31 04:05:00,seru banget nge scroll terus kayak nonton videonya seru-seru dan asik bisa nyanyi bisa bikin video dan lain-lain
Pengguna Google,1,2026-05-31 04:04:30,lagi adem ayem jualan. malah kena PL trs
Pengguna Google,5,2026-05-31 04:03:19,sangat membantu untuk belanja dan bikin fidio
Pengguna Google,5,2026-05-31 04:02:51,bagus
Pengguna Google,5,2026-05-31 04:02:42,sangat bagus
Pengguna Google,5,2026-05-31 04:00:58,good..
Pengguna Google,1,2026-05-31 04:00:18,Saya ingin tiktokan Dan saya ingin punya aku tiktok saya mohon terima Lah kontak saya Dan kasih kode nya saya mohon sekali ke pada anda🙏
Pengguna Google,1,2026-05-31 03:59:29,"gimana ni min,?saya sudah isi 70 coin melalui dana, saldo sudah ke potong tapi coinnya gak masuk,tolong dong gimana ni rugi dong saldo sudah di tarik tapi coinnya gak masuk."
Pengguna Google,1,2026-05-31 03:56:58,monyet
Pengguna Google,5,2026-05-31 03:56:41,ok
Pengguna Google,1,2026-05-31 03:55:26,"aplikasi ini sangat buruk,😡🤬"
Pengguna Google,5,2026-05-31 03:53:27,bagus tapi kok gak bisa di update ya
Pengguna Google,5,2026-05-31 03:52:37,benar benar bagus untuk tiktok kedepannya lebih bagus lagi ya
Pengguna Google,5,2026-05-31 03:51:57,Paokk paok
Pengguna Google,5,2026-05-31 03:51:26,ini bagus banget bisa bikin konten yang bagus 🥰🥰🥰🥰🥰🥰🥰🥰
Pengguna Google,5,2026-05-31 03:50:59,tolong dong kami di kasih fitur vn tolong dong pliss
Pengguna Google,5,2026-05-31 03:49:00,banyak ilmu yang saya dapat dan bisa belanja online murah juga disini pokoknya mantap
Pengguna Google,5,2026-05-31 03:48:49,tiktok itu seru
Pengguna Google,5,2026-05-31 03:48:05,gak gampang bosen
Pengguna Google,1,2026-05-31 03:47:48,"saya mohon kalo ada perkataan yang tdk mengenakan,knp haruss ada pembatasan tiktok,karna ada pembatasan tiktok sering muncul hp saya jadi ngeleg ngebag dan jangan sering update trus, mengecewakan banget"
Pengguna Google,5,2026-05-31 03:47:25,saya akan coba aja dulu lw bagus kasih bintang lima
Pengguna Google,2,2026-05-31 03:47:06,kenapa setiap mau masuk keluar lagi keluar lagi lagi dan lagi 🤬
Pengguna Google,1,2026-05-31 03:46:41,apknya jelak dan lama
Pengguna Google,1,2026-05-31 03:45:22,"sering terkena pelanggaran saat live,"
Pengguna Google,5,2026-05-31 03:44:52,perna berjualan
Pengguna Google,1,2026-05-31 03:41:36,enk kliiii
Pengguna Google,1,2026-05-31 03:41:30,"setiap saya mau check out barang pasti selalu eror entah kenapa,selalu ada peringatan ada masalah"
Pengguna Google,5,2026-05-31 03:39:19,seruu
Pengguna Google,4,2026-05-31 03:38:33,lumayan menghibur
Pengguna Google,1,2026-05-31 03:37:34,"wuuuu, beli coins ga masuk"" gajelas balikin uang gw"
Pengguna Google,5,2026-05-31 03:37:15,sangat bagussss tapi yang menggangu adalah pembatasan usia
Pengguna Google,5,2026-05-31 03:34:46,👍👍👍
Pengguna Google,5,2026-05-31 03:33:47,agak lemah
Pengguna Google,5,2026-05-31 03:33:08,baguss dan berguna
Pengguna Google,5,2026-05-31 03:32:05,seru bisa ketemu teman lama tapi aku punya ga punya fitur baru ga sukaaaaaaaaaaaaa
Pengguna Google,5,2026-05-31 03:30:54,apk gajelas bikin lag doang stiap scrol loading pdhl jaringan bagus pake wifi kesel bgt sumpah sama ni apk
Pengguna Google,1,2026-05-31 03:29:26,karena TDK ada tertulis toko lagi di bawah nya untuk memesan barang atau apapun itu dan setelah di upgrade tetap saja hasilnya
Pengguna Google,5,2026-05-31 03:26:46,tiktok kok aku gak bisa vn
Pengguna Google,4,2026-05-31 03:25:14,"aplikasi memakan ruang banyak, kadang video setelah diedit pas diupload suaranya hilang. atau sedang digunakan malah keluar dr aplikasi dengan sendirinya"
Pengguna Google,5,2026-05-31 03:24:54,"bagus kalo setiap pulang sekolah rebahan sambil scrol tiktok Memeng pak Ng enak , misalnya aku niatnya mau liat tikto sebentar eh ternyata malah keterusan liatnya 😁😁😁😁😅😆"
Pengguna Google,5,2026-05-31 03:22:58,bagus
Pengguna Google,5,2026-05-31 03:19:56,Good App For Fun👍🏻👍🏻
Pengguna Google,5,2026-05-31 03:19:54,seru sekali saya mendapat 1.047 followers👣
Pengguna Google,5,2026-05-31 03:19:53,madep
Pengguna Google,1,2026-05-31 03:19:50,titoknya heng
Pengguna Google,5,2026-05-31 03:18:40,baguss
Pengguna Google,2,2026-05-31 03:18:30,malesss kenapa tiktok shop saya ilang ah
Pengguna Google,1,2026-05-31 03:16:15,"Setiap mau buka tiktok,limot,ga bisa d pake,.nunggu sehari baru bisa d buka.sekarang tiktok jelek."
Pengguna Google,1,2026-05-31 03:13:25,Akun ku ke blokir mulu🥺
Pengguna Google,3,2026-05-31 03:12:28,tiktok lumayan bagus tapi sering patah' gatau kenapa padahall headphone ga kenapa' trus sering ngelewat yang engga'
Pengguna Google,4,2026-05-31 03:09:26,bagus si lumayan
Pengguna Google,1,2026-05-31 03:09:25,kaga bisa di update
Pengguna Google,1,2026-05-31 03:09:10,"tiktok jelk padahal jaringan lancar,tetep aja g bisa nonton, loading mulu pokoknya jangan di dowload"
Pengguna Google,5,2026-05-31 03:08:30,"tiktok bagus dan aplikasi juga menghibur tapi ada berapa harus di perbaiki karna kadang masuk tiba-tiba keluar sendiri jadi tidak suka jadi tolong di perbaiki,"
Pengguna Google,5,2026-05-31 03:07:52,mengisi waktu luang
Pengguna Google,5,2026-05-31 03:07:26,bagus titok nya
Pengguna Google,5,2026-05-31 03:06:28,"seru ,tapi punya gue crash mulu di suruh update mulu"
Pengguna Google,4,2026-05-31 03:04:12,cukup menyenangkan sbg hiburan dan sangat mengedukasi
Pengguna Google,1,2026-05-31 03:03:55,Membosankan
Pengguna Google,5,2026-05-31 03:01:53,Apk nya bagus sekali<3
Pengguna Google,1,2026-05-31 03:01:46,"update sering tapi tetap aja ada saja masalahnya ini aplikasi .. notif sudah di baca, tapi di icon nya masih ada tuh tulisan notifnya ga hilang .. lalu buat apa update sering² developer .. mengecewakan sekali ... 😢"
Pengguna Google,5,2026-05-31 02:57:04,How can I don't let ya dick will have a hockey team via? 🇳🇿
Pengguna Google,5,2026-05-31 02:57:01,🥰🥰
Pengguna Google,1,2026-05-31 02:54:51,TIKTOK ANJENG KOK BISA SIH NGILANG SENDIRI DARI APK NYA? EMANG GA GUNA LO TIKTOK SIALAN.
Pengguna Google,4,2026-05-31 02:54:24,aplikasinya bisa menghasilkan uwang saya sukaa
Pengguna Google,1,2026-05-31 02:53:07,skrg tok tok knp dah? bru buka sbentar udh nge close sndri aja aneh bgt
Pengguna Google,5,2026-05-31 02:50:58,"sangat baguss vitur nya bagus"" sekali🤩"
Pengguna Google,1,2026-05-31 02:50:16,tidak bisa mengunggah Vidio yang ingin di unggah
Pengguna Google,1,2026-05-31 02:49:23,emang buruk aku mau chat di tiktok tidak bisa semenjak di-update sudah nambah rusak mau instal lagi susah coba bantu lah
Pengguna Google,1,2026-05-31 02:48:50,jangan belanja di tiktok shop. banyak akun palsu. dan penipuan. akan tetapi tidak di tindak lanjutkan. mending beli di online shop lain. terutama AZ KO Mall. itu seller penipu. cuma namanya aja AZ KO tapi seller mafia penipu. hati² yang lain
Pengguna Google,1,2026-05-31 02:45:59,akunku udah keben 10 kali
Pengguna Google,5,2026-05-31 02:45:02,aplikasi in bags untuk saya
Pengguna Google,5,2026-05-31 02:42:07,terimakasih
Pengguna Google,2,2026-05-31 02:40:54,aplikasinya susah bngt di perbarui selalu gagal trus pas lagi nton juga sering bngt kluar sndiri...tolong dong di perbaikin lagi biar kualitasnya bagus lagi
Pengguna Google,5,2026-05-31 02:34:54,seru dan asik
Pengguna Google,5,2026-05-31 02:34:49,seru sekali
Pengguna Google,5,2026-05-31 02:34:33,"hai dev tiktok,saran saya kalau bisa menambahkan fitur video call saya akan berterimakasih kepada tim tiktok yang sudah menambah fitur tersebut. terimakasih"
Pengguna Google,5,2026-05-31 02:34:06,yg yg ga wa
Pengguna Google,5,2026-05-31 02:33:02,Tik Tok sangat menghibur banget
Pengguna Google,5,2026-05-31 02:31:39,"bagus bngett pokookkk nyaaa besttt🤩🤩, tapi fitur nya tambahinn ya di tiktok aku..!, jadi ada fiturr voice not nya pliss"
Pengguna Google,2,2026-05-31 02:31:07,tiktok sekarang dikit dikit kalau mau live streaming kenak band pdhal semua orang bilan aneh' gak kenak band
Pengguna Google,5,2026-05-31 02:30:46,cool
Pengguna Google,3,2026-05-31 02:30:41,tolong berikan saya komen vn
Pengguna Google,5,2026-05-31 02:30:12,bagus
Pengguna Google,1,2026-05-31 02:30:09,Tik Tok setelah di update menjadi jelek banget kita biasanya menjadi terkeluar dan kalau kita lagi seru-serunya tiba-tiba kayak kita nggak pencet tombol keluar dia langsung keluar sendiri gimana dong ini yang buat Tik Tok tolong di anu dong diperbaiki supaya nggak terkeluar sendiri ini kalau habis di-update Nah malah tambah jelek tik tok nya nih gila jelek banget pokoknya sampai jengkel terus Astagfirullah banget loh 220 MB kayaknya tuh Jengkel banget itu nggak bisa buat HP anak-anak yang rendah
Pengguna Google,1,2026-05-31 02:29:43,akun ku ke blokirr gara gara tiktok
Pengguna Google,5,2026-05-31 02:28:26,"aplikasi nya sudah sangat bagus, tapi tolong ukuran MB nya di turunkan agar hp² yg ingin mendownload aplikasi ini tidak terlalu lag🙏🏻"
Pengguna Google,5,2026-05-31 02:27:00,lumayan bagus
Pengguna Google,4,2026-05-31 02:26:40,aku kasih bintang 4 karena gak bisa vn
Pengguna Google,1,2026-05-31 02:23:47,kenapa tiba tiba akun aku di blok sangat tidak nyaman
Pengguna Google,5,2026-05-31 02:23:09,bagus
Pengguna Google,2,2026-05-31 02:20:49,"mengapa tiktok ku tidak bisa repost/memposting ulang, dan tidak ada tiktok shop"
Pengguna Google,1,2026-05-31 02:20:45,coba gak ada batasan usianya pasti akun ku gak ilang
Pengguna Google,5,2026-05-31 02:17:16,bagus gak ngeleq dhe best pokoknya
Pengguna Google,5,2026-05-31 02:16:16,bagus
Pengguna Google,4,2026-05-31 02:15:50,"bagus cuma suka terkeluar sendiri dari tiktok, terus klo mau buka chat tiktok suka ngebug / ngelag"
Pengguna Google,1,2026-05-31 02:15:28,AKUN TIKTOK BU DOKTER GW KENAPA DI BLOKIR KOCAK LU TIKTOK SIYALAND BIKIN CWE CANTIK SEDIH LU SIALAND LU
Pengguna Google,5,2026-05-31 02:13:03,me
Pengguna Google,5,2026-05-31 02:11:31,enak banget
Pengguna Google,5,2026-05-31 02:07:30,sukaaaaaaa bangett sama apk inii
Pengguna Google,5,2026-05-31 02:05:49,baru mau mencoba semoga bisa baik ya kak..
Pengguna Google,5,2026-05-31 02:03:02,ok banget
Pengguna Google,5,2026-05-31 02:02:25,bagusss dehhh pokoknya
Pengguna Google,5,2026-05-31 02:01:20,terimakasih tik tok aku semenjak ada tik tok aku jadi member makasih tik tok
Pengguna Google,3,2026-05-31 02:00:17,banyak hal' yang lucu
Pengguna Google,2,2026-05-31 01:59:41,tik tok kenapa notifikasi kota masuk saya g muncul udh berapa hari tolong diperbaiki g secepat mungkin.
Pengguna Google,2,2026-05-31 01:56:40,apalh fiturnya ga bisa di gunakan hd apa cuman tiktok ku ya cacat
Pengguna Google,1,2026-05-31 01:53:01,Karena kuota cepet habis/boros
Pengguna Google,3,2026-05-31 01:51:35,"banyak yg sesat, kalo bisa perbaiki dan stiker hapus aja dan konten tidak masuk akal"
Pengguna Google,5,2026-05-31 01:51:25,sukses selalu dan lanjutkan 👍
Pengguna Google,5,2026-05-31 01:50:27,🫰🏽🫰🏽🫰🏽🫰🏽🫰🏽🫰🏽🫰🏽🤞🏽
Pengguna Google,1,2026-05-31 01:49:33,lama dalam proses
Pengguna Google,5,2026-05-31 01:49:04,saya suka dengan aplikasi ini
Pengguna Google,1,2026-05-31 01:45:02,buat Velocity jadi patah patah
Pengguna Google,5,2026-05-31 01:43:47,sangat sangatan🗿😭
Pengguna Google,5,2026-05-31 01:42:43,balikkin lagii plss tombol penyimpanan nyaa☹️
Pengguna Google,1,2026-05-31 01:41:38,sering hilang akun alasanya koneksi jelek
Pengguna Google,5,2026-05-31 01:41:21,ok
Pengguna Google,2,2026-05-31 01:41:18,plis.. tiktok ku eror.. mau buka pembayaran paylater ndak isa dibuka
Pengguna Google,5,2026-05-31 01:39:13,sipppppp
Pengguna Google,5,2026-05-31 01:38:57,apk bagus
Pengguna Google,5,2026-05-31 01:38:56,"seruu, banyak cogan nyaa"
Pengguna Google,1,2026-05-31 01:38:25,UPDATE NYA SUSAH BGTT KATANYA MEMORI NYA PENUH PADAHAL MASIH BANYAK GIMANA SIH
Pengguna Google,5,2026-05-31 01:28:14,Cocok untuk kalian
Pengguna Google,5,2026-05-31 01:27:38,bagus banyak yang viral di tiktok
Pengguna Google,1,2026-05-31 01:23:54,tidak ada posting ulang dan voice note
Pengguna Google,4,2026-05-31 01:19:05,not bad
Pengguna Google,1,2026-05-31 01:18:25,tempekk macet su
Pengguna Google,5,2026-05-31 01:17:02,bagus dan bervariasi
Pengguna Google,1,2026-05-31 01:15:43,ngebug gak bisa buat vt
Pengguna Google,3,2026-05-31 01:15:34,gk bbsa live
Pengguna Google,5,2026-05-31 01:14:20,nyaman
Pengguna Google,1,2026-05-31 01:14:05,gw g bisa bikin akun pke Facebook cogg
Pengguna Google,5,2026-05-31 01:11:56,STOP UPGRADE LAGI!!! KITA YA F PAKE HP ANDROID KADANG ADA YANG GAK BISA DOWNLOAD KARENA MEMORI
Pengguna Google,1,2026-05-31 01:05:53,"kok instal ulang ya, sedangkan tiktok di HP aku udah di instal dari tadi? apakah aplikasinya jelek?"
Pengguna Google,1,2026-05-31 01:05:08,"buruk bgt akun sering hilang keblokir POKOKNYA BURUK JELEK KIKIR intinya nggak sudi sering banget kehilangan akun habis itu nggak ada kode SMS nya LANGSUNG POKOKNYA BENER-BENER ERROR anjir jelek lah INTINYA INI BENAR-BENAR JELEK AKUN GUE ILANG anjir, BIO JUGA NGGAK BISA DIGANTI POKOKNYA SERBA SALAH DI APLIKASI INI najis banget anjir, APLIKASINYA KURANG BERUNTUNG SERING HILANG AKUN GAK BISA BUAT AKUN LAGI NGGAK ADA KODE SMS JUGA NGGAK PERNAH DIKIRIM SMS NYA SERING ERROR ANJIR"
Pengguna Google,5,2026-05-31 01:00:24,yang terbaik sudah ini
Pengguna Google,1,2026-05-31 00:57:08,saat aku mau update tidak bisa
Pengguna Google,5,2026-05-31 00:55:03,gokil
Pengguna Google,5,2026-05-31 00:50:35,oke
Pengguna Google,5,2026-05-31 00:50:28,🥰🥰
Pengguna Google,5,2026-05-31 00:50:24,karena bagus
Pengguna Google,5,2026-05-31 00:49:24,bintang 5 bossku
Pengguna Google,3,2026-05-31 00:48:52,tiktok di aku kok tida update?
Pengguna Google,5,2026-05-31 00:48:12,"aplikasinya bagus..tiktok shopnya juga banyak diskon....tapi kadang agak lambat ya buka tiktoknya..lemot gitu lhoo...mohon untuk coin rewardnya di tambahin ya,, karna sedikit banget😂"
Pengguna Google,5,2026-05-31 00:47:22,madep
Pengguna Google,5,2026-05-31 00:47:17,tik tok pintar
Pengguna Google,5,2026-05-31 00:45:20,"saya sangat suka dengan aplikasi tiktok ini menambah wawasan dan pengetahuan dalam bermedia sosial, mantap semuanya ada"
Pengguna Google,5,2026-05-31 00:43:44,masih berhuna
Pengguna Google,1,2026-05-31 00:43:21,pdhl memori msh bnyk mlh kga bisa ke download
Pengguna Google,5,2026-05-31 00:41:52,sangat menyenangkan
Pengguna Google,5,2026-05-31 00:41:34,mantap pokoknya
Pengguna Google,5,2026-05-31 00:37:29,bisa pintar makanya aku butuh banget
Pengguna Google,5,2026-05-31 00:35:36,ok
Pengguna Google,2,2026-05-31 00:28:55,tiktok nya lama banget dibuka tolong untuk devoloper perbaiki lagi tiktok nga
Pengguna Google,5,2026-05-31 00:28:13,caa
Pengguna Google,2,2026-05-31 00:21:02,gua kaga bisa komen
Pengguna Google,1,2026-05-31 00:20:23,"Kenapa gk ada keranjang kuning nya tolongg , padahal udah di upgrate"
Pengguna Google,4,2026-05-31 00:15:16,ok
Pengguna Google,5,2026-05-31 00:14:47,bagus
Pengguna Google,5,2026-05-31 00:12:07,bagus
Pengguna Google,3,2026-05-31 00:10:47,Di Akun saya belom ada sorotan tiktok akun: afsarwaelah67
Pengguna Google,5,2026-05-31 00:07:16,Jujur Tiktok bagus banget serasa gk mau pergi sekolah
Pengguna Google,5,2026-05-30 23:59:44,seru banget tiktok luvvv🤩😍😍🤗🫶🏻🫶🏻
Pengguna Google,5,2026-05-30 23:59:30,baik
Pengguna Google,3,2026-05-30 23:59:27,kenapa pas di pencet tiktok keluar aku coba lagi gak bisa
Pengguna Google,5,2026-05-30 23:59:03,bagus banget
Pengguna Google,5,2026-05-30 23:58:27,kadang sering ngebug tolong perbaiki
Pengguna Google,5,2026-05-30 23:58:14,aplikasi sangat baguss
Pengguna Google,2,2026-05-30 23:56:11,Banyak video bagus bagus tapi suka ngeleg
Pengguna Google,5,2026-05-30 23:56:03,bagus
Pengguna Google,5,2026-05-30 23:55:13,sangat bermanfaat
Pengguna Google,5,2026-05-30 23:53:18,Bgus
Pengguna Google,1,2026-05-30 23:53:15,apaan gua buka tiktok ada vidio bokep
Pengguna Google,5,2026-05-30 23:50:51,Keren apk nya Sangat membantu
Pengguna Google,4,2026-05-30 23:47:02,tiktok bagus banget ada vitur tiktok syop
Pengguna Google,4,2026-05-30 23:46:07,ok
Pengguna Google,5,2026-05-30 23:42:20,bisa nonton bokep juga mantap
Pengguna Google,3,2026-05-30 23:41:01,kapan Indonesia masuk kategori creator reward program konten video?
Pengguna Google,1,2026-05-30 23:38:57,bikin ng lag hp
Pengguna Google,5,2026-05-30 23:38:04,sangat menghibur
Pengguna Google,1,2026-05-30 23:37:58,pliss ini tiktok kenapa lagi masa Gua masuk ke tiktok nya hp gue nyampe sekarang masih eror ya gue apus aja_izinn
Pengguna Google,2,2026-05-30 23:34:44,"Kenapa tiktok selalu ngebug?! Selalu di beri info online? Sedangkan saya masih tidur!!!!!!, saya selalu mendapat tuduhan bahwa saya masih on tiktok!!"
Pengguna Google,5,2026-05-30 23:31:55,mantap
Pengguna Google,5,2026-05-30 23:23:49,mantap saya kasih bintang 5..
Pengguna Google,1,2026-05-30 23:23:47,Susah di donglot
Pengguna Google,5,2026-05-30 23:19:21,gimana cara vn?
Pengguna Google,1,2026-05-30 23:16:42,"tiktok nya tolong diperbaiki ya saya masuk tiktok tbtb keluar sendiri padahal saya gk mencet apa"" trs pas saya masuk malah dikeluarin lagi cepetan diperbaiki ya!! saya dah buat streak smpe ratusan sayang klo padam!!! pokoknya segera diperbaiki jgn lama"" pliss udh nunggu dri kmrn soalnyaa, cepetan yaaa sebelum nnti saya pindah ke tiktok lite, trs yg ngelag ngelag itu juga tolong diperbaiki sama yg stiker 2GB ditiktok dihapus aja suka ngelag klo ketemu itu"
Pengguna Google,5,2026-05-30 23:15:28,terhibur dengan adanya aplikasi ini
Pengguna Google,5,2026-05-30 23:10:29,titok memang bagus tapi akun aku ke bolk
Pengguna Google,5,2026-05-30 23:09:28,jadi ga gampang Bosenan lagi
Pengguna Google,5,2026-05-30 23:02:09,bagus
Pengguna Google,5,2026-05-30 23:01:51,Says suka jika tidak Ada pelangaran
Pengguna Google,4,2026-05-30 22:58:54,"sudah 2 hari ini akun Tidak bisa dibuka, mohon responnya min"
Pengguna Google,1,2026-05-30 22:56:20,"Buruk bgt, tiap ikut kampanye ditolak dengan alasan yg tidak masuk akal belum lagi banding gak ada kabar. Aku udh ikut kampanye format foto, sesuai juga sama S&K malah terdeteksi tidak memenuhi syarat lipsync, lah kocak! ini format foto bukan video! Tiktok juga slowrespon bgt sama bandingnya gak ada kabar, apalgi kmrn juga smpet ikut dengan format foto yg ada syarat lipsync juga untuk format video bisa aja, lh ini? giliran udh tmbus dpet reward mlh ditolak, keliatan bgt gk mau ngasih reward"
Pengguna Google,1,2026-05-30 22:56:19,kntl lu maksa banget iklannya
Pengguna Google,5,2026-05-30 22:50:53,"aplikasinya bagus cuma setiap ke pencarian liat video, kan refleks ya liat komentar, malah ilang dong tulisannya, ini kenapa ya? tolong diperbaiki, oh ya udah sempat update juga, eh malah nge bug"
Pengguna Google,2,2026-05-30 22:47:58,Algoritma sangat bermasalah. Terlalu sering menyodorkan konten yang memicu perdebatan SARA dan ujaran kebencian. Fitur 'Not Interested' tidak efektif karena konten serupa terus muncul. Mohon tingkatkan moderasi konten agar aplikasi tidak jadi sarana memecah belah bangsa. Pengalaman pengguna jadi sangat buruk 💔
Pengguna Google,5,2026-05-30 22:45:34,pkoe sngt menghibur...aku bisa blnj online dng mudah..hihihihi aplgi bisa blnj COD..
Pengguna Google,2,2026-05-30 22:36:02,tidak ada fitur vn sorotan dan tidak dapat memposting foto live
Pengguna Google,3,2026-05-30 22:25:41,tiktok ini sangat bagus bisa bertemu dengan teman dan juga bisa ngasilin uang
Pengguna Google,5,2026-05-30 22:18:13,aku bangga
Pengguna Google,2,2026-05-30 22:16:48,bgus
Pengguna Google,5,2026-05-30 22:07:39,bagus
Pengguna Google,4,2026-05-30 22:06:52,"app yang bagus cmn kok kadang ifu nge bug yak, kadang gabisa kirim foto sama stiker di komen, pedahal jaringan bagus tolong ya itu kenapa soalnya aku terganggu banget karna gabisa ngirim stiker fav aku di komen"
Pengguna Google,1,2026-05-30 21:59:29,"""TNI Amerika""😂"
Pengguna Google,5,2026-05-30 21:59:23,sangat bagus
Pengguna Google,5,2026-05-30 21:51:50,sangat bagus
Pengguna Google,1,2026-05-30 21:44:50,"tiba""di ban permanen padahal gk ngapa ngapain"
Pengguna Google,5,2026-05-30 21:34:07,sangat bermanfaat sekali aplikasi tik tok ny semoga sukses selalu
Pengguna Google,5,2026-05-30 21:32:33,sangat menghibur
Pengguna Google,5,2026-05-30 21:23:56,𝒌𝒂𝒓𝒆𝒏𝒂 𝒃𝒐𝒅𝒐𝒉
Pengguna Google,5,2026-05-30 21:16:23,nice apk
Pengguna Google,1,2026-05-30 21:11:16,tiktok kontol
Pengguna Google,4,2026-05-30 21:01:24,"overall udh bagus, ada tiktok shopnya juga. tapi saran, ini kan ada fitur catatan ya, saran bisa ditambahin lagu di setiap catatan itu. dan ini kan ada fitur highlight ya, saran juga, ada fitur bisa ganti poto highlight nya, jadi biar profil highlight nya ngga cuma dari foto storynya tp jg bisa dari galeri kita."
Pengguna Google,3,2026-05-30 20:59:49,kandang monyet
Pengguna Google,1,2026-05-30 20:46:48,Agak. Menjengkelkan Ngelag Terus
Pengguna Google,5,2026-05-30 20:36:05,pokoknya keren aplikasi ini
Pengguna Google,5,2026-05-30 20:35:24,"aku mau tiktok colab sama salah satu Ai misal nya, buat bisa ditanyain hal hal yg menyangkut isi tiktok atau apa yg sedang terjadi di tiktok, pasti best"
Pengguna Google,1,2026-05-30 20:33:58,sebagian besar konten tidak berfaedah
Pengguna Google,1,2026-05-30 20:31:19,saya sudah update tiktok saya kok masih tidak muncul paylater saya
Pengguna Google,5,2026-05-30 20:14:07,"aplikasi bagus,menghibur"
Pengguna Google,5,2026-05-30 20:07:39,terbaik
Pengguna Google,5,2026-05-30 20:04:18,"sgt edukatif, dan pastinya menghibur."
Pengguna Google,1,2026-05-30 20:02:52,buat yang jualan susu frisian flag stroberi kemasan susu kotak isi 36 kotak tolong di perbaiki lagi oder sudah 3 hari belom di kirim2 tiap hari saya belanja ada orderan paketan namun setiap paketan susu lama prosesnya padahal bilangi 2 atou 3 hari sampai nyatanya 3 hari baru di kemas doang tolong banget yang jualan susu di tegur ya biyar kedepannya lebih baik pelayanan padahal saya pelanggan setia
Pengguna Google,1,2026-05-30 19:54:13,apa-apaan Saya mau login malah nggak bisa dikatain usia saya 14 tahun Padahal saya udah 25 tahun parah malah dihapus akun saya Tik Tok ini nggak jelas bikin rugi aja udah upload bermacam video saya sendiri ada yang happy-happy juga tapi malah dihapus gak jelas mau mengajukan banding malah nggak bisa selfie pokoknya TikTok kacau
Pengguna Google,5,2026-05-30 19:38:50,anjir ada mode latihan live nya wak
Pengguna Google,5,2026-05-30 19:14:46,bagus
Pengguna Google,1,2026-05-30 19:11:17,akun baru pelanggaran pertama masak langsung di blokir permanen gimana mau cek profil masukin akun aja gak bisa akun di Ben selamanya muncul terus itu bukan aku sayang yang pelanggaran tapi temen saya tapi hp saya yg di Ben selamanya karna ada aku itu di dalam hp saya gimana min bantu dong gak mau ganti hp tapi dana nya gak ada
Pengguna Google,5,2026-05-30 18:58:05,karna saya bisa melihat my bini
Pengguna Google,4,2026-05-30 18:45:45,"TIKTOK ORANG LAIN PAS PENCET LOVE LAMA KOK BISA REPOST,AK SAMPE SKRG GAKBSIAA HUEUEUEUEUEUEUE,UDH UPDATE,PLS TAMBAHIN FITURNHAAA 💔💔💔💔💔 KLO TEKEN LAMA MLH JADI KECEPATAN"
Pengguna Google,5,2026-05-30 18:44:34,TikTok Maulana Endik
Pengguna Google,5,2026-05-30 18:38:30,saya suka
Pengguna Google,5,2026-05-30 18:31:59,kurang bagus
Pengguna Google,2,2026-05-30 18:23:10,"Dear tiktok kenapa di aplikasi tiktok saya tidak lengkap karena ridak muncul tiktok shop, sudah di upgrade tidak ada perubahan. sy pakai Infinix smart7 harusnya kolom tiktok shop tertera tapi yg ada info update status teman di beranda layar tiktok. tolong di evaluasi kelengkapan tiktok saya perihal tiktok shopnya. terimakasih."
Pengguna Google,5,2026-05-30 18:18:37,sangat sangat sangat sangat berguna
Pengguna Google,5,2026-05-30 18:18:00,suara saya tidak keluar dimikrofon padahal kemarin tdak bermasalah
Pengguna Google,2,2026-05-30 18:17:05,"kok pas nonton dracin tiba"" di dubbing sih, padahal enak pake bahasa Mandarin mana ai lagi dubbingnya"
Pengguna Google,5,2026-05-30 18:13:34,bagus bangat bisa dapat cuan tambahan asikkkkk
Pengguna Google,5,2026-05-30 18:13:22,sangat bagusss
Pengguna Google,1,2026-05-30 18:12:29,jadi ha bisa buka setelah upgrade
Pengguna Google,1,2026-05-30 18:12:10,di saya tidak ada fitur foto live
Pengguna Google,5,2026-05-30 18:09:26,ok
Pengguna Google,1,2026-05-30 18:09:01,suka ngebug ga jalas
Pengguna Google,5,2026-05-30 18:00:57,ok
Pengguna Google,5,2026-05-30 17:51:25,Aplikasi yang bagus saya suka tik tok
Pengguna Google,5,2026-05-30 17:48:19,mantap
Pengguna Google,4,2026-05-30 17:45:56,Karena saya belom bisa vn sama sorotan jadi ret 4bintang
Pengguna Google,1,2026-05-30 17:45:33,"gua gk bisa nautkan linktree,saweria,dansociabuzz gua di profik gua dan gua adukan malah di suruh nautkan di bio padahal kalo di bio gk bisa di pejet tolongnya developer di perbaiki masak yang bisa ku tautkan cuma web lemon doang gk bisa nautkan yang lain aneh ni,jika ini bug tolong di fix jangan di biarin org mau vari rezeki jadi susah akun tiktok gua Kyyobimm tolong di fix in makasih"
Pengguna Google,1,2026-05-30 17:44:18,banyak iklan judol dan tidak peduli meskipun di laporkan itu tidak berpengaruh
Pengguna Google,5,2026-05-30 17:39:44,iya
Pengguna Google,1,2026-05-30 17:38:50,Tiktok ngntod
Pengguna Google,1,2026-05-30 17:33:03,masuk aja di bikin susah
Pengguna Google,5,2026-05-30 17:30:08,bagus
Pengguna Google,5,2026-05-30 17:29:34,seruuu
Pengguna Google,1,2026-05-30 17:27:05,"kalo komen selalu ga muncul,padahal ga ada kata kasar,dan jaringan bagus² aja"
Pengguna Google,1,2026-05-30 17:25:37,ganguan banyak
Pengguna Google,2,2026-05-30 17:24:19,Dicoba dulu ya
Pengguna Google,5,2026-05-30 17:22:48,riski
Pengguna Google,2,2026-05-30 17:20:05,3x instal 3x gk bisa buka knp ini aplikasi rusak kah
Pengguna Google,5,2026-05-30 17:16:25,capok ko bdh
Pengguna Google,1,2026-05-30 17:12:32,"FYP KAGAK ,PELANGGARAN IYA,UDAH GA PAHAM LAGI GUA ,SISTEM NYAH BIKIN LINGLUNG"
Pengguna Google,5,2026-05-30 17:05:48,jos gandos
Pengguna Google,5,2026-05-30 17:04:57,baik
Pengguna Google,5,2026-05-30 17:02:37,tiktok ini sangat membantu bisa di kata bantuan onlin
Pengguna Google,5,2026-05-30 17:01:54,baik live
Pengguna Google,1,2026-05-30 17:01:51,iklan nya sering muncul
Pengguna Google,5,2026-05-30 17:01:36,baik
Pengguna Google,5,2026-05-30 17:00:17,mnta kode rujukanya bosku
Pengguna Google,5,2026-05-30 16:57:09,sangat menyenangkan 👍 kuberi bintang lima ?
Pengguna Google,1,2026-05-30 16:53:20,"abis d upgrade malah jadi ngeblank,gw kira hp gw yg penuh memori nya,gk tw nya aplikasi nya yg bermasalah"
Pengguna Google,1,2026-05-30 16:53:00,apelakasi apa ini kqtanyaq ini ff gameeeeeer ml
Pengguna Google,5,2026-05-30 16:50:38,bagus
Pengguna Google,5,2026-05-30 16:50:01,mengapa saya mua kembali ke akun ku yang lama tapi tidak bisa mengapa? saya mau akun ku kembali lagi ke tiktok soalnya akun ku bayak yang mengikuti akun ku mengapa saya tidak bisa melanjutkan ke Gugel tapi mengapa tidak bisa melanjutkan ke tiktok soalnya akun ku ini berharga banget
Pengguna Google,5,2026-05-30 16:48:05,"gw jadi bisa vn, tadinya ga bisa enak banget co sekali update langsung ada vn"
Pengguna Google,1,2026-05-30 16:42:59,akun kena blokir tapi masuk ke akun lain pake email yang berbeda gak bisa aplikasi idiot tolol
Pengguna Google,5,2026-05-30 16:42:23,bagus
Pengguna Google,5,2026-05-30 16:40:24,sudah mulai stabil dan lancar
Pengguna Google,5,2026-05-30 16:38:15,oke la ya
Pengguna Google,1,2026-05-30 16:35:07,saya harap apk ini untuk di hapus saja karena berdampak tida baik .... karena muncul nya kasus perselingkuhan dan ketidak nya manan bagi yang sudah punya keluarga apa lagi dengan adanya laiv Komal baik laiv obrolan
Pengguna Google,1,2026-05-30 16:34:51,"tiktok makin hari makin menjadi jadi! tolong dong kenpa gk bisa foto slide lagi,pas mau post malah di satuin jadi video,balikin yang kaya dulu bisa slide."
Pengguna Google,4,2026-05-30 16:34:05,"sya baru beli hp Poco x8 pro max, dgn chipset Mediatek Dimensity 9500s. tp knp saat mau live game selular...resolusinya cuma 360p?"
Pengguna Google,5,2026-05-30 16:25:25,kenap tiktok yg sya guna kan tidak ad Bacan toko tolong bantuan nya
Pengguna Google,1,2026-05-30 16:23:12,kalo mau keluar dari dan kita nyari live suka langsung ke saran
Pengguna Google,5,2026-05-30 16:19:47,terkadang kluar sendiri
Pengguna Google,5,2026-05-30 16:19:39,bagus tapi kenapa ga bisa di arsipin ya?
Pengguna Google,5,2026-05-30 16:19:26,sangat meng hibur
Pengguna Google,1,2026-05-30 16:15:33,babi
Pengguna Google,3,2026-05-30 16:15:20,"aplikasi ini sangat bagus cuman ada satu kekurangan nya tolong hilangkan konten konten yang mengandung pelecehan seksual dan vulgar, soalnya mengganggu kenyamanan saya saat membuka tiktok tolong harap responnya terimakasih!"
Pengguna Google,1,2026-05-30 16:12:39,sarang monyet ini mahhh
Pengguna Google,4,2026-05-30 16:11:33,"bagus,tapi gabisa fitur sorotan ma vn,kasi bintang 4 dlu,KLO udh ada fitur sorotan ntar janji deh bakal kasi bintang 5"
Pengguna Google,5,2026-05-30 16:07:13,Good
Pengguna Google,4,2026-05-30 16:07:04,aplikasinya ngelag banget
Pengguna Google,1,2026-05-30 16:06:15,"ini tiktok lagi eror atau gimana masa saya mau scroll tiktok isi nya video Russia semua mohon di perjelaskan saya bingung mau nonton berita Indonesia soalnya,terus saya ketik juga ga ad"
Pengguna Google,4,2026-05-30 16:04:11,ya lumayan buat hiburan... aja tapi kadang nge bug sih....
Pengguna Google,3,2026-05-30 16:03:02,udah buat beberapa akun tetep kena pl dan ke banned padahal umur lebih dari 14 tahun ini gimana sih tiktok dah konten yang ak buat juga gk yang gimana gimana cuma konten random dan squishy pada umumnya
Pengguna Google,5,2026-05-30 16:02:22,bagu dan keren
Pengguna Google,5,2026-05-30 15:58:23,Bagus dan jadi gampang beli barang soalnya real video bikin kita percaya sama barang 😊
Pengguna Google,5,2026-05-30 15:54:21,seru buat buat konten sm bisa buat setrek api seru ayo di coba
Pengguna Google,1,2026-05-30 15:53:25,"sering eror, buruk!"
Pengguna Google,4,2026-05-30 15:52:52,blom bisa foto live
Pengguna Google,5,2026-05-30 15:52:40,intinya bgus nih
Pengguna Google,5,2026-05-30 15:52:40,sangat mengibur
Pengguna Google,1,2026-05-30 15:51:42,rakyat biasa posting kasus penipuan perjudian kalian hapus lelangar aturan tetapi ikal perjudina kalian terima apa ini ha apa ini aturan yg kalian buat sebagai penerbit tiktok harus adil jangan demi uang rakyat cuma ingin memberi tau keseluruh dunia jangan sampai terjebak judi tetapi kalian terima iklan judi di benda tiktok munafik kalian tiktok
Pengguna Google,5,2026-05-30 15:51:37,bagus tapi agak sedikit iklannya
Pengguna Google,4,2026-05-30 15:51:12,bagus si tapi tiktok baper an bngt dikit'nge band orang lagi live kok di band padahal sya suda tua uda di ajukan ttp gbsa aneh bngt
Pengguna Google,5,2026-05-30 15:49:42,good aplikasi
Pengguna Google,1,2026-05-30 15:49:40,"ngebuk tiba² frame rate turun sendiri tapi setelah video di percepat kembali normal,konek signal lama tapi pas di pencet profil/mengikuti langsung bisa konek yakali karna hp,buka genshin Ama PUBG tabah record aja lancar,PUBG di limit 90 fps rata"
Pengguna Google,5,2026-05-30 15:49:10,mantap
Pengguna Google,5,2026-05-30 15:48:10,bsgus
Pengguna Google,5,2026-05-30 15:47:41,"bagus kok apk nya kak!! hehe.. tapi katanya ada fitur VN ya?!!! kata fyp tapi kok di android gak ada ya kak? atau hp aku aja? mau ada juga 👉👈 kalo bisa kak Adain fitur buat hapus vidio yang kita like atau kita simpen dong, cape hapusin satu satu hehe, semangat ya kak makasih udah nyiptain aplikasi yang seru itu,😙🤍🤍"
Pengguna Google,4,2026-05-30 15:47:19,mantapp lah pokok nnya👍👍👍👍😁
Pengguna Google,1,2026-05-30 15:47:14,kenapa ya aku tuh kalau masuk ke Tik tok langsung di-banned akunnya
Pengguna Google,5,2026-05-30 15:46:54,baguss
Pengguna Google,4,2026-05-30 15:46:39,ingin masuk ke versi baru yang sudah ada shopnya susah banget.
Pengguna Google,3,2026-05-30 15:44:30,"tolong lah ini fitur thumbnail animasi gerak nya ko malah jadi foto pas mau bikin sampul, dulu bisa gerak tapi skrg ko gabisa uda nyoba segala cara masi gabisa, tolong tiktok diperbaiki bug nya."
Pengguna Google,5,2026-05-30 15:43:39,baik bangt
Pengguna Google,4,2026-05-30 15:43:27,tolong memori saya penuh kurangin memo nya
Pengguna Google,1,2026-05-30 15:41:44,aplikasi ga jelas . niat pen nonton video malah masuk toko itu tiap hari setiap gua buka tiktok Daan itu mengganggu
Pengguna Google,5,2026-05-30 15:37:47,bagus banget video nya babyakytobrut
Pengguna Google,5,2026-05-30 15:37:25,Mau Gimana Lagi ... aplikasi Yg Menghibur
Pengguna Google,1,2026-05-30 15:37:12,apalah anj gabisaa nonton live padahal jaringan masih ada loh wifi stabil tapi kok gak bisa nonton live? terus dikit-dikit ngeleg anj tolong lah tiktok di perbaiki kesalahan nya aku udah kesel loh dari dulu gabisa nonton live
Pengguna Google,5,2026-05-30 15:36:18,mantap ok
Pengguna Google,5,2026-05-30 15:33:59,baik
Pengguna Google,1,2026-05-30 15:33:26,NGELEG BNGT ANJG
Pengguna Google,5,2026-05-30 15:32:58,SMWAA ADA DI TIKTOK
Pengguna Google,5,2026-05-30 15:32:50,bagus banget aplikasi tiktok nya
Pengguna Google,1,2026-05-30 15:32:09,tiba tiba masuk versi lama
Pengguna Google,5,2026-05-30 15:29:36,kenapa aplikasi nya boros Kouta ?
Pengguna Google,1,2026-05-30 15:29:05,byk tobrut males
Pengguna Google,5,2026-05-30 15:28:16,sangat membantu
Pengguna Google,4,2026-05-30 15:27:07,bagaimana cara update ke versi terbaru? di playstore tidak ada pilihan update.
Pengguna Google,1,2026-05-30 15:26:32,masa update tiap hari membagong kan
Pengguna Google,5,2026-05-30 15:25:47,ok
Pengguna Google,5,2026-05-30 15:25:24,tapi kenapa harus ada updete
Pengguna Google,5,2026-05-30 15:22:45,iya iya aku janji aku nggak akan ku ulangi lagi 😭😭😭😭😭😭😭😭😭😭😭
Pengguna Google,3,2026-05-30 15:22:15,"lama' tiktok ni aneh ya, sering x ngebug sendiri, trs aku dapat update an ny lama bgtt, org' udh update lah aku makin mundur, dlu gitu komen foto sama stiker di aku ada, skrg udh hilang, dan itu cuma di aku, di teman² ku ga, trs teman² ku dah bisa live obrolan, aku belum, tolongg lahh jgn sering bug gini"
Pengguna Google,3,2026-05-30 15:22:02,saat ini aku cuma ngasih bintang 3 dulu karena yang di aku ga ada pengaturan bikin stiker 🙏🏻 jadi ini gimana ya? wahai deplover tiktok?
Pengguna Google,3,2026-05-30 15:17:03,tiktok selalu eror
Pengguna Google,1,2026-05-30 15:15:36,"kenapa jadi jelek gini tiba tiba nge bug,keluar app sendiri"
Pengguna Google,1,2026-05-30 15:15:10,Tolong hapus saja ak nya sangat meganggu kepribadian saya
Pengguna Google,5,2026-05-30 15:14:03,sangat nyaman
Pengguna Google,5,2026-05-30 15:13:58,mantap
Pengguna Google,3,2026-05-30 15:13:03,hp ku semenjak pakai tiktok lelet
Pengguna Google,1,2026-05-30 15:12:43,"makin kesini tiktok keluar keluar trus pas mau masuk, memory pdhal ga penuh, wifi juga bagus sinyal nya, tolong perbaiki dong min, buka tiktok shop gabisa terus ngeleg patah patah, bikin vidio juga makin kesini gabisa, tolong perbaiki lagi min.. buruk bngett makin kesini apk nya:("
Pengguna Google,1,2026-05-30 15:09:33,di blok tiktok gw
Pengguna Google,5,2026-05-30 15:08:59,seru gabut ku ilang
Pengguna Google,3,2026-05-30 15:07:47,.tw
Pengguna Google,1,2026-05-30 15:05:56,saya hanya menyebut jam 8 tapi tiba tiba jadi ke batas umur padahal saya tidak mengatakan kelas dan umur saya
Pengguna Google,5,2026-05-30 15:05:17,aplikasi nya bagus video trend nya juga mantap mantap
Pengguna Google,5,2026-05-30 15:05:07,bagus
Pengguna Google,5,2026-05-30 15:01:04,bagus
Pengguna Google,5,2026-05-30 15:00:30,sangat baik
Pengguna Google,1,2026-05-30 14:54:23,gk kenek di ap dettt
Pengguna Google,3,2026-05-30 14:54:12,"tiktok bagus cuman tiktok shopnya kurang bagus,udah order 3 kali ga ada ya jelas,udah 4 hari lebih barang masih di kemas"
Pengguna Google,5,2026-05-30 14:52:09,belajar
Pengguna Google,4,2026-05-30 14:49:45,"suka banget liat tiktok, tiktok menemani ku setiap hari BTW tambahin fitur sematkan pesan dong"
Pengguna Google,5,2026-05-30 14:47:51,"Tiktok makin digemari banyak orang, termasuk saya karena variatif piturnya dan yang paling aku suka untuk pencarian di Tiktok paling gesit dan sangat mengerti apa yang kita cari. Tidak seperti di aplikasi lain yang di cari A keluar BCD. TIkTok semoga selalu membuat yang terbaik dan bermanfa'at👍"
Pengguna Google,1,2026-05-30 14:47:49,kapan si ada sorotan nya saya udh di update' dari kemarin ga ada sorotan nya mulu!!!
Pengguna Google,3,2026-05-30 14:46:10,"tiktok tolong hapus fitur ""mini drama"" nya dong, fitur itu bener bener ga jelas dan ga bermutu, apalagi suka ada adegan 18+ nya, bahaya banget kalo di liat anak kecil karena yang main tiktok bukan orang dewasa doang, mana drama nya suka lewat sendiri di fyp, jujur sangat mengganggu 👎"
Pengguna Google,5,2026-05-30 14:45:49,"bagaimana cara mengembalikan paylater ditiktok ya, soalnya saya mau bayar tagihan gak bisa2"
Pengguna Google,5,2026-05-30 14:45:30,Tolong untuk kouta dihematkan dan untuk hadiah diberikan ketika live dalam 2 jam
Pengguna Google,4,2026-05-30 14:39:55,"kena pelanggaran mulu ih, padahal age saya 18 thn ke atas"
Pengguna Google,1,2026-05-30 14:39:52,Aku gak bisa live padahal followers ku udh 300 sann.
Pengguna Google,5,2026-05-30 14:39:00,Fiks tiktok sama TUHAN yang bikin gue bahagia
Pengguna Google,5,2026-05-30 14:38:28,"tiktok pls buat fitur simpan foto/vidio, supaya bisa simpan kenangan yang di bagikan 🙏🏻"
Pengguna Google,5,2026-05-30 14:37:39,tiktok nya sangat bagus aku suka karena semuanya lebih lengkap
Pengguna Google,1,2026-05-30 14:36:54,engga ada shop nya shop nya ngilangg
Pengguna Google,3,2026-05-30 14:36:29,NGEBUG MULU ASU
Pengguna Google,5,2026-05-30 14:35:21,bagus banget tapi tiktok ku belum bisa pesan suara kata nya orang orang udah bisa
Pengguna Google,1,2026-05-30 14:35:17,plish knp gabisa liat live di android 7 kebawah??
Pengguna Google,5,2026-05-30 14:35:14,aplikasi 👍👍👍
Pengguna Google,5,2026-05-30 14:35:13,wow agus banget aplikasi ini bisa menghibur dan bisa buat belanja dan lain lainnya
Pengguna Google,3,2026-05-30 14:33:26,baru isi coin hilang dengan aplikasinya
Pengguna Google,1,2026-05-30 14:32:52,akun ku kenak blokir
Pengguna Google,2,2026-05-30 14:32:24,kok puya gua ga ada belanja nya
Pengguna Google,4,2026-05-30 14:31:56,"bagus jir, buat stalk fineshyt💕"
Pengguna Google,1,2026-05-30 14:31:10,koin lama masuk
Pengguna Google,5,2026-05-30 14:31:04,bagus enak
Pengguna Google,5,2026-05-30 14:30:53,tiktok gak mau ngasih keuntungan kah buat para konten kreator kek contoh folowers 1k dapet duit gitu?
Pengguna Google,5,2026-05-30 14:29:47,Plis kasih gw upload 🥺🥺
Pengguna Google,5,2026-05-30 14:24:28,bagus sangat seru
Pengguna Google,5,2026-05-30 14:23:04,oky
Pengguna Google,5,2026-05-30 14:22:57,sanggat seru sekali tidak lemot
Pengguna Google,1,2026-05-30 14:21:34,kenapa ga bisa komen live ini hmm
Pengguna Google,5,2026-05-30 14:21:08,"mantap tik tok nya 10 tahun udah pakai tik tok ini semoga sampai kapanpun tik tok ini ,tetap makin bagus dan baik"
Pengguna Google,1,2026-05-30 14:19:01,Mtap
Pengguna Google,5,2026-05-30 14:18:48,arigatou gozaimasu
Pengguna Google,5,2026-05-30 14:17:20,siip
Pengguna Google,1,2026-05-30 14:17:17,kena aktivitas ganjil Mulu aneh
Pengguna Google,5,2026-05-30 14:16:29,sangat menyenangkan dan puas
Pengguna Google,3,2026-05-30 14:15:37,terlalu ngeleg
Pengguna Google,1,2026-05-30 14:15:24,"PLEASE, TIDAK ADA ANGIN TIDAK ADA HUJAN TIDAK ADA PEMBERITAHUAN, AKUN SAYA TIBA-TIBA TERBLOKIR DENGAN ALASAN USIA YG BELUM CUKUP UMUR MINIMAL 14 TAHUN KE ATAS, SUDAH SAYA TANAMKAN DAN VERIFIKASI MEMAKAI KTP TETAP SAJA AKUN SAYA TERBLOKIR, WAKTU SAYA MAU LOGIN ULANG DI AKUN TERBLOKIR TERSEBUT SAYA MAU AJU BANDING NAMUN TIDAK BISA YANG SELALU KELUAR SENDIRI. TOLONGGG, TIKTOK SEKARANG LAGI BINATANG-BINATANG NYA YAH?"
Pengguna Google,3,2026-05-30 14:15:20,agak lemot
Pengguna Google,5,2026-05-30 14:15:07,knp Tiktok nya g bisa di buka
Pengguna Google,5,2026-05-30 14:13:49,enak
Pengguna Google,5,2026-05-30 14:08:57,cocok banget buat meng hibur diri KLO lagi bosan
Pengguna Google,1,2026-05-30 14:08:28,mau liat tt kok ga bisa bisa sih pdhl kuota masih ada tak buat buka ig juga bisa cuma buka tt yang susah
Pengguna Google,1,2026-05-30 14:08:03,view ku sepi muluk😔berat bngt aturannya 😔
Pengguna Google,5,2026-05-30 14:06:27,Banyak iklan judol nya
Pengguna Google,3,2026-05-30 14:03:04,please Tiktok hapus Tiktok farland 🙏😭
Pengguna Google,5,2026-05-30 14:02:57,Nga mm
Pengguna Google,5,2026-05-30 14:02:40,Agus bagus banget haha
Pengguna Google,5,2026-05-30 14:01:21,sangat bagus
Pengguna Google,3,2026-05-30 14:00:58,"sekarang"" sering elor sinyal bagua kouta masih ada kadang gk bisa di buka tiktok nya/klau mencari sesuatu di pecarian gk muncul"" klau buka app lain lancar seperti yotube google game dll 🤦🥱"
Pengguna Google,1,2026-05-30 14:00:06,"APLIKASI BURUK, SAAT UPLOAD VIDEO/FOTO SELALU STUCK 30% UDAH RESTART HP MASIH STUCK 30% EMANG APK BANYAK MASALAH"
Pengguna Google,5,2026-05-30 13:59:46,bagus
Pengguna Google,3,2026-05-30 13:58:19,terlalu banyak mintanya dan iklan banyak lewat beranda
Pengguna Google,1,2026-05-30 13:57:23,sangat mengecewakan
Pengguna Google,4,2026-05-30 13:56:06,aplikasi ini sangat bagus tapi tolong perbaiki masalah videonya tolong
Pengguna Google,1,2026-05-30 13:55:59,setiap kali pake aplikasi ini hp ku jadi susah digerakkan dan tiba2 keluar sendirinya
Pengguna Google,1,2026-05-30 13:54:32,"aplikasi tidak bisa di buka dan ada tulisan akun anda di blokir, padahal saya tidak melangar komunitas. gimana ini tik tok LONGOR KALI"
Pengguna Google,5,2026-05-30 13:54:27,good
Pengguna Google,2,2026-05-30 13:53:32,"aplikasi tiktoknya kameranya gabisa malah tulisannya mengunduh/menyiapkan kamera,perbaiki segera ya biasanya loh ga begini tolong ya"
Pengguna Google,5,2026-05-30 13:53:08,adalah pokoknya
Pengguna Google,5,2026-05-30 13:52:49,bagus sih ada vn nya tapi orang lain gk bisa vn cuma aku doang dari dola dan bagus sekali tiktok
Pengguna Google,3,2026-05-30 13:52:46,makin ga asik yg muncul diberanda cuman vt vt aja yg live nya ga dimunculin di beranda rudet
Pengguna Google,5,2026-05-30 13:51:25,Karena ada stiker kicau mania
Pengguna Google,5,2026-05-30 13:50:20,sangat menarik
Pengguna Google,5,2026-05-30 13:49:39,bagus
Pengguna Google,3,2026-05-30 13:48:46,patah patah nya jelek sekarang ga suka
Pengguna Google,1,2026-05-30 13:48:14,kenapa tiktok ini dak lagi berfungsi di HP saya tolong di perbaiki
Pengguna Google,5,2026-05-30 13:46:34,Agus eh Agus bagus!!!!
Pengguna Google,4,2026-05-30 13:44:32,sᴀɴɢᴀᴛ ʙᴀɢᴜs sᴀʏᴀ sᴜᴋᴀ ᴀᴘʟɪᴋᴀsɪ ɪɴɪ
Pengguna Google,5,2026-05-30 13:44:31,"Lumayan buat, tempat klik nyantai.. bermanfaat.. belanja di sini juga.. gk banyak ribet.. 5⭐ 💪👍"
Pengguna Google,2,2026-05-30 13:43:53,"apk sarang monyet, BTW makasih aplikasinya ya"
Pengguna Google,5,2026-05-30 13:42:21,bagus tapi gw blm dpt fitur vn tolong lah admin tiktok kasih aku vn
Pengguna Google,1,2026-05-30 13:42:12,saya berharap tiktok ini 20 mb aminn itu yang terbagus yang setuju komen emoji senyum
Pengguna Google,3,2026-05-30 13:39:58,apaan banget dah beli promosi daptnya dikit gak worth it banget mana followers nya hilang seiring nya waktu promosi gak guna ngabisin uang doang
Pengguna Google,5,2026-05-30 13:39:37,"bagusssss bangettttttt jyujyuurrrr aplikaasiiiiii palingggggg bagussss seeee duuuniaaaaaaa, tapiii adaaa gak enak nyaaa kaloo cumaaaa "" just friends""😌🥺🥺🥺"
Pengguna Google,1,2026-05-30 13:36:27,aneh pdhl uda pke ktp buat Banding in malah ttp gbsa knp dh ni tiktok
Pengguna Google,1,2026-05-30 13:36:26,ini kenapa ya padahal koneksinya bagus tapi saat ingin masuk tiktok keluar lagi dan saya coba masuk sama seperti tadi
Pengguna Google,5,2026-05-30 13:34:50,good
Pengguna Google,5,2026-05-30 13:34:44,keren
Pengguna Google,1,2026-05-30 13:33:57,"fix livestreaming di hp Poco x8 pro,masih stuck 360p padahal jaringan bagus"
Pengguna Google,5,2026-05-30 13:33:53,"bagus, tik tok baik malah ngasih saya uang👍 tiktok keren 👍👍👍"
Pengguna Google,1,2026-05-30 13:33:27,"apk gajelas setiap live baru 1-5 menit sering mental di cek pelanggaran,gak ada pelanggaran mohon di perbaikn"
Pengguna Google,5,2026-05-30 13:32:20,Bagus nyooo
Pengguna Google,5,2026-05-30 13:32:05,bagus banget
Pengguna Google,5,2026-05-30 13:31:32,"Gak ada bosennya sama sekali kalau lihat video di aplikasi ini, semoga bermanfaat di dunia dan di akhirat.Amiiin"
Pengguna Google,2,2026-05-30 13:31:10,bgs cm msa hrs ke bannd apalah
Pengguna Google,1,2026-05-30 13:31:03,"Tolong di perbaiki lagi TIKTOK nya!! SOALNYA SERING BUG TERUS, BARU BUKA TIKTOK TIBA² TERKELUAR LAGI!! TOLONG YA SEKALI LAGI DI PERBAIKI APKNYA, supaya ga lebih buruk lagi."
Pengguna Google,3,2026-05-30 13:30:36,aplikasi ini memang bagus tapi akun saya tidak fyp lagi dan akun saya tidak bisa menchat dengan teman saya di tiktok tolong kembalikan akun saya yang dulu
Pengguna Google,5,2026-05-30 13:29:07,bagus
Pengguna Google,5,2026-05-30 13:25:48,sangat membantu dan menghibur
Pengguna Google,5,2026-05-30 13:25:01,"bagus banget, bisa menghibur waktu luang ku☺️☺️"
Pengguna Google,3,2026-05-30 13:22:41,tiktok memang menghibur dan minusnya kadang susah loginnya
Pengguna Google,4,2026-05-30 13:22:25,baik-baik.bagus sekali
Pengguna Google,1,2026-05-30 13:20:41,kenapa ya sering ngelagh keluar terus riwayat sudah dihapus memori masih banyak padahal jaringan sangat lancarr hadehhhhh
Pengguna Google,4,2026-05-30 13:20:28,pokok nya baguss polll
Pengguna Google,1,2026-05-30 13:19:40,kok kebanyakan unduhan fitur tiktok udah 2 hari ini kuota sampai habis semua babi
Pengguna Google,5,2026-05-30 13:17:29,hiburan
Pengguna Google,5,2026-05-30 13:17:20,aplikasi tt ini sungguh menarik
Pengguna Google,5,2026-05-30 13:17:01,"Kurangi dulu bintangnya, Krn beberapa Minggu ini buka tik tok sulit, loading lama, malah hp jadi hang... 😓"
Pengguna Google,5,2026-05-30 13:15:44,"TikTok tuh bukan cuma aplikasi hiburan biasa, tapi tempat nongkrong digital yang isinya lengkap banget. Mau cari video lucu, resep masakan, tips kuliah, sampai tren terbaru semuanya ada. Algoritmanya juga gokil, makin lama dipakai makin paham sama selera kita. Fitur edit videonya simpel tapi hasilnya bisa keren dan estetik. Cocok buat yang mau cari hiburan, nambah ilmu, atau bahkan jadi kreator konten. Sekali scroll sering lupa waktu, jadi siap-siap ketagihan"
Pengguna Google,1,2026-05-30 13:15:33,"gak suka,kau plenger"
Pengguna Google,5,2026-05-30 13:14:49,OKs lah
Pengguna Google,5,2026-05-30 13:11:26,good
Pengguna Google,5,2026-05-30 13:09:50,aplikasi ini sangat bagus ketika gabut dan bisa mencari vidio yg menarik sekalian folow akun ku ya ni namanya LIFZZxMANZZ
Pengguna Google,5,2026-05-30 13:08:37,bagus baget anday aku puya koin 10000000000 sama yang folow 1000M
Pengguna Google,5,2026-05-30 13:08:12,👍👍👍👍👍
Pengguna Google,5,2026-05-30 13:07:16,Channel youtube samudi ppc streaming serang Banten
Pengguna Google,5,2026-05-30 13:06:29,bagus bngt
Pengguna Google,1,2026-05-30 13:04:55,"kenapa tiktok ga ada privasi nya sedikit, trs ak kenapa kena pembatasan usia, padahal saya ga umbar foto dan ga hate komen dan ga komen jorok kenapa jdi ga bisa dm dan ga bsa bikin streak, padahal ud lumayan loh streak nya aku kena gini udah beberapa kali,tolong dong tiktok perbaiki sedikit, jadi aku kasih 1 bintang aja 🙏"
Pengguna Google,1,2026-05-30 13:04:53,"baru sehari update,eh besoknya diminta update lagi"
Pengguna Google,1,2026-05-30 13:02:57,akun saya di blokir tanpa sebab saya malas
Pengguna Google,5,2026-05-30 13:02:27,nice
Pengguna Google,5,2026-05-30 13:02:23,bagusss
Pengguna Google,4,2026-05-30 13:01:55,kenapa tidak ada fitur sorotan
Pengguna Google,5,2026-05-30 13:00:32,blm ada masukan sih. saat ini oke2 sj
Pengguna Google,5,2026-05-30 13:00:21,sangat luar biasa aplikasi ini
Pengguna Google,4,2026-05-30 12:59:50,saran saya kalo update kasih fitur hapus semua posting ulang biar gak ngapus satu²
Pengguna Google,5,2026-05-30 12:59:15,saya sangat senang sekali untuk fido yang tren
Pengguna Google,5,2026-05-30 12:59:00,aku gak tau mau ngomong apa yang penting aplikasi ini bagus aku juga suka banget
Pengguna Google,5,2026-05-30 12:55:30,"SUKAAA BANGET SAMA APLIKASI INII, jadi lebih updt gituuu"
Pengguna Google,1,2026-05-30 12:54:57,"update mulu tiap Minggu mana tambah lemot, mau nyimpen video aja susah makin bnyk bugs, makin kesini makin ga jelas, ga bisa nyimpen lol"
Pengguna Google,2,2026-05-30 12:54:52,tolong perbaiki kenapa saya gak bisa nyimpen video atau foto pribadi yang sudah saya upload agar tidak ada watermark padahal ruang penyimpanan ada aplikasi sudah di update tetap saja tidak tersimpan ke galeri terus sering bug sendiri aplikasinya semoga dibaca
Pengguna Google,5,2026-05-30 12:50:55,suka banget sama aplikasi ini setiap hari saya gunahan
Pengguna Google,5,2026-05-30 12:50:25,banyak yang seru Agha
Pengguna Google,5,2026-05-30 12:50:16,mantap
Pengguna Google,4,2026-05-30 12:48:31,sangat bagus
Pengguna Google,5,2026-05-30 12:47:21,sangat membantu
Pengguna Google,5,2026-05-30 12:45:54,saya sngt suka dengan hiburan nya
Pengguna Google,4,2026-05-30 12:45:29,"knp akun saya diblokir, gmn saya mau byr pay letter nyaaa...BKN salah saya yaa... klo saya ga bayar...."
Pengguna Google,5,2026-05-30 12:45:06,baik. lah
Pengguna Google,1,2026-05-30 12:44:10,avery whats in your invertory?
Pengguna Google,5,2026-05-30 12:43:40,"singkat saja, bagus"
Pengguna Google,1,2026-05-30 12:43:36,hentikan blokir Rane TT
Pengguna Google,3,2026-05-30 12:43:03,kok tiktok aku gak ada tokonya yah
Pengguna Google,4,2026-05-30 12:41:17,tolong tambahkan fitur nelpon 😡
Pengguna Google,4,2026-05-30 12:39:01,lumayan bagus tapi aku selalu keluar sendiri
Pengguna Google,3,2026-05-30 12:37:15,saya tidak bisa mempunyai akun
Pengguna Google,1,2026-05-30 12:36:54,najis akun TT gw keblok tolol
Pengguna Google,5,2026-05-30 12:36:45,sangat membantu sekali apa lagi ruang untuk belanja sangat mudah
Pengguna Google,5,2026-05-30 12:30:34,bagus
Pengguna Google,1,2026-05-30 12:28:59,"tolong di perbaiki, kadang suka sulit buat di scroll bahkan suka keluar sendiri habis di update kok jadi elorr terus"
Pengguna Google,5,2026-05-30 12:25:46,tiktok ini sangat bagus tetapi aku tidak bisa ikut live padahal aku berusia 20 tahun dan bagaimana agar aku bisa live bersama teman yang aku lagi
Pengguna Google,5,2026-05-30 12:24:08,sya mau tiktok sya yg lama
Pengguna Google,5,2026-05-30 12:23:21,bagus dan sangat membatuh aku
Pengguna Google,5,2026-05-30 12:21:30,"Tolong perbsiki kok sering macat pas sya bukak, keenjang kuning"
Pengguna Google,1,2026-05-30 12:20:34,"SY POST VIDEO STUCK DI 1% TOLONG DIPERBAIKI APP NYA, MANA GA BISA DIAPUS, GABISA SWITCH ACCOUNT LAGII"
Pengguna Google,4,2026-05-30 12:20:08,belum ada vitur vn
Pengguna Google,1,2026-05-30 12:19:37,ini gimna ya kok akun saya bisa di benned. pedahal udah cukup umur. dh di tiktok ada pesan saya tidak cukup umur pedahal umur saya udah 19 tahun. ini gimna yaa kok eror gitu sih
Pengguna Google,5,2026-05-30 12:19:23,bagus
Pengguna Google,5,2026-05-30 12:18:33,bagus banget buat mencari referensi
Pengguna Google,1,2026-05-30 12:17:47,buka tiktok malah isinya disponsori mulu. gabut doang malah disuruh liat iklan dan orang jualan. asu lah. mana sekarang ada short film.
Pengguna Google,1,2026-05-30 12:17:27,serin rusak dan serin eror sendiri
Pengguna Google,2,2026-05-30 12:16:30,saya tidak bisa memosting ulang
Pengguna Google,1,2026-05-30 12:16:16,upgred nya berat banget untuk hp ram 3 dan 4... sering bug dan keluar sendiri tidak memperbaiki sistem yang lebih baik malah lebih buruk...
Pengguna Google,4,2026-05-30 12:15:46,bagus
Pengguna Google,5,2026-05-30 12:13:36,bagus aku suka 😘😘😘
Pengguna Google,5,2026-05-30 12:12:33,Sangat puas
Pengguna Google,1,2026-05-30 12:11:25,"untuk apknya bagus, tapi tolong jangan dikit dikit hak cipta video yng saya buat sendiri dengan susah payah selalu kena takedown apaan sihh kali ini saya kasih rating 1 bintang"
Pengguna Google,1,2026-05-30 12:10:44,tiktok itu anak ranting bukan saya yang memberikan ranting penilaian di tiktok itu sendiri puaskah tiktok bekerja sama dengan saya😁
Pengguna Google,1,2026-05-30 12:10:16,saya gak bisa chet
Pengguna Google,3,2026-05-30 12:10:00,terlalu singkat
Pengguna Google,5,2026-05-30 12:09:16,tiktok membantu aku suka
Pengguna Google,1,2026-05-30 12:08:16,streak gw ga bisa di post story oii
Pengguna Google,5,2026-05-30 12:06:46,bagus
Pengguna Google,5,2026-05-30 12:05:42,"seru, netizen nya ga baperan"
Pengguna Google,5,2026-05-30 12:05:40,ini sangat bagus dan bermanfaat
Pengguna Google,1,2026-05-30 12:02:14,kikir
Pengguna Google,1,2026-05-30 11:59:12,kenapa akun tiktok dari fb gabisa di buka habis ke riset hpku dahlah males buat buka apk ini .. ga cuman saya banyak yang ngalamin tolong di benerin kenapa fiturnya jamcok
Pengguna Google,1,2026-05-30 11:58:40,kok akun tiktok ku gak bisa posting ulang
Pengguna Google,5,2026-05-30 11:57:16,seru
Pengguna Google,5,2026-05-30 11:56:01,aplikasi ini sungguh seru
Pengguna Google,2,2026-05-30 11:55:21,"gak bisa komentar karena melanggar komunitas dan ngespam katanya, plus gak bisa ngelihat notifikasi yg suka dan membalas komentar kita, dahlah tolong diperbaiki wahai admin tiktok 😂"
Pengguna Google,1,2026-05-30 11:54:56,banyak yang promosi bokep di sini🗿🥀
Pengguna Google,5,2026-05-30 11:54:44,kembali kan akun guaaaaa tolol
Pengguna Google,1,2026-05-30 11:54:22,"gabisa buka obrolan grup yang sudah dibuat, loading melulu udah dicoba berapa kalipun tetap sama"
Pengguna Google,1,2026-05-30 11:54:22,jelek susah di download aplikasinya . why????
Pengguna Google,5,2026-05-30 11:54:02,kepada pencipta tiktok tolonggg perbaiki saya udh download tapi saya liat ko ga ada tiktoknya saya liat lagi di play store harus download lagii :(
Pengguna Google,5,2026-05-30 11:53:26,Saya berumur 22 tahun soal kelas 4 itu boong sumpah demi apapun nama akun nya ★Pio★
Pengguna Google,5,2026-05-30 11:52:14,👍
Pengguna Google,5,2026-05-30 11:51:29,seruu
Pengguna Google,1,2026-05-30 11:51:28,tiktok plis buat peraturan dilarang membuat video testing virus aku pas scroll tiktok malah ketemu nya itu mulu aku jadi ketakutan aku takut sama suara keras😭😭
Pengguna Google,5,2026-05-30 11:51:09,bagus tapi sulit untuk mencari pengikut
Pengguna Google,1,2026-05-30 11:50:42,tambahkan fitu bata upload dong. masa gegara sinyal upload seharian 20% terus gak selesai selesai. akhirnya gue uninstall
Pengguna Google,1,2026-05-30 11:50:08,baru donlowd aja susah terus udah itu eror nge bug segala ngeleg lagi tolong di perbaiki
Pengguna Google,1,2026-05-30 11:49:15,"semakin di update aplikasinya semakin banyak bug dan masalah, aku juga udah menonaktifkan lokasi tapi lokasiku masih keditek sama tiktok, itu mengganggu bgt, tolong di perbaiki"
Pengguna Google,5,2026-05-30 11:48:48,sangat puas
Pengguna Google,5,2026-05-30 11:47:26,aplikasi yang bagus
Pengguna Google,1,2026-05-30 11:46:53,live nya padahal udah aku scroll tadi tiba tiba masku live aduh gimana inii
Pengguna Google,3,2026-05-30 11:44:53,"ketika telemetri saya tinggi tiktok saya tidak bisa digunakan lagi...down load lagi malah hilang, terimakasih TIKTOK, atas kejadian yg mengecewakan ini... 10kali aja terjadi maka akan hilang kepercayaan orang pada tiktok Garis bawahi itu"
Pengguna Google,1,2026-05-30 11:44:17,orang lain kok bisa vn giliran saya tidak bisa! dan saya tidak bisa live lagi karna ada pelanggaran usia!kalau tidak bisa live minimal di gaji dari afiliasi dong! update yg lebih bagus doang!
Pengguna Google,1,2026-05-30 11:43:20,"banyak bug, ga bisa ganti foto profil, semoga cepet di fix"
Pengguna Google,5,2026-05-30 11:42:16,saya suka posting lagu2 dan liat2 yg lain juga banyak
Pengguna Google,5,2026-05-30 11:38:26,"This is very good, it makes me addicted to watching this short video, it has very exciting and interesting features"
Pengguna Google,3,2026-05-30 11:38:25,baguassaa
Pengguna Google,3,2026-05-30 11:38:10,Karena tidak ada template untuk foto live
Pengguna Google,1,2026-05-30 11:38:01,"Tiktok aku kok erorr yaa , apa semua akun apa cuman aku saja ya , padahal lihatt youtube lancarr tdk mancet tapi bukak apk tiktok kok mutarr semua yaa"
Pengguna Google,5,2026-05-30 11:35:30,mantap
Pengguna Google,2,2026-05-30 11:34:03,"HEHHHH!!!Saya mau komplain soal Streak DM. Setiap hari harus kirim video manual biar api 🔥 nggak mati. Kalau lagi sibuk atau lupa males sih lebih tepatnya capek hehe, streak langsung hilang padahal udah dijaga lama. Kenapa TikTok tidak menyediakan fitur kirim video otomatis/jadwalkan DM untuk streak? Fitur ini bakal sangat membantu pengguna. Mohon pertimbangkan untuk menambahkan fitur tersebut. Terima kasih."
Pengguna Google,5,2026-05-30 11:33:39,mengapa tiktok saya keluar sendiri
Pengguna Google,2,2026-05-30 11:33:28,"bagus sih, tapi tolong untuk cache nya jangan gede gede dong 😭😭"
Pengguna Google,4,2026-05-30 11:33:28,"aplikasi nya sangat bagus, tapi tolong tambah kan fitur hapus posting ulang sekaligus. karena posting ulang yg kita posting sangat banyak."
Pengguna Google,5,2026-05-30 11:30:58,Sangat meyenang kan kalo kalian tongton ada drama dan selain ny sekian kari aku asalammualaikum
Pengguna Google,4,2026-05-30 11:29:58,"apk nya baguss, vt nya jg, tapii Masi banyak oknum² yg ngga ada otak nge unggah vt² yg. kurang ajar. sukaa bgt bisa bikin streak disinii sama men temen, kasii fitur yg lebih bagus lagii dong mis, sama kasih akun gueh banyak followers🤭. yaa pkkny baguss deh"
Pengguna Google,5,2026-05-30 11:29:45,kreeenn
Pengguna Google,5,2026-05-30 11:28:28,Djumaricor
Pengguna Google,5,2026-05-30 11:28:22,Bgus untuk berbagay cara lewat afflikasi ini
Pengguna Google,4,2026-05-30 11:27:46,Kenapa tiktok saya tidak bisa vn ?
Pengguna Google,1,2026-05-30 11:27:23,ga ada bagusnya mending gua hapus jelek bagi gua lambat lagi ga bagus😠😠😠😠
Pengguna Google,5,2026-05-30 11:27:06,seru seru banget
Pengguna Google,3,2026-05-30 11:25:09,bagus sih tetapi akun aku sering bgt ke blok
Pengguna Google,5,2026-05-30 11:24:50,bagus deh pakek hiburan
Pengguna Google,5,2026-05-30 11:24:19,mantap sekali saya sangat puas sekali
Pengguna Google,5,2026-05-30 11:24:05,kebanyakan bug salah pos dikit pelanggaran jelek ini aplikasi
Pengguna Google,5,2026-05-30 11:22:44,seru banget
Pengguna Google,5,2026-05-30 11:22:28,bagus tapi knp orng lain kalo akun nya keblok bisa bisa bikin lagi tapi kenapa punya aku malah nggak bisa aneh banget deh bagus bagus cuman gimana ya gua nggak bisa sih bikin akun yang udah ke blog orang lain bisa curang
Pengguna Google,5,2026-05-30 11:21:30,jelek nian anj
Pengguna Google,5,2026-05-30 11:19:28,"singkat dan padat ""Good"""
Pengguna Google,5,2026-05-30 11:17:39,Sang baik
Pengguna Google,4,2026-05-30 11:17:05,karna seru
Pengguna Google,5,2026-05-30 11:16:43,aplikasi bagus
Pengguna Google,1,2026-05-30 11:16:29,gk bisa di download
Pengguna Google,5,2026-05-30 11:15:14,bagusss sekal
Pengguna Google,5,2026-05-30 11:14:59,bagus
Pengguna Google,1,2026-05-30 11:14:07,kita punya kitab
Pengguna Google,4,2026-05-30 11:14:01,bagus tapi ada kekurangan
Pengguna Google,5,2026-05-30 11:12:30,baguss
Pengguna Google,5,2026-05-30 11:12:21,"Aplikasinya bagus, cuma benci banget sama iklan tik tok shop nya,, gabisa langsung diclose walopun udah tanda panah dua."
Pengguna Google,5,2026-05-30 11:10:13,bagus
Pengguna Google,5,2026-05-30 11:09:06,suka
Pengguna Google,5,2026-05-30 11:08:39,baik
Pengguna Google,5,2026-05-30 11:08:38,hiburan yang senang
Pengguna Google,1,2026-05-30 11:06:48,Pahri
Pengguna Google,5,2026-05-30 11:06:18,Rony Smh
Pengguna Google,1,2026-05-30 11:04:07,apk rusak ajukan banding uadah tetep GK bisa masuk olol
Pengguna Google,1,2026-05-30 11:04:01,udahlah sering tidak menanggapi ngefreeze sendiri lah ini lagi chat temen langsung keblok padahal gak lagi bahas hal hal yang kotor cuma bahas makanan tolong perbaiki lagi sistemnya
Pengguna Google,3,2026-05-30 11:01:59,karena tiktok saya jadi agak galau dan tiktok juga memblokir akun kita tanpa sebab
Pengguna Google,2,2026-05-30 11:01:09,"TOLONG TIKTOK JANGAN APA APA PELANGGARAN NGPOST JJ AJA PELANGGARAN PADAHAL GAADA SANGKUT PAUTNYA SAMA PELANGGARAN YANG DIKASIH GILIRAN KONTEN YANG GA SENONOH MALAH GA DIKASIH PELANGGARAN GIMANA SIH? YG ADIL DONG, tiktok ku kena pelanggaran ga bisa kirim pesan padahal cuman jj biasa doang aneh lu tiktik bintang dua aja, TOLONG PERBAIKI TENTANG PELANGGARAN YANG DIKASIH"
Pengguna Google,5,2026-05-30 10:56:01,apakah bisah apk INI kasih Ada fitur nonton di bayar supaya gampang Cari uang
Pengguna Google,5,2026-05-30 10:55:30,velocity nya tolong di smooth in lagi dong ko sekarang patah patah jadi jelek gitu ga se smooth duluuu..
Pengguna Google,5,2026-05-30 10:51:12,kalo saya masuk komal org trus oncam jdi ngelek klo ofcam ga ngelek..
Pengguna Google,5,2026-05-30 10:49:23,Ka gimana cara vn
Pengguna Google,5,2026-05-30 10:48:06,"selalu scroll tiktok kapan pun dan dimana pun,saya beli kuota yg sebulan hanya ke pakai 1 Minggu kurang tapi gak papa👍🏻👍🏻"
Pengguna Google,3,2026-05-30 10:47:24,Terimakasih atas suportnya
Pengguna Google,5,2026-05-30 10:47:04,tidak gampang membosankan
Pengguna Google,5,2026-05-30 10:46:43,seru bahagia
Pengguna Google,5,2026-05-30 10:42:48,kenapa tidak bisa melihat kode untuk undang teman
Pengguna Google,1,2026-05-30 10:41:29,ngekek banget
Pengguna Google,1,2026-05-30 10:40:14,"tiktok anjng tiktok gw di blok kontol bego gara gara ga cukup umur tai tiktok dongooo kek jenbut kontol aplikasi ewean jeng subhan kontol dia babi anjng, nu boga aplikasi tiktok gelut anjng kontol bego dia paeh bae ewean jeng domba"
Pengguna Google,5,2026-05-30 10:39:42,"bagus, enak banget kalo semisal nya gabut bisa scroll tiktok vidio nya random ² Banget😆"
Pengguna Google,2,2026-05-30 10:38:36,gak bisa di install
Pengguna Google,5,2026-05-30 10:37:56,kenapa tiktok saya tidak bisa melihat kode rujukan untuk undang teman
Pengguna Google,5,2026-05-30 10:37:46,nda ada menurut saya
Pengguna Google,2,2026-05-30 10:37:41,bang kenape di negara asalnya di cine kagak ada tiktok 🤔
Pengguna Google,3,2026-05-30 10:37:37,Sya ksih bintang 3 krn akun sya keblokir
Pengguna Google,1,2026-05-30 10:36:34,aplikasi 100% curang jual barang tidak bermutu. beli celana panjang warna tidak sesuai ukuran tidak sesuai belum lagi barang cacat. ga bisa cod cek dulu
Pengguna Google,5,2026-05-30 10:36:26,quote aku percaya padamu aku dan dia juga tidak bisa tahan kembali ke kelas dengan penampilan yang sangat cantik dan alim pun diam saja sambil memeluk Islam pertama kali di y S5360 galaxy note pro duta besar dan panjang umur dan aku tidak akan yeuejdue dulu aku ngapain eu di rumah untuk urusan eur eur GBP dan aku juga ingin mendapatkan hati e dual on February ff di dafid udah di dalam air hangat dan d feat durung d dan d di dunia yang sangat cocok dengan cara cepat dan cepat dan dalam d dan e d
Pengguna Google,1,2026-05-30 10:36:19,susah di download
Pengguna Google,1,2026-05-30 10:35:01,Gak bisa login sama sekali
Pengguna Google,2,2026-05-30 10:34:42,pls lah konten konten dewasa tuh jgn di tampilin
Pengguna Google,5,2026-05-30 10:34:04,Suka banget sama aplikasi ini🤩
Pengguna Google,2,2026-05-30 10:31:05,jadi suka update sendiri GK jelas
Pengguna Google,5,2026-05-30 10:30:02,"plis android 8,1 bisa mic di TikTok agar performa bagus dan juga bisa kirim Video di komen tolong tiktok update nya tambahin fitur yang banyak agar lebih bagus makasih"
Pengguna Google,5,2026-05-30 10:26:53,bagusss bangettt😍😆
Pengguna Google,5,2026-05-30 10:25:57,aplikasi
Pengguna Google,5,2026-05-30 10:25:26,penipuan
Pengguna Google,1,2026-05-30 10:24:32,kenapa gabisa buat slideshow ya?? tolong tim tiktok agar aktifkan mode slideshow saya makasih (hp ku merk infinix) TOLONG JANGAN HIDE DAN BATASI KOMEN SAYA @zrenomn
Pengguna Google,5,2026-05-30 10:24:27,ok
Pengguna Google,3,2026-05-30 10:24:16,banyak eror ny
Pengguna Google,3,2026-05-30 10:23:35,baguss banget kalian wajib deh mendownload aplikasi ini aku suka banget
Pengguna Google,4,2026-05-30 10:21:19,gk ada komen
Pengguna Google,1,2026-05-30 10:19:38,harusnya ada fitur deteksi wajah dan 15 kali human verifikasi biar gak banyak konten dongo disini 😏
Pengguna Google,5,2026-05-30 10:17:44,bgusbget suka dh
Pengguna Google,5,2026-05-30 10:17:00,bagus dan mantap
Pengguna Google,1,2026-05-30 10:16:57,"apk nya nge bug terus,mau di update malah muter terus pas di uninstall juga download nya lama,tolong perbaiki lagi."
Pengguna Google,5,2026-05-30 10:12:04,"halo admin tiktok.sebenarnya saya sangat senang sekali dengan apk tiktok, namun dm/chat di tiktok sekarang kenapa sedikit ""nyeleneh""(maaf),seperti saya tidak mengetik apapun tiba tiba ada pesan sendiri mohon di perbaiki admin🙏🏻 #cintatiktok"
Pengguna Google,5,2026-05-30 10:10:40,sessssssss
Pengguna Google,4,2026-05-30 10:07:59,pokoknya debestt sii kata akumah
Pengguna Google,5,2026-05-30 10:07:23,Enak aja
Pengguna Google,5,2026-05-30 10:06:46,bagus
Pengguna Google,1,2026-05-30 10:06:26,gede banget jir
Pengguna Google,5,2026-05-30 10:06:09,"Tik tok ko Saya engga bisa LIVE padahal Saya pengen bangat LIVE, tolong dong agar Saya bisa LIVE, kalo udah bisa LIVE Saya kasih bintang 5 deh"
Pengguna Google,5,2026-05-30 10:05:21,seru aja
Pengguna Google,5,2026-05-30 10:03:00,aplikasi yang bagus banget
Pengguna Google,4,2026-05-30 10:02:57,ndak bisa live
Pengguna Google,1,2026-05-30 10:00:52,tidak bisa membuat akun
Pengguna Google,5,2026-05-30 09:59:56,ʟᴀᴍᴀ² ᴊᴀᴅɪ ᴡᴀ
Pengguna Google,5,2026-05-30 09:59:40,sering gak bisa masuk... kluar sendiri.....update terus
Pengguna Google,5,2026-05-30 09:59:08,mantap
Pengguna Google,1,2026-05-30 09:54:20,lyena kacung
Pengguna Google,5,2026-05-30 09:51:34,anjay
Pengguna Google,5,2026-05-30 09:49:32,bagus
Pengguna Google,1,2026-05-30 09:49:29,kadang lemot amat sih gabisa dipake. gada masalah di sinyal gw.
Pengguna Google,1,2026-05-30 09:49:26,apk penurun iq
Pengguna Google,5,2026-05-30 09:40:11,👎
Pengguna Google,1,2026-05-30 09:39:54,kenapa tiktok engga bisa install
Pengguna Google,5,2026-05-30 09:32:49,aku tidak punya Tik Tok asli dan aku menemukan Tik Tok asli Aku sedang ini tetap Tugu bagus
Pengguna Google,5,2026-05-30 09:32:11,kenapa tiap masuk..langsung muncul tulisan tutup aplikasi. mohon perbaiki lagi..🙏🙏
Pengguna Google,4,2026-05-30 09:29:56,aplikasinya bagus cuman kadang suka ngeleg sendiri
Pengguna Google,5,2026-05-30 09:29:11,seriously?
Pengguna Google,2,2026-05-30 09:27:38,agak bagus karna kalo live sering kena hek
Pengguna Google,5,2026-05-30 09:27:30,gk mau
Pengguna Google,5,2026-05-30 09:27:20,haha ketagihan posting ulang nya soal nya video nya lucu-lucu 😂😂
Pengguna Google,5,2026-05-30 09:24:19,"seru banget, tapi akun aku ke blokir terus tapi seruu"
Pengguna Google,1,2026-05-30 09:22:43,tiktok kirik apk kalo gak niat udah aja bangkrut blog goblog gak guna update monyet
Pengguna Google,5,2026-05-30 09:22:00,tolong bikin tiktok aku fyp nama nya Huzz-Lonely
Pengguna Google,5,2026-05-30 09:20:57,sangat bagus
Pengguna Google,5,2026-05-30 09:20:57,sangat bagus tapi kadang² sukak keluar sendiri
Pengguna Google,5,2026-05-30 09:19:40,kapan bisa VOICE CHAT??
Pengguna Google,4,2026-05-30 09:16:26,tolong buatkan fitur komen suara di tiktok saya
Pengguna Google,1,2026-05-30 09:16:04,kalo mau update lama sudah 78% tiba tiba jadi 0%. aplikasi busuk
Pengguna Google,1,2026-05-30 09:14:53,kebanyakan iklan slot
Pengguna Google,5,2026-05-30 09:12:22,bagus ajaa sih suka pakai
Pengguna Google,5,2026-05-30 09:10:53,tiktok sangat memuaskan
Pengguna Google,5,2026-05-30 09:10:18,bgus
Pengguna Google,1,2026-05-30 09:09:08,lalot
Pengguna Google,1,2026-05-30 09:07:56,tolong beritahu saja Cara mengganti kata sandi
Pengguna Google,5,2026-05-30 09:06:47,edan
Pengguna Google,5,2026-05-30 09:06:30,seru saja
Pengguna Google,5,2026-05-30 09:05:58,bagus
Pengguna Google,5,2026-05-30 09:04:53,kalau oncem di komal cahaya nya gak terang tolong info nya terimakasih
Pengguna Google,4,2026-05-30 09:03:28,mb nya besar ram hp gw hampir penuh
Pengguna Google,3,2026-05-30 09:02:59,"fitur buat veloctynya kembalikan seperti semula dong,dibuat smooth kak...ini makin diupdate semakin kedut kedut. mksi"
Pengguna Google,5,2026-05-30 09:01:18,sudah bagus fiturnya... tapi kenapa tiba2 saya tidak bisa nonton orang live
Pengguna Google,5,2026-05-30 09:00:50,"Tiktok is very fun and I really like the app because it keeps us from getting bored, but there is something missing, which is can you add the feature to delete reposted videos and also liked videos so that it's not troublesome to delete reposted videos and delete liked videos, that's all I want, hopefully it will be updated soon to get that feature!"
Pengguna Google,1,2026-05-30 09:00:50,lag tbtb kembali ke layar utama pdhl suda di upgrade trs penyimpanan juga masih ada aneh lu
Pengguna Google,1,2026-05-30 09:00:43,hilangkan video pine drama di tiktok saya karena terlalu vulgar dan sangat amat mengganggu!!! 😡😡😡
Pengguna Google,1,2026-05-30 08:57:55,FONT NYA JELEK BANGET WOI
Pengguna Google,5,2026-05-30 08:57:29,aplikasi yang bagus
Pengguna Google,5,2026-05-30 08:57:01,semoga tiktok aku fyp
Pengguna Google,5,2026-05-30 08:56:39,kasih vn
Pengguna Google,4,2026-05-30 08:54:57,aplikasi ini membuat saya lebih membantu saya
Pengguna Google,5,2026-05-30 08:54:52,saya senang bisa nonton tiktok dan bisa hapus cache
Pengguna Google,5,2026-05-30 08:54:36,aplikasi terbaiklah😱😱😹
Pengguna Google,1,2026-05-30 08:53:36,Mental mulu ✌
Pengguna Google,5,2026-05-30 08:52:24,beta
Pengguna Google,3,2026-05-30 08:47:28,ngasih notif postingan sama livenya lama bangetttttt
Pengguna Google,1,2026-05-30 08:46:29,Baik
Pengguna Google,1,2026-05-30 08:46:23,HARUSNYA ADA FITUR UNTUK MELAPORKAN AKUN YANG MASI DI BAWAH UMUR.....KARNA KEBANYAKAN PENYALAGUNA'AN KOMENTAR SEPERTI MENGHINA ATAU MERENDAKAN SESEORANG🙏🙏🙏
Pengguna Google,1,2026-05-30 08:44:35,"apakah ni Tik Tok ni lemot banget dah padahal HP ku udah bagus dan penyimpanan masih banyak tapi masih aja tetap lemot, patah patah. apalah ni terus ini gimana enggak ada cara ngapa ni yg pembuat tt nya padahal HP ku udah bagus lo.juga pas ku bersih kan sampah nya sampai kepala ku pusing masih aja lemot lah, patah² lah, loding lama lah gua udah muak gara gara aplikasi burikkkkkkkkkkk ini gua udah enggak suka sama tt ini mending jangan di dirilis ngapa bikin jelek HP nya orang aja. aws tt busuk"
Pengguna Google,3,2026-05-30 08:43:37,tolong perbaikilah bug nya
Pengguna Google,1,2026-05-30 08:43:25,tiktok membuat kami emosi setiap mau buka tiktok ada notifikasi TIKTOK TIDAK MERESPON SILAKAN HUBUNGI TIKTOK
Pengguna Google,5,2026-05-30 08:42:29,Ok
Pengguna Google,3,2026-05-30 08:42:27,"kepada pihak tiktok ini kenapa gak ada subtitle saat menonton video yg ada subtitle, setelah mau di aktifin(kirain ku matikan) ternyata fiturnya aja gak ada dan juga sekarang Napa malah gak bisa naro link yt ke tiktok?! gua minta perbaiki dulu untuk subtitle, masa orang ada subtitle di gua gak ada kan ANEH"
Pengguna Google,1,2026-05-30 08:42:18,buruk
Pengguna Google,1,2026-05-30 08:40:23,aplikasi aneh padahal aku hanya ingin mengganti photo profil malah di kasih peringatan pertama anjir aplikasi 0 privasi cuma perkara profil langsung di blokir disuruh tunggu 24 jam 👎
Pengguna Google,4,2026-05-30 08:39:52,saran saya luncurkan fitur vn agar komentar bisa berinteraksi dengan nyaman dan tidak salah paham
Pengguna Google,3,2026-05-30 08:39:24,akun aku di blok tiba² mana permanen lgi 🙄
Pengguna Google,2,2026-05-30 08:37:45,"TOLONG untuk (tiktok shop) nya lbh diperhatikan lagi privasi alamatnya , Jangan sampai ada orang tidak memesan tapi bisa dikirimi barang dengan nominal yang tidak sedikit , jika merugikan orang lain lebih baik fitur nya dihapus kan saja terimakasih . salain itu semuanya cukup bagus sekian ."
Pengguna Google,2,2026-05-30 08:36:35,akun aku di Ban Mulu
Pengguna Google,2,2026-05-30 08:36:24,gadak VN loh ya😹😹
Pengguna Google,3,2026-05-30 08:34:34,bagus tapi banyak video yang dapat merusak otak
Pengguna Google,1,2026-05-30 08:31:46,"haii saya pengguna tik tok dan saya mau menyampaikan ulasan bahwa tik tok saya akhir akhir ini ter uninstall sendiri, saya cape download ulang terus menerus, itu kenapa ya? saya minta bantu sekali"
Pengguna Google,5,2026-05-30 08:30:22,aku belum ada fitur sorotannnn
Pengguna Google,5,2026-05-30 08:28:52,"karna aplikasi ini sangat membantu saya,saya akhir nya bisa menjadi seorang kreator terkenal terima kasih"
Pengguna Google,5,2026-05-30 08:27:47,aplikasi ini sangat bagus dan saya sangat tertarik
Pengguna Google,5,2026-05-30 08:25:42,Apakah ada terlalu banyak iklan di aplikasi ini wajib.
Pengguna Google,3,2026-05-30 08:24:11,baik banget. kok
Pengguna Google,5,2026-05-30 08:22:42,woyy gue gak bisa vn sama sorotan mana nih Mimin tiktok updatetin tiktok gw dong nama 11lovepeace61 janji bakal bintang 5
Pengguna Google,2,2026-05-30 08:20:24,Tiktok kenapah gak bisa di download saya sudah beberapa kali mendownload tidak bisa selalu muncul tiktok tidak menanggapi apakah ada yang sa ma juga kaya aku kasih sarannya dong
Pengguna Google,5,2026-05-30 08:20:20,oke
Pengguna Google,3,2026-05-30 08:18:38,"suka lag, jadi kan pacar keonho stres"
Pengguna Google,5,2026-05-30 08:17:47,oke
Pengguna Google,2,2026-05-30 08:15:26,apaan bngt anjir ada semakin di update semakin gajelas anjir ada notifikasi yang mengikuti malah pas di liat di aplikasinya malah gaada
Pengguna Google,2,2026-05-30 08:14:02,"Anehh, tiba tiba kerepost sendiri. ga jelas nih alpikasi. sesuaikan lagi fitur tahan like = repost"
Pengguna Google,5,2026-05-30 08:11:42,sarang monyet
Pengguna Google,5,2026-05-30 08:11:39,good job ... 👍🏻👍🏻👍🏻👍🏻👍🏻 tapi sayang peraturan nya tidak adil!
Pengguna Google,5,2026-05-30 08:10:54,👍
Pengguna Google,5,2026-05-30 08:09:44,so best
Pengguna Google,1,2026-05-30 08:08:38,bug notif
Pengguna Google,2,2026-05-30 08:05:40,kok tiktok aku GK bisa chat orang Tolong dong
Pengguna Google,5,2026-05-30 08:05:25,good
Pengguna Google,5,2026-05-30 08:04:22,bagussssesssssssss
Pengguna Google,4,2026-05-30 07:59:37,wow ini keren kita gak usah bayar dapat duit gertis yaw
Pengguna Google,4,2026-05-30 07:57:42,"lumayan,tapi kalo untuk aku yang lewat di isi beranda itu harus video cowok cowok ganteng ya tiktok aku minta tolong sama kamu"
Pengguna Google,1,2026-05-30 07:51:49,"saya tidak bisa update ke versi terbaru,"
Pengguna Google,5,2026-05-30 07:51:14,bagus
Pengguna Google,1,2026-05-30 07:50:41,menginstalnya gua tungguin sampai 5 jam kan gua dondlod tiktok jam 11 sampe jam4
Pengguna Google,3,2026-05-30 07:50:22,aplikasi tiktok ini emang bagus tapi sistem nya jadi lambat tolong di perbaiki
Pengguna Google,5,2026-05-30 07:50:01,OMGGGG
Pengguna Google,4,2026-05-30 07:48:20,ko gabisa update
Pengguna Google,2,2026-05-30 07:46:39,susah bngt di update aneh
Pengguna Google,5,2026-05-30 07:44:52,bagussss
Pengguna Google,3,2026-05-30 07:44:38,defloper nya pls klo mau bikin akun 1 lagi daei geogle jangan mintak di tambahin no tlpn soal nya udh di pakek bisa gak di rubah lagi? kayak peraturan biasa
Pengguna Google,5,2026-05-30 07:43:15,aplikasi nyaaa bagusss bangettttt betah banget kalo liat vt Disni😽💃🏻
Pengguna Google,1,2026-05-30 07:42:06,"apalah setiap posting video viewsny 0 trus dan GK bisa di bagikan walau liat di akun lain sama aja,kalo update update aja jangan mempersulit orang banyak udh ngalamin kalo bisa kasih solusi baru nnti di kasih rating 5"
Pengguna Google,1,2026-05-30 07:39:40,tiktok ki gmn sii masa mau buka draf& pengaturan gak muncul mlh layarnya jd hitam dn langsung keluar dr aplikasi pdhl kita ga keluarin? tolong diperbaiki lg!!
Pengguna Google,5,2026-05-30 07:37:57,tolong di perbaiki
Pengguna Google,3,2026-05-30 07:37:44,lebih menarik dan seruu
Pengguna Google,5,2026-05-30 07:35:39,"seruu bgd bisa nonton bisa jadi lebih update, -nya banyak sdm rendah"
Pengguna Google,5,2026-05-30 07:35:11,di tiktok tuh kita bisa apa aja kayak bisa buat story
Pengguna Google,5,2026-05-30 07:34:52,sangat bagusss
Pengguna Google,4,2026-05-30 07:34:11,mudah banget
Pengguna Google,1,2026-05-30 07:34:07,ga bisa chat streak hilang
Pengguna Google,5,2026-05-30 07:30:49,menyenangkan
Pengguna Google,5,2026-05-30 07:29:27,keren
Pengguna Google,5,2026-05-30 07:28:01,tiktok nya bgus
Pengguna Google,1,2026-05-30 07:25:24,Nggak bias di coba nggak Tau Kenapa padahl udah Bikin akun
Pengguna Google,5,2026-05-30 07:23:38,oke apk sangat bagus
Pengguna Google,2,2026-05-30 07:21:48,"woi tiktok, lu makin kesini makin g jelas anjg. gw ga ngapa²in tiba² kena pelanggaran, posting konten gw isinya edukasi sama hiburan, ga ada melanggar, tiba² dapet pelanggaran. MAKSUDNYA APA?! GILIRAN YANG PRNO TANPA SENSOR AMAN² AJA, LU GILA APA GMN?!"
Pengguna Google,5,2026-05-30 07:20:25,seru banget
Pengguna Google,5,2026-05-30 07:17:31,cepat sekali
Pengguna Google,1,2026-05-30 07:17:17,makin kesini konten dan live makin parah tidak layak untuk ditonton anak anak terutama anak saya.
Pengguna Google,1,2026-05-30 07:17:08,karna saya ga bisa vn kenapa saya ga bisa vn saya benci tiktok kalo ga bisa vn
Pengguna Google,5,2026-05-30 07:15:41,berguna
Pengguna Google,4,2026-05-30 07:14:59,good
Pengguna Google,3,2026-05-30 07:12:08,ngelek Mulu anjir
Pengguna Google,5,2026-05-30 07:11:56,min tambahin fitur vn dong🤓🤓
Pengguna Google,5,2026-05-30 07:10:48,"bagus, tapi ban akun yang buat video tidak senonoh"
Pengguna Google,5,2026-05-30 07:10:11,karna semua orng terhibur bngt
Pengguna Google,5,2026-05-30 07:09:19,Bagus banget sudah ada sorotan tiktok nya.
Pengguna Google,4,2026-05-30 07:08:40,saya sangat suka aplikasi ini karena bisa scroll sepuasnya kadang iklan sih tapi tolong tiktok kok para orang-orang pada bisa vn kalau aku gak bisa😭
Pengguna Google,5,2026-05-30 07:07:11,bagus bgt
Pengguna Google,5,2026-05-30 07:06:41,iklan ini terlalu mengganggu
Pengguna Google,5,2026-05-30 07:06:30,hiburan
Pengguna Google,5,2026-05-30 07:04:06,Seru dan hepiy
Pengguna Google,5,2026-05-30 07:02:45,Hihi sangat bagus
Pengguna Google,5,2026-05-30 07:01:15,o ohh
Pengguna Google,4,2026-05-30 07:00:37,dapat menonton
Pengguna Google,5,2026-05-30 07:00:15,"ada geol² nya ,dan ada yang bilang tiktok ada tulisan tiktok tidak manangapi itu hp nya yang kentang wkwkwkwkwkwkwkwkwkkwk"
Pengguna Google,2,2026-05-30 06:59:38,"min mohon jangan spam telvon ya,kenapa harus spam telvon saya ga buka toko affiliasi biarkan saja gk buka jangan spam telvon"
Pengguna Google,5,2026-05-30 06:58:55,"bagus tpi kurang updetan kaya voice note, sorotan, dan telfon tolong tiktok cepet tambahin"
Pengguna Google,5,2026-05-30 06:58:31,keweeenn
Pengguna Google,5,2026-05-30 06:57:47,bagus
Pengguna Google,1,2026-05-30 06:57:17,"harusnya tiktok adain fitur balikin draf tiktok yg ga sengaja kehapus/ilang, masalahnya di draf tiktok itu banyak foto kenangan yg ga bisa di ulang lagi,knp ga bisa di pulihkan gitu"
Pengguna Google,5,2026-05-30 06:55:47,baik
Pengguna Google,3,2026-05-30 06:53:50,karena selalu ngeleng
Pengguna Google,5,2026-05-30 06:53:09,the best👍
Pengguna Google,1,2026-05-30 06:52:36,Asu we
Pengguna Google,1,2026-05-30 06:51:25,iklan nya masyallah banyak amat
Pengguna Google,1,2026-05-30 06:50:49,"setelah di update jadi aneh, baru buka langsung keluar otomatis. gak bisa di pakai."
Pengguna Google,5,2026-05-30 06:50:48,adalah pokoknya
Pengguna Google,2,2026-05-30 06:50:18,"bagus sih bagus, tapi kurang lengkap. tidak bisa buat DM di hp ku, juga gak bisa nambah akun. tolong di perkembangan kan lagi🙏🏻"
Pengguna Google,3,2026-05-30 06:50:16,AKU MAU MASUK PROGRAM BETA LAH
Pengguna Google,5,2026-05-30 06:49:46,tiktok Dedes bangat
Pengguna Google,5,2026-05-30 06:49:10,Suka sih aplikasi tik tok menghibur dan menambah wawasan ..top keren
Pengguna Google,1,2026-05-30 06:48:54,"tiktok sangat buruk kadang kadang bisa bikin HP patah"" dan leg,"
Pengguna Google,1,2026-05-30 06:48:34,tolong diperbaiki tiktoknya kan aku konfirmasi umur saat aku konfirmasi sistemnya malah loding aku nunggu sampai 20 menit masihtidak bisa tolong diperbaiki kalau buat sistemnya tolong di jekdulu😠😠😠😠😠😠
Pengguna Google,2,2026-05-30 06:48:23,lumayan bagus
Pengguna Google,5,2026-05-30 06:47:57,bagus banget sihhhh😁😁😁😁😁
Pengguna Google,5,2026-05-30 06:47:15,super top
Pengguna Google,5,2026-05-30 06:46:23,sangat bagus banget tiktok ini saya sangat suka dengan tiktok
Pengguna Google,5,2026-05-30 06:46:02,aplikasinya udah bagus tapi masih aja ada vidio yg aneh aneh
Pengguna Google,5,2026-05-30 06:45:47,aplikasi tiktok sangat menghibur trimakasih🙏
Pengguna Google,5,2026-05-30 06:45:41,bagus
Pengguna Google,5,2026-05-30 06:45:24,bagus sih cuma... GABISA VN
Pengguna Google,5,2026-05-30 06:44:54,bg tiktok kok di aku ngak ada fitur vn sorotan telepon sama fitur game itu gimana caranya
Pengguna Google,1,2026-05-30 06:42:51,"tolong hapus iklan slottt ganggu risiiiiii banget dikit""iklan slottt muluuu"
Pengguna Google,4,2026-05-30 06:42:31,banyak mengenal temen online bisa menghasilkan peluang belajar sambil menghasilkan uang sampingan
Pengguna Google,5,2026-05-30 06:39:09,aku pingin bisa FN
Pengguna Google,5,2026-05-30 06:39:03,bgs.
Pengguna Google,5,2026-05-30 06:38:58,bagus
Pengguna Google,1,2026-05-30 06:38:44,"apk ini ... Memang sangat bagus and menarik , tapi cuma di apk ini aja pas buka apk kembali sendiri hp mudah panas pas buka apk nya tapi.. pas buka apk lain ngaaa ?? tolong di perbaiki lagi ya admin"
Pengguna Google,5,2026-05-30 06:37:23,bagus
Pengguna Google,5,2026-05-30 06:36:03,seru batt
Pengguna Google,5,2026-05-30 06:35:05,gooddd banget bisa ngasilin uang dari tiktok
Pengguna Google,1,2026-05-30 06:35:02,ngga bagus
Pengguna Google,5,2026-05-30 06:34:22,bang tolong tiktok syaa sudah di bloki selamanya
Pengguna Google,1,2026-05-30 06:34:13,titok sudah menghilangkan akun saya
Pengguna Google,5,2026-05-30 06:34:02,Bagus
Pengguna Google,4,2026-05-30 06:33:25,bagus sih tapi bayak juga yang gak lengkap
Pengguna Google,1,2026-05-30 06:33:17,tik tok bisa gk sih jangan ngeblokir akun org aku udh cape selalu di blokir aku udh cape tik tok....... aku udh 14+ keatas masih juga gk bisa mau lo tu apa sih aku udh berulang ulang kali akun ku di blokir aku cape 😭😭😭🙁🙁🙁 tolong di kembalikan akun ku
Pengguna Google,5,2026-05-30 06:32:54,kada lelet bgt tpi krna saya baik hati Yuda saya kasi bintang 5
Pengguna Google,1,2026-05-30 06:32:13,pembaruan mulu
Pengguna Google,3,2026-05-30 06:29:40,tolong ini gimana? tiba tiba saya nggak bisa download aplikasi tiktok.
Pengguna Google,1,2026-05-30 06:29:05,tiba2 ke apus sendiri.
Pengguna Google,5,2026-05-30 06:27:19,bagus
Pengguna Google,2,2026-05-30 06:26:22,aku nggak bisa tiktok-an harus login
Pengguna Google,3,2026-05-30 06:25:06,orang orang udh pada ada fitur telepon vn giliran aku belum ada
Pengguna Google,3,2026-05-30 06:24:45,Baguss dikit
Pengguna Google,2,2026-05-30 06:23:30,terlalu banyak dah pendapatan uang diaplikasi tiktok ini sampe orang ga punya ga kebagian
Pengguna Google,5,2026-05-30 06:22:22,bagus
Pengguna Google,3,2026-05-30 06:20:49,banyak boti
Pengguna Google,5,2026-05-30 06:20:46,keren
Pengguna Google,1,2026-05-30 06:20:05,jelekkk bangetttttt
Pengguna Google,5,2026-05-30 06:19:14,bisa scroll terus tanpa henti
Pengguna Google,1,2026-05-30 06:16:54,saya suka ² tapi setiap membuat akun selau ada yang muncul. akun anda akan terblokir 🙏
Pengguna Google,5,2026-05-30 06:16:14,bagus
Pengguna Google,1,2026-05-30 06:16:10,ngelek tiktok nya padahal aku pakai internet
Pengguna Google,5,2026-05-30 06:14:38,aplikasi ny bgus
Pengguna Google,5,2026-05-30 06:13:23,tiktok tolong bgt nih yak kenapa saat aku buka tiktok terus skroll vidio tiba tiba keluar sendiri tolong di perbaiki
Pengguna Google,1,2026-05-30 06:12:29,malas
Pengguna Google,2,2026-05-30 06:09:53,jelek pas update ga bisa padahal jaringan bagus
Pengguna Google,5,2026-05-30 06:08:18,bagus
Pengguna Google,5,2026-05-30 06:08:14,"bagus bgt buat yang lagi gabut seru bisa dm dm an tapi sekarang emang ada pembatasan usia,dan ini juga bisa nyobain filter yang imut,cantik,cool,kece,dll, kita bisa milihmana yang bagus menurut kita,jadi aku suka apk nya"
Pengguna Google,5,2026-05-30 06:07:48,asikkk
Pengguna Google,1,2026-05-30 06:07:27,"apk dongo, masa login akun lama terus gak bisa, di pencet pencet gk ada apa apa lgi dongo dongo"
Pengguna Google,5,2026-05-30 06:07:14,"tiktok nya memberi manfaat bagi yang mau melihat tutorial, resep masakan,dll"
Pengguna Google,1,2026-05-30 06:06:54,skarang tiktok makin jelek error trus
Pengguna Google,5,2026-05-30 06:06:04,Wow
Pengguna Google,5,2026-05-30 06:05:29,baguss banget
Pengguna Google,5,2026-05-30 06:05:01,ahahahahahahaahah
Pengguna Google,1,2026-05-30 06:04:32,"huekkk jelekkk aplikasi nya, suka ngelag jangan ada yang instal aplikasi ini jelekk bangetttt huekkkkkk"
Pengguna Google,1,2026-05-30 06:01:14,ngelag parah keluar terus dari aplikasi lebih cepat tiktok lite lemot parah tambah ngelag aduhh
Pengguna Google,1,2026-05-30 06:01:12,gak ada vn padahal dah updet
Pengguna Google,5,2026-05-30 06:00:58,bagus dan vidio nya sesuai ap yang mau aku tonton tapi boleh gk aku minta tiktok ku ad vn nya
Pengguna Google,5,2026-05-30 06:00:55,aku jadi bisa lihat tutorial -tutorial gambar sesuka hati kuuuu☺️☺️ kok
Pengguna Google,5,2026-05-30 06:00:14,semoga sesuai harapan
Pengguna Google,5,2026-05-30 05:59:30,boleh nggak Kalau main til too enggak pakai paket
Pengguna Google,5,2026-05-30 05:59:05,maafkan saya saya ngehujat tiktok
Pengguna Google,5,2026-05-30 05:58:41,aku bisa dapat temen baru
Pengguna Google,5,2026-05-30 05:58:13,sunggu paling matap
Pengguna Google,1,2026-05-30 05:57:49,Tiktok nya emang sudah bagus
Pengguna Google,3,2026-05-30 05:56:55,seru bisa scorrol
Pengguna Google,5,2026-05-30 05:56:30,ini itu bocil ff
Pengguna Google,1,2026-05-30 05:56:13,udah umur 18 tahun ke atas tapi tetep gak mau jadi semua fitur hilang tolong diperbaiki
Pengguna Google,3,2026-05-30 05:55:35,mayan lah tapi kurang aja soalnya fiturnya sebagian belum dpt
Pengguna Google,4,2026-05-30 05:53:24,suka ngeleg skrg
Pengguna Google,5,2026-05-30 05:52:23,baik
Pengguna Google,5,2026-05-30 05:48:43,apk ini baguss sekalii banyak cewe geol geol wahh mantep dahh
Pengguna Google,1,2026-05-30 05:47:51,fitur hdnya mana
Pengguna Google,5,2026-05-30 05:47:28,oke banget buat promosi jualan mantap....
Pengguna Google,5,2026-05-30 05:47:24,ini sangat bagus dan cocok di nonton
Pengguna Google,3,2026-05-30 05:46:51,tik tok nggak adill buktinya akun ku ke blokir beberapakali
Pengguna Google,1,2026-05-30 05:45:04,"lagi, dan lagi lag + fitur stiker kadang ada kadang engga bolak balik hapus hadehh gimana tiktok ini, apa saya tuntut aja?"
Pengguna Google,2,2026-05-30 05:44:39,barang mudah rusak
Pengguna Google,4,2026-05-30 05:44:25,"apk nya bagus,dan ngehibur banget"
Pengguna Google,5,2026-05-30 05:43:30,mantap
Pengguna Google,5,2026-05-30 05:43:20,"kayak eek anjer, makin ke sini makin ke sana, plenger kali tt ini, kamera tt di matikan, fitur pesan di batasi, ntah apa apa"
Pengguna Google,5,2026-05-30 05:40:40,bagus bgt
Pengguna Google,1,2026-05-30 05:38:38,tidak sesuai expetasi banyak orang yang live tidak pantas untuk anak kecil jadi aku kasih reting buruk
Pengguna Google,5,2026-05-30 05:37:56,sangaaat berguna untuk kitaa semua
Pengguna Google,5,2026-05-30 05:33:45,Sangar
Pengguna Google,1,2026-05-30 05:32:10,jlk nya kau
Pengguna Google,1,2026-05-30 05:25:38,aneh akun ku tiba tiba ke blokir sendiri
Pengguna Google,5,2026-05-30 05:25:14,mantap
Pengguna Google,5,2026-05-30 05:25:00,baik
Pengguna Google,2,2026-05-30 05:23:42,lumaian
Pengguna Google,5,2026-05-30 05:22:13,mantap
Pengguna Google,1,2026-05-30 05:20:13,"gatau knp klo di aku apk nya gak bisa mengirim pesan sama tmn trus biasanya ada keranjang klo di aku ga ada ,gatau knp semenjak download tiktok keranjang dan mengirim pesan nya gak tersedia, begitu jga live gak ada logo tulisannya gatau knp tiktok knp yahhh???"
Pengguna Google,1,2026-05-30 05:18:57,device Poco X8 promax tolong buka akses live 720/1080p min. stuck di 360p terus
Pengguna Google,5,2026-05-30 05:18:01,gopy memang ok
Pengguna Google,1,2026-05-30 05:17:20,"saya tidak suka dengan versi tiktok yang sekarang, setiap saya ingin mengupload video promosi selalu terkena pelanggaran, padahal saya tidak melakukan penipuan, dan juga padahal ada banyak video yang konsep nya sama seperti video saya, tetapi kenapa punya saya selalu terkena pelanggaran, tidak jelas."
Pengguna Google,1,2026-05-30 05:17:01,"pliss deh ini tiktok lgi gmna sih? msa aku nyoba login bbrpa kli malah stuck di mendaftar trss? TikTok lagi error atau gmna?Mohon perhatian nya lagi lahh buat ini, mslhnya aku udh nyoba hps semua apk tapi msh ttp nge stuck"
Pengguna Google,5,2026-05-30 05:16:48,sangat bagus
Pengguna Google,1,2026-05-30 05:16:02,aplikasi ini sangat besar dan jelek
Pengguna Google,5,2026-05-30 05:15:20,seru banget nonton tiktok sama ngonten aplikasinya bagus bangett
Pengguna Google,3,2026-05-30 05:14:41,ini gimana ya kalo sya mau instal pas menginstal nya ko lama ya
Pengguna Google,5,2026-05-30 05:14:29,Saya senang sekali bisah rehibur
Pengguna Google,5,2026-05-30 05:13:10,terima kasih sahabat ku
Pengguna Google,5,2026-05-30 05:11:13,👍
Pengguna Google,5,2026-05-30 05:10:29,sangat seru untuk berkomunikasi secara efektif
Pengguna Google,5,2026-05-30 05:10:17,seru
Pengguna Google,1,2026-05-30 05:09:13,tiktok anjing
Pengguna Google,5,2026-05-30 05:08:27,sangat bagus
Pengguna Google,5,2026-05-30 05:05:46,"nonton drama di tiktok terbukti membayar, saya kasih ranting 5 karena nonton iklan produk bisa sambil belanja juga."
Pengguna Google,1,2026-05-30 05:05:42,alotttt
Pengguna Google,5,2026-05-30 05:05:25,seruuu
Pengguna Google,2,2026-05-30 05:02:10,"banyak bug,saya upload video cuma foto live 1 persen mulu ga ke upload upload"
Pengguna Google,5,2026-05-30 05:01:14,kontolkontol
Pengguna Google,5,2026-05-30 05:01:05,Tik Tok
Pengguna Google,5,2026-05-30 05:01:04,aku suka dngan aplikasi nya sngat bagus
Pengguna Google,5,2026-05-30 04:59:45,"lumayan sih,tapi kalo ada fitur baru kadang aku selalu ketinggalan"
Pengguna Google,5,2026-05-30 04:58:07,maaff Atas sebesarnya saya mau scrol lagi tapi akun saya terkena blokir selama nya tolong aktifkan lagi tiktok saya
Pengguna Google,5,2026-05-30 04:58:00,maaf jangan muncul kan drama cina dan drama Korea saya kurang suka maaf kalo saya egois sendiri
Pengguna Google,5,2026-05-30 04:55:42,poo
Pengguna Google,1,2026-05-30 04:53:44,sering keluar sendri tanpa sebab
Pengguna Google,5,2026-05-30 04:52:19,trumaksih
Pengguna Google,1,2026-05-30 04:50:42,busuk gak bisa didownload
Pengguna Google,2,2026-05-30 04:50:28,entah kenapa tiktok sekarang udah gak selancar dulu
Pengguna Google,1,2026-05-30 04:50:11,tiktok dzolim. algoritma tolol malah dikasi konten vulgar dan iklan. kontennya itu itu melulu. jadi susah dapat informasi terkini
Pengguna Google,4,2026-05-30 04:50:02,sangat bags
Pengguna Google,5,2026-05-30 04:49:44,waw sangat baik
Pengguna Google,5,2026-05-30 04:49:02,enak nya nonton tiktok sambil nyemil
Pengguna Google,5,2026-05-30 04:48:28,testing
Pengguna Google,5,2026-05-30 04:46:36,ASSALAMUALAIKUM tolong dong kan aku lagi buat video udah ku aplod tapi kok GK ada ya aku bukannya mau marah sama ngejek tapi aku buat video nya susah + sering keluar sendiri terus hilang padahal memori dikit tolong dong PERBAIKI
Pengguna Google,5,2026-05-30 04:44:39,bagus sekali
Pengguna Google,5,2026-05-30 04:44:01,kak jangan diblokir ya semoga dijawab
Pengguna Google,5,2026-05-30 04:43:37,bahagia hari ini kita dlm lindungan Allah SWT 🤲🥰💐🙏
Pengguna Google,1,2026-05-30 04:42:45,buruk sangat buruk
Pengguna Google,5,2026-05-30 04:42:33,tiktok aplikasi yang menhibur semua oran
Pengguna Google,5,2026-05-30 04:40:02,tidak bisa update terbaru
Pengguna Google,5,2026-05-30 04:39:40,cukup keren
Pengguna Google,5,2026-05-30 04:39:23,Sangat Baguss👍
Pengguna Google,5,2026-05-30 04:38:06,tolong update tiktok saya Tiktok saya belum ada fitur sorotan
Pengguna Google,1,2026-05-30 04:37:40,kenapa sih lagu nya gak hilang hilang gak bagus lagi leg terus ada tulisan tiktok tidak menanggapi😭😭😭😭😭👎👎👎
Pengguna Google,4,2026-05-30 04:37:36,enggak terlalu buruk si aplikasi ini bagus lah tapi kasih 4 bintang dulu masih banyak bug di hp saya.
Pengguna Google,5,2026-05-30 04:36:06,sangat penting ffff
Pengguna Google,5,2026-05-30 04:35:36,bagus
Pengguna Google,5,2026-05-30 04:34:17,bagus Karena bisa di bikin tren brazil atau bisa di buat slowmo
Pengguna Google,1,2026-05-30 04:34:02,"makin sini makin ga jelas,padahal jaringan lancar, tetep aja buka tiktok ga bisa, giliran ke apk lain bisa bisa aja"
Pengguna Google,5,2026-05-30 04:32:47,aplikasi ini sangat menghibur dan mudah untuk belanja semoga tambah meningkat jangkauannya
Pengguna Google,5,2026-05-30 04:31:40,saya tidak bisa ngechat
Pengguna Google,3,2026-05-30 04:31:08,sangat bagus
Pengguna Google,3,2026-05-30 04:29:46,fitur tata letaknya kok gk ada padahal udah update juga perbaiki lagi dung🔪🔪
Pengguna Google,5,2026-05-30 04:24:59,plis aku juga mau punya akun titik😭😭😭😭😭
Pengguna Google,5,2026-05-30 04:23:48,"bagus, aku bisa kumpul koin dan giv kaka ku jangan hapus vitur kumpul koinnya min"
Pengguna Google,5,2026-05-30 04:22:34,Seru aja🗿
Pengguna Google,5,2026-05-30 04:21:31,Perikanan
Pengguna Google,4,2026-05-30 04:20:53,ada pembatasan usia jadi susah mau mengakses nya
Pengguna Google,4,2026-05-30 04:20:15,agak mengecewakn
Pengguna Google,3,2026-05-30 04:19:55,enggak ada vitir vn nya
Pengguna Google,1,2026-05-30 04:19:28,Ga baikkk
Pengguna Google,4,2026-05-30 04:18:19,"permisi TikTok, saya di sini ingin melaporkan sebuah masalah mengenai fitur baru yang ditambahkan yaitu fitur sorotan. meski sudah saya update kedua kalinya yang terbaru ini, fitur sorotan tersebut masih saja tidak muncul, saya sudah coba berbagai cara seperti menjadi tester TikTok beta dan sebagainya namun tetap saja setelah beberapa hari kemudian fitur sorotan tersebut tidak muncul juga. anehnya, di akun kedua saya, fitur sorotan tersebut berfungsi dengan baik dan normal. jadi bagaimana ini?"
Pengguna Google,5,2026-05-30 04:17:19,bagusss shekhaly
Pengguna Google,5,2026-05-30 04:16:21,"kasih fitur baru dong,kalau seandainya kita live kita tap tap layar atau like video love nya di ubah jadi warna warni biar gak bosan dan lucu atau sesuai kan perayaan jadi misalnya idul fitri like nya atau tap tap layar nya berarti identik dengan ketupat gtu lah"
Pengguna Google,5,2026-05-30 04:16:01,belum bisa mengakses fitur Paylater
Pengguna Google,1,2026-05-30 04:15:38,punya org' kok udh pd ada sorotan sedangkan punya w blm😒
Pengguna Google,1,2026-05-30 04:15:31,"sangat buruk , selalu minta upgrade"
Pengguna Google,5,2026-05-30 04:13:46,ok
Pengguna Google,5,2026-05-30 04:11:57,bagus banget kalo misal aku lagi gabut selalu nonton tiktok
Pengguna Google,5,2026-05-30 04:09:24,kalau orng bikin foto live ada logo nya plisss walau pun andro
Pengguna Google,5,2026-05-30 04:08:56,wel
Pengguna Google,5,2026-05-30 04:07:39,tiktok saya tidak bisa vn
Pengguna Google,1,2026-05-30 04:03:24,Gw ga ngapa-ngapain ke banned dasar tik tok ANJ*NG
Pengguna Google,5,2026-05-30 04:03:01,mantap
Pengguna Google,5,2026-05-30 03:58:22,"*Poplayer FF* itu bukan cuma jago main, tapi orang yang orang lain suka nonton dan follow. Ada 2 jalur: jago + konten. 1. Bangun ""Karakter"" Lo Dulu Orang follow orang, bukan skill doang. - *Cari ciri khas*: Suara khas, gaya ngomong kocak, jago nge-roast, atau jago prank temen. Contoh: Dyland Pros = kocak & jago, Jonathan Liandi = edukasi & tenang. - *Konsisten persona*: Kalo di game lo toxic, jangan harap orang betah nonton lama. Toxic dikit buat hiburan oke, tapi jangan keerusan. - *Interaks"
Pengguna Google,5,2026-05-30 03:58:11,bagus banget pokoknya jadi ga kudet (kurang update)
Pengguna Google,1,2026-05-30 03:55:42,"yaa begitu lahh pokoknya, puqi luu"
Pengguna Google,1,2026-05-30 03:54:43,2 kali akun saya di ban tanpa sebab tolong di bantu padahal saya tidak pernah mengupload konten apapun dan tidak pernahh melanggar aturan tolong di respon untuk tiktok
Pengguna Google,1,2026-05-30 03:52:29,"ga tau entah hp gw yang kentang apa apk ny emang Kya gitu, ga woth ith ngelag bgt"
Pengguna Google,5,2026-05-30 03:51:07,"If this application didn't exist, I wouldn't have my happiness because my sadness depends on this application."
Pengguna Google,5,2026-05-30 03:49:37,dibuka sering ngelek dak bisa buka ditunggu sampai hp eror tolong dong
Pengguna Google,5,2026-05-30 03:46:21,bagus bgt tapi... banyak yg tidak di lihat oleh anak anak yg totonan org dewsah yg gey ada yg lesbian ada juga yg sus
Pengguna Google,5,2026-05-30 03:43:28,karena aku sukak liat tiktok ya aku kasih bintang 5😭
Pengguna Google,5,2026-05-30 03:43:01,baguss
Pengguna Google,5,2026-05-30 03:41:33,apk bagus
Pengguna Google,5,2026-05-30 03:41:06,aku menyukai tiktok karena kita bisa berbelanja online dan kita juga bisa membuat video
Pengguna Google,5,2026-05-30 03:41:04,kuuuuuuu di
Pengguna Google,1,2026-05-30 03:40:46,"Tiktok sekarabg tidak asik saya mengasih bintang 1 karena tik tok memben anak anak yang masi bocil lah bisa di bilang tapi kenapa bukan akun yang di banned itu akun yang bocilnya masih kelas 1-6 sd dan juga jangan hanya menilai dari muka siapa tau ada yang sudah sma dan mukanya masi seperti anak smp dan saya akan kasih bintang 4,5 kalau tiktok merubah peraturannya jadi tidak masalah umur dan kelas berapa kecuali kelas 1-6 sd selain itu seperti smp ke atas akunnya tdk d baned soalnya akun ku kna"
Pengguna Google,5,2026-05-30 03:37:13,pokok nyaa seruuuu
Pengguna Google,1,2026-05-30 03:36:38,lama lama gak ada yg like aku pusing!
Pengguna Google,1,2026-05-30 03:36:37,Lag
Pengguna Google,3,2026-05-30 03:35:56,"tolong hilang kan mini drama sangat menggangu, udah tu mini drama nya berbaur ke 18+, tolong di hilangkan"
Pengguna Google,5,2026-05-30 03:35:37,pliss tiktok hapus kode blokir
Pengguna Google,1,2026-05-30 03:35:20,jelek udah hapus game ku yang paling ku suka malah ngak ke download jelek tiktoknya
Pengguna Google,2,2026-05-30 03:31:06,tiktok tolong sesegera mungkin munculin fitur vn di komen biar kayak yang lain dongg
Pengguna Google,4,2026-05-30 03:27:08,tiktok lumayan seru tonton nan nya rame rame bisa belanja lagi
Pengguna Google,5,2026-05-30 03:24:51,ai base
Pengguna Google,5,2026-05-30 03:24:38,sangat bgusss sayaaa suka
Pengguna Google,2,2026-05-30 03:21:57,"Huh,sangat kecewa.. menonton sering bug saat selesai keluar dari pencarian, kadang-kadang layar putih atau item,dan juga ini memori nya cepet bgt nambah,sehari bisa tiba-tiba 1 GB aja,padahal ga ada draft,kurangi memakan memori dong.."
Pengguna Google,1,2026-05-30 03:18:50,tolong benerin dulu tiktok nya masa sehari di-update
Pengguna Google,1,2026-05-30 03:18:24,setelah abdet gk normal
Pengguna Google,5,2026-05-30 03:17:54,asik
Pengguna Google,5,2026-05-30 03:17:48,"pls bencii bgt sumpah, pas mau msk ke app TikTok nya pas scroll Dikit ngelek +langsung keluar dri app nya itu bikin aku stress,sekali scroll langsung ngecrash terus udahan nya keluar gasuka bgt sumpah apalagi pas lagi divt pencarian lgi scroll ngecrash terus malah balik ke tempat vt yg lain terus udahan nya malah keluar dri app nya, sebel bgt koh pas mw chat sm temen harus ngelek bgt kah? pdhl memo ku ga penuh loh? kok bs ngelek bgt sih? pls tolong diperbaiki klo msih kaya biasa perbaiki lgi"
Pengguna Google,4,2026-05-30 03:17:47,tapi agak lemot
Pengguna Google,1,2026-05-30 03:15:27,gak bisa masuk apk tiktok ini jelek
Pengguna Google,1,2026-05-30 03:15:22,knp akun saya di band? saya sangat sedih atas perilaku kalian
Pengguna Google,5,2026-05-30 03:14:59,"yg bilang ""selalu keluar sendiri dari aplikasi "" itu hp lu kentang kocakk , malah nyalahin developer 😹"
Pengguna Google,1,2026-05-30 03:13:44,kena pelanggaran 18+ udah di banding berkali kali foto KTP sama foto muka di stor belum terselesaikan belum terverifikasi tindakan tik tok gimana🙏kalau nggak niat buat apk jangan mempersulit penggunanya😄
Pengguna Google,1,2026-05-30 03:11:45,sangat buruk update terbaru ini sangat eror kadang akun ku kena band tanpa alasan.
Pengguna Google,5,2026-05-30 03:10:54,bagus tapi saya foto tata letaknya tidak bisa pakai filter
Pengguna Google,5,2026-05-30 03:09:29,"kenapa sekarang udah gabisa ganti poto profil aku mau ganti ada tulisan coba lagi, gimana ini perbaiki dong"
Pengguna Google,5,2026-05-30 03:07:52,bagussss bangettt apkk nyaaa
Pengguna Google,5,2026-05-30 03:07:34,#####################################№############$##№################№###№##### tolong sos
Pengguna Google,1,2026-05-30 03:07:22,"gak bisa dibuka,menginstalnya lama,butut"
Pengguna Google,5,2026-05-30 02:59:51,good
Pengguna Google,5,2026-05-30 02:59:42,"bagus banget si tiktok tuh menghibur banget buat akuu, yang suka scroll tiktok, dari aku sii ga ada - nya yya pokoknyaa lovvvv tiktokk💟"
Pengguna Google,5,2026-05-30 02:56:07,oke
Pengguna Google,1,2026-05-30 02:54:21,"tiktok shop nya banyak penjual yg scam, entah knp tidak ditindaklanjuti, sudah bnyk korbannya yg paketnya gagal terkirim, penjual tidak melakukan konfirmasi jelek ah kecewa"
Pengguna Google,5,2026-05-30 02:54:16,keren poinnya
Pengguna Google,5,2026-05-30 02:49:06,engk bisa save video offline
Pengguna Google,5,2026-05-30 02:48:32,tiktok ini seru dan kyk YouTube tapi ini lebih banyak nguras data/paket saya beli kouta 10 hari yg data 5 hari yg kouta chat 5 hari kok kouta data cuma 2 hari udh lah gpp kok saya juga ada Wi-Fi di rumah maaf klo ada salah kta dan salah huruf atas dari kami terima kasih🙏 pemilik tiktok bagus banget sih ini tiktok nya kenapa harus di atas 18 tahun tolong ganti jadi di atas 10 tahun terima kasih kembali sebesar-besarnya
Pengguna Google,1,2026-05-30 02:48:23,plis dong akun aku boleh ikuti siapa saja aku mau tiktokan ya plis
Pengguna Google,3,2026-05-30 02:47:42,saya ralat dari bintang 5 jadi 3 aplikasi error terus Masuk keluar tiap masuk keluar terus😬😬 mohon pihak pengembang cepat kembali perbaiki. kalo gak ada perbaikan jadi bintang 1
Pengguna Google,5,2026-05-30 02:43:55,min kok di aku gk ada vitur vn?
Pengguna Google,1,2026-05-30 02:43:19,"jelek banget gua mau live g bisa padahal udh 900 follower tpi tetap g bisa, awalnya gua salah masukin tanggal lahir jdi batas umur.. pas gua ubah tanggal lahir nya jdi terpenuhi untuk bisa live gua kan aju banding tpi ga pernah diterima berbulan-bulan.. ampe sekarang g bisa udh 100× gua aku banding.. parah jelek!!!"
Pengguna Google,5,2026-05-30 02:42:56,titok skrng ada pembatasan usia
Pengguna Google,5,2026-05-30 02:41:52,aplikasi nya bagus ga bikin bedmood
Pengguna Google,3,2026-05-30 02:40:01,karena baru bikin akun tiktok langsung ke blokkir
Pengguna Google,1,2026-05-30 02:39:54,"aplikasi kandang monyet di indonesia, bayangin ada orang jahat tapi orang² indo bilang dia nggak salah cuma nemu"
Pengguna Google,5,2026-05-30 02:39:16,yekinawipa
Pengguna Google,5,2026-05-30 02:35:59,aplikasi ini bagus dan nyaman di tonton
Pengguna Google,2,2026-05-30 02:35:57,"kecewa banyak filter yg tidak dpt digunakan untuk live, bnyk yg tidak tersedia di hp saya"
Pengguna Google,5,2026-05-30 02:35:28,seruuuuu
Pengguna Google,1,2026-05-30 02:35:28,"tiktok shope lama banget pengirimannya, 2 mingguan lebih loh, bahkan sampe hampir sebulan padahal, gk PO, yg d pesan mending toko sebelah, pengiriman ekonomi tapi seminggu sdh ada, kurir jnt dri tiktok shop, juga misal d kasih 99.600 langsung di genapin 100rb jir,"
Pengguna Google,3,2026-05-30 02:34:28,Suparman usup1984gmailcom oppoa37f
Pengguna Google,5,2026-05-30 02:33:57,APL JB
Pengguna Google,1,2026-05-30 02:33:54,plis dong kalo ngeblokir akun tiktok jangan sampai ke perangkat hp nya juga jadi aku yang rugi tolong di buka ya blokiran yang diperangkan hp ini tolong dong buka blokiran nya kalo ga bisa ijinkan aku buat akun baru
Pengguna Google,1,2026-05-30 02:33:06,ngeleg
Pengguna Google,5,2026-05-30 02:27:28,selalu semangat
Pengguna Google,5,2026-05-30 02:24:33,hiburan menghibur.. tapi algoritma nya belum fair..
Pengguna Google,5,2026-05-30 02:23:44,seruuuu
Pengguna Google,5,2026-05-30 02:19:57,aplikasi Bagus
Pengguna Google,4,2026-05-30 02:19:52,gk tau🗿
Pengguna Google,3,2026-05-30 02:18:52,tau le nga gaga mar nga ini tiktok jaga Takem bali sandiri
Pengguna Google,5,2026-05-30 02:16:28,Good
Pengguna Google,1,2026-05-30 02:16:22,banyak orang fomo suka orsting orang yang video nya masih pemula
Pengguna Google,1,2026-05-30 02:14:58,Habis di update malah verifikasi melulu. gak jelas
Pengguna Google,5,2026-05-30 02:14:26,aku suka aplikasi ini karena bisa menghibur diri di video singkat dan ada video lucu juga
Pengguna Google,1,2026-05-30 02:13:48,"makin ksini makin jelek bgt najis, gamood bgt tiap buka tiktok ga lama langsung keluar sendiri, gmn si, g nyaman bgt, tlg d perbaiki, klo ky gni sy mls buka tiktok, nyusahin aje"
Pengguna Google,5,2026-05-30 02:08:19,tiktok ini bisa menghibur kita saat kita lagi ngk mood
Pengguna Google,2,2026-05-30 02:08:16,ngeup vt selalu nge stuck di 30%
Pengguna Google,1,2026-05-30 02:06:18,"aplikasi sarang monyet, konten negatif di bolehin tapi konten biasa aja kena pelanggaran. cuma gegara nggak diizinin notifikasi aja setiap buka tiktok nyuruh buat aktifin, maksa banget, itu kan hak orang yang download tiktok. konten positif di bikin sepi tapi konten bokep nggak di sensor dan dibikin fyp, apalah tiktok ngentod. mana isi nya orang² SDM rendah lagi, perbaiki lagi tu pengawasan konten!!"
Pengguna Google,4,2026-05-30 02:03:39,Tak bisa abded
Pengguna Google,1,2026-05-30 02:02:28,iklan aplikasi tik tok ini sangat mengganggu saat muncul di aplikasi lain!
Pengguna Google,5,2026-05-30 02:02:06,saya suka dengan tiktok
Pengguna Google,5,2026-05-30 02:00:30,tiktok ya ngabisa laiv
Pengguna Google,5,2026-05-30 01:57:11,josjis
Pengguna Google,5,2026-05-30 01:54:45,aplikasi ini bagus banget bisa dapat uang hingga ratusan
Pengguna Google,5,2026-05-30 01:53:24,gimana fn
Pengguna Google,1,2026-05-30 01:48:48,tidak bisa masuk
Pengguna Google,5,2026-05-30 01:48:31,aplikasi nya sangat bagus
Pengguna Google,5,2026-05-30 01:46:43,bagus
Pengguna Google,5,2026-05-30 01:46:03,"aplikasi nya bagus, cuma kok saya gabisa update ya? katanya bisa post ulang lewat like dipencet lama, tp kok sy engga? bisa tolong diperbaiki? dan gaada tombol update nya jg"
Pengguna Google,3,2026-05-30 01:45:14,lama bgt menginstal nya!
Pengguna Google,5,2026-05-30 01:44:38,Baguus
Pengguna Google,1,2026-05-30 01:44:12,tidak dapat login🥱
Pengguna Google,3,2026-05-30 01:42:25,"menurut saya hapus fitur sorotan tiktok itu kayak,meniru Ig dan bukan ciri khas tiktok sendiri bisa menjadi atau di bilang tt plagiat Ig"
Pengguna Google,5,2026-05-30 01:41:36,ya bagus banget sihhh
Pengguna Google,1,2026-05-30 01:41:21,ada bantuan untuk konsultasi masalah pengembalian barang ? kmaren saya sudah ke outlet expedisi yg ditunjuk tapi ditolak.
Pengguna Google,5,2026-05-30 01:40:18,Aplikasi nya bagus kami kasih reting bintang lima
Pengguna Google,5,2026-05-30 01:38:10,gacorr gabut saya jadi hilang
Pengguna Google,5,2026-05-30 01:37:32,top
Pengguna Google,5,2026-05-30 01:36:38,akhir2 ini tiktok aplikasi keluar sendiri terus menyebalkan
Pengguna Google,5,2026-05-30 01:35:13,rwwee
Pengguna Google,5,2026-05-30 01:34:34,serusih tapi aku gk bisa vn
Pengguna Google,5,2026-05-30 01:32:22,ok
Pengguna Google,4,2026-05-30 01:30:19,"g bsa di download, pdhl memori msih bnyk, seri andronya jg ga yg lama , perbaiki lg dong tiktok, trimksi tiktok sdh d perbaiki"
Pengguna Google,1,2026-05-30 01:30:09,knp gk ada pitur lokasinya?
Pengguna Google,5,2026-05-30 01:29:34,aplikasi ini sangat bagus untuk mengetahui apa kejadian yg lagi viral
Pengguna Google,5,2026-05-30 01:24:03,Bagus sekali
Pengguna Google,5,2026-05-30 01:23:39,bagus! tapi tambahkan seperti youtube! kalau di videonya kucing langsung kalau pencet love/like langsung muncul kucing gitu!
Pengguna Google,2,2026-05-30 01:19:01,tiktok ini knp aku dpt pelanggaran gara-gara posting video violent?? PADAHAL VIDEO KU GAADA UNSUR DARAH/VIOLENT SAMA SEKALI LOH???
Pengguna Google,1,2026-05-30 01:17:47,hai tiktok aku bukan mau mengasih nilai mu buruk tapi setiap buka tiktok fyp saya pasti ada yang tidak mengenakan kayak cewek geol geol kayak gitu
Pengguna Google,5,2026-05-30 01:17:20,kok di akuu ga ada streak nyaa 😡😡
Pengguna Google,5,2026-05-30 01:17:08,seru banget sihhh
Pengguna Google,5,2026-05-30 01:15:58,"sumpah ngelag habis itu malah tulisannya ""tiktok tidak menanggapi"" apa apa an coba, sengaja rate 5 plis betulin bug ini"
Pengguna Google,2,2026-05-30 01:14:38,tiktok skrg lemot jelek srg keluar tiba²😡
Pengguna Google,1,2026-05-30 01:13:32,stelah di update.knpa pitur live smua GK ada
Pengguna Google,5,2026-05-30 01:13:04,sangat bagus
Pengguna Google,5,2026-05-30 01:11:51,bagus dh gitu ajh
Pengguna Google,5,2026-05-30 01:11:40,Gokil
Pengguna Google,5,2026-05-30 01:10:33,Sangat membantu
Pengguna Google,5,2026-05-30 01:09:56,Kyk asu tiktok
Pengguna Google,1,2026-05-30 01:05:14,"fitur shop dan fitur live diakun saya tidak ada, tolong secepatnya diperbaiki"
Pengguna Google,3,2026-05-30 01:02:09,kok aplikasi nya ngga bisa di instal?
Pengguna Google,5,2026-05-30 00:58:28,asikkk
Pengguna Google,1,2026-05-30 00:54:47,"apk lemot, bug terus kenapa sih saya sudah update tapi malah makin bug nih. udah gitu sering gak jelas keluar sendiri. makin bug makin lemot, PERBAIKAN LAGI DEH! jangan bikin penguna kesell teruss!"
Pengguna Google,1,2026-05-30 00:50:37,Gak bisa bikin story
Pengguna Google,1,2026-05-30 00:48:22,"fitur sticker sama fotonya malah hilang di aku terus ada peringatan gara² live tiktok GJ, tiktok bangs*t"
Pengguna Google,3,2026-05-30 00:47:29,ke blokir terus
Pengguna Google,5,2026-05-30 00:46:21,menarik
Pengguna Google,5,2026-05-30 00:38:38,aplikasi nya bagus dan kadang nga leg
Pengguna Google,4,2026-05-30 00:36:26,aku suka apps ini tapi konten kreator sekarang tu susah fyp knp ya trus vidio² gak jelas tu malah fyp aku yg udah effort bikin vidio tapi malah gak fyp gimana sih kan jadi kecewa😔 tolong diperbaiki ya tiktok 🙏🏻
Pengguna Google,3,2026-05-30 00:35:57,"nyari apa yang ditampilkan apa, gak nyambung jir masa nyari tutor malah menampilkan video joget joget"
Pengguna Google,2,2026-05-30 00:31:25,"kenapa ya Tiktok akhir² jaringannya suka nge bug, sering awal² buka, jaringannya tidak stabil. padahal jaringan saya bagus buat YouTube"
Pengguna Google,5,2026-05-30 00:29:45,"Halo! Assalammualaukum🙏 hai tiktok, sama hai semua, jadi saya mau kasih soal, (apakah? Tiktok ini luar biasa?) iya, gak, ke 2, (apakah? anda suka tiktok ini?) iya, gak, ke 3, (apakah? anda suka banget sama tiktok?) iya, gak, itu soal nya dan udah dulu ya.. Kalo itu nya dikit maaf nya semua hehe, Dadah semua dan tiktok, assalammualaikum warohmatullohi wabarakatu🙏💗💅"
Pengguna Google,1,2026-05-30 00:29:05,sekarang udah kebanyakan iklan perasaan. udah sedikit videonya yang ada iklan sama live
Pengguna Google,5,2026-05-30 00:28:52,seruuuu + banyakk selebb tapi minus ➖ nya vidio ku ga fyp + aku mau jadi seleb
Pengguna Google,5,2026-05-30 00:27:29,seruuu
Pengguna Google,1,2026-05-30 00:26:32,setiap masuk ke tik tok selalu keluar dari tik tok tong benerin dong sama stak di setiap mau masuk ke tik tok
Pengguna Google,1,2026-05-30 00:25:30,Pelanggaran Yang Tidak Jelas Di Affiliate Mohon Tolong Di perbaiki
Pengguna Google,5,2026-05-30 00:25:04,Apakah tiktok bagus Mr beast? Yeah
Pengguna Google,4,2026-05-30 00:25:00,tidak ada fitur untuk membuat foto live
Pengguna Google,5,2026-05-30 00:24:24,sangat bagus untuk scoroll tiktok dan menghibur
Pengguna Google,4,2026-05-30 00:23:52,aku gak ada fitur vn 😭 nya bedahal udah abdete tapi g bisa bisa gimana sihhh
Pengguna Google,5,2026-05-30 00:23:34,sangat bagus dan baikk 😙💯
Pengguna Google,4,2026-05-30 00:22:16,tiktok aku suka tiktok
Pengguna Google,1,2026-05-30 00:22:07,"di kurangin lagi mb nya bang,eh malah tambahin mb ne sih bang,aku tuh pengen memori nya ku gak penuh loh ah"
Pengguna Google,5,2026-05-30 00:21:55,maaci tiktok
Pengguna Google,5,2026-05-30 00:18:11,bagus banget anjir menghibur banget
Pengguna Google,3,2026-05-30 00:17:45,udah aku upgrade tapi GK bisa bikin sorotan
Pengguna Google,5,2026-05-30 00:17:05,for
Pengguna Google,1,2026-05-30 00:11:54,babi
Pengguna Google,1,2026-05-30 00:10:45,aplikasi sebesar ini tapi tidak ada fitur edit komentar
Pengguna Google,4,2026-05-30 00:08:23,lumayan
Pengguna Google,5,2026-05-30 00:07:59,aplikasi ini sangat cocok bagi anak anak sekarang
Pengguna Google,5,2026-05-30 00:06:47,jos jis
Pengguna Google,5,2026-05-30 00:06:01,bagus banget
Pengguna Google,1,2026-05-30 00:04:43,g bisa pengembalian dana
Pengguna Google,1,2026-05-30 00:01:26,tiktoknya lamaa banget ngeleg
Pengguna Google,5,2026-05-29 23:59:45,kre
Pengguna Google,1,2026-05-29 23:58:11,sering di update
Pengguna Google,4,2026-05-29 23:57:59,min kok habis update gak ada fitur vn
Pengguna Google,5,2026-05-29 23:55:32,"baik,tapi ngelag buanget loh ya"
Pengguna Google,1,2026-05-29 23:52:59,ngapa lg Lo tiktok ngapa di hp w JD ngeleg Mulu w ga mao yg lite.klo yg lite w ga co
Pengguna Google,5,2026-05-29 23:51:33,bagus banget jir yang ngomong tiktok jele gw tampa pake panci ku nanti panci gw langsung teleport💩
Pengguna Google,5,2026-05-29 23:47:39,Bagus sekali aplikasi yah
Pengguna Google,5,2026-05-29 23:46:50,karena semakin scrol makin seru
Pengguna Google,2,2026-05-29 23:45:57,bagus cuma terlalu banyak fitur jadi ganggu
Pengguna Google,5,2026-05-29 23:41:02,"mohon untuk tiktok akun saya kena bened pembatasan usia ,padahal usia saya 25 , cuman gara gara DM kelas 6sd kok di batesi ,dan harus verivikasi foto KTP , takutnya di salah gunakan data nya , kecawa ku udah gak bisa jual beli dan berpesan"
Pengguna Google,1,2026-05-29 23:32:37,"tiktok sering ngelag dan sering ada pemberitahuan tiktok tidak menanggapi, sering ada suara tingg ketika ngelag , sering keluar sendiri"
Pengguna Google,5,2026-05-29 23:19:49,🥊
Pengguna Google,3,2026-05-29 23:19:48,lumayan tapi banyak perusak otak
Pengguna Google,5,2026-05-29 23:19:21,keren mantap
Pengguna Google,5,2026-05-29 23:14:11,"semenjak saya menggunakan aplikasi ini, saya sangat tertarik"
Pengguna Google,2,2026-05-29 23:12:44,jaringan sudah bagus tapi pas masuk apk jd lemot pas buka apk lain masih bisa.pas cek kuata masih banyak kuata nya..setelah upgred kek aneh gini..mohon di perbaiki lagi
Pengguna Google,5,2026-05-29 23:12:44,pokoknya mantap deh
Pengguna Google,5,2026-05-29 23:08:44,terbaik
Pengguna Google,5,2026-05-29 23:04:45,tiktok gue gak bisa vn
Pengguna Google,1,2026-05-29 23:04:44,woy tiktok kembalian kotak harta Karun yang yang baru enggak jelas' banyak yang enggak lebih kotak harta Karun yang lama semoga lhoo mendengar kan keluhan ku mewakili seluruh pengguna tiktok
Pengguna Google,2,2026-05-29 23:02:38,"apk pembodohan, masa iya kita komen kritik dihapus mulu dikira ngelanggar mulu dahal gw disitu gda unsur yg menyinggung, tapi giliran ada live tt lgi ngeW mlh gk ke ban atau ngelanggar dahal bnran sejelas itu mreka lgi entutan, emg rada² nih apk pembodohan"
Pengguna Google,5,2026-05-29 23:01:56,bismillah fitur baru
Pengguna Google,1,2026-05-29 22:56:57,tolong dong saya ga buat api tapi teman saya ga bisa repost story' di api saya tolong perbaiki secepatnya akan dong rusak terus gmn sih terus apl kadang atau seringkali crash dan lag jadi tolong dong perbaiki
Pengguna Google,5,2026-05-29 22:51:02,mantap
Pengguna Google,1,2026-05-29 22:50:09,"ini ttk gue knp selalu ketinggalan update sih, gembel wkw"
Pengguna Google,3,2026-05-29 22:48:18,saran jangan di update tampilan nya jadi anehh font nya tuhhh anehh fitur yang tadinya ada jadi enggak 😹
Pengguna Google,5,2026-05-29 22:45:09,mantap
Pengguna Google,1,2026-05-29 22:44:54,butut Ngan butuh
Pengguna Google,4,2026-05-29 22:28:15,mas GK dapet fitur vn padahal pengen
Pengguna Google,1,2026-05-29 22:25:01,Tidak bisa di instal aplikasinya untuk android 5.1
Pengguna Google,5,2026-05-29 22:22:51,sangat bermanfaat
Pengguna Google,5,2026-05-29 22:21:11,bgus
Pengguna Google,1,2026-05-29 22:18:37,Aplikasi bodoh tiap saat lu sllu minta update update update ppekklu aja update njinggg
Pengguna Google,1,2026-05-29 22:15:21,ada bug yang sangat meresahkan yaitu buffering (loading terus menerus) padahal sinyal saya bagus dan bisa nonton yt atau main game lain
Pengguna Google,1,2026-05-29 22:12:15,tukang blokir akun uu jelek
Pengguna Google,5,2026-05-29 22:11:40,baik
Pengguna Google,5,2026-05-29 22:11:36,bagus
Pengguna Google,2,2026-05-29 22:09:43,masa pas udah download malah ga ke instal buang²internet
Pengguna Google,5,2026-05-29 21:58:46,oke
Pengguna Google,1,2026-05-29 21:54:44,ini gimana sih kok luding trus gak bisa² padahal kemarin lancar² bae
Pengguna Google,5,2026-05-29 21:53:01,aplikasi sarang monyet SDM rendah.
Pengguna Google,4,2026-05-29 21:45:40,karena aplikasi ini saya belajar mengenali online untuk saya besar nanti
Pengguna Google,1,2026-05-29 21:31:11,"akun saya tiba tiba di blokir semua 9 akun sekaligus tanpa ada penjelasan sedikit pun aneh habis itu GK bisa liat tiktok lagi padahal udah buat akun baru gblok fakta tiktok tolol ,gblok ,tolol,"
Pengguna Google,1,2026-05-29 21:30:11,ketika hp saya membuka aplikasi terjadi lag parah
Pengguna Google,5,2026-05-29 21:27:04,bagus ok
Pengguna Google,5,2026-05-29 21:09:25,bgus
Pengguna Google,1,2026-05-29 20:58:15,"na bilang temanku, apk jelle"
Pengguna Google,5,2026-05-29 20:53:16,"Amazing ,100 bintang buat mu"
Pengguna Google,1,2026-05-29 20:50:35,Kagak adatiktok shop nye payah
Pengguna Google,5,2026-05-29 20:42:16,mantap
Pengguna Google,5,2026-05-29 20:35:02,hebat
Pengguna Google,5,2026-05-29 20:34:27,mantap benar² cair uangnya ke dana
Pengguna Google,5,2026-05-29 20:31:51,👍
Pengguna Google,1,2026-05-29 20:27:10,knp pas saya update tiktok sangat lama sampe 6 jam padahal jaringan bagus jadi plis di benerkan
Pengguna Google,5,2026-05-29 20:19:53,ok
Pengguna Google,4,2026-05-29 20:15:26,bagus
Pengguna Google,5,2026-05-29 19:54:07,terbaik
Pengguna Google,1,2026-05-29 19:53:12,kebanyakan update iya tapi masih aja sinyal ngefrezee terus enggak jelas padahal sinyal saya bagus banget.. update melulu udah mah pas download lama lagi loginnya stress
Pengguna Google,1,2026-05-29 19:43:37,", A,,"
Pengguna Google,1,2026-05-29 19:38:06,sangat besar makan ram hp😢
Pengguna Google,5,2026-05-29 19:35:04,okay 👍
Pengguna Google,2,2026-05-29 19:28:30,jaringan bagus masih saja leg
Pengguna Google,5,2026-05-29 19:26:22,oke
Pengguna Google,5,2026-05-29 19:24:40,aplikasi bagus
Pengguna Google,5,2026-05-29 19:15:00,gk ada paylater nya
Pengguna Google,5,2026-05-29 19:11:45,aplikasi yng bagus dan seru
Pengguna Google,5,2026-05-29 19:10:12,"fitur livefoto tidak bisa digunakan dan ini saya rasa adalah bug update, tolong diperbaiki"
Pengguna Google,1,2026-05-29 18:56:02,"tolong dihilngkan fitur pembatsan usianya tiktok, karena saya berusia 23 tahun tetap kena pembatasan usia, karena pembatasan usianya saya tidak bisa live dan dm lagi. Tolong dihilangkan!!!"
Pengguna Google,1,2026-05-29 18:49:20,makin lama makin buruk aplikasi tiktok ini.
Pengguna Google,1,2026-05-29 18:40:22,sangat disayangkan saya kurang mengerti aturan tiktok masa tiktok shop nya gaada heran saya
Pengguna Google,5,2026-05-29 18:39:28,enak liat tiktok
Pengguna Google,5,2026-05-29 18:36:55,fitur vn nya mna min
Pengguna Google,1,2026-05-29 18:36:43,"ni apk paan si bgst lag bgt mnyt, pdhl memo gua msih bnyk dh tu gua jg rutin bersihin hp msih aj lag bgst. kdng sinyl jg tu, pdhl wifi gua aman lancar jayaa tpi msih aj ngelag lagnya auzubillah njisny. mhn di fix lgi y jing."
Pengguna Google,4,2026-05-29 18:32:53,kadang suka ngelag kalo mau scroll video
Pengguna Google,1,2026-05-29 18:26:59,tidak bisa mendaftar terhenti di tanggal lahir ga bisa terus maju
Pengguna Google,1,2026-05-29 18:20:29,"tolong perbaiki sistem algoritma, video yang ku buat sama sekali tidak masuk algoritma tagar yang di pakai, bahkan penonton nya 0 ada pun itu juga karena aku cek pake akun ke 2 / akun teman atau ini kah cara kalian mau merampok seseorang, tiap kali saya masuk aplikasi ini selalu nawarin promosi dan selalu saya abai kan sejak kalian mewarnai hal itu video saya hampir tidak ada yang menonton, bahkan saat saya cek langsung ke tagar nya vido saya tidak ada, gini ya cara kalian untuk cari cuan 😡😡"
Pengguna Google,1,2026-05-29 18:18:44,sangat mengecewakan tiba tiba di block mau banding gak bisa laporan dibawah umur masak saya umur 41 dibilang dibawah umur gila
Pengguna Google,5,2026-05-29 18:17:00,Saya kasih 5 bintang
Pengguna Google,5,2026-05-29 18:13:31,JOSSSS JISSS
Pengguna Google,5,2026-05-29 18:09:18,bagus banget
Pengguna Google,1,2026-05-29 18:08:42,"pesanan nggak dikirim, udah lewat batas waktu masih nanya mau dibatalin enggak. udah gue batalin dana nyangkut di saldo, nggak bisa ditarik kudu min. 50k. heh gue udah malea ya belanja di tempat lu. udah rugi waktu, nggak dapet barang, uang mau ditarik kagak bisa. tutup ajalah tu tiktok shop kagak usah jualan, kalau banyak nyusahin doang. suruh ke cs, tp cs kagak 24jam😆 lu lucu apa tolol?"
Pengguna Google,5,2026-05-29 18:08:02,123 Kalimantan
Pengguna Google,5,2026-05-29 18:05:57,kenapa saya tidak bisa upload video terjadwal?
Pengguna Google,5,2026-05-29 18:04:35,👍
Pengguna Google,5,2026-05-29 18:03:10,baguss
Pengguna Google,1,2026-05-29 18:00:18,kurang sih
Pengguna Google,5,2026-05-29 17:59:06,apk yg sangat memuaskan
Pengguna Google,1,2026-05-29 17:57:52,rating jujur buat sekarang jelek banget banyak fitur-fitur ga guna dan bug gajelas🫩
Pengguna Google,4,2026-05-29 17:47:34,"saya masih ada bug, udah update tapi sticker dan voice komentar tidak ada"
Pengguna Google,5,2026-05-29 17:44:57,siip tk kasih 5
Pengguna Google,3,2026-05-29 17:44:49,"kenapa drama pendek sudah berbayar, dlu kan free"
Pengguna Google,5,2026-05-29 17:44:37,bagus
Pengguna Google,5,2026-05-29 17:42:11,Mf sebelumnya Untuk keselahan ap kasi TIKTOK INI Y TOLONG DI PERBAIKI BANYAK MASALAH DARI SEGALA KENDALA ATAU MASALAH YG KITA ALAMI DARI TIKTOK INI ADALAH KENPA SIKIT MUNCUL APLIKASI TIKTOK TIDAK MENANGGAPI JADI HARUS KITA TUTUP WALAUPUN BARU KITA DLM KEADAAN LIVE MATIKAN DULU SETIAP KALI MUNCUL APLIKASI TIKTOK TIDAK MENANGGAPI HARUS TUTUP APLIKASI DAN SANGAT MEMBUAT HP KADANG HENG BLEMG DAN BANYAK MASALAH DLM APLIKASI TIKTOK YG KITA GUNAKANSaya kasih bintang 🌟🌟🌟🌟🌟 walaupun baru aku pake
Pengguna Google,5,2026-05-29 17:40:17,ya saya suka
Pengguna Google,5,2026-05-29 17:36:47,semoga sekarang bisa vn amin 🤲🏻
Pengguna Google,5,2026-05-29 17:33:31,nonton live ditiktok dan belanja dengan mudah
Pengguna Google,5,2026-05-29 17:31:38,"tolong perbaiki, suka tiba tiba keluar sendiri"
Pengguna Google,5,2026-05-29 17:30:49,bagussssssssssssss
Pengguna Google,5,2026-05-29 17:28:28,kok hilang akun aku pas update?
Pengguna Google,5,2026-05-29 17:28:04,mantap jiwa
Pengguna Google,1,2026-05-29 17:24:31,Demi Allah sekarang tik tok nge-lag nya bukan maeeenn
Pengguna Google,1,2026-05-29 17:23:51,buruk
Pengguna Google,1,2026-05-29 17:18:56,semenjak di updet jadi buruk ngga bisa kirim ft atau vidio
Pengguna Google,2,2026-05-29 17:14:29,halo tik tok baik kok video berbau seksual gak kena pelanggaran sih? sedangkan akun saya yg cuma posting sepakbola pelanggaran? 😇
Pengguna Google,5,2026-05-29 17:13:44,aplikasi tiktok sangat keren menghibur juga bisa dapat ilmu2 tips2 juga berita2 penting dan yg paling keren dapat bonus dapat poin buat belanja tiktok shop keren trmksh
Pengguna Google,1,2026-05-29 17:09:23,"akun tiktok saya kenapa di blokir selamanya pak , kasihlah akses bukak pak"
Pengguna Google,5,2026-05-29 17:06:47,sangat puas
Pengguna Google,5,2026-05-29 17:06:23,"아주 잘했어, 개야"
Pengguna Google,1,2026-05-29 17:04:57,apk ga guna sering bug
Pengguna Google,5,2026-05-29 17:04:32,bagus bangat
Pengguna Google,1,2026-05-29 17:00:31,Tiktok busuk makin rame makin parah.bug dan bug kinerja nol
Pengguna Google,1,2026-05-29 16:59:27,sampah jadi iklan
Pengguna Google,1,2026-05-29 16:59:16,"lemot, pas dibuka malah kluar masuk"
Pengguna Google,1,2026-05-29 16:57:35,di update makin jelek dikit dikit kena spam pada kita chat sama teman
Pengguna Google,5,2026-05-29 16:54:44,g ayy gc halo halo
Pengguna Google,1,2026-05-29 16:53:10,baru juga download belum di buka langsung minta update apk teraneh di muka bumi
Pengguna Google,5,2026-05-29 16:51:42,ga bisa dibuka
Pengguna Google,5,2026-05-29 16:49:34,bagus bisa buat nonton
Pengguna Google,3,2026-05-29 16:43:14,"dihp saya tiktok lag banget, algoritmanya juga tidak menarik"
Pengguna Google,1,2026-05-29 16:42:31,betapa setanya tiktok ini dri batee 90% sampai habis tidak bisa di buka
Pengguna Google,5,2026-05-29 16:41:22,sngat bagus dan bermanfaat
Pengguna Google,5,2026-05-29 16:38:37,"apk bagus, bisa buat berbagi pengalaman dengan teman, dan mendapat info dari seluruh dunia"
Pengguna Google,5,2026-05-29 16:37:44,aplikasi yg sangat saya sukai
Pengguna Google,5,2026-05-29 16:37:07,seru bngett
Pengguna Google,5,2026-05-29 16:35:39,tapi ga bisa vn
Pengguna Google,1,2026-05-29 16:34:13,banyak iklan nya sama sering muncul drama pendek jelek ai
Pengguna Google,5,2026-05-29 16:33:42,sangat nyaman
Pengguna Google,5,2026-05-29 16:32:01,mantap
Pengguna Google,4,2026-05-29 16:29:57,tolong fitur screenshot nya di aktifkan kembali
Pengguna Google,3,2026-05-29 16:27:43,"plis tambahin kesempatan pulihan streak woi tambahin 10 gitu, ok suwon"
Pengguna Google,1,2026-05-29 16:27:16,"bug isi token nya di perbaiki lah, ini kalo si token yang sebentar terus isi token lagi yang ke 2x nya bakalan ga masuk, anjg bgt, malas sudah lah sawer² orang lagi"
Pengguna Google,3,2026-05-29 16:26:58,knp jam skrg ini apk tiktok d hp sy ofline . semntra sinyal bgs d apk lain bisa masuk
Pengguna Google,3,2026-05-29 16:25:30,"ini Gimana dah akun tiktok gw ilang , padahal cuma non aktif doang hadeh"
Pengguna Google,5,2026-05-29 16:21:14,LIKE
Pengguna Google,1,2026-05-29 16:19:33,tiktok bulat togat da taimarat
Pengguna Google,1,2026-05-29 16:19:23,"too dog, too many rules to make, tiktok dog app"
Pengguna Google,1,2026-05-29 16:15:55,tolong aplikasi tiktok bisa berjalan di perangkat saya redmi 9a setiap saya membuka tik tok lama dan setiap saya ngescroll di tiktok llag banget tolong diperbaiki ya🙏🏻
Pengguna Google,5,2026-05-29 16:14:59,"seru, lucu, bisa bikin ketawa&sedih, banyak cerita menarik di tiktok, dan halhal hal lain"
Pengguna Google,5,2026-05-29 16:13:58,baik
Pengguna Google,5,2026-05-29 16:13:53,good job
Pengguna Google,5,2026-05-29 16:13:40,scroll tiktok asikkk
Pengguna Google,4,2026-05-29 16:12:23,Bagus
Pengguna Google,2,2026-05-29 16:12:20,Masih tetap mengalami bug konten looping atau berulang terus
Pengguna Google,4,2026-05-29 16:10:10,saya harap ada fyp yang ber manfaat seperti tentang alam dan belajar lainya. daripada fyp dracin bikin kesal.
Pengguna Google,5,2026-05-29 16:09:58,Bagus
Pengguna Google,5,2026-05-29 16:09:57,Bagus
Pengguna Google,5,2026-05-29 16:09:16,𝚋𝚊𝚐𝚞𝚜
Pengguna Google,5,2026-05-29 16:06:16,perbaiki lagi ya mas
Pengguna Google,5,2026-05-29 16:04:57,"cocok untuk anda saat bosan, bisa jualan dan membeli, pokok nya cocok buat orang yang suka mesen paket di tik tok aja, karena murah murah"
Pengguna Google,1,2026-05-29 16:01:59,kecewa dari tadi pagi tidak bisa lihat daftar mengikuti
Pengguna Google,5,2026-05-29 16:01:24,wow sangat seru dan menghibur
Pengguna Google,5,2026-05-29 15:59:32,Mantul bisa berbagi pengalaman dan pengetahuan.
Pengguna Google,5,2026-05-29 15:56:55,oke
Pengguna Google,5,2026-05-29 15:55:47,ok
Pengguna Google,1,2026-05-29 15:55:34,komen foto hilang sendiri
Pengguna Google,5,2026-05-29 15:52:59,komen di live orang tidk muncul
Pengguna Google,5,2026-05-29 15:50:08,"tolong wahay tiktok. kenapa akhir² ini tambah berat padahal posisi HP saya sudah aku bersihkan semua apk foto sampai lancar. tpi pas instal tiktok terasa berat lag. kondisi HP saya juga lumayan kuat 😌tolong buat tiktok ringan seperti dahulu. untuk SEKARANG saya pakai instagram dulu, soalnya ringan"
Pengguna Google,5,2026-05-29 15:49:38,apk nya asik bisa joged naga 🐉 jadi saya kasih bintang 5
Pengguna Google,1,2026-05-29 15:48:58,aku mau login tapi gak bisa bisa alasanya anda tidak memenuhi syarat untuk tik tok padahal tang gal lahir bulan tahu udah benar tapi tetap gak bisa
Pengguna Google,5,2026-05-29 15:48:08,bagus
Pengguna Google,5,2026-05-29 15:45:07,bagus banyak acada yg saya sukai vilem horor kartun dan lain lain saya suka tiktok
Pengguna Google,3,2026-05-29 15:42:28,"tiktok memang aplikasi yg menghibur, tapi ntah bug atau hp saya yg eror setiap kali masuk aplikasi muncul vt dan musik dari vt tsb langsung keluar dari aplikasi dan tidak bisa di gunakan sampai sekarang, biasanya hanya beberapa menit, tapi lama-lama sampai tidak bisa untuk menonton vt lagi, dan terimakasih, untuk developer semoga di perbaiki kesalahan atau bug tsb, dan jika masih terjadi artinya handphone saya yg bermasalah"
Pengguna Google,5,2026-05-29 15:42:08,cuan
Pengguna Google,3,2026-05-29 15:41:00,"kenapa sih tiktok aneh,udh eror mengikuti org aja ngk bisa kembali dia lagi,udah hapus tu install lgi tetap aja sama"
Pengguna Google,2,2026-05-29 15:40:48,"entah sudah berapa puluh kali download tapi tidak dapat menginstal, penyimpanan cukup, semua saran sudah dicoba tapi selalu gagal"
Pengguna Google,3,2026-05-29 15:37:39,Ngebug mulu
Pengguna Google,5,2026-05-29 15:36:19,sangat bagus vidio nya menguntungkan dan sangat berkereasi dan juga menghibur tapi kadang ada vidio yang tidak pantas dilihat
Pengguna Google,1,2026-05-29 15:34:41,kekurangan fitur
Pengguna Google,1,2026-05-29 15:34:36,"ngeleg banget riwayat tontonan sudah di hapus semua cache sudah dihapus semua, jaringan wifi bagus masih ngeleg"
Pengguna Google,1,2026-05-29 15:33:35,sangat buruk
Pengguna Google,5,2026-05-29 15:33:14,enak
Pengguna Google,5,2026-05-29 15:28:47,Pokoknya main apli inii seruuu bngettt uyyy buruann donlowond gyusss
Pengguna Google,1,2026-05-29 15:28:14,"video ga muncul, jaringan lançar"
Pengguna Google,5,2026-05-29 15:27:57,top
Pengguna Google,1,2026-05-29 15:27:53,jelek banget nonton video udah gak lancar sering macet macet padahal jaringan bagus tapi masih macet macet
Pengguna Google,5,2026-05-29 15:26:14,pengen rame
Pengguna Google,1,2026-05-29 15:24:50,GK bisa top up koin apk sampah apk bodong
Pengguna Google,4,2026-05-29 15:22:06,seru scroll sroll sampai lupa waktu
Pengguna Google,5,2026-05-29 15:21:25,hederrr
Pengguna Google,5,2026-05-29 15:21:07,netral.
Pengguna Google,5,2026-05-29 15:20:25,seru
Pengguna Google,1,2026-05-29 15:19:37,"aplikasi sia/, jgan mau belanja di sinj kenak teror data disebar banyak spam dinomer gegara belanja disini. pakek paylater, lambat 1 hari diancam sebar data + di hina fisik pulak dari gambar kita sama penagihnya. 1 hari lambat harus bisa chat baik"" sia/an"
Pengguna Google,5,2026-05-29 15:19:17,"baguss, tapi menurut aku ini kenapa ya, kita ngga melanggar aturan seperti nyepam dll, tapi suka gabisa mengirim pesan katanya melanggar aturan padahal nggaa, mohon di perbaiki lagi yaa 🙏🏻"
Pengguna Google,1,2026-05-29 15:18:29,"aku baru aja update apk nya, seharusnya klo di update makin bagus kan, kok ini malah bikin lag parah setelah di update, kenapa setelah di update mlah jadi makin jelek yak apk nya aneh bgt. tolong diperbaiki lagi apk nya dong"
Pengguna Google,5,2026-05-29 15:17:27,jadi bisa fitur lainnya
Pengguna Google,3,2026-05-29 15:17:06,"padahal uda keupdate tapi ke ulang ulang terus, pegel nungguinya"
Pengguna Google,4,2026-05-29 15:15:15,goog game
Pengguna Google,2,2026-05-29 15:14:59,tapi gak bisa di download
Pengguna Google,5,2026-05-29 15:14:08,keren
Pengguna Google,5,2026-05-29 15:13:30,sangat bermanfaat bagii ku
Pengguna Google,5,2026-05-29 15:13:26,makin keren👍
Pengguna Google,5,2026-05-29 15:10:51,is amazing
Pengguna Google,2,2026-05-29 15:10:44,KECEWA BANGET SAMA PAYLATER NYA GAJELAS SIANG TADI MASIH BISA PAKAI METODE PEMBAYARAN MELALUI PAYLATER PAS MAU CEK OUT UDAH GA DA SISTEM PEMBAYARAN MELALUI PAYLATER PADAHAL GA PERNAH NUNGGAK DAN TELAT!!! tolong dong diperbaikin
Pengguna Google,5,2026-05-29 15:09:59,seruu bgt
Pengguna Google,2,2026-05-29 15:08:36,Mohon diperbaiki tiktoknnya padahal hp ram 4 tapi setiap secrol aga patah patqh
Pengguna Google,5,2026-05-29 15:06:47,bagus
Pengguna Google,5,2026-05-29 15:05:21,Mantap
Pengguna Google,5,2026-05-29 15:04:44,yaa begitu mu
Pengguna Google,5,2026-05-29 15:03:53,bgs.
Pengguna Google,2,2026-05-29 15:03:08,Why do I make a TikTok video with long music that is definitely frozen? The reason is copyright. Please fix the system because I'm tired of making videos that take a long time. The TikTok application doesn't work.there is clarity and please fix the system
Pengguna Google,5,2026-05-29 15:03:07,makin nggk jelas
Pengguna Google,5,2026-05-29 15:02:30,mantap bos
Pengguna Google,5,2026-05-29 15:01:28,bagusss bgtt
Pengguna Google,1,2026-05-29 15:00:43,aplikasi lu ngeleg mulu anjg
Pengguna Google,4,2026-05-29 14:59:49,jos pokok ke maen
Pengguna Google,5,2026-05-29 14:54:23,aku bisa bikin dance tiktok dan juga sedikit dikit fypp seru
Pengguna Google,5,2026-05-29 14:53:17,kok gak ada vitur vn
Pengguna Google,5,2026-05-29 14:52:33,Ok
Pengguna Google,5,2026-05-29 14:49:45,Apakah aplikasi ini menggunakan lebih adabanyak data beterai daripada yang ada harapkan ?
Pengguna Google,5,2026-05-29 14:48:45,seruuu
Pengguna Google,5,2026-05-29 14:48:10,"Thank you untuk developer nya yaaa, udah buatin aplikasi yang ngerubah hidup gue. Banyak sekali temen online yang kutemukan lewat tiktok, juga aku menemukan cita-cita ku lewat tiktok juga (menjadi editor pro)"
Pengguna Google,1,2026-05-29 14:42:11,"BURUKKKK, LIVE GABISA, KENA PLANGGARAN MULU, PDHL CUMAN LIVE MUKA SETENGAH. TOLONG DEH APK NYA DI BAGUSIN JANGAN KAMPUNKKKK, NORAKK BNGET, YANG LIVE BGL AJA GA DI KASIH PL MSA YG LIVE MUKA SETENGAH KENA PL, KAMPUNK BNGT😡😡😡 KEMBALIKAN LIVE TIKTOK KU!!!!!! gsudi bgt d blok."
Pengguna Google,5,2026-05-29 14:41:46,seru bgt.
Pengguna Google,3,2026-05-29 14:40:59,"aplikasi sudah bagus,cuman minesnya kadang fitur kurim stiker&gambar bisa hilang sendiri"
Pengguna Google,5,2026-05-29 14:40:42,bags can Kerens
Pengguna Google,5,2026-05-29 14:39:51,seru
Pengguna Google,1,2026-05-29 14:39:28,"Ati2 belanja di tiktok shop ya. ternyata penjual penipu berkedok harus check out barang lagi di toko itu, biar pesanan kita sebelumnya dikirimkan, bertebaran di tiktokshop. Sistem pembatalan dan pengembalian dana ga bisa by sistem. sangat amat ga aman. Tergantung oleh seller (penipu). CS online pun sama sekali ga solutif, ga bisa bantu. Padahal udah dikelola tokopedia, tp kok ga serapi dan secanggih tokopedia ya sistemnya?!? Sekalinya nyoba blnja di tiktop shop, eh, lgsg ketipu."
Pengguna Google,2,2026-05-29 14:38:12,apalah tiktok kok nggak ada fitur laporkan masalah di akun ku aku kasih 2 bintang dan banyak yang hoax juga
Pengguna Google,4,2026-05-29 14:36:52,aku mau bisa vn.....
Pengguna Google,1,2026-05-29 14:36:24,apknya kebanyakkn konten menggunakan AI..
Pengguna Google,5,2026-05-29 14:36:16,mantap
Pengguna Google,5,2026-05-29 14:34:46,"saya suka aplikasinya karena ketika aku tulis semua ada livenya! seperti ""hinihao ai chanese! "" ☻☻☻❤❤❤❤❤ makasih tiktok kalo tiktok lite jelek gk ada livenya😒"
Pengguna Google,5,2026-05-29 14:34:27,pengalaman tikto
Pengguna Google,5,2026-05-29 14:34:07,Menarik
Pengguna Google,5,2026-05-29 14:33:20,au ah mau omong apa lagi
Pengguna Google,5,2026-05-29 14:33:03,sukaa bangettt jujurr inii apk ngga ngebosenin kalau lagi sedih lagi galau lagi senangg cocok bgtt plcc sukaaa dehhh loppp dedett pokoo nyy
Pengguna Google,5,2026-05-29 14:32:44,😊😊😊😊😊😊😊😊😊😊😊😊😊
Pengguna Google,1,2026-05-29 14:32:15,macam pepeck
Pengguna Google,5,2026-05-29 14:31:50,"tiktok bagus bagus untuk menambah wawasan kita dan hiburan, saya suka tiktok"
Pengguna Google,2,2026-05-29 14:30:16,"TIKTOK ANEH SIANG BISA DIPAKE PAYLATER NYA MALEM SUDAH GBSA LAGI , PADAHAL SUDAH NUNGGU 1 BULAN KARENA DI TANGGUHKAN GAJELASS MAKIN SINI"
Pengguna Google,5,2026-05-29 14:28:32,bagud
Pengguna Google,5,2026-05-29 14:26:35,kok gaada sih fitur sorotan sama vn dikomentar may update tiktoknya gk bisa padahal ruang hp saya gk penuh capek ngulang² terus
Pengguna Google,1,2026-05-29 14:25:53,"setelah di update kenapa jadi lemot,padahal udah saya hapus sampah dan riset aplikasi tetap aja masih lemot.padahal sebelum di update ngga ada kendala lancar² aja.terimakasih"
Pengguna Google,5,2026-05-29 14:25:47,bagus
Pengguna Google,5,2026-05-29 14:22:47,cman agaq lelet dikit
Pengguna Google,5,2026-05-29 14:22:40,bagus
Pengguna Google,3,2026-05-29 14:21:52,tolong kasih fitur tlfon!!
Pengguna Google,5,2026-05-29 14:21:31,"Aplikasi terbaik untuk cari hiburan dan informasi. Fiturnya lengkap, efeknya keren, dan tidak membosankan.Untuk Kreator konten sangat membantu untuk menyalurkan kreativitas. Algoritmanya bagus, mempermudah konten pemula untuk FYP. Edit video di sini juga sangat praktis! Aplikasi paket lengkap! Bisa nonton video lucu, belajar resep baru, sekaligus belanja murah di TikTok Shop. Sangat menghibur di kala bosan.Bikin candu! selalu ada tren baru setiap hari. Bintang 5 deh pokoknya ♥️♥️♥️"
Pengguna Google,4,2026-05-29 14:21:28,"sangatt suka, apk nya seru, tapi aku telat update, sorotan nya belum ada walau udh update"
Pengguna Google,5,2026-05-29 14:21:23,tiktok debes pokok ya👍👍👍
Pengguna Google,5,2026-05-29 14:20:26,top banget
Pengguna Google,3,2026-05-29 14:20:08,"usia aku udah 18tahun keatas tetap kena pembatasan usia, ajuin banding di Terima tapi tetap gabisa fitur dm sama live nya"
Pengguna Google,5,2026-05-29 14:20:01,good
Pengguna Google,5,2026-05-29 14:19:15,bagus aja
Pengguna Google,5,2026-05-29 14:18:29,lumayan kalo gabut scrol ini
Pengguna Google,5,2026-05-29 14:15:45,"Dev, aku kok belum dapet fitur Voice Note di komentar?"
Pengguna Google,1,2026-05-29 14:14:08,aplikasi ini sangat bagus
Pengguna Google,5,2026-05-29 14:13:44,sangat menghiburku
Pengguna Google,5,2026-05-29 14:13:17,tempek
Pengguna Google,3,2026-05-29 14:12:22,kalau tiktok sih lumayan cuma kalau mau bikin akun tuh ke blokir mulu tapi seru buat scrolling kalau bosen
Pengguna Google,5,2026-05-29 14:12:11,seru bgus
Pengguna Google,5,2026-05-29 14:11:13,suka bagus dan menarik
Pengguna Google,1,2026-05-29 14:10:54,rekomendasi nya jorok jorok
Pengguna Google,3,2026-05-29 14:07:21,gk suka tik tok aplikasi nya ngeres
Pengguna Google,5,2026-05-29 14:06:51,bagus
Pengguna Google,4,2026-05-29 14:06:49,tolong vitur vn nya knp ga ada pdhl udh login ulang atau update aplikasi tetep ga ada tolong tambahin lagi ya 🙏
Pengguna Google,1,2026-05-29 14:06:29,hai tik tok kenapa ya akun ku semuanya di blokir sampai tidak bisa di loginkan semua padahal saya tidak melakukan pelanggaran
Pengguna Google,4,2026-05-29 14:05:48,ini kadang ga bisa update tu knp si
Pengguna Google,1,2026-05-29 14:04:24,sarang monyet amit² gw install aplikasi ini lagi cuih!!
Pengguna Google,5,2026-05-29 14:03:22,kurangin mb nya
Pengguna Google,1,2026-05-29 14:02:47,setiap tutup tiktok harus bersihan riwayat
Pengguna Google,1,2026-05-29 14:02:14,realme 10 stuck versi tiktok 37😡
Pengguna Google,1,2026-05-29 14:01:44,terlalu besar MB nya hp saya jadi leg saran saya turun in MB nya
Pengguna Google,5,2026-05-29 13:57:40,kerennnn
Pengguna Google,5,2026-05-29 13:57:32,gak apa sih enak aja video pendek nya
Pengguna Google,5,2026-05-29 13:57:28,ini apk yg paling aku suka bisa dm udh bisa vn aku udah punya 8 akun
Pengguna Google,5,2026-05-29 13:55:58,tombol streaknya ko gada ya?
Pengguna Google,1,2026-05-29 13:55:39,252 MB🥲
Pengguna Google,1,2026-05-29 13:55:26,"Kalau mau cekal akun harusnya dikasih tahu dulu pelanggarannya apa, video yang mana, ini gimana aku mau belanja kalau tiktokku di cekal."
Pengguna Google,5,2026-05-29 13:54:58,you idiot masa gak semua akun bisa vn tapi seru sih
Pengguna Google,3,2026-05-29 13:54:26,mohon maaf ya bisa ngga MB nya dikurangin
Pengguna Google,5,2026-05-29 13:54:26,ulasan bersifat publik serta menyertakan info akun dan perangkat Anda. pelajari lebih lanjut
Pengguna Google,2,2026-05-29 13:53:17,di bagian filter nya beberapa sering nge lag padahal gk ada masalah malah pas vid ngelag
Pengguna Google,5,2026-05-29 13:53:05,suka banget
Pengguna Google,5,2026-05-29 13:49:36,sangat nyaman dan mudah di pahami
Pengguna Google,1,2026-05-29 13:49:31,efek nya jamet jamet🤮
Pengguna Google,2,2026-05-29 13:48:08,"capek dehh sama tingkah laku tiktok ini, di paksa aktifkan lokasi, mpsting vt udah tapi saat salin link/berbagai ada tulisan postingan segera diunggah, loading lamo, dan masih ada lagi. tolong dong perbaiki bug nyoo ini lagi tahap update jika masih sama aja updatenya aku kasih bintang 2. kini masih bintang 3. dan Yap masih sama aja setelah di update, cuman nambah2 memori yang awalnya 3gb menjadi 5gb lebih dan aplikasi ini yang paling banyak makan penyimpanan."
Pengguna Google,5,2026-05-29 13:47:47,pokok nya tiktok is the best dah... hiburan paling menghibur...
Pengguna Google,3,2026-05-29 13:46:45,tiktok kok aku gk ada fitur voice note
Pengguna Google,5,2026-05-29 13:45:48,seru jadi aku beri bintang 🌟 lima
Pengguna Google,5,2026-05-29 13:45:03,lumayan tapi sayang gk bisa bikin akun plis tiktok kembalikan akun ku pliss😭😭😭😭😭🥺
Pengguna Google,5,2026-05-29 13:44:54,aplikasi yg bagus aku SANGAT sukak dan juga bisa chattan sama temen tapi aku pengen bilang kenapa vidio vidio orang tuh rame sedangkan aku enggak huhu sedihh tapi makin sekarang makin lumayan banyak sih yg gede like nya udh segitu aja THANKS YOU !!!!!
Pengguna Google,1,2026-05-29 13:44:47,"aplikasinya sepi kaya kuburan, up video viewsnya cuma 12"
Pengguna Google,5,2026-05-29 13:41:31,good
Pengguna Google,3,2026-05-29 13:41:16,"sekarang chat tidak langsung masuk,harus di ulang dadi awal dl baru muncul yang chat .. komentar jugaa tidak muncul"
Pengguna Google,3,2026-05-29 13:41:13,"baguss cuma klo di aku dia ngeleg, kadang keluar sendiri dari apk nya. tapi bagus ko apk nya. maaf ya cuma bisa bintang 3"
Pengguna Google,5,2026-05-29 13:40:58,Gimana cara dapet pacar di tik tok 😁
Pengguna Google,2,2026-05-29 13:40:54,kenapa saya bru donwload tiktok akun saya tiba2 di blokir
Pengguna Google,4,2026-05-29 13:40:34,cuma gak bisa cod
Pengguna Google,5,2026-05-29 13:40:29,nyenenginnn buangettt
Pengguna Google,2,2026-05-29 13:39:47,kenapa postingan ulang di profil banyak yang tidak muncul? tolong diperbaiki
Pengguna Google,5,2026-05-29 13:38:10,sangat bagus banget tapi kaya embut
Pengguna Google,1,2026-05-29 13:37:26,"pembelian pada toko di aplikasi ini sering dibatalkan... lalu saldonya ditarik lagi susah,harus dengan rekening yang sama ... asli ribet belanja di aplikasi ini .."
Pengguna Google,3,2026-05-29 13:29:24,tolong untuk android yg support foto live tiktok bisa support upload
Pengguna Google,5,2026-05-29 13:29:20,mantap
Pengguna Google,5,2026-05-29 13:28:38,good
Pengguna Google,5,2026-05-29 13:27:26,ko tokoshop nya GK bisa ke buka iaa
Pengguna Google,5,2026-05-29 13:26:55,ok bosku
Pengguna Google,5,2026-05-29 13:25:46,baik
Pengguna Google,5,2026-05-29 13:24:31,bagus sih tapi kenapa aku gak bisa vn sih
Pengguna Google,3,2026-05-29 13:24:09,gua gak bisa VNNNNNNNN PLIS LAH GUA MAU COBAIN
Pengguna Google,1,2026-05-29 13:23:49,ngapusi tidak membuat nian apa sih itu mah lambatnya m. BB. enginstal
Pengguna Google,5,2026-05-29 13:23:10,lebih memperbanyak teman
Pengguna Google,5,2026-05-29 13:21:16,kenapa saya kasih 2 bintang karena sekarang tiktok sering bermasalah kaya ga bisa nge like vidio mengikuti kembali jadi itu membuat saya kesal !!!!!
Pengguna Google,4,2026-05-29 13:21:04,bagus lah sangat bagus
Pengguna Google,1,2026-05-29 13:20:53,hapus batasi usia
Pengguna Google,1,2026-05-29 13:20:41,"aplikasi sampah!! saya tidak berlangganan tetapi uang saya hilang, saya cek riwayat tiktok yang nguras uang saya, hati2 dengan aplikasi ini!"
Pengguna Google,5,2026-05-29 13:20:28,bagus sii cumann kenapa ya MB nya harus gede
Pengguna Google,3,2026-05-29 13:20:02,knp aplikasi ini tidak bisa di update
Pengguna Google,5,2026-05-29 13:16:28,"aku suka banget main tiktok, rasa nya separuh hidup ku ada di tiktok dehh🙂"
Pengguna Google,4,2026-05-29 13:14:40,enak
Pengguna Google,5,2026-05-29 13:14:32,bagus
Pengguna Google,5,2026-05-29 13:14:07,bagus banget apalagi sinyal nya kuat
Pengguna Google,5,2026-05-29 13:13:36,mantap
Pengguna Google,5,2026-05-29 13:12:24,saya suka
Pengguna Google,5,2026-05-29 13:11:39,ok semoga lancar selanjutnya
Pengguna Google,4,2026-05-29 13:11:35,Kenapa harus ada iklan nyaa yg sangat mengganggu yaa
Pengguna Google,5,2026-05-29 13:11:06,Mantappppppppppp
Pengguna Google,5,2026-05-29 13:10:32,keren
Pengguna Google,2,2026-05-29 13:09:58,"kesel sama bug nya. knpakrg seriap pencet apk nge stuck di logosetelah utu close ke beranda terus ber kali2 tetep e gtu, pdhludh hpus change, memo pun blm penuh, tlongdi oervaikii, kesel kalo harus unistal dl bru bisa , ngabisin kuota bgt ,tlong diperbaiki.."
Pengguna Google,1,2026-05-29 13:09:28,ada sedikit masalah setiap mau membuka tiktok selalu biasa di perintahkan manutup tiktok dan juga sering tidak membuat nyaman jadi tolong di perbaiki dan juga untuk pemasangan aplikasi di hp saya mohon di percepat
Pengguna Google,4,2026-05-29 13:09:01,ukuran aplikasi nya di kecilin dong biar gk bikin hp lemot
Pengguna Google,5,2026-05-29 13:08:27,good
Pengguna Google,5,2026-05-29 13:07:43,"tolong dong atmin tiktok, kadang aku lagi nonton tiktok keluar fyp 18+,itu meresahkan kan bagi orang lain,takut anak dibawah umur 18+,cari aneh² di tiktok,sudah banyak anak² sekarang kata nya nonton yg baik² ternyata,film perempuan yg joget lah, dan lain² TOLONG YA BUAT FITUR SUPAYA TIDAK LEWAT FYP 18+"
Pengguna Google,3,2026-05-29 13:06:50,llelm😰😰😂😰😰😰😂😰😰😰😰😂😂😰
Pengguna Google,3,2026-05-29 13:06:43,"saya ga suka aplikasi yg suka muncul2 di layar ganggu banget,jd uninstal"
Pengguna Google,1,2026-05-29 13:06:26,makin kesini makin jelek masa ngebug mulu lagi scroll² malah hitam semua gambar nya ganti akun yg tadinya ga gitu jadi gitu juga padahal sinyal stabil tolong lah di perbaiki tiktok .. !!
Pengguna Google,5,2026-05-29 13:06:00,bgus apk nya aku jadi sering main kalo gabut🥴🥴
Pengguna Google,5,2026-05-29 13:05:14,tiktok ini sangat bagus dan semu nya seru Lo ayo coba in tiktok sekarang
Pengguna Google,5,2026-05-29 13:04:45,Saya suka
Pengguna Google,5,2026-05-29 13:03:54,TikTok Mariyadi whatsapp ya ?
Pengguna Google,5,2026-05-29 13:01:42,pembaruan aplikasi kok lambat sekali
Pengguna Google,1,2026-05-29 13:01:05,"tik tok orang tua saya itu isinya penipuan dengan suara AI masalahnya orang tua saya percaya, sudah beberapa kali saya mencoba memblokir di akun orang tua saya tapi tetap muncul di beranda.kira kira solusinya bagaimana"
Pengguna Google,5,2026-05-29 13:00:36,bagus
Pengguna Google,5,2026-05-29 13:00:33,sangat seruuuuuuu tapiiiiiiiiiiiiiii...................
Pengguna Google,5,2026-05-29 12:59:50,Pengembarasetia
Pengguna Google,5,2026-05-29 12:56:50,mbg nya enak pak sangat membantu saya untuk nabung sejak ada mbg saya tidak biros duit
Pengguna Google,5,2026-05-29 12:56:12,Bgus
Pengguna Google,1,2026-05-29 12:55:56,yap pas saya mau pencet gak mau masuk
Pengguna Google,5,2026-05-29 12:54:47,"seru banget , semua video kocak selalu ada"
Pengguna Google,5,2026-05-29 12:51:58,game yang sangat seru dan rame
Pengguna Google,5,2026-05-29 12:50:59,"aplikasi ini sangat bagus tetapi kenapa saat saya ingin membuka tiktok shop tiktok shop nya tidak ada/menghilang? dan juga keranjang kuning di video tidak muncul, tolong diperbaiki masalah ini🙏"
Pengguna Google,5,2026-05-29 12:50:41,seru banget cerita nya menarik²dan satu jangan memblokir akun aku aja buat akun aku menjadi fyp ya
Pengguna Google,1,2026-05-29 12:49:21,"baru juga download udah eror aja , masak untuk hp ram 2 gak bisa download"
Pengguna Google,1,2026-05-29 12:47:37,mau donlod tapi pas 100% gk ke donlod donlod lagi penyimpanan masih banya tapi gk bisa besok mau coba lahi bisa ato gk klo kgak bisa ya udah.tapi ini udah di ulangin beberapa kali tapi yetap aja menginstal mohon pihak tiktok
Pengguna Google,3,2026-05-29 12:47:04,gak jelas apk nya masa bisa kluar akun sndiri
Pengguna Google,1,2026-05-29 12:46:27,tiktok gj mau donwload aj prlu pke rating
Pengguna Google,5,2026-05-29 12:45:14,"Tiktok ini bagusss bangett, tapi nggak bisa di instal sayang sekali padahal demi tiktok ini aku udah kosongkan ruang"
Pengguna Google,5,2026-05-29 12:44:20,seru
Pengguna Google,3,2026-05-29 12:43:06,Saya Hadir di Tik Tok...Aplikasi ini sudah Saya buka sampai fitur terakhir...Dalam kategori bernyanyi atau Karaokean...kok harus beli Mesin Elektro showcard sendiri...kan seharusnya bekerjasama dengan You Tube shingga bisa apa saja...inikan bisa menambah pelanggan Tik Tok...sekian Trimakasih... Yetno BLora Jawa tengah
Pengguna Google,5,2026-05-29 12:43:04,"baikk,penghuninya sangat ramah,nyaman,mulus,😹😹"
Pengguna Google,5,2026-05-29 12:42:55,"makin lama makin susah akses tt, pake acara ini lah itu lah, ribet, pembatasan layar harian nyusahin, posting ulang juga di pindah pindah, ga guna"
Pengguna Google,5,2026-05-29 12:42:15,kenapa kalau buka tiktok bentar langsung keluar lagi 🙄
Pengguna Google,5,2026-05-29 12:42:02,baguss
Pengguna Google,1,2026-05-29 12:41:06,tolong hilangkan fitur auto share saat habis ngelike sebuah video. ketika lagi enak2 nya ngelike video. tiba2 nge-share video tersebut ke teman kita. all hasil gue dihajar temen gue. tolong hilangkanlah. karena pas lagi enak2 nya ngelike video tiba2 keteken tombol share yang dibawah. terima kasih
Pengguna Google,1,2026-05-29 12:40:20,"sbnrnya ak suka sama tiktok, cuman aku sebagai author AU jadi kan ngepost foto foto gitu, aku udah effort nulis banyak tapi fotonya malah berubah ubah sendiri, info ada yang bisa bantuin ga? KENAPA FOTO YANG MAU SAYA POSTING BERUBAH SENDIRI DAN TIDAK SESUAI ALUR"
Pengguna Google,5,2026-05-29 12:40:17,Sangat baik dan tidak membosankan
Pengguna Google,4,2026-05-29 12:39:27,tolong ya tiktok buat yg mw bikin akun baru nya jangan ngeleg pas udh ngasih tanggal bulan dan tahun lahir tolong benarkan ya tiktok!!
Pengguna Google,4,2026-05-29 12:39:17,baguss tapii KASIH AKU FITUR VN SEKARANGG !!
Pengguna Google,5,2026-05-29 12:39:09,jakep dan bagus
Pengguna Google,1,2026-05-29 12:39:00,"kenapa selalu ada tulisan tiktok tidak menanggapi,tolong ya di perbaiki eman streak nya kok lag mulu dahh apaan cobaa"
Pengguna Google,1,2026-05-29 12:38:57,tidak ada vn
Pengguna Google,1,2026-05-29 12:38:35,"knpa ini min!! org follow kita , saat difollback gk bisa!!!"
Pengguna Google,5,2026-05-29 12:35:35,yoii
Pengguna Google,2,2026-05-29 12:34:51,tok tiktok aku gak bisa cari stiker gimana ini terus sama gak ada fitur stiker
Pengguna Google,5,2026-05-29 12:33:26,bagus
Pengguna Google,1,2026-05-29 12:33:08,"bagus banget apk ini, banyak joks joks gelabnya, jdi bisa keneraka berjamaah"
Pengguna Google,5,2026-05-29 12:32:46,bagus bgt dah itu aja sih 🤗
Pengguna Google,2,2026-05-29 12:31:54,vn gua manaaa kunyuk
Pengguna Google,1,2026-05-29 12:31:47,tiktok ini waras apa ngak ya akun pribadi di pertanyaankan terus masukan kode terus bikin konten biasa kena pelanggaran ngak posting ajukan banding live tidak rokok tidak ngomong aneh2 kena band pl. gunanya aplikasi tiktok apa ya heran aku. ngak bisa kerja sama ngak bisa bikin orang seneng. tiktok sekarang meresahkan semua orang kecewa berat
Pengguna Google,5,2026-05-29 12:31:02,good pko
Pengguna Google,1,2026-05-29 12:30:04,skrg jelek.. pengguna baru ngk dpt voucher..sekali ny dpt ngk bisa d gunakan dengan bayar cod. trus untuk sistim undangan teman juga hilang sulit mendapatkan uang d tiktok. dan parah ny lagi leg ny parah suka stak dan tiba2 keluar....apakah tiktok bangkrut ??
Pengguna Google,1,2026-05-29 12:29:17,mengistal nya lama bgt hampir sati jam terus ngulang lagi tolong benerin ya
Pengguna Google,2,2026-05-29 12:29:09,jaringan lancar tapi pas mengunduh lemott!!
Pengguna Google,5,2026-05-29 12:29:03,bagusss
Pengguna Google,4,2026-05-29 12:27:37,sezzes c ezsz x b4zbZw 4-:^|○ 3bb bk 4ub
Pengguna Google,4,2026-05-29 12:25:23,"di aku belum ada update an nyaa😭, tapi apk nya bagus bgt cuma mungkin pas kita baru post vt itu aga bug ga bisa di kirim ke siapa siapa, but its okay"
Pengguna Google,4,2026-05-29 12:25:18,telat UPDATE
Pengguna Google,1,2026-05-29 12:23:59,"karna di Batasin aku , aku sudah umur 19 tapi kenak pelanggaran padahal aku GK ngapa ngapain"
Pengguna Google,5,2026-05-29 12:23:33,"sangat senang sekali, mudah dan gampang"
Pengguna Google,3,2026-05-29 12:20:35,"Tiktok saya bermasalah setiap kali nonton ada aja glitch yang muncul, tolong segera di perbaiki🙏☺️"
Pengguna Google,5,2026-05-29 12:19:29,adalah pokok nya
Pengguna Google,5,2026-05-29 12:19:26,"aplikasi yg sangat seruu, dan menyenangkan"
Pengguna Google,4,2026-05-29 12:16:56,"udh bagus tapi kenapa gaada fitur baru ya?🤔 padahal sudah update Tapi gaada fitur vn,polling, tekan like nanti repost sendiri solusi gmn min?"
Pengguna Google,1,2026-05-29 12:16:45,tiktok gak bisa kebuka
Pengguna Google,5,2026-05-29 12:16:09,sangat suka
Pengguna Google,1,2026-05-29 12:15:49,makin di update makin bikin lag
Pengguna Google,2,2026-05-29 12:14:45,"SEKARANG GUA GABISA BUAT AKUN BARU, PAS NGISI TANGGAL LAHIR GABISA LANJUT NAJIS. BGT YA TIKTOK GUA AMPE RELA BUAT AKUN GOOGLE BARU"
Pengguna Google,1,2026-05-29 12:13:29,eror tidak bisa masuk setelah abdet
Pengguna Google,5,2026-05-29 12:11:28,sangat baik
Pengguna Google,3,2026-05-29 12:11:09,"slowmo nya kembalikan kaya dulu lagi pliss, sumpah ga suka tiktok yg sekarang"
Pengguna Google,2,2026-05-29 12:09:00,huh mau update error trus padahal kuota/wifi lancar penyimpanan juga pls tolong perbaiki apa yang error?
Pengguna Google,5,2026-05-29 12:08:51,gila Inih Apk Baguss Ish aku Ngonten Aja bisa Ngehasilin duitt Lop lop
Pengguna Google,5,2026-05-29 12:08:02,gatau
Pengguna Google,5,2026-05-29 12:07:16,no caption
Pengguna Google,5,2026-05-29 12:07:07,bagus
Pengguna Google,1,2026-05-29 12:06:27,"ini kenapa aduh, aplikasi ga bisa di buka, di suruh update, pas update malah ga bisa di teken, trus ada notif game tidak menanggapi, tolong kahhh"
Pengguna Google,5,2026-05-29 12:05:22,@ica.is.art~ and singing🎨🖌️🎶
Pengguna Google,5,2026-05-29 12:03:58,bagus sekali
Pengguna Google,5,2026-05-29 12:02:41,saya suka tik tok buat hiburan
Pengguna Google,5,2026-05-29 12:02:37,oke
Pengguna Google,1,2026-05-29 12:02:30,jelek
Pengguna Google,5,2026-05-29 12:02:28,"bagi developer tolong di perbaik ki lagi, saya udah bisa komen vn tapi setelah itu vn saya malah gak ada lagi 🔁"
Pengguna Google,5,2026-05-29 12:02:26,b aja
Pengguna Google,5,2026-05-29 12:01:35,Baguss
Pengguna Google,1,2026-05-29 12:01:23,mana ni vitur vn ga muncul2 kenapa tiktok saya telat mulu kalo ada update
Pengguna Google,5,2026-05-29 12:00:47,mah ko toko di tiktok aku tiba tiba ilang ya
Pengguna Google,5,2026-05-29 12:00:06,Aplikasi Tik Tok Ini Bagus Banget Kalian Harus Dowload Aplikasi Ini
Pengguna Google,5,2026-05-29 11:59:56,apl ini mntp banget
Pengguna Google,1,2026-05-29 11:59:42,tolong y bisa di ram 2 atau 3 orang banyak yg ngeluh nih
Pengguna Google,5,2026-05-29 11:59:22,yoooooiiii
Pengguna Google,1,2026-05-29 11:59:15,woiiiiiiii lama nian ko
Pengguna Google,2,2026-05-29 11:59:06,ngeleg
Pengguna Google,5,2026-05-29 11:56:57,min vidio offline gw tambahin jadi 1000 ya min🤭🗿🗿
Pengguna Google,1,2026-05-29 11:56:33,kenapa sih setiap post video selalu di mute atau kena pelanggaran? kasian loh orang yang udah ngedit berjam jam pas di post malah kena pelanggaran sama di mute tolong dong kerja sama nya saling membantu orang orang yang usaha lewat aplikasi ini juga kasian karena video nya kena pelanggaran adil dong harusnya aplikasi ini lebih menormalisasikan untuk video video yang lebih panjang saya kecewa loh dan aplikasi ini ga mensupport penggunanya kalian mematahkan semangat kami saat ingin jadi kreator
Pengguna Google,5,2026-05-29 11:55:22,Nyaman ghebey vn reng oreng
Pengguna Google,4,2026-05-29 11:55:02,"apk nya si seruhhh,tapi ad satu si yg bikin gak seruh ya itu kadang error,tapi mungkin itu dari hp Kita masing² yg kurang mendukung,tapi saya ad saran sedikit,tolong di ringanin lagi ni apk, karna kasian buat yg hp nya kurang mendukung sekian terimakasih"
Pengguna Google,5,2026-05-29 11:52:50,bagusss
Pengguna Google,1,2026-05-29 11:51:39,tolong tambah di benar kan.aku donlod Tiktok tapi ga bisa.padahal hp aku ipon 17 gimana ini Tiktok
Pengguna Google,5,2026-05-29 11:51:16,oke terbaik
Pengguna Google,5,2026-05-29 11:50:40,Trimakasih Tiktok sangat menghibur kami dan memberikan info yg sangat menarik luar biasa Tiktok the best
Pengguna Google,1,2026-05-29 11:50:26,"saya paling tidak suka berandaku selalu muncul akun kekerasan seperti gangster, kalau tiktok tidak bisa melakukan filter berarti bodoh"
Pengguna Google,5,2026-05-29 11:47:52,Saya mau download tik tok
Pengguna Google,4,2026-05-29 11:46:38,gk ad tokonya milik ku
Pengguna Google,1,2026-05-29 11:46:11,ni tiktok no hp tu privasi kenapa banyak yg nelpon atas nama tiktok shop? risih tau ga. nelpon kaga jelas. ini udah jelas pelanggaran privasi.
Pengguna Google,5,2026-05-29 11:46:06,udah bagus tetapi sering keluar sendiri tolong di perbaiki yang admin soal nya sangat menggangu
Pengguna Google,5,2026-05-29 11:44:51,"tolong perbaiki fitur ""ikuti"" dong soalnya setiap mau mengikuti akun lain terkadang suka ngak mau padahal udah ikuti. tolong perbaiki lagi pihak tiktok."
Pengguna Google,3,2026-05-29 11:44:43,kenapa ya habis update malah gak bisa di buka tiktok nya
Pengguna Google,4,2026-05-29 11:43:49,Selallu tidak menanggapi setiap buka tiktok...knp ya buruk pusing mau buka tiktok jd semua kena louding...
Pengguna Google,5,2026-05-29 11:43:37,Hebat kamu bud (kenapa di android tv di discontinued yah)
Pengguna Google,5,2026-05-29 11:43:12,good
Pengguna Google,1,2026-05-29 11:40:41,"tolong dong kak saya cm salah ubah tahun kelahiran aja masa ke banned, udh aju banding pake ktp jg membuktikan bahwa umur saya cukup pun ttp gbisa, jdinya akunnya ilang dan saya gabisa donlot tiktok walaupun pake akun baru pun ttp gabisa karena ke blokir selamanya"
Pengguna Google,5,2026-05-29 11:39:57,cantik tapi belum ada vn
Pengguna Google,5,2026-05-29 11:39:10,mantap
Pengguna Google,5,2026-05-29 11:38:36,tik tok bagus semua nya bisa
Pengguna Google,2,2026-05-29 11:36:23,kapan fitur sorotan di akun saya ada semua sudah ada
Pengguna Google,1,2026-05-29 11:34:45,tik tok shop di beranda hilang dan fitur kecepatan pemutaran video hilang juga apa ini fitur terbaru tapi sangat sangat tidak suka dan mempersulit
Pengguna Google,1,2026-05-29 11:34:43,tidak bisa di buka tiktok nya kecewa ....☹️
Pengguna Google,5,2026-05-29 11:32:34,Snnxndb ah jean's bagus bangat
Pengguna Google,4,2026-05-29 11:30:05,bagus tapi-..masih banyak bug nya ini pendapat saya ya 🙏
Pengguna Google,2,2026-05-29 11:29:54,"bug yg meresahkan, tiap upload konten screen record game hasilnya video selalu patah2 & audionya tidak sinkron dengan video.. kacau"
Pengguna Google,5,2026-05-29 11:29:31,sering keluar dari tiktok
Pengguna Google,5,2026-05-29 11:29:22,seru sekali nonton di sini namun banyak kekurangan video yang membuat betah
Pengguna Google,5,2026-05-29 11:28:55,sangat bagus
Pengguna Google,5,2026-05-29 11:28:23,bagus aku suka tapi peretinya ponsel ku tidak terlalu pas
Pengguna Google,5,2026-05-29 11:25:51,bagus.
Pengguna Google,2,2026-05-29 11:25:43,akun saya tiba tiba diblokir!dan saya ingin membuat akun baru lagi tetapi harus gunakan no telefon saya pdhl no saya itu saya sudah gunakan diakun lain saya!pdhl akun yang saya buat ini penting
Pengguna Google,2,2026-05-29 11:22:48,kalo buat vidio slide hp suka mati sendiri
Pengguna Google,1,2026-05-29 11:22:26,perkaranhebut kata doang akungw kena saspen to lol
Pengguna Google,5,2026-05-29 11:22:18,aplikasi yg sangat bagus dan bermanfaat
Pengguna Google,1,2026-05-29 11:21:21,telalu banyak ugerb terus dan dewiinderiayni
Pengguna Google,5,2026-05-29 11:21:02,bagus 💕💕💕💕💕
Pengguna Google,5,2026-05-29 11:19:48,Jos Trims....⭐⭐⭐⭐⭐
Pengguna Google,2,2026-05-29 11:19:09,"kenapa sihh sekarang tiktok sering keluar sendiri jadinya bete deh lagi enak"" liat vidio malahh keluar sendirii"
Pengguna Google,2,2026-05-29 11:18:42,ga ada vn
Pengguna Google,2,2026-05-29 11:17:23,"aplikasi ny sesat,kadang ada muncul cewe berpakaian seksi.."
Pengguna Google,4,2026-05-29 11:17:16,mayan bagus kok tapi ada tapi tapinya🗿
Pengguna Google,5,2026-05-29 11:16:07,seru
Pengguna Google,3,2026-05-29 11:15:18,postingan ku gak pernah ke posting dapet larangan mulu padahal cuma posting foto gc
Pengguna Google,5,2026-05-29 11:13:10,bagus dan dapat menghasilkan uangg🥰🥰🥰
Pengguna Google,3,2026-05-29 11:13:10,semenjak update banyak bug
Pengguna Google,1,2026-05-29 11:12:04,banyak bug
Pengguna Google,5,2026-05-29 11:12:02,Bagus
Pengguna Google,5,2026-05-29 11:12:00,oke
Pengguna Google,5,2026-05-29 11:11:11,bagus banget dapet api 🔥 dan menghibur kita loh ayo mendownload tiktok ini!!
Pengguna Google,5,2026-05-29 11:08:22,chill bro
Pengguna Google,1,2026-05-29 11:06:33,"aku gif mama aku gif donat terus aku cek di saldo ko malah pas di tukar malah dapat 1 poin doang, soalnya mama aku live nya di orang lain apa karna bukan hots nya?"
Pengguna Google,5,2026-05-29 11:06:20,tiktok buat akun ku bisa vn pliss
Pengguna Google,3,2026-05-29 11:05:19,"data aplikasi terlalu tinggi,mohon di kurangi data/penyimpanan aplikasinya 🙏🏻🙏🏻"
Pengguna Google,2,2026-05-29 11:05:14,DRAFT AKUUUUU GBISA DI BUKAAA😭😭 PADAHAL ITU TUHH TRANSISI MAKE UP LOOO BIKINNYAA GA GAMPANGGG TIKTOKKKKKKKK GIMANAAA INIII!!!!!!!!
Pengguna Google,1,2026-05-29 11:03:54,ga usah lah ada tik tok shop kalau setiap dipesan tidak pernah sampai / dibatalkan oleh kang paket (kurir) bukan sekali dua kali ini setiap saya pesan tidak ada satupun yang sampai
Pengguna Google,5,2026-05-29 11:02:38,good
Pengguna Google,5,2026-05-29 11:02:33,jujur sedih karena program Beta udah penuh
Pengguna Google,5,2026-05-29 11:02:15,bagus
Pengguna Google,3,2026-05-29 11:01:50,"Aplikasi ini sedikit buruk, setiap membuka Tiktok langsung terkeluar dari aplikasi nya layar jadi Hitam!!!!"
Pengguna Google,5,2026-05-29 11:01:45,aplikasinya mantap
Pengguna Google,5,2026-05-29 10:59:12,sangat bagus
Pengguna Google,5,2026-05-29 10:58:49,saya sangat menyukai aplikasi ini
Pengguna Google,5,2026-05-29 10:54:30,beh ini tiktok enak bet di pakenya ga ngeleg sma Skli
Pengguna Google,5,2026-05-29 10:54:18,bagus aja sih ... maaf cuma itu aja kata katanya 🙏🏾
Pengguna Google,1,2026-05-29 10:53:54,"ngelag mulu, kadang gak bisa dibuka sampe harus di uninstall baru download lagi, perbaiki lah kocak"
Pengguna Google,5,2026-05-29 10:53:42,tiktok sangatlah baguss tapi gak suka nya gara-gara ada hujat ada iklan di tiktok
Pengguna Google,4,2026-05-29 10:51:31,akun ku kena banned
Pengguna Google,3,2026-05-29 10:50:26,"kurang karna setiap masuk TIKTOK selalu EROR dan selalu ""muncul tiktok tidak menganggapi""🥲 bagus juga hiburan nya sangat menghibur juga ada fitur belanja (tiktok shop)"
Pengguna Google,5,2026-05-29 10:50:15,"kok sorotan tik tok ku hilang yah padahal kemarin"" itu ada sekarang hilang oh iya sebelumnya juga pas mau buat sorotan juga gabisa disuruh coba lagi nanti trus aku liat ilang fitur sorotan nya tolong ta tik tok kuu plisss"
Pengguna Google,5,2026-05-29 10:50:01,tiktok Sagat bagus
Pengguna Google,1,2026-05-29 10:49:11,aku gua sering ilang
Pengguna Google,5,2026-05-29 10:48:37,bagus
Pengguna Google,5,2026-05-29 10:48:32,"bagus sih, cuma min tolong dong gimana cara vn d komen"
Pengguna Google,1,2026-05-29 10:48:30,"ga bisa di instal,padahal memori ga penuh"
Pengguna Google,1,2026-05-29 10:48:28,"tidak bisa menonton, tulisanya ""tidak ada internet"" jelas jelas buka youtube ama ig bisa dan lancar, ga masuk akal dong kalo cuma tiktok yg ga ada internet. aplikasi sampah"
Pengguna Google,1,2026-05-29 10:47:54,"tolong ya kepada developer/staff untuk di perbaiki sistemnya, karna banyak masalah di tiktok. 1. komen kadang ga muncul/di hide otomatis 2. di fitur favorit lagu/sound nya kadang hilang pas mau upload vidio/story, tapi giliran di cek di menu profil lagu/soundnya ada 3. masalah akun di ban permanen/sementara padahal tidak melakukan apa-apa, dan tidak komen/upload vidio/foto yang menyesatkan. kalau mau nge banned akun mending banned akun akun yang promosi judol, banyak tuh iklannya sering lewat."
Pengguna Google,1,2026-05-29 10:46:54,"setiap 2 hari sekali tik tok ga bisa di buka,kadang juga 1 hari tik tok ga bisa di buka, kadang sampe cape hapus apk trs download lagi,tolong dong tik tok bug nya di perbaiki makin gabisa di buka ni apk"
Pengguna Google,5,2026-05-29 10:45:58,bagusin lagi dong
Pengguna Google,5,2026-05-29 10:44:40,bagus bisa membuat streak loh
Pengguna Google,5,2026-05-29 10:44:28,keren
Pengguna Google,1,2026-05-29 10:43:22,"jelek, durasi video 3 menit doang anj"
Pengguna Google,5,2026-05-29 10:41:04,"Aplikasi (Tiktok) menurut Ku sangat bagus.. selain mendapat informasi, memperluas pertemanan juga ada boleh belanja d tiktok shop.. sangat membantu"
Pengguna Google,3,2026-05-29 10:38:48,penyimpanan saya jd pnuh smnjak download tiktok
Pengguna Google,1,2026-05-29 10:38:24,bagus tetapi banyak kata kata yang tidak kasar tetapi tidak bisa di komen atau langsung masuk pelanggaran
Pengguna Google,4,2026-05-29 10:35:43,bagus sih..tpi aku ga ada tata letak foto nyaa huhuu sedih banget🥹
Pengguna Google,4,2026-05-29 10:33:43,ya bgs aj
Pengguna Google,5,2026-05-29 10:30:27,ini tiktok bagus banget buat gabut nonton
Pengguna Google,5,2026-05-29 10:30:06,sangat bagus tapi aku saya keblokirr....
Pengguna Google,3,2026-05-29 10:29:55,"Tiktok ini bagus aja isi nya tergantung yg lu cari jadi bisa pas sama hal yang emang kita sukai, tapi saya kasih bintang tiga karna kadang saat pencarian mulai ke akhir malah video Donald Trump atau iran vs AS gua ga peduli ya, gua cuman mau nonton mukbang China malah ke muka Trump"
Pengguna Google,5,2026-05-29 10:28:35,tapi punyak saya tiktok nya lemot padahal ram gua masih sedikit
Pengguna Google,5,2026-05-29 10:27:34,seru dan bisa mengenal banyak teman
Pengguna Google,5,2026-05-29 10:25:59,jossss
Pengguna Google,5,2026-05-29 10:24:46,ahusri white
Pengguna Google,4,2026-05-29 10:24:11,mantap
Pengguna Google,2,2026-05-29 10:22:44,aku kasi ranting 2 karna aku baru mulai menggunakan aplikasi ini maaf 🙏
Pengguna Google,5,2026-05-29 10:22:37,也相当不错。
Pengguna Google,5,2026-05-29 10:22:17,Aku akan selaluh memantauimu dimanapun kamu berada (Colleneferrer)' Love Colleneferrer'..
Pengguna Google,1,2026-05-29 10:21:43,gampang klaim blokir blokir akun mulihin nya susah lagi
Pengguna Google,5,2026-05-29 10:20:38,BUAGUS BUAGUS BUAHLIL
Pengguna Google,5,2026-05-29 10:20:10,Anjay bisa vn!!!!!!
Pengguna Google,1,2026-05-29 10:20:10,Banyak iklan ☠️🗿
Pengguna Google,5,2026-05-29 10:18:09,mantap
Pengguna Google,5,2026-05-29 10:15:13,"aplikasi pln mobile sangat rekomendasi untuk yg mau isi token dan sebagainya dari rumah, tapi masih sering gangguan"
Pengguna Google,1,2026-05-29 10:13:02,apaan dah aku download apk ini tiba-tiba keluar sendiri pdhl udah aku hapus cache
Pengguna Google,4,2026-05-29 10:12:16,Gimana cara vitur vn woyyyyyyyyy
Pengguna Google,5,2026-05-29 10:11:51,mantab sekali.
Pengguna Google,5,2026-05-29 10:11:33,bagus bgt😜😜
Pengguna Google,5,2026-05-29 10:09:32,plis pas udah apdet ada vitur ngomong
Pengguna Google,5,2026-05-29 10:05:31,sukaa
Pengguna Google,3,2026-05-29 10:04:42,pembaruan nyaa dong biar bisa pesen barang di tiktok
Pengguna Google,3,2026-05-29 10:03:39,Karna suka keluar keluar gak jelas bikin emosi
Pengguna Google,5,2026-05-29 10:03:08,"sangat terhibur dengan video"","
Pengguna Google,1,2026-05-29 10:01:18,tidak menanggapi saya dan selalu keluar sendiri
Pengguna Google,3,2026-05-29 10:01:11,sebgtv lvsb v .pttc i y. wAym
Pengguna Google,1,2026-05-29 10:00:50,buat tiktok update nya tolong diperbaiki lah masa saya update tapi fitur nya tidak ada
Pengguna Google,1,2026-05-29 09:59:39,"tolong tiktot aku gak bisa membuka playlist simpanan, loading mulu kalau buka simpanan,tolong tiktot"
Pengguna Google,1,2026-05-29 09:57:11,banyak bug nya
Pengguna Google,4,2026-05-29 09:54:42,kak plis tolong bantu saya tidak bisa mengsintal tiktok.padahal internet lancar tapi saya coba kok nggak bisa
Pengguna Google,1,2026-05-29 09:53:49,"saat akun saya di block oleh tiktok dan saya mau menggunakan akun lainnya itu tidak bisa,kenapa tiktok?"
Pengguna Google,1,2026-05-29 09:52:07,aku kena batasan usia karena cuma mepalsukan usia menjadi kecil😠
Pengguna Google,1,2026-05-29 09:50:52,knp sering sekali GK meresepon sihh
Pengguna Google,5,2026-05-29 09:49:40,suka tiktokkk
Pengguna Google,2,2026-05-29 09:48:17,"untuk tiktok, saya mengalami Masalah akun yg tidak terdeteksi join sebuah live dan ikut berkomentar pada live tersebut, padahal saya bisa mengirimkan gift. saya sudah mengeluhkan permasalahan ini ke cs namun tidak mendapatkan jawaban apapun, jika tiktok melihat rating ini mohon untuk memperbaiki masalah yang saya alami🙏🏻"
Pengguna Google,1,2026-05-29 09:48:08,makin hari makin tak jelas titok.
Pengguna Google,1,2026-05-29 09:47:51,ngk ke instal dari tadi perbaiki eror!!
Pengguna Google,5,2026-05-29 09:47:23,sangat bagus
Pengguna Google,5,2026-05-29 09:46:25,semoga dental tiktok ini akun Saya bisa pulih
Pengguna Google,1,2026-05-29 09:45:40,ga berguna hapus aja
Pengguna Google,5,2026-05-29 09:44:24,saya mendowload tiktok untuk mencari sensipitas ff
Pengguna Google,5,2026-05-29 09:40:38,tapi gak bisa vn
Pengguna Google,5,2026-05-29 09:40:21,fyp gw..... jomok semua jink gw jadi gay😊✌️🥀
Pengguna Google,5,2026-05-29 09:39:42,bagusss
Pengguna Google,5,2026-05-29 09:39:12,Sumpah anjir !????!!???:':!??!???!!!!!!!!!!!!!!!!!!!!!!!!!!!!!!!!!!!!!!!!!!!!!!!!!!!!!!!!!!!!!!!!!!!!!!!!!!!!!!!!!!!!!!!!!!!!!!!!!!!!!!!!!!!!!!!!!!!!!!!!!!!!!!!!!!!!!!!!!!!!!!!! Jelek kena tipu
Pengguna Google,1,2026-05-29 09:37:59,"memang taik setelah di update sering keluar sendiri jadi lemot bahkan ngak bisa di pakai sebelumnya lancar2 aja, jaringan bagus apk lain aman2 saja"
Pengguna Google,5,2026-05-29 09:35:15,Hai selamat bertemu titik Saya senang dengan aplikasi ini karena ini bagus bagi saya saya sudah mencapai lima ribu folow Ayo besok kalau ketemu akun ku ikutin ya nanti aku folbek trimakasih titik Maka itu saya akan kasih bintang 5
Pengguna Google,5,2026-05-29 09:35:15,Aplksi oke
Pengguna Google,1,2026-05-29 09:33:29,"kenapa video saya kena pelanggaran penipuan, padahal engga ada unsur penipuan nya, jadi nya hangus 2 juta di event plan off plubiser"
Pengguna Google,5,2026-05-29 09:31:07,tapi agk bisa vn😭
Pengguna Google,2,2026-05-29 09:29:57,saya tidak bisa mendownload aplikasi tiktok
Pengguna Google,5,2026-05-29 09:26:08,bguss bgttt
Pengguna Google,4,2026-05-29 09:23:51,"gatau deh, sering error. tapi gapapa app nya tetep menghibur di waktu senggang, tysm."
Pengguna Google,3,2026-05-29 09:22:41,fitur g lengkap yg simple kayak balon obrolan/tema obrolan aja g ada
Pengguna Google,1,2026-05-29 09:21:12,knpa tiktok nya mlh ngadat lgi siih udh bgs mulai lancar ehk sekarang mlh ska keluar apk sndri lgi trs ngeleg mulu 😭
Pengguna Google,5,2026-05-29 09:20:34,bagus
Pengguna Google,5,2026-05-29 09:19:57,bagus
Pengguna Google,5,2026-05-29 09:19:01,top markotop
Pengguna Google,5,2026-05-29 09:18:28,jembot
Pengguna Google,5,2026-05-29 09:17:05,bagus bisa Vn🥰
Pengguna Google,5,2026-05-29 09:14:29,FAVORIETT
Pengguna Google,5,2026-05-29 09:14:02,bagus enak
Pengguna Google,4,2026-05-29 09:13:59,ok
Pengguna Google,5,2026-05-29 09:11:55,lenge
Pengguna Google,5,2026-05-29 09:08:08,bagus
Pengguna Google,1,2026-05-29 09:06:30,"apk nggk jelas. nggk ada pl tiba"" penonton turun drastis"
Pengguna Google,3,2026-05-29 09:06:11,tik tok ku lelet banget pasti selalu gak kebagian fitur yang terbaru
Pengguna Google,1,2026-05-29 09:05:34,suara live game tidak muncul pada sudah di setting semua
Pengguna Google,5,2026-05-29 09:02:59,sangat bagus
Pengguna Google,5,2026-05-29 09:02:30,bangusss nyoo uihhhh
Pengguna Google,1,2026-05-29 09:01:12,tiktok jelek ga guna hama cuman aplod ulang tahun malah pelanggaran terus ke ben tiktok jelek¹⁰⁰
Pengguna Google,2,2026-05-29 09:00:33,sy pingin mencoba aplikasi kasih ini dalam bulan ini
Pengguna Google,3,2026-05-29 09:00:19,karena di donload nya lama bagttttt terus juga aku udah nungguin lama
Pengguna Google,1,2026-05-29 09:00:13,"buruk benar"" buruk saya tidak bisa mengikuti orang lain yang ntah tidak tau masalah nya apa saya sudah menanyakan ke pihak operator langsung tadi jawabannya aktivitas kurang wajar dan setelah saya mengecek tidak ada sama sekali tolong mohon perbaiki saya jadi tidak bisa mengikuti orang lain🙏🏻🙏🏻"
Pengguna Google,1,2026-05-29 08:59:00,bagus sih bagus cuma kadang kadang kayak anjjj keluar terus dri aplikasi nya
Pengguna Google,5,2026-05-29 08:57:07,enak dipakai kalau lagi gabut
Pengguna Google,1,2026-05-29 08:56:19,terlalu banyak iklan drama China
Pengguna Google,5,2026-05-29 08:54:59,yang ke sini biar biaa repos tahan tombol like kumpul
Pengguna Google,3,2026-05-29 08:53:00,jdi gabisa bergabung ke grup pdhal org lain bisa
Pengguna Google,5,2026-05-29 08:52:33,mantab
Pengguna Google,1,2026-05-29 08:52:30,Saya donlod gak masuk masuk buruk sekali
Pengguna Google,5,2026-05-29 08:51:07,aku mau nonton tiktok
Pengguna Google,5,2026-05-29 08:51:07,baik
Pengguna Google,2,2026-05-29 08:49:40,gaada vn ga bagus
Pengguna Google,3,2026-05-29 08:49:23,lelet kali gerak video nya. jaringan bagus.
Pengguna Google,1,2026-05-29 08:48:20,parah gak bisa login...😇😇😇😇🥰
Pengguna Google,5,2026-05-29 08:46:36,bagus bangett apk nya
Pengguna Google,1,2026-05-29 08:43:51,"saya udah top up 19rb tapi coin nya ga masuk, uang nya uda di tf"
Pengguna Google,5,2026-05-29 08:42:20,Bagus gak bikin bosen
Pengguna Google,2,2026-05-29 08:37:56,LEMOT BNGT? kenapa gua chat apapun kena pelanggaran gila bngt ni apk
Pengguna Google,3,2026-05-29 08:37:17,"sistem nya gajelas, apa apa ke banned gue dibilang blm cukup umur padahl udah, ngajuin banding gabisa maunya apasi ih gush ngadain streak'an klo dikit dikit di banned tok!! 🤬🤬 tau ga berapa streak itu mati IS JERAPAH, nanti konten konten vulgar pura pura ga liat lu tok!"
Pengguna Google,5,2026-05-29 08:35:00,👍👍👍👍👍
Pengguna Google,5,2026-05-29 08:34:41,bagumahbagus tapipenge bisa VN
Pengguna Google,4,2026-05-29 08:32:24,BAGUS SIH TAPI GAK BAGUS TAPI BAGUS TAPI AGAK GAK BAGUS TAPI BAGUS BANGETT TAPI GAK BAGUS
Pengguna Google,1,2026-05-29 08:32:04,tiktok dekarang haram jadah dulu bikin status gampang sekarangmah susah harus panjang250 karakter baru bisa kenapa kecewa sama apk tik tok
Pengguna Google,5,2026-05-29 08:31:55,👍𝑏𝑎𝑔𝑢𝑠𝑠 𝑏𝑖𝑠𝑎 𝑏𝑖𝑘𝑖𝑛 𝑡𝑟𝑒𝑛𝑑
Pengguna Google,5,2026-05-29 08:30:55,audio
Pengguna Google,5,2026-05-29 08:29:56,menginspirasi
Pengguna Google,5,2026-05-29 08:29:28,i love tiktok😘🫶🏻
Pengguna Google,4,2026-05-29 08:26:52,akun tidak malakukan pelanggaran tiba² di blokir
Pengguna Google,5,2026-05-29 08:25:03,ya saya suda sering memainkan nya
Pengguna Google,5,2026-05-29 08:23:50,berapa banyak waktu buat buka tiktok nya
Pengguna Google,4,2026-05-29 08:23:49,"apk ini sangat seru, bagus"
Pengguna Google,1,2026-05-29 08:22:13,"ini tiktok gimana si setiap buka tiktok malahan ""tiktok tidak menanggapi"" terus"
Pengguna Google,5,2026-05-29 08:20:36,karena kmu baik bangett gk blok tikrok aku
Pengguna Google,4,2026-05-29 08:20:16,"bagus sih namun, saya belum bisa menggunakan VN"
Pengguna Google,5,2026-05-29 08:19:23,menurut ku aplikasi ini baguss dan menarik 🤩🤩
Pengguna Google,5,2026-05-29 08:18:38,terima kasih
Pengguna Google,5,2026-05-29 08:18:26,hi ini aku 2026
Pengguna Google,5,2026-05-29 08:17:10,"tiktok is one of the best messaging apps I have ever used. Theinterface is simple, the calls are clear, and the messages are delivered very quickly. Ialso love the status and group features because the make communication easier with family and friends."
Pengguna Google,5,2026-05-29 08:17:05,bagus banget
Pengguna Google,3,2026-05-29 08:16:53,pembayaran cicilan tidak bisa dibayar dengan saldo tiktok..
Pengguna Google,1,2026-05-29 08:15:13,"gak dapet semua fitur vn,dll"
Pengguna Google,5,2026-05-29 08:13:11,uawapik
Pengguna Google,2,2026-05-29 08:10:43,kenapa terdapat tanya seru di hp saya ? Yang bertuliskan Data terbaru di perangkat serupa menunjukan bahwa aplikasi ini mungkin berhenti berfungsi di perangkat ada.
Pengguna Google,5,2026-05-29 08:10:40,seru banget ada fitur vn nya lagi
Pengguna Google,5,2026-05-29 08:10:22,uiii🏃🚄💨💨💨 coming!
Pengguna Google,5,2026-05-29 08:09:20,bagus sihh menghibur tapi saya kapan ad fitur vn
Pengguna Google,5,2026-05-29 08:08:33,"tiktok asik dan menghibur,jika klau sya bosan saya nnton tiktok"
Pengguna Google,5,2026-05-29 08:08:32,emang bagus sih aku kasi bintang lima tapi mengisital nya lama maff nya
Pengguna Google,5,2026-05-29 08:07:26,bagus
Pengguna Google,5,2026-05-29 08:07:23,perfectt!!
Pengguna Google,5,2026-05-29 08:07:16,Assalamualaikum Warohmatullohi Wabarokatuh. maaf maksh bnyk pncipta tiktok mg sukses sllu ttp jaya tuk selmny mksh ku bnyk ngmbil hikmah dn trhibur dari tiktok mksh 🙏🙏
Pengguna Google,1,2026-05-29 08:07:08,update wae anying
Pengguna Google,5,2026-05-29 08:06:41,tiktok bisa banget bikin konten tapi aku keblokir terus
Pengguna Google,5,2026-05-29 08:06:40,wowwww
Pengguna Google,1,2026-05-29 08:05:22,APK SAMPAH MAEN APUS APUS AJA VIDIO GAJELAS
Pengguna Google,5,2026-05-29 08:05:12,seru
Pengguna Google,1,2026-05-29 08:05:03,tidak bagus. diupgreda malah tiktok terhenti
Pengguna Google,4,2026-05-29 08:04:38,tiktok ya ga bisa buat CT cttan sama temen
Pengguna Google,4,2026-05-29 08:03:43,konco
Pengguna Google,2,2026-05-29 07:58:21,"knp gk ada pencarian pulau biasanya ada contoh ""kepulauan aru"""
Pengguna Google,5,2026-05-29 07:57:02,aku bisa bikin konten apa aja
Pengguna Google,5,2026-05-29 07:56:45,ok
Pengguna Google,2,2026-05-29 07:56:20,kok nggak bisa di buat sorotan yaa
Pengguna Google,5,2026-05-29 07:56:11,Ra iso
Pengguna Google,1,2026-05-29 07:55:23,"Bug, masuk live profil orang jualan, cek content, masa bukan balik ke profil orang jualan / pas livenya malah balik ke home? Dongo bgt aplikasi backnya langsung lompat ke home"
Pengguna Google,5,2026-05-29 07:53:42,bagus banget
Pengguna Google,5,2026-05-29 07:52:49,tiktok sanggat bagus dan membuat orang terhibur .
Pengguna Google,3,2026-05-29 07:52:36,"kok bubble chat aku ilang Mulu sih padahal koneksi bagus,g ada gangguan,sama suka keluar tiktok sendiri"
Pengguna Google,5,2026-05-29 07:48:58,suka bgt
Pengguna Google,3,2026-05-29 07:48:55,kenapa sih harus gini apk Nya ngelag banget udh 5 jam nungguin tapi hasilnya buruk
Pengguna Google,5,2026-05-29 07:48:48,bagus banget aplikasi nya dan tidak pernah ngebug dan bagus banget aku suka sama aplikasi nya🥰dan bisa beli barang deh
Pengguna Google,5,2026-05-29 07:48:30,buat hiburan dari pada sendiri
Pengguna Google,5,2026-05-29 07:47:02,"tiktok sekarang canggih uda ada fitur vn dan sebagainya,CINTA BGT SAMA TIKTOKK YNG SKRNG MAKIN ADA FITUR BARU 😗💜"
Pengguna Google,5,2026-05-29 07:45:55,cara vn gimana
Pengguna Google,5,2026-05-29 07:44:43,seru tapi aktifin fitur vn dkng orang lain udah punya aku belum punya fitur vn
Pengguna Google,3,2026-05-29 07:44:07,"BENAR BENAR BURUK BANGET, setelah di perbarui makin jelek banget tiktok shop ilang,live tidak bisa karna pembatasan usia tolong laa yaaa. dak biso nian tanpa tiktoo shop, NYESEL SE NYESEL²NYA MEMPERBARUI TIKTOK 😡😡🤬🤬"
Pengguna Google,5,2026-05-29 07:40:39,sangat keren
Pengguna Google,5,2026-05-29 07:37:29,Terimakasih untuk hadiah poin yang bisa dituker rupiah
Pengguna Google,5,2026-05-29 07:37:08,mantap seru mengisi waktu luang inspiratif
Pengguna Google,5,2026-05-29 07:36:08,SERUU KALIEEE
Pengguna Google,1,2026-05-29 07:34:21,"Sumpah gk asik banget apk tiktok skrng, suka keluar sendiri,sinyal bagus kok lelet, parah!, mau live susah keluar"" sendiri.."
Pengguna Google,1,2026-05-29 07:32:43,Sering sekali ngelag udah tidakk selancar dulu
Pengguna Google,1,2026-05-29 07:32:42,anjirr sering nge bug terus kalo mau buka draft susah. tolong segera di perbaiki
Pengguna Google,2,2026-05-29 07:32:37,menurut aku jangan terlalu kebanyakan update soalnya yg memo ny penuh susah nge update nyaa besar lagi mb ny
Pengguna Google,5,2026-05-29 07:32:30,apknya udah bagus tapi entah kenapa klau klaman tiba tiba keluar sendiri
Pengguna Google,5,2026-05-29 07:31:08,bagus
Pengguna Google,3,2026-05-29 07:30:44,"masih ada bug, (Kadang loading lama banget) padahal Koneksi internet stabil, dan Sering juga (setelah belanja buat Ulasan belanjanya gak bisa di hapus), padahal udah kirim ulasannya"
Pengguna Google,5,2026-05-29 07:29:57,sangat membantu
Pengguna Google,5,2026-05-29 07:29:48,kenapaa aku gakk ada fitur vn
Pengguna Google,5,2026-05-29 07:29:42,bagus
Pengguna Google,5,2026-05-29 07:29:36,menurut saya semuanya bagus tapi saran tambahkan vitur vn
Pengguna Google,5,2026-05-29 07:29:27,mantap
Pengguna Google,2,2026-05-29 07:29:11,"makin rusak sekarang udh gabisa velocity smooth lgi wkwk, ancor' minimal update jdi lebih bagus kek ini tiktok jdi makin berat anj"
Pengguna Google,1,2026-05-29 07:28:49,"Aplikasi ini buruk sekali, berisi tentang komentar-komentar buruk pada video orang lain. Kalau seperti ini terus menerus, kenapa tidak di hapus saja dari play store saja hanya akan memberikan komentar-komentar yang buruk dari video orang lain yang mereka buat. SANGAT, SANGAT, SANGAT BURUK SEKALI. Sebab itulah saya tidak tidak tertarik sama sekali dengan aplikasi ini"
Pengguna Google,1,2026-05-29 07:28:41,"ni knp draft ny tdk muncul trs si??,benerin noh aplikasi lu"
Pengguna Google,5,2026-05-29 07:26:31,ini adalah aplikasi favorit saya
Pengguna Google,5,2026-05-29 07:25:47,"aplikasi yg bagus, nyaman tapi tolong ya saya mohon untuk memposting video jgn terlalu sepi atau kena SB kita GK spam atau melakukan apapun tapi tetap kena tolong lebih di perhatikan lagi Krn ada sebagian orang kena SB parah sekali hingga setinggi video yg di unggah tidak fyp yg biasa fyp ini tidak, saya mohon akses lebih di perlukan lagi yaaa, terimakasih"
Pengguna Google,3,2026-05-29 07:25:27,knp tiktok lu ga bisa postlang dari pencet like padahal aku udh update
Pengguna Google,1,2026-05-29 07:23:59,jlk belum ada fitur sorotan padhal sudah update terus
Pengguna Google,5,2026-05-29 07:23:24,Bagus banget
Pengguna Google,5,2026-05-29 07:20:48,bagusss
Pengguna Google,2,2026-05-29 07:20:28,"mau hapus penautan nomor lama. yang muncul hanya ( ada masalah sistem ) , mau hapus akun juga susah lagi"
Pengguna Google,5,2026-05-29 07:20:27,Bagus update an nya
Pengguna Google,3,2026-05-29 07:18:24,"fitur foto live tidak ada jadi saya hapus aplikasi dan saya, download lagi tetep nggak ada fitur foto live nya"
Pengguna Google,5,2026-05-29 07:17:32,sangat bagus sekali dan gak pernah bosen apalagi bisa nampung memori🙂
Pengguna Google,5,2026-05-29 07:15:43,bikin ga bosen
Pengguna Google,5,2026-05-29 07:14:23,🫶🏻
Pengguna Google,2,2026-05-29 07:14:12,kok la mama ini
Pengguna Google,3,2026-05-29 07:13:13,Good
Pengguna Google,3,2026-05-29 07:13:03,pas bikin vidio hasilnya pecah pecah.jadi gak ada hasil mau live tapi kena pelanggaran terus segera di perbaiki ya tiktok
Pengguna Google,5,2026-05-29 07:12:17,suka bgt tiada hari tanpa tiktok
Pengguna Google,1,2026-05-29 07:10:34,aneh aku masukin akun habis itu disuruh masukin tanggal lahir habis itu abu buat tanggal lahir aku malah ga bisa aneh😡
Pengguna Google,3,2026-05-29 07:09:00,tolong upgrade tikrok aku
Pengguna Google,5,2026-05-29 07:08:52,baguss banget aplikasi yah
Pengguna Google,5,2026-05-29 07:07:24,vidio saya di tiktok menjadi lebih banyak penonton❤️
Pengguna Google,1,2026-05-29 07:06:04,gaseru jelek
Pengguna Google,1,2026-05-29 07:05:46,tidak bisa di buka
Pengguna Google,5,2026-05-29 07:05:01,Bintang lima
Pengguna Google,1,2026-05-29 07:03:48,TikTok bodoh admin bnyak yg nipu
Pengguna Google,1,2026-05-29 07:03:27,mkin kedepan tiktok mkin gk beres .eror trs
Pengguna Google,1,2026-05-29 07:03:08,sering ngelek dan tidak terdeteksi ponsel saya sehingga saya tidak bisa membeli sarung jempol dan kehilangan flash sell
Pengguna Google,4,2026-05-29 07:02:30,bagus
Pengguna Google,1,2026-05-29 07:02:18,gk jelas cuma gara² diblokir ampe gk bisa masuk tiktok
Pengguna Google,1,2026-05-29 07:00:57,beberapa hari aplikasi tiktok tidak bisa di buka.mohon bantuanya
Pengguna Google,2,2026-05-29 06:58:17,"sekarang tiktok kenapa yh?setiap buka aplikasinya ""tiktok tidak menanggapi"" Mulu w udh uninstall 4 kali masih ajh Kya gtu"
Pengguna Google,5,2026-05-29 06:53:15,“TikTok is a very entertaining app with creative and trending videos every day. I enjoy watching short videos and discovering new creators from around the world.”
Pengguna Google,5,2026-05-29 06:52:46,Bagus
Pengguna Google,3,2026-05-29 06:51:50,error tolong di bagusin
Pengguna Google,4,2026-05-29 06:49:37,Tiktok tolong buat fitur hapus pesan masuk di aplikasi lh soalnya ganggu banget
Pengguna Google,5,2026-05-29 06:49:17,Hei Developer Upgraded Itu Ngelag
Pengguna Google,5,2026-05-29 06:48:35,banyak informasi nya
Pengguna Google,1,2026-05-29 06:47:05,woi anj itu ada bug baru tuh gw dah nutup tiktok kok masih ada suaranya anj fix cepetan woi
Pengguna Google,5,2026-05-29 06:46:43,gatau apa yang salah pokok nya ma ini sangat Bagus
Pengguna Google,1,2026-05-29 06:45:32,aku bner bner ga suka semenjak aku donlod tt hp ku slalu ngeleg
Pengguna Google,1,2026-05-29 06:44:05,lag.
Pengguna Google,5,2026-05-29 06:43:03,baby
Pengguna Google,4,2026-05-29 06:36:03,bagus dan tidak ngelek
Pengguna Google,1,2026-05-29 06:35:16,"tiktok anj tolol apa apa lu batasi ngentod tolol amat lu, gw ngetag aja lu batasi ngentod lu aplikasi tolol mati aja lu tolol bego"
Pengguna Google,5,2026-05-29 06:34:31,top up
Pengguna Google,4,2026-05-29 06:32:57,"bagus, cocok buat kegabutan aku jadi suka sama tiktok walaupun gak bisa vn, buat sorotan story tiktok, masak pengguna kreator lain punya. sedangkan saya gak ada tuh. makasih ya tiktok sudah menemani kegabutanku maafkan juga kalau aku sedikit lancang ya 🤗"
Pengguna Google,5,2026-05-29 06:31:29,Bagus banget tiktok yah
Pengguna Google,5,2026-05-29 06:31:01,mantap
Pengguna Google,5,2026-05-29 06:28:47,Tolong hapus iklan dan juga kasih Vidio tanpa internet
Pengguna Google,5,2026-05-29 06:27:32,keren
Pengguna Google,5,2026-05-29 06:24:34,"iii seruu,, +pada ramah semuaa"
Pengguna Google,1,2026-05-29 06:24:32,"susah fyp di postingan saya , followers saya sendiri aja tidak melihat tayangan saya"
Pengguna Google,3,2026-05-29 06:22:29,tiktok ini bagus sih tapi ada yang kurang fitur vn tidak ada
Pengguna Google,5,2026-05-29 06:21:23,seru banget
Pengguna Google,5,2026-05-29 06:20:43,bagus karena fitur belanja potong harga dan ada vidio semua
Pengguna Google,3,2026-05-29 06:20:20,aplikasi sering keluar sendiri
Pengguna Google,5,2026-05-29 06:18:21,gak bisa vn meskipun dah update
Pengguna Google,5,2026-05-29 06:16:31,baguss saya suka sekali dengan aplikasi ini🫰🤍
Pengguna Google,2,2026-05-29 06:14:30,woww banget siih
Pengguna Google,5,2026-05-29 06:14:04,bagus banget
Pengguna Google,5,2026-05-29 06:12:41,enak di tonton
Pengguna Google,3,2026-05-29 06:12:27,cuman untuk meng hibur doang
Pengguna Google,5,2026-05-29 06:12:09,Baik
Pengguna Google,1,2026-05-29 06:11:17,burik lelet gajelas
Pengguna Google,1,2026-05-29 06:10:22,ko tidak bisa buka. wa
Pengguna Google,4,2026-05-29 06:09:40,baguss bangeddd
Pengguna Google,5,2026-05-29 06:09:05,Tampa dia tidak akan pernah bisa lepas dari hp
Pengguna Google,5,2026-05-29 06:07:57,aku ingin fitur vn
Pengguna Google,5,2026-05-29 06:07:41,baggus
Pengguna Google,5,2026-05-29 06:07:28,semoga aplikasinya serba berguna yg penguna baru🥰
Pengguna Google,2,2026-05-29 06:06:51,"parahh, baru buka aplikasi ini sudah disuruh istirahat, setelah 5 menit scrol muncul lagi"
Pengguna Google,5,2026-05-29 06:06:46,bagus
Pengguna Google,5,2026-05-29 06:04:45,. kindes
Pengguna Google,5,2026-05-29 06:04:03,sangat bagus untuk filter nya lucu dan cantik sekali
Pengguna Google,2,2026-05-29 06:01:58,bisa keblok kalo gk pakek akun google
Pengguna Google,5,2026-05-29 06:00:14,aku mau koin 2jt g usah banyak banyak pokok nya harus kirim ke tiktok ku nm nya @xyz_grce yg pp langit biru 🤭
Pengguna Google,5,2026-05-29 06:00:07,ok
Pengguna Google,5,2026-05-29 05:59:10,bagus
Pengguna Google,5,2026-05-29 05:57:56,tiktok bagus
Pengguna Google,4,2026-05-29 05:57:02,bagusss cumann adaa iklan nya ajaaa
Pengguna Google,5,2026-05-29 05:56:09,bagus udah gitu aja
Pengguna Google,1,2026-05-29 05:54:39,aplikasi ini makin lama makin se enak nya aja tiktok shop nya udah makin kacau
Pengguna Google,5,2026-05-29 05:53:46,"baguss, bisa jogett joget lagii"
Pengguna Google,5,2026-05-29 05:53:09,kok gak ada sorotan sih
Pengguna Google,5,2026-05-29 05:51:15,sangat bagus tapi akun saya diblok. ☹️😢🥲
Pengguna Google,4,2026-05-29 05:50:25,aplikasi tik tok ini bagus banget
Pengguna Google,4,2026-05-29 05:50:13,gtw bagus aja
Pengguna Google,5,2026-05-29 05:50:08,Tolong tambahin di beranda ada cewek tobrut
Pengguna Google,5,2026-05-29 05:50:03,sangat bagus
Pengguna Google,1,2026-05-29 05:47:18,"hapus aja tiktok sekalian permanen selamanya soalnya banyak kasus menghina orang, bikin SDM rendah dan ngatain fisik orang lain Cyber bully adiktif dan hoax buang aja"
Pengguna Google,5,2026-05-29 05:46:55,good
Pengguna Google,5,2026-05-29 05:46:48,ok
Pengguna Google,4,2026-05-29 05:46:35,"tiktok ini aplikasi yg sangat dipercaya banyak orang dan aplikasi ini bermanfaat bagi pemula untuk membuat konten,dan bisa buat foto,vidio,live,dan berbelanja,dll"
Pengguna Google,5,2026-05-29 05:44:13,也人大人十木
Pengguna Google,5,2026-05-29 05:43:07,tapi belum bisa fitur sorotan
Pengguna Google,2,2026-05-29 05:42:50,ini gimana ini bug fitur kecepatan di Samsung a56 ga bener bener
Pengguna Google,5,2026-05-29 05:42:44,mantap
Pengguna Google,5,2026-05-29 05:42:18,sangat baguss....
Pengguna Google,5,2026-05-29 05:41:42,aplikasi sangat menghibur aku
Pengguna Google,5,2026-05-29 05:41:01,"wah keren banget aplikasinya aku suka nonton Solarballs disitu, bisa posting ulang apa aja rispek yg buatnya🤙🏻❤️❤️"
Pengguna Google,1,2026-05-29 05:37:45,lemot
Pengguna Google,5,2026-05-29 05:36:57,best lah
Pengguna Google,5,2026-05-29 05:35:50,baru masuk keluar sendiri
Pengguna Google,5,2026-05-29 05:34:37,Saaaaaaaaaa Dafa
Pengguna Google,5,2026-05-29 05:33:50,tapi tolong kasih saya fitur vm
Pengguna Google,3,2026-05-29 05:33:44,kenapa tidak ada fitur VN nya
Pengguna Google,5,2026-05-29 05:33:28,😽😻👍🏻
Pengguna Google,5,2026-05-29 05:33:21,seruu😆😆😆
Pengguna Google,5,2026-05-29 05:32:12,Bagus aplikasi nya
Pengguna Google,3,2026-05-29 05:31:58,app ini sering memunculkan hal hal yang tidak baik
Pengguna Google,5,2026-05-29 05:30:52,bgus banget ya
Pengguna Google,1,2026-05-29 05:30:48,kok aku nggak bisa VN
Pengguna Google,5,2026-05-29 05:30:32,oke
Pengguna Google,5,2026-05-29 05:30:30,aplikasi ini tehh bagus euyyyy
Pengguna Google,5,2026-05-29 05:25:11,bgus
Pengguna Google,4,2026-05-29 05:24:53,ok
Pengguna Google,4,2026-05-29 05:24:40,gaa ad tiktok shop
Pengguna Google,3,2026-05-29 05:23:12,"suka keluar dri aplikasi trus, pdahal saya pake wifi, wifinya pun lancar, tlong di benarkan"
Pengguna Google,5,2026-05-29 05:22:47,sangatt baguss!!
Pengguna Google,5,2026-05-29 05:21:32,😊
Pengguna Google,5,2026-05-29 05:19:43,tiktok ini seru banyak diskon dan akan selalu mendapatkan potongan harga lagi pokoknya seru
Pengguna Google,2,2026-05-29 05:15:49,patah patah nya berubah menjadi ngelag.tiktok mohon perbaiki.
Pengguna Google,1,2026-05-29 05:15:09,"SUDAH TIDAK BISA DIHARAPKAN LAGI BUAT CARI UANG SAMPINGAN,BUAT KITA YANG KURANG MAMPU...TIKTOK LEBIH PEDULI DENGAN YANG PUNYA UANG..DARI PADA KITA ORANG MISKIN YANG CUMA SEKEDAR NUMPANG CARI UANG...."
Pengguna Google,4,2026-05-29 05:15:02,sering lag ko punya gw blm ada sorotan nya tadi malam ada trus ga ada lagi dasar lag
Pengguna Google,5,2026-05-29 05:14:42,bagus bangett aku suka sama upgrade yang baru jadi ada sorotannya kayak di Instagram
Pengguna Google,5,2026-05-29 05:14:37,bagus tapi lek anj
Pengguna Google,5,2026-05-29 05:14:14,bermanfaat
Pengguna Google,5,2026-05-29 05:13:17,akun aku ilang gara² batas usia padahal itu akun udah du rawat dari du
Pengguna Google,5,2026-05-29 05:13:16,tiktok keren
Pengguna Google,5,2026-05-29 05:10:44,"saya suka sekali , dan tiktok sangat menghibur"
Pengguna Google,1,2026-05-29 05:10:36,karna gampang eror
Pengguna Google,5,2026-05-29 05:09:35,mantaaapp..👍👍👍👍
Pengguna Google,1,2026-05-29 05:08:45,udah banyak
Pengguna Google,1,2026-05-29 05:07:52,tidak bisa di buka
Pengguna Google,5,2026-05-29 05:05:56,. Bukan sulap bukan sihir tak disangka ku ada yang semar mesem jangan bergoyang eh spontan kita saling sayang
Pengguna Google,5,2026-05-29 05:03:24,bagus sangat bagus
Pengguna Google,5,2026-05-29 05:00:17,bagus
Pengguna Google,4,2026-05-29 04:57:54,Tik Tok adalah Aplikasi untuk menambah pengetahuan danpembelian barang serta hiburan semoga sukses selalu
Pengguna Google,1,2026-05-29 04:57:43,APUSSS IKLAN judoll woiiii
Pengguna Google,5,2026-05-29 04:57:33,bagus
Pengguna Google,5,2026-05-29 04:56:28,bagus
Pengguna Google,5,2026-05-29 04:56:16,aplikasi ini sangat bagus sangat cocok untuk orang yg suka gabut dan bisa menyimpan video online
Pengguna Google,5,2026-05-29 04:55:59,wah ini keren sih aku kasi bintang 5 karena tiap gabut tinggal scroll aja banyak video yang menarik
Pengguna Google,5,2026-05-29 04:52:36,"sangat bguss aplikasi inii, menghibur juga+seruu"
Pengguna Google,5,2026-05-29 04:49:47,sangat bagus tapi dia gak bikin fidio tiktok ku rame
Pengguna Google,2,2026-05-29 04:49:34,"telfon, sama mic nya belum ada"
Pengguna Google,5,2026-05-29 04:48:49,aku bug pls
Pengguna Google,5,2026-05-29 04:47:41,sangat bagus
Pengguna Google,5,2026-05-29 04:46:53,bgus
Pengguna Google,1,2026-05-29 04:46:38,saya masuk ke tiktok tapi tiktok nya semua nya malah loading padahal sinyal nya bagus vidio loading komentar loading pencarian loading semua loading tolong perbaiki lagi saya sudah menunggu lama eh tau tau nya masih loading duhh gimana sih tiktok nih 😒🤬💢
Pengguna Google,3,2026-05-29 04:45:37,baru download udh minta update kocak wkwkw
Pengguna Google,1,2026-05-29 04:44:33,sdm rendah
Pengguna Google,5,2026-05-29 04:44:20,bagus aplikasi nya dan kami bisa live dan sebagainya
Pengguna Google,5,2026-05-29 04:43:38,bagus👍
Pengguna Google,3,2026-05-29 04:43:18,"apalahh, vt sering nyendat nyendat, berulang kali loading mulu, padahal jaringan/aplikasi lain aman aman aja"
Pengguna Google,1,2026-05-29 04:40:10,"promosi dibatalkan tapi uang tidak kembali cuih, najis apk kikir tolol"
Pengguna Google,3,2026-05-29 04:37:32,gak ada fitur terbaru contohnya vn tapi lumayan bagus aplikasinya
Pengguna Google,5,2026-05-29 04:37:23,saya kasih bintang 5 karena tiktok bisa untuk nonton dan edit vidio jadi..... pokoknya seru dehh
Pengguna Google,1,2026-05-29 04:36:52,aplikasi yang rata rata isi nya sdm rendah konten tidak mendidik dan jelek kualitas nya malah ngeleg aplikasi sejelk ini kok ngeleg tolong ya di perbaiki allikasi isi nya video doang ampe ngeleg banget kalo game 10gb wajar lah lah ini 🤣🤣🤣
Pengguna Google,2,2026-05-29 04:35:35,"tik tok parah sekarang, sedikit2 update padahal dulu2 gak gini"
Pengguna Google,5,2026-05-29 04:35:15,asik aja sih
Pengguna Google,5,2026-05-29 04:35:11,bagus jadi gak gampang bosen gara gara aplikasi ini
Pengguna Google,5,2026-05-29 04:29:20,disini enak banget banyak banget Kaka
Pengguna Google,5,2026-05-29 04:29:10,fitur tiktok bagus dan tidak terlalu buruk bagi saya
Pengguna Google,5,2026-05-29 04:28:43,Bgus tpi abdet ny nga bsa
Pengguna Google,1,2026-05-29 04:28:27,emm gd ahh
Pengguna Google,1,2026-05-29 04:28:06,mengapa tiktok membiarkan iklan jud0l alias judi online?
Pengguna Google,5,2026-05-29 04:27:21,sangat bagus
Pengguna Google,5,2026-05-29 04:27:11,"saya suka dengan tiktok, menyenangkan dan seru"
Pengguna Google,1,2026-05-29 04:27:09,orangnya ga ramah banyak yang hujat tolong hapus apk sdm rendah ini banyak yang gk punya hati orang orang nya cepet hapus
Pengguna Google,2,2026-05-29 04:26:41,entah kenapa akun aku kalau post vt pasti stuck di 10 an yg liat padahal udh 2 hari nungguin udh effort tapi gk fyp padahal pas awal ngonten yg nonton bisa 400+ lah sekarang 30+ aja gak bisa aku kira aku aja yg kena rupanya banyak yg kaya gini kasih saran dong mimin tiktok kenapa jadi gk semangat kalo gini terus
Pengguna Google,3,2026-05-29 04:24:41,sering crash sendiri apk rusak
Pengguna Google,5,2026-05-29 04:22:22,👍👍
Pengguna Google,4,2026-05-29 04:21:17,"aplikasi nya bagus banyak hiburan dan shop tapi.. aku saranin buat tambahin fitur buat menghapus postingan ulang sekaligus, cuman itu aja sih"
Pengguna Google,5,2026-05-29 04:20:35,Baik
Pengguna Google,5,2026-05-29 04:19:32,baguss banyak org nonton nich
Pengguna Google,5,2026-05-29 04:19:19,bagus banget anak saya tambah suka
Pengguna Google,3,2026-05-29 04:18:37,"data terbaru di perangkat anda menunjukkan aplikasi tidak berfungsi di perangkat anda ini peringatan di aplikasi, tolong gimana solusinya ini, saya sudah capek setiap hari download ulang"
Pengguna Google,5,2026-05-29 04:17:01,bagus cuman susah nyari koinnya
Pengguna Google,5,2026-05-29 04:16:35,Follow Masapetllp
Pengguna Google,5,2026-05-29 04:15:31,"baguss banget menurutku kayak gimana gitu, kalo foto aku selalu disitu efeknya bagus bagus suka banget dehh tapi banyak efek ai nya menurutku efek ai nya agak dikurangin yaa"
Pengguna Google,2,2026-05-29 04:14:32,gak bisa di buka
Pengguna Google,4,2026-05-29 04:14:03,sangat tidak buat bosan
Pengguna Google,4,2026-05-29 04:13:40,baguss banget buat hiburan
Pengguna Google,1,2026-05-29 04:13:27,hiburan kelas bawah sdm rendah.
Pengguna Google,5,2026-05-29 04:12:27,lumayan seru
Pengguna Google,1,2026-05-29 04:12:09,apk buruk sering ada tulisan tiktok tidak menanggapi hapus aja hapu dari ps
Pengguna Google,3,2026-05-29 04:11:56,di update malah makin makin bug nge lag
Pengguna Google,4,2026-05-29 04:07:51,tiktok ini kenapa nih ada 99 motif tapi pas diperiksa gak ada
Pengguna Google,4,2026-05-29 04:06:49,"HALO KAKAK, TOLONG BUATKAN FITUR HAPUS POSTINGAN ULANG SEKALI LANGSUNG DONG BUAR GA CAPE NGEHAPUS SATU'"
Pengguna Google,1,2026-05-29 04:03:46,"makin di update makin jelek,yang tadi nya ada fitur belanjanya sekarang malah hilang,Tah kenapa padahal umur saya juga sudah lebih 18 tahun dan fitur live saya juga hilang, tolong pihak tik tok minta tolong segera di perbaiki secepatnya"
Pengguna Google,1,2026-05-29 04:03:27,kenapa Paylatter saya ga bisa Di gunakan. apa ada yg salah? sedangkan saya ga pernah telat bayar
Pengguna Google,5,2026-05-29 04:02:39,bagus saya suka
Pengguna Google,2,2026-05-29 04:02:13,". wfrvw ke d can DX desa DC cak .💐🤐🙃🤬🥳😑🤔😌😋😋,,t, f"
Pengguna Google,2,2026-05-29 04:00:02,mau vidio eh mala Kaya foto aja
Pengguna Google,5,2026-05-29 03:58:28,bagus
Pengguna Google,5,2026-05-29 03:58:11,bagus banget vector yang menarik
Pengguna Google,1,2026-05-29 03:54:20,khanza
Pengguna Google,2,2026-05-29 03:54:18,saya belum dapat fitur VN
Pengguna Google,2,2026-05-29 03:54:06,akhir akhir ini aplikasi tik tok setelah di upgrade sering kalo mau nyekrol video sering keluar sendiri saya minta tolong mohon di perbaiki dengan benar biar tidak keluar sendiri
Pengguna Google,1,2026-05-29 03:53:05,"Tiktok Sekarang srg menampilkan film drama china yang Esek-Esek , masa disetujui orang itu film dewasa sekali gitu lho , begitu kita yang gak upload video kayak gitu malah kadang kena pelanggaran . saran saya diijinkan aja orang upload video dewasa kan sama aja kan dengan video drama china itu ."
Pengguna Google,5,2026-05-29 03:52:15,baguss banget tiktok aku jadi gak gabut lagi
Pengguna Google,1,2026-05-29 03:51:43,KENAPA SKRG GABISA REPOST STORY TEMEN YG NGETAG KITAA????? PLIS BALIKIN FITUR ITUUU😭😭😭
Pengguna Google,5,2026-05-29 03:51:20,mantap
Pengguna Google,5,2026-05-29 03:50:47,HEBAT
Pengguna Google,5,2026-05-29 03:48:53,good luck
Pengguna Google,1,2026-05-29 03:48:46,gak ada vn nya😄
Pengguna Google,5,2026-05-29 03:45:30,bagus aku ksh rating bintg5 soal nya aku disana banayak kenalan.
Pengguna Google,1,2026-05-29 03:45:25,orang yang make ini hina an terus ada yang ejek orang yang bersalah dan orang nya punya kekurangan apk ini sarang monyet
Pengguna Google,5,2026-05-29 03:45:15,apk favorit 😋
Pengguna Google,4,2026-05-29 03:45:05,mengingatkan masa lalu
Pengguna Google,5,2026-05-29 03:45:01,baguss
Pengguna Google,1,2026-05-29 03:43:47,"Untuk tiktok yang terhormat.komentar positif di hapus lalu iklan dan postingan yg ketelanjangan konten dewasa sexual tidak di hapus/di biarkan bertebaran di beranda setiap pengguna tiktok, 😅"
Pengguna Google,1,2026-05-29 03:43:11,suka ngelag
Pengguna Google,5,2026-05-29 03:41:33,kerena sangat seru
Pengguna Google,4,2026-05-29 03:40:43,bgus
Pengguna Google,1,2026-05-29 03:39:36,"iklan aplikasi lu muncul mulu di aplikasi lok lok setiap mau nonton film,baru 2 detik buka nongol iklan aplikasi lu tik tok"
Pengguna Google,5,2026-05-29 03:37:12,somale
Pengguna Google,5,2026-05-29 03:35:24,bagus banget
Pengguna Google,5,2026-05-29 03:35:12,jemboat
Pengguna Google,1,2026-05-29 03:34:18,soalnya tidak bisa live dan chat tiktok benar-benar buruk
Pengguna Google,5,2026-05-29 03:33:51,tidak ada vn tapi tetap aku bintangin 5
Pengguna Google,5,2026-05-29 03:31:59,"ini sangat bagus, menjadi apk favorit ku dan aku terhibur dengan video video yg berada ditiktok👍🏻"
Pengguna Google,1,2026-05-29 03:31:16,"tiap hari update perbaikan bug, emang harus gitu ya? setiap nonton pasti ada video patah patah padahal nonton video lain nggak gitu, penghemat data mati, nonton video di aplikasi lain ga gini, emang bug ni tiktok, banyak bug, setiap hari ada update bug"
Pengguna Google,1,2026-05-29 03:31:05,"tiktok!!! yang bener lah....tambahkan vitur sopan kek, batasi komentar, pada pedes banget komentar nya!!!"
Pengguna Google,5,2026-05-29 03:30:59,bagus
Pengguna Google,4,2026-05-29 03:30:22,Sangat bermanfaat bagi diriku dlm mencari teman dan mencari info.
Pengguna Google,5,2026-05-29 03:29:45,seru banget aplikasi nya ada dance yang seruu aku sukka
Pengguna Google,1,2026-05-29 03:29:43,akun ku selalu hilang 3x klo nyoba login tulisannya kesalahan terus kecewa!
Pengguna Google,1,2026-05-29 03:29:06,"apalah sering bug, tiba' keluar sendiri trus ngk bisa masuk ke apk nya saya sudah 7x ulang donlod ini aplikasi biar saya bisa scroll dan juga kalo scroll nya agak lama tiba"" yg muncul cuma suaranya aja gambarnya/video ny gk muncul padahal awal"" saya donlod ini aplikasi bagus"" aja kok makin lama makin anjay 💔 tolong di perbaiki"
Pengguna Google,5,2026-05-29 03:28:52,bikin fyppp
Pengguna Google,5,2026-05-29 03:28:22,bagus sekali akuu sangat suka(dari syifa)
Pengguna Google,5,2026-05-29 03:27:50,bagus
Pengguna Google,1,2026-05-29 03:27:19,"semenjak update ga bisa msukin voice over dari video. tolonglah ini gimana solusinya, sebelumnya fine2 aja"
Pengguna Google,5,2026-05-29 03:27:06,asik bisa buat dens sama temen pokonya asik🫶🤭
Pengguna Google,5,2026-05-29 03:26:19,baguss
Pengguna Google,2,2026-05-29 03:25:50,"kenapasih tiktok saya sulit dibuka padahal sinyal saya kondisi nya bagus, udah seharian gabisa buka tiktok, tolonh di perbaiki lagi deh saya mau nyalain streak dengan temen saya tapi ga bisa dibuka nih tiktok"
Pengguna Google,5,2026-05-29 03:25:39,patih
Pengguna Google,4,2026-05-29 03:23:14,bg tiktok kok aku gk ada balon obrolan?
Pengguna Google,5,2026-05-29 03:22:58,bagus 100%
Pengguna Google,3,2026-05-29 03:22:51,kok nggak ada shoop nyaa yaa
Pengguna Google,5,2026-05-29 03:20:23,"mantaaapp...aplikasinya real,,reward nya bisa dicairkan,,joooossss pokoknya 👍👍"
Pengguna Google,2,2026-05-29 03:20:02,tiktok lemot jelek gak bagus
Pengguna Google,5,2026-05-29 03:18:40,suka
Pengguna Google,5,2026-05-29 03:14:55,oke
Pengguna Google,5,2026-05-29 03:14:41,tiktok sangat membantu bisa buat belanja. dan sangat menghibur.dan juga bisa untuk mengembangkan kemampuan dalam proses buat karaoke d tiktok ♥️♥️♥️♥️♥️♥️👈👍👍
Pengguna Google,5,2026-05-29 03:13:28,Di Tik Tok juga ada lho gen halilintar di gen ada 1-11 yaitu NAMA GEN HALILINTAR 1. Atta halilintar 2. Sohwa halilintar 3. Sajidah halilintar 4. Thariq halilintar 5. Iyyah halilintar 6. Saih halilintar 7.Fatimah halilintar 8.Fateh halilintar 9.Muntaz halilintar 10.Saleha halilintar 11.Qahtan halilintar
Pengguna Google,4,2026-05-29 03:11:41,AKUSANDI
Pengguna Google,5,2026-05-29 03:11:18,bagus
Pengguna Google,3,2026-05-29 03:10:07,tolong hapuskan iklan judol saya sangat risih🙏🙏
Pengguna Google,5,2026-05-29 02:58:13,ok
Pengguna Google,5,2026-05-29 02:57:32,apakah aplikasi ini memiliki cuplikan?
Pengguna Google,3,2026-05-29 02:57:30,sering lag tapi okelah
Pengguna Google,5,2026-05-29 02:56:37,tambahin filternya ya biar bagus aja terus jgn aneh2
Pengguna Google,4,2026-05-29 02:56:34,"bisa chat just friend akh, sama aga ngeleg ok"
Pengguna Google,5,2026-05-29 02:55:28,"Aplikasi tiktok ini sangat membutuhkan untuk scroll dan buat video kadang juga mengalami EROR dan keluar sendiri kadang ada tulisan TIKTOK TIDAK MENANGGAPI,KELUAR SENDIRI JADI TOLONG DI PERBAIKI"
Pengguna Google,1,2026-05-29 02:54:40,"fitur laporan di tiktok tidak guna banyak sekali akun akun ga jelas seperti akun hina minoritas dan mayoritas seperti agama, ras, politik tolong kepada pihak developer nya di perbaiki lagi laporan nya saya sudah lapor sebanyaknya tapi di ada kesalahan teruss tolongg di perbaiki"
Pengguna Google,1,2026-05-29 02:50:37,"pada layar tiktok acak acakan dan patah patah padahal saya sudah membersihkan sampah dan sudah saya install ulang namun masih tetap acak""an layarnya hal ini hanya terjadi pada aplikasi tiktok saja dan penyimpanan pada hp saya juga masih tersisa babyak ruang tidak tau kenapa tiktok saya menjadi seperti itu sudah 2 bulan ini"
Pengguna Google,4,2026-05-29 02:49:37,"kasih bintang 4 aja dulu,, ntar diperbaharui"
Pengguna Google,5,2026-05-29 02:46:55,👍
Pengguna Google,5,2026-05-29 02:44:14,tapi saya ngk bisa live
Pengguna Google,1,2026-05-29 02:39:44,apk ini cm enak buat belanja doank. bentar2 akun mau diblokir kl komen ttg kebijakan pemerintah atau hal lainnya. padahal ada komen yg lebih g manusiawi lolos2 aj. asal komen itu berpihak pada rezim aman2 aj. atau VT yg ga pantas muncul lolos2 aj. tontonan g mendidik pun bisa lolos. tp komen ttg rezim lgs baper dan lgs diancam akn diblokir. anehhh..akun gw diblokir jg g masalah. Mash ada aplikasi lain yg lbh bermanfaat dan mencerdaskan. ksh bintang 1 aja gw g rela👎 biar apa hrs aktifkan lokasi?
Pengguna Google,4,2026-05-29 02:38:24,aplk nya bagus cuma fitur chat nya jangn di apdt
Pengguna Google,5,2026-05-29 02:35:27,scrol
Pengguna Google,5,2026-05-29 02:32:36,aplikasi nyah bagus dan seru 👍 saya ingin membantu menjawab beberapa tentang hal hal negatif yang di berikan orang orang kepada aplikasi ini. 1 sering ngelag ketika memainkan tiktok ini berkemungkinan di karenakan hanphone mereka sudah Tidak kuat menjalan kan aplikasi tiktok atau hp entry level 2 sering ngelag ketika buka aplikasi tiktok ini juga sama seperti yang nomor 1 mungkin hanya segitu aja yang aku kasih jawaban nyah Jiak ada kesalahan atau tersinggung saya minta maaf 🙏
Pengguna Google,5,2026-05-29 02:31:37,enak banget
Pengguna Google,2,2026-05-29 02:30:56,buatkan tiktok saya ada shopnya dong ini error ya? kok ga ada padhl saya udh update terbaru
Pengguna Google,5,2026-05-29 02:27:07,aplikasi ini sangat bagus sekali 🤩
Pengguna Google,4,2026-05-29 02:26:34,untuk aplikasi agak selalu ngelag pas masuk suka kaya loading gitu itu kenapa penyebabnya tolong jawab dan perbaik lagi dong
Pengguna Google,5,2026-05-29 02:25:40,lumayan
Pengguna Google,1,2026-05-29 02:25:33,algoritma brengsek 💔🔪
Pengguna Google,4,2026-05-29 02:22:28,aplikasi yg bagus dan keren
Pengguna Google,2,2026-05-29 02:20:00,ga bisa ngeliat yg live tobrut apk tolol
Pengguna Google,4,2026-05-29 02:19:09,bgus tpi gweh ga bisa vn
Pengguna Google,4,2026-05-29 02:18:49,pelit
Pengguna Google,5,2026-05-29 02:18:31,sangat bagus
Pengguna Google,3,2026-05-29 02:18:11,GK ad voice notenya terus banyak vidio dewasa
Pengguna Google,5,2026-05-29 02:18:09,"di aku kok belom ada fitur sorotan ya , tolong di bantu , dan gimana biar ada fitur sorotan"
Pengguna Google,5,2026-05-29 02:14:16,bagus'
Pengguna Google,4,2026-05-29 02:12:11,jos jis
Pengguna Google,1,2026-05-29 02:08:37,tolong pembatas usia nya di hapus ya
Pengguna Google,5,2026-05-29 02:00:40,"bagus, tapi di aku lom aad fitur sorotannya, cepet ada plis"
Pengguna Google,5,2026-05-29 01:57:34,good bgt aku suka bgt apk ini seru deh pkok nya update update nya juga makin bagus banget kerenn
Pengguna Google,2,2026-05-29 01:56:11,sangat buruk kenpa sih akun ku harus diblokir gk jelas kali aku ingin membuat konten seru tau !!! balikin akun saya!
Pengguna Google,4,2026-05-29 01:54:29,setelah di apdet kenapa susah di buka ya
Pengguna Google,2,2026-05-29 01:53:58,apl nya kurang bagus apalagi buat orang tunanetra karna saya pernah coba pakai talkbek tp ngga bisa liat komentar atau bagikan vidio dan klo mau pencet like itu ngga nemu tombolnya saya yakin pasti ada cuma kayaknya apl ini kurang mendukum buat disabilitas tunanetra jadi Tolong diperbaiki karena saya tunanetra low Vision Jadi kurang bisa menggunakan aplikasi ini Padahal kalau YouTube bisa tapi kenapa aplikasi ini tidak bisa jadi Tolong diperbaiki aplikasinya supaya bisa digunakan oleh semua oran
Pengguna Google,5,2026-05-29 01:53:01,GK bisa buat akun baru
Pengguna Google,5,2026-05-29 01:52:17,top bgt
Pengguna Google,5,2026-05-29 01:51:00,seru bgt lah pokoknya apk ini
Pengguna Google,5,2026-05-29 01:50:58,Aplikasi yang bagus
Pengguna Google,1,2026-05-29 01:49:13,kerna saya sudah daftar tiktok selalu ke blokir padahal saya tidak pernah membuat video sama sekali sungguh buruk
Pengguna Google,1,2026-05-29 01:48:50,"woi tiktok kecewa bener gua udah 2 kali aku dapat notif jumlah tayang tidak autentik padahal aku gak ngelakuin apa apa semua kontenku original aku yang edit tapi gara gara notif ini penonton ku yang awalnya 10rb dan masih banyak lagi jadi sedikit penonton,lu niat gak sih buat PP kalo masih kek gini para penguna tiktok bakal hapus tiktok soalnya udah banyak korban kek gua"
Pengguna Google,5,2026-05-29 01:46:53,sangat membantu untuk promosi
Pengguna Google,5,2026-05-29 01:46:51,"Aplikasi yg sangat bagus, sangat menghibur dan bisa mengenal orang di seluruh dunia serta bisa saling bersilaturahmi bersama keluarga yang jauh.... yg lebih bagus ada fitur belajarnya jg....pokoknya mantap dah....!!!"
Pengguna Google,1,2026-05-29 01:45:49,kenapa tidak mau masuk padahal benar tanggal ya 🤬
Pengguna Google,1,2026-05-29 01:45:24,Apik
Pengguna Google,5,2026-05-29 01:44:39,bagus banget
Pengguna Google,2,2026-05-29 01:42:12,waw
Pengguna Google,5,2026-05-29 01:36:37,"bisa mendapatkan teman baru,aku suka."
Pengguna Google,5,2026-05-29 01:36:10,sangat bagus walaupun ada sedikit bug tapi tetep bagus dan aman aman aja
Pengguna Google,3,2026-05-29 01:34:18,kadang suka keluar sendiri ..terlalu berat !
Pengguna Google,5,2026-05-29 01:33:35,ini bagus
Pengguna Google,1,2026-05-29 01:33:34,jelek dibanned terus katanya demi keamanan gajelas bgt
Pengguna Google,5,2026-05-29 01:32:47,saya ingin vn
Pengguna Google,1,2026-05-29 01:24:27,tiktok yang terlalu memaksakan orang² lalu membuat hp eror 😠😠😠
Pengguna Google,5,2026-05-29 01:23:21,pengalaman saya bisa mengambil yang baik dan meniggalkan yang tidak baik
Pengguna Google,1,2026-05-29 01:18:31,"kenapa saya gabisa buka grup tiktok sama temen saya? malah loading lama banget 1 harian, tiktok skrg banyak bug."
Pengguna Google,5,2026-05-29 01:16:42,seru bisa bikin konten juga
Pengguna Google,5,2026-05-29 01:16:23,"replinnn,"
Pengguna Google,1,2026-05-29 01:14:26,"akhir akhir ini sering nge bug, keluar suara doang, video ga muncul, atau malah stuck di 1 video/live, sering juga tiba-tiba keluar sendiri. kirain hp yang bermasalah tapi buat liat sosial media lain aman aman aja"
Pengguna Google,5,2026-05-29 01:06:23,bagusss🗿🗿
Pengguna Google,2,2026-05-29 01:05:31,Gimana sih kemarin saya update loh! Tapi malah harus update lagi terus banyak eror dan bug nya! Apa developer nya gak niat buat tiktok!?
Pengguna Google,5,2026-05-29 01:00:04,mantap
Pengguna Google,2,2026-05-29 00:57:59,tik tok terkadang error padahal jaringan saya lancar tapi sering terkeluar sendiri bahkan saat saya baru membukanya langsung terkeluar sendiri mohon diperbaiki
Pengguna Google,3,2026-05-29 00:57:29,edit Velocity patah² dan gk ada flash II
Pengguna Google,5,2026-05-29 00:57:06,Bagus sekaliiii
Pengguna Google,1,2026-05-29 00:53:19,tiktok plis izinin ⠀ di username
Pengguna Google,5,2026-05-29 00:53:07,bagus
Pengguna Google,3,2026-05-29 00:51:55,"aku sukaaa bngt sama tiktok tapu sekarang kan tiktok sya ke hapus dan sama saya mau di instal kembali katanya perangkat sudah tidak berfungsi di perangkat anda tolong di perbaiki kembali ya untuk yg pnya tiktoknya, trs klo misalnya tidak cukup ryang cba ksih tau aplikasi apa yg harus di buang pokonya harus di perbaiki!!"
Pengguna Google,5,2026-05-29 00:47:47,mopyuu tiktok
Pengguna Google,5,2026-05-29 00:46:15,syka
Pengguna Google,3,2026-05-29 00:43:21,"sebelum nya aku mau mintak maaf ni ya, tapi akun ku di blok, padahal followers ku lumayan bikin aku terhibur loo tapi kenapa si harus di blok padahal aku Sukak sama fitur, isi, vd yg ada di Tik tok. admin Tik tok balikkan akun ku plissss🙏🙏🙏🙏"
Pengguna Google,5,2026-05-29 00:40:39,bermain tiktok itu seruu kadang nangis kadang ketawaaa😖
Pengguna Google,1,2026-05-29 00:40:36,banyak iklan judol
Pengguna Google,4,2026-05-29 00:37:28,Suka mode off line padahal jaringan 5G parah
Pengguna Google,1,2026-05-29 00:37:15,scroll bentar langsung lag gitu.. terus keluar pemberitahuan aplikasi tidak menanggapi.... disuruh ke pusat bantuan GK ada jawaban yg memuaskan.. 👎👎
Pengguna Google,2,2026-05-29 00:35:13,kemaren saya bru upgrade tapi error trs..masih lebih bagus yang versi lama..😭
Pengguna Google,5,2026-05-29 00:34:53,seru konten2 nya. aplikasi bisa hasil kan uang
Pengguna Google,5,2026-05-29 00:34:36,keren
Pengguna Google,1,2026-05-29 00:34:02,"Tiktok tiap hari UPDATE, masalahnya pas gk tau harus di update video yang di upload views nya jeblok"
Pengguna Google,1,2026-05-29 00:33:38,pulih kan
Pengguna Google,5,2026-05-29 00:33:00,sangat bagus
Pengguna Google,5,2026-05-29 00:32:51,😎👍
Pengguna Google,5,2026-05-29 00:29:32,"Aplikasi nya bgus, nyaman buat rebahan nonton tiktok"
Pengguna Google,1,2026-05-29 00:28:36,iklan lemon8 nya bikin nge lag👎
Pengguna Google,1,2026-05-29 00:28:15,"sering banget ngelag, pdhl buka aplikasi lain lancar aja. tolong perbaiki"
Pengguna Google,5,2026-05-29 00:28:13,BAGUSSS BANGET
Pengguna Google,5,2026-05-29 00:26:22,bagus
Pengguna Google,5,2026-05-29 00:26:03,bgus
Pengguna Google,5,2026-05-29 00:25:47,tik tok toppp
Pengguna Google,1,2026-05-29 00:24:36,"bentar bentar update buang"" waktu"
Pengguna Google,1,2026-05-29 00:23:45,iklan muncul terus
Pengguna Google,1,2026-05-29 00:23:39,"Ini kenapa ya tiktok shopnya ilang, udh beberapa kali update, sampai saat ini tetep ga muncul tiktokshopnya??"
Pengguna Google,5,2026-05-29 00:19:53,apk tiktok paling asik.selain bisa belanja online shop dan bisa liat hiburan. di tambah bisa hasilin cuan walaupun kecil kalau di kumpulin bisa cair ke dana. kalau bisa di tambahkan koin nya di kurangi. biar tambah seru
Pengguna Google,5,2026-05-29 00:19:35,seru
Pengguna Google,4,2026-05-29 00:19:04,sini kumlul yang fitur sorotan sama vn belum. muncul😑😭😭
Pengguna Google,5,2026-05-29 00:11:03,bagus
Pengguna Google,5,2026-05-29 00:09:04,𝘵𝘰𝘭𝘰𝘯𝘨 𝘬𝘦𝘮𝘣𝘢𝘭𝘪 𝘪𝘯 𝘢𝘬𝘶𝘯 𝘺𝘨 𝘎 𝘣𝘪𝘴𝘢 𝘥𝘪 𝘣𝘶𝘢𝘵 𝘬𝘪𝘳𝘪𝘮 𝘱𝘦𝘴𝘢𝘯. 𝘮𝘪𝘯𝘯
Pengguna Google,5,2026-05-29 00:06:37,Most entertaining app ever! TikTok is incredibly fun and addictive. The algorithm is amazing at showing content that matches my interests perfectly. It always brightens up my day!
Pengguna Google,1,2026-05-29 00:06:28,jaringan untuk buka aplikasi lain aman lancar tapi untuk buka tiktok muter anda sedang offline
Pengguna Google,3,2026-05-29 00:05:33,cocok bgt buat yang suka nonton movie soalnya bnyk akun yg ngepost movie gratis tapi untuk dev tiktok tolong kalo mau update mulu jgn di lamain pas update lama bgt selesai nya
Pengguna Google,4,2026-05-29 00:05:20,",🐉💸"
Pengguna Google,5,2026-05-29 00:01:55,"bagus aplikasi nyaa, kalo ga ada wa aku bisa ngechat teman ku di app ini"
Pengguna Google,4,2026-05-29 00:01:32,2aa
Pengguna Google,2,2026-05-29 00:00:38,"ini tolong dong kasih keringanan dikit,penyimpanan saya udah plong banget kok masi ga bisa donlod tuh gimana padahal donlod aplikasi lain bisa ,makan penyimpanan banget kadang ga di gunain nambah sendiri mb nya"
Pengguna Google,1,2026-05-28 23:51:51,gak rekomendasi buat yg ram 3 akk mending pake tiktoklite mei gabisa lihat live setidaknya masih bisa liat vidio dan bisa buat belanja ramnya jga gamakan banyak
Pengguna Google,1,2026-05-28 23:51:41,tolong perbaiki tiktok agar tidak supaya berjalan di bacgerud latar belakang dan.cepat memakan ruang penyimpanan dari 10mb sampai3.62gb bagi hp kentang itu mebuat batrai sangat boros sekali dan aus cepat rusak tolong yah apak nya di prrbaiki dengan benar
Pengguna Google,5,2026-05-28 23:49:24,oke
Pengguna Google,5,2026-05-28 23:39:44,APLIKASI INI SANGAT BAGUSS
Pengguna Google,5,2026-05-28 23:39:06,bagus
Pengguna Google,3,2026-05-28 23:38:32,keren sih bisa rage bait bocil ep ep 😹✌️
Pengguna Google,5,2026-05-28 23:38:26,sangat menarik
Pengguna Google,4,2026-05-28 23:38:02,tolong bug jaringan segera diperbaiki
Pengguna Google,2,2026-05-28 23:31:38,"ini setelah update bukannya makin lancar malah makin rusak, pas buka patah patah, buka grup streak cuma muter-muter padahal WiFi lancar, kadang streak ga bisa di up story , tolong secara diperbaiki"
Pengguna Google,5,2026-05-28 23:30:47,good
Pengguna Google,4,2026-05-28 23:30:25,bgus baget
Pengguna Google,5,2026-05-28 23:28:10,ok
Pengguna Google,5,2026-05-28 23:27:03,aku ga bisa buat tiktok pakai Google
Pengguna Google,5,2026-05-28 23:17:09,makasih yang buat ini
Pengguna Google,5,2026-05-28 23:15:30,bermanfaat
Pengguna Google,3,2026-05-28 23:10:37,"rugi dapat gift dan beli coin, potongan gift terlalu banyak, harusnya cukup 10% saja buat tiktok,,,males main ttok, pindah ke snack video aja"
Pengguna Google,5,2026-05-28 23:08:12,wah sangat seru banget
Pengguna Google,4,2026-05-28 23:06:24,"Menurut ku ini aplikasi nya juga bagus, dan mengurangi ke gabutan aku sii, udah lah tiktok shop nya aja murah murah, apa lagi vidio nya bagus bagus, jadi ga akan bosen pakai tiktok"
Pengguna Google,1,2026-05-28 23:03:02,aplikasi sering hang
Pengguna Google,5,2026-05-28 23:01:05,bagus
Pengguna Google,1,2026-05-28 22:45:43,"fix the custom sticker, i can share it but can't see it, why?"
Pengguna Google,4,2026-05-28 22:40:56,lumayan
Pengguna Google,1,2026-05-28 22:40:25,aku gak salah apa apa loh malah keblock. udah ganti akun 3 kali eh malah keblock lagi udah ajukan banding malah di tolak pas mau bikin akun lagi tik tok tidak menanggapi 😡
Pengguna Google,5,2026-05-28 22:38:40,bagus tapi aku gak bisa apdet
Pengguna Google,1,2026-05-28 22:38:21,LEBAY ! Apa apa pelanggaran
Pengguna Google,4,2026-05-28 22:34:06,good
Pengguna Google,5,2026-05-28 22:33:55,aplikasi nya bagus
Pengguna Google,5,2026-05-28 22:33:49,bagus dan menghibur
Pengguna Google,4,2026-05-28 22:32:21,suka ada vidio yg tidak di sukai
Pengguna Google,4,2026-05-28 22:26:49,apakah saya bisa dapat fitur voice note
Pengguna Google,1,2026-05-28 22:24:51,"Tolong perbaiki dan telaah lagi sistem keterbelakangan kalian ini, terlalu sensitif, bahkan konten yang sangat aman saja tiba-tiba dihapus? dan itu hanya karena menggunakan sound meme yang terbilang aman (tidak ada kalimat umpatan) saya begitu kecewa, sebelumnya tiktok tidak seperti ini, terlalu ketat, sensitif dan bodoh."
Pengguna Google,5,2026-05-28 22:15:56,aplikasi ini sangat seru dan bisa membantu saya untuk mencari inspirasi
Pengguna Google,5,2026-05-28 22:10:01,Tik tok saya minta maaf pernah menyuruh agar ada event undang teman 10 hari dapat 35 atau 100 k per 10 hari Aamiin
Pengguna Google,5,2026-05-28 22:04:26,Bagus
Pengguna Google,1,2026-05-28 21:59:51,apa-apaan ini kok g bisa aplikasi tik tok nya kenapa nggak bisa ya memperbaiki tiktoknya saya kasih bintang 1
Pengguna Google,1,2026-05-28 21:43:58,"ganggu iklannya, disaat buka apk lain ehh malah otomatis masuk Mulu ni tiktok jadi ngelag"
Pengguna Google,1,2026-05-28 21:37:34,tolonglah tiktok. kenapa setiap scrol vidio sering muncul iklan. ini tempat promosi iklan atau apa???. tolong di perbaiki lagi kurangi iklanya
Pengguna Google,5,2026-05-28 21:36:45,sangat luar biasa sekali tik tok ini
Pengguna Google,5,2026-05-28 21:34:45,bgus
Pengguna Google,4,2026-05-28 21:28:14,"hrs update lg, ini masih loading"
Pengguna Google,1,2026-05-28 21:27:29,"tolong tiktok,saya mau mengubah nomor telepon tetapi tidak bisa,mohon petunjuknya,soalnya mau tarik saldo harus verifikasi nomor telepon,sedangkan nomor telepon yang terkait ke tiktok sudah tidak ada,mohon sekali lagi"
Pengguna Google,1,2026-05-28 21:24:22,"Benci banget kena pelanggaran mulu up konten Tiktok affiliate, padahal dah jelas-jelas nampilin produk, malah katanya kurang menarik, duhh, ada lho yang co daripada nampilin produk langsung dan hasil videonya jelek justru gaada yang beli, dikit-dikit pelanggaran, dikit-dikit dibatasi, muakk banget"
Pengguna Google,3,2026-05-28 21:20:57,mantap tiap hari aku buka
Pengguna Google,5,2026-05-28 20:37:22,pls ko di suruh update terus
Pengguna Google,5,2026-05-28 20:32:37,aplikasi terbaik karena bisa menghasilkan uang
Pengguna Google,4,2026-05-28 20:30:48,sangat bagus dan menghibur
Pengguna Google,5,2026-05-28 20:30:24,goooooddddddd
Pengguna Google,5,2026-05-28 20:28:30,Mantap
Pengguna Google,5,2026-05-28 20:26:56,terbaik
Pengguna Google,5,2026-05-28 20:09:11,Baik
Pengguna Google,5,2026-05-28 20:06:17,Bagus dan mudah
Pengguna Google,1,2026-05-28 20:02:51,"akun tiba tiba di blokir tanpa peringatan, gw aja ga tau salah apa, di ajuin banding malah di blokir selamanya, di email malah ga di terima, ga sampe sampe hell nah lol"
Pengguna Google,1,2026-05-28 20:00:55,sayang ketika andro 16 jadi mono ke tik tok
Pengguna Google,3,2026-05-28 19:59:46,. duu
Pengguna Google,2,2026-05-28 19:50:23,gratis ongkirnya hilang... mana sekarang ongkirnya mahal banget. tolong kembalikan gratis ongkirnya
Pengguna Google,5,2026-05-28 19:45:17,suka
Pengguna Google,1,2026-05-28 19:43:15,suka ngelag gajelas + bnyk SDM rendah di apk ini
Pengguna Google,1,2026-05-28 19:39:52,apk rusak
Pengguna Google,5,2026-05-28 19:37:59,mantap
Pengguna Google,2,2026-05-28 19:26:39,emang mantep
Pengguna Google,5,2026-05-28 19:19:26,aku junjung tinggi serta aku muaika semua nya
Pengguna Google,5,2026-05-28 19:16:24,lama banget dah dowload nya 😯😯😯😯😯
Pengguna Google,1,2026-05-28 19:14:57,tida ber manfaat akun saya kena pl terus padahal ga ngelakuin apa¹ dan kalo dm¹ kena pelanggaran terus
Pengguna Google,1,2026-05-28 19:11:34,sangat buruk pas diupgrade saya tidak bisa masuk ketiktok 😡😡😡
Pengguna Google,2,2026-05-28 19:11:22,makin kesini fitur nya makin bagus tapi makin berkurang juga penggunaan tiktoknya gara2 apl nya trlalu besar sehingga pada HP kentang gak bisa main kalo lama kelamaan kaya gini selebritas gk bisa lagi gunain tiktok sebagai cuan cuan
Pengguna Google,5,2026-05-28 18:36:22,👍
Pengguna Google,5,2026-05-28 18:33:19,ini si pav bangettt nih aplikasi yg satu ini lagi di mana mana pasti aku scroll lagi di kamar mandi lagi di kamar tidur lagi makan lagi rebahan bahkan aku kalo lagi main pasti scrol suka bangett ga bikin bosenn 💋
Pengguna Google,5,2026-05-28 18:33:05,ok
Pengguna Google,5,2026-05-28 18:32:28,ok
Pengguna Google,5,2026-05-28 18:28:23,keren
Pengguna Google,5,2026-05-28 18:27:21,bagguss
Pengguna Google,1,2026-05-28 18:21:48,kenapa tiktok di perangkat saya suaranya suka nyangkut pada saat masuk live orang lain bahkan sudah keluar dari tiktok masi ada suaranya dan pada saat bergabung di live juga suaranya dubbling
Pengguna Google,1,2026-05-28 18:21:06,aplikasi aneh! laporin akun dan kontennya yg jelas jelas melanggar malah di respon tidak ada pelanggaran! konten ny pelecehan malah tidak ada pelanggaran! ngaco!
Pengguna Google,5,2026-05-28 18:14:43,gellok
Pengguna Google,2,2026-05-28 18:12:20,"Parah ini, belakangan ini , kenapa kalau buka ti tok.... selalu pemutaran nya tersendat sendat, suka berenti , dan lama sekali baru memutar kembali, ga rekomend lagi nih apl sepertinya.!!!!!!!!!!!!!!!!"
Pengguna Google,5,2026-05-28 18:09:27,oke bagus
Pengguna Google,4,2026-05-28 18:02:13,adminn mau nanya? ini di tiktok ndd kah fitur hitung buble chat kasian? kepo ka soalnyaaa tapi capek ka kalo harus ku hitung perbaiki:( makasi adminnn♡
Pengguna Google,1,2026-05-28 18:02:02,"jelek banget anjir sekarang digabungin sama drama dramaan, apalagi dramanya bl dancok👎🏻👎🏻👎🏻"
Pengguna Google,1,2026-05-28 17:56:18,Kebanyakan ilkan
Pengguna Google,1,2026-05-28 17:48:00,sekarang sering lag padal di aplikasi lainya engga
Pengguna Google,5,2026-05-28 17:43:51,Asisten rumah tangga
Pengguna Google,5,2026-05-28 17:39:59,nice
Pengguna Google,3,2026-05-28 17:39:38,"kalo ada fitur baru ,sering lama muncul nya"
Pengguna Google,1,2026-05-28 17:34:07,saya kasih bintang 1 ..tolong tiktok saya knapa ga bisa masuk harap coba lagi nanti terus dan terus ... tolong bantuan nya.. normal lagi saya kasih bintang 7 bukan 5 lagi.
Pengguna Google,5,2026-05-28 17:31:18,bagus
Pengguna Google,1,2026-05-28 17:24:07,mohon maap para pihak tiktok tolong kembalikan akun @akusukafiksi_ plis saya pengen akun itu kembali semoga para pihak tiktok kembalikan akun saya😭😭
Pengguna Google,5,2026-05-28 17:23:48,bagus banget aku suka aplikasi ini
Pengguna Google,5,2026-05-28 17:20:00,mantap
Pengguna Google,5,2026-05-28 17:19:38,video dan musik yang me motivasi
Pengguna Google,5,2026-05-28 17:17:50,aplikasi bagus
Pengguna Google,1,2026-05-28 17:13:09,"akun gw yg udh lama padahal gk ngelanggar apa apa, tiba tiba aja di banned, terus gw mah pulihin malah gk bisa, alhasil kenak di hapus, padahal tuh akun gw udh berusaha buat gedein sama streaming biar kek kreator besar lainnya mlah di banned, sia sia semua yg gw lakuin selama ini, bisa bisa nya lu band padahal gak langgar apa apa"
Pengguna Google,2,2026-05-28 17:12:49,JELEK BGTT IH UPDATE ANNYA APLGI VELOCITY NYA GA KY DLU LG
Pengguna Google,1,2026-05-28 17:11:24,ini adalah apk terburuk yang pernah ada tiktok = sampah merusak hidup hanya bisa melihat orang luar negri tidak bisa berbicara dengan nya lagi. kau membuat ku seolah olah aku ini hewan? anak anak dan hewan di perlakukan SAMA? mentang mentang seseorang lebih tua ia bisa membuka tiktok? pikir pake otak Mana ada orang tua selalu buka TikTok ia hanya berkerja untuk menafkahi anak nya dan keluarga nya. aku sebagai content kreator kecewa berat seharus nya ku bikin bintang kosong 💔
Pengguna Google,1,2026-05-28 17:06:19,saat live game saya menggunakan musik tapi suara musiknya tidak masuk saat menggunakan airphone
Pengguna Google,4,2026-05-28 17:05:26,tolong kembalikan fitur baru saja di hapus yang berada pusat aktivitas
Pengguna Google,1,2026-05-28 17:04:02,ngga bisa vitur cet
Pengguna Google,5,2026-05-28 16:59:36,sangat bagus
Pengguna Google,5,2026-05-28 16:58:15,Luar biasa sangat menghibur
Pengguna Google,5,2026-05-28 16:56:49,live titok dapat duit
Pengguna Google,2,2026-05-28 16:53:37,setiap mau live kamera gelap
Pengguna Google,5,2026-05-28 16:53:24,aman
Pengguna Google,5,2026-05-28 16:52:55,mantap 👍👍👍🙏🙏
Pengguna Google,5,2026-05-28 16:51:28,Sangat bagus sekali
Pengguna Google,1,2026-05-28 16:51:10,nggak bisa dibukaa
Pengguna Google,5,2026-05-28 16:45:08,terlalu kecil klo bisa koinnya ditingkatkan
Pengguna Google,5,2026-05-28 16:37:03,bagus
Pengguna Google,4,2026-05-28 16:36:13,jadi lemot
Pengguna Google,1,2026-05-28 16:32:55,Tidak bisa
Pengguna Google,1,2026-05-28 16:31:48,"makin cerewet ,,.semena mena kebanyakan PL,,,jadi kurang nyaman buat hiburan??."
Pengguna Google,5,2026-05-28 16:30:38,ini asin dan seru
Pengguna Google,5,2026-05-28 16:26:46,bagus
Pengguna Google,5,2026-05-28 16:25:22,iya oke lah
Pengguna Google,1,2026-05-28 16:23:39,pelanggaran apa coba gw kagak make barang yang mencemari gj
Pengguna Google,4,2026-05-28 16:21:25,bgus skli
Pengguna Google,5,2026-05-28 16:20:38,lumayan bagus
Pengguna Google,4,2026-05-28 16:19:27,best ah sebab boleh
Pengguna Google,4,2026-05-28 16:18:04,sering terjadi bug kolom komentar menjadi kecil dan text komentar yang mengecil tolong di perbaiki lagi🙏🏻
Pengguna Google,5,2026-05-28 16:16:12,apk nya baguss banget tapi kok aku ga ada fitur vn nya sma telfon nya yaa tolong punyaku di update plccc
Pengguna Google,4,2026-05-28 16:14:33,"plis admin tiktok,udh gw update kok blm ada sih vitue vn ,sorotan , tlpn di gw blom ada"
Pengguna Google,1,2026-05-28 16:14:33,"mending hapus aja apk mu , cewek ku lebih mentingin apk mu dri pada cwo nya sendiri"
Pengguna Google,1,2026-05-28 16:12:53,"sangat buruk,selama pakek aplikasi ini selalu keadaan di install, sekarang malah gak bisa lagi di install"
Pengguna Google,1,2026-05-28 16:04:11,kenapa aku tidak bisa menambahkan sorotan
Pengguna Google,5,2026-05-28 16:02:05,oke
Pengguna Google,5,2026-05-28 16:01:48,bagus lumayan
Pengguna Google,1,2026-05-28 15:57:55,"Bug parah, lag, close app tapi masih nyantol, share link error, sering stack dan crash app"
Pengguna Google,1,2026-05-28 15:54:15,guwa mau liveee udh nunggu lama malh kena pembatasan umur
Pengguna Google,5,2026-05-28 15:50:38,g tau mau blng ap pkonya bgs.
Pengguna Google,2,2026-05-28 15:50:35,"aplikasi yang sedikit lucu, pembuat filter tidak senonoh tidak di ban, tapi saya yang coba malah di ban pesannya"
Pengguna Google,1,2026-05-28 15:50:05,bodoh betul punya aplikasi
Pengguna Google,5,2026-05-28 15:49:21,mantap banget bang
Pengguna Google,1,2026-05-28 15:48:27,SEMENJAK DIUPDATE MALAH NGELAGGG PAYAHHH
Pengguna Google,5,2026-05-28 15:45:47,bagus
Pengguna Google,5,2026-05-28 15:45:02,baguss
Pengguna Google,5,2026-05-28 15:43:41,mntap
Pengguna Google,5,2026-05-28 15:43:29,bagus sekali 👏👍😊 aku suka itu saja penilaian gw yaa😁😘
Pengguna Google,5,2026-05-28 15:42:26,"kak tolong di bantu hp di curi ada akun tik tok payleter, mU bayar namun lupa email, sandi, no hp itu sudah gak atif bsgai msna caranya"
Pengguna Google,5,2026-05-28 15:42:04,bagus banget buat konten tapi disitu pada kasar kasar ya untuk ownernya blokir saja
Pengguna Google,5,2026-05-28 15:40:12,bagus
Pengguna Google,5,2026-05-28 15:39:59,👍
Pengguna Google,5,2026-05-28 15:39:12,"kenapa tiktok sekarang kalau mau edit velocity / patah'nya tuh gk kyk dulu lagi yg dulunya smooth bgt, dan sekarang gk lagi smooth, tolong diperbaiki lagi ini tiktok nya min 🙏"
Pengguna Google,5,2026-05-28 15:36:25,sudah luji.
Pengguna Google,5,2026-05-28 15:36:09,bintang 5lah poko nyak
Pengguna Google,5,2026-05-28 15:35:16,apch
Pengguna Google,5,2026-05-28 15:31:42,josss
Pengguna Google,5,2026-05-28 15:31:37,bgus
Pengguna Google,1,2026-05-28 15:31:36,hapus aja lol
Pengguna Google,5,2026-05-28 15:30:34,sangat sangat baikk
Pengguna Google,5,2026-05-28 15:30:08,"bagus tapi masih agak ngelag """
Pengguna Google,5,2026-05-28 15:28:21,mantaf
Pengguna Google,5,2026-05-28 15:27:33,SANGAT BAGUS DAN SANGAT MENARIK TERIMAKASIH TIKTOK 😁
Pengguna Google,3,2026-05-28 15:26:44,tolong riwayat tiktok gak usah ada analytic live nya
Pengguna Google,5,2026-05-28 15:25:13,"seruuuu,bisa buat cari uang lagi"
Pengguna Google,4,2026-05-28 15:25:12,Semoga aplikasi tambah bagus dan tdk ribet..trins..
Pengguna Google,5,2026-05-28 15:24:04,Baik
Pengguna Google,5,2026-05-28 15:23:48,noce
Pengguna Google,5,2026-05-28 15:21:23,poto lope gua gada
Pengguna Google,5,2026-05-28 15:20:59,tiktok nya bagus banyak eventnya tp kalau kita sudah pakai sudah lama waktu tidurnya ngeganggu banget
Pengguna Google,1,2026-05-28 15:19:45,banyak promo iklannya
Pengguna Google,5,2026-05-28 15:19:44,syg susah fyp wkwk
Pengguna Google,1,2026-05-28 15:18:02,hilangkan fitur pencarian di bawah!!! kdg muncul hal kotor yg hrsnya tidak usah muncul di saran pencarian!!!
Pengguna Google,3,2026-05-28 15:16:08,ini kenapa setelah aku update kok gak bisa dibuka ya? dan juga kenapa saat aku mau kirim video ke orang lain kok loading terus
Pengguna Google,5,2026-05-28 15:13:20,terima kasih banyak untuk boss tiktok 🙏
Pengguna Google,1,2026-05-28 15:12:53,disuruh keluar terus + ngelag setiap hari mangkanya jarang buka tiktok perkara ini udah di update tapi gak bisa mau apa sih lu enakan juga ig gak ngelag + gak nyuruh keluar bikin emosi tau gak!
Pengguna Google,5,2026-05-28 15:12:29,keren
Pengguna Google,5,2026-05-28 15:12:23,sukaa ihhhjj samaaa titok inoii
Pengguna Google,5,2026-05-28 15:10:28,Baguss bangat tiktok ya saya suka banget pake tiktok❤️
Pengguna Google,1,2026-05-28 15:10:12,Trllu berat
Pengguna Google,1,2026-05-28 15:07:34,"KhongKhongThikthok, akun lama dibekukan, akun baru diblok sehingga tak ada viewer yg tonton ..ada apa you"
Pengguna Google,5,2026-05-28 15:07:26,nice
Pengguna Google,1,2026-05-28 15:06:24,Sangat banyak iklan judi online
Pengguna Google,1,2026-05-28 15:04:43,tak bisa post poto
Pengguna Google,1,2026-05-28 15:03:21,"aplikasi buruk jualan lewat tiktok sekarang susah banget , padahal kami cuma mau mencari sesuap nasi untuk hari esok malah di persulit🥲"
Pengguna Google,5,2026-05-28 15:02:51,Seru
Pengguna Google,5,2026-05-28 15:02:42,sangat bagus saya bisa menghafal Al-Quran
Pengguna Google,5,2026-05-28 14:59:55,bagus polll
Pengguna Google,1,2026-05-28 14:59:49,"sistem lu benerin ajg masa tiap akhir bulan akun loki kena suspend su, live aja blum"
Pengguna Google,1,2026-05-28 14:59:39,gak bisa bikin sorotan
Pengguna Google,5,2026-05-28 14:59:29,bagus bangettt tapi sayang nya pake kuota 😞😞😞😞😞😞😞
Pengguna Google,5,2026-05-28 14:58:15,komando latihan pertukangan disini skil tukang dimainkan
Pengguna Google,5,2026-05-28 14:56:40,bagus aja siehhh
Pengguna Google,5,2026-05-28 14:55:30,aku suka banget untuk nonton keriatif keriatif
Pengguna Google,1,2026-05-28 14:53:58,aplikasi tiktok nya kadang-kadang error gak jelas
Pengguna Google,4,2026-05-28 14:52:33,scroll nya enak lebih enak klo kebawah nya otomatis
Pengguna Google,1,2026-05-28 14:52:24,walahh setiap lihat teman repost video dan berkali-kali lihat nya malah teman saya yang repost malah hilang
Pengguna Google,5,2026-05-28 14:52:11,"bagus bangettt,"
Pengguna Google,5,2026-05-28 14:51:23,"bagusss, hari hari saya scroll tiktok, kirim vt gajelass ke temen. aplikasi favorit iyalah tiktok"
Pengguna Google,5,2026-05-28 14:50:14,sangat bagus
Pengguna Google,1,2026-05-28 14:47:48,"tolong berikan akses foto live di vivo Y100, saya ingin mengupload foto live tapi malah tidak bisa, saya sangat ingin mengupload foto live seperti hp lainnya, tolong berikan akses foto live di vivo Y100 agar saya bisa mengupload hasil foto live saya, saya ingin seperti hp lainnya yang bisa mengupload foto live"
Pengguna Google,4,2026-05-28 14:47:35,saya ngasih reting 4 kenapa? karna saya belun bisa vn
Pengguna Google,5,2026-05-28 14:46:56,bangus
Pengguna Google,1,2026-05-28 14:46:28,lemot
Pengguna Google,4,2026-05-28 14:45:46,aplikasi sampah
Pengguna Google,1,2026-05-28 14:44:15,"min pokoknya kalau filtur vn aku di tiktok masii gaada, rating bintang satu selamanya,min aku juga mauu pelit bangett masa semua orang ada aku engga ada.!!"
Pengguna Google,5,2026-05-28 14:43:42,oh ya minn bisa gak sih ada vitur vn di komentar di hp android minn
Pengguna Google,5,2026-05-28 14:43:15,sangat menghibur
Pengguna Google,1,2026-05-28 14:42:08,kenapa saya tiba tiba ngga bisa buka tiktok kepental Mulu gimna cara ngatasin nya
Pengguna Google,2,2026-05-28 14:41:47,how to vn
Pengguna Google,4,2026-05-28 14:41:25,Posting ulang nya ada masalah tolong perbaiki
Pengguna Google,5,2026-05-28 14:41:22,Bagus bgt
Pengguna Google,5,2026-05-28 14:40:27,"tiktok aplikasi yg paling sering aku pake, belanja bisa disini pke TikTok shop, nnton sekrol,drama juga ada"
Pengguna Google,5,2026-05-28 14:38:14,mantap
Pengguna Google,5,2026-05-28 14:38:09,aplikasi ini sangat menghibur dah sangat seru sekali mangisi kekosongan di hari bosan saya
Pengguna Google,5,2026-05-28 14:37:58,baik
Pengguna Google,1,2026-05-28 14:36:52,Apalah tiktok lama² tambah rusakk pukii
Pengguna Google,1,2026-05-28 14:36:18,sering berhenti tb² pas lagi ngescroll
Pengguna Google,2,2026-05-28 14:33:45,"haii,,, jdi saya kn lagi ganti akun hbs itu gk tau mencet apa tiba"" jdi ke TT lite. trs sy cob untk donlwod lgi TT biasa , tpi isiny TT lite,,, itu gmn tuh. carany balikin kayk biasa. smp skrng itu gk bisa, sy donlwod pun gk bisa,, pdhl akun sy dh bnyk p folowers nya......"
Pengguna Google,5,2026-05-28 14:32:06,sangat baik
Pengguna Google,1,2026-05-28 14:31:34,tiap buka posting ulang selalu eror pdhl sinyal bagus
Pengguna Google,1,2026-05-28 14:31:22,banyak bug kontoI
Pengguna Google,5,2026-05-28 14:30:21,bagus
Pengguna Google,1,2026-05-28 14:29:29,tidak bisa membuka postingan ulang nya
Pengguna Google,1,2026-05-28 14:29:18,"gimana si, kadang story ngga kelihatan di feed temen kadang kelihatan"
Pengguna Google,1,2026-05-28 14:29:01,"ini ko tiktok aku ga bisa posting ulang? bisa tapi kehapus, padahal sayaa ga pencet tombol hapus, saya sudah hapus cache, tolong saran nya."
Pengguna Google,3,2026-05-28 14:27:44,min tolong dongg kalo upload video jangan maksimal 5 doang kalo bisa gausah di Batasin kalo upload nyaa aku kasih bintang 3 dulu kalo udah bisa upload nggak sampe batas 5 video nanti aku tambahin jadi 5 deh min
Pengguna Google,3,2026-05-28 14:27:42,semoga bermanfaat
Pengguna Google,2,2026-05-28 14:26:18,"kenapa saya tidak bisa melihat postingan ulang orang lain,banyak banget bug ny"
Pengguna Google,1,2026-05-28 14:25:56,kuota masih banyak sinyal juga bagus tapi vid lelet kya anjg
Pengguna Google,5,2026-05-28 14:22:23,bagus banget
Pengguna Google,5,2026-05-28 14:22:04,Deki sayang
Pengguna Google,1,2026-05-28 14:21:26,"TOLONG MEMPERBAIKI SAYA UDAH UPDATE MALAH MAKIN JADI ENGGA BISA LIAT POST ULANG, SAYA UDAH REFRESH BERKALI-KALI MASIH ENGGA BISA², padahal jaringan saya lancar² aja"
Pengguna Google,5,2026-05-28 14:21:12,benerin dulu bugnya
Pengguna Google,5,2026-05-28 14:21:00,baguss
Pengguna Google,2,2026-05-28 14:20:43,kok ga bisa komen stiker 😡🤬
Pengguna Google,1,2026-05-28 14:19:15,Gua Ngestak di legen
Pengguna Google,5,2026-05-28 14:18:45,klo di pencet love lama ga bisa otomatis post ulang
Pengguna Google,5,2026-05-28 14:18:21,good
Pengguna Google,5,2026-05-28 14:17:52,besok pagi jam 7 wajib update karena mau fitur vn
Pengguna Google,1,2026-05-28 14:17:12,apk alay cacat loading bisa lebih dri 2 jam
Pengguna Google,5,2026-05-28 14:17:11,"maless ih banyak up tapi suka kerena tiktok yang nemenin aku bergadang ,gabut"
Pengguna Google,2,2026-05-28 14:16:42,"Habis di update bukanya malah lebih canggih malah gak bisa buka postingan ulang, pas di pencet ""Tidak ada koneksi internet"" apaan sih padahal data, wifi udah di hidupin tapi tetep aja gak bisa, perbaiki deh jeleq!"
Pengguna Google,5,2026-05-28 14:16:38,bagus
Pengguna Google,1,2026-05-28 14:16:07,"akun saya tidak bisa berkomentar di akun orang lain atau tidak muncul di akun orang karrna di report oleh tiktok saya sudah ajukan banding tetapi tetep saja malah di tolak banding saya, gimana nih tiktok? kok untuk filter komentar saya malah di blok? gabisa komen apapun ke akun orang, bahkan like pun ga masuk disaya... padahal saya jarang komen yang aneh-aneh tapi malah di batasi atau di report gabisa berkomentar lagi!!?"
Pengguna Google,5,2026-05-28 14:15:52,Semoga tiktok semakin berkembang dan kami tunggu kejutan hadiah lainnya
Pengguna Google,4,2026-05-28 14:14:43,Bgus
Pengguna Google,2,2026-05-28 14:14:10,kok aku ga dpt fitur vn sama voting sampe sekarang
Pengguna Google,1,2026-05-28 14:14:07,"banyak bug, dri video like yg gabisa diliat (sekarang udah bisa), trus sekarang postingan ulang selalu ada tulisan ""ada masalah. coba lagi nanti"" atau ""tidak ada jaringan internet"" padahal jaringan udah ada dan sangat bagus"
Pengguna Google,1,2026-05-28 14:13:26,kampung di buat ngepost video di orang lain malah ga ada
Pengguna Google,1,2026-05-28 14:12:16,ngelag
Pengguna Google,5,2026-05-28 14:11:55,bahan gabut inimah
Pengguna Google,1,2026-05-28 14:11:52,"kena batas umur, padahal dah tua"
Pengguna Google,5,2026-05-28 14:11:11,"ya banyak lah bisa buat dm an seru seruan ,nonton konten org sambil belajar tentang konten, sejarah, matematika, dll, Ku suka biar menjadi konten kreator yang baik"
Pengguna Google,5,2026-05-28 14:09:31,🥰🥰
Pengguna Google,5,2026-05-28 14:09:25,aplikasi nya mantap
Pengguna Google,2,2026-05-28 14:08:07,"saya kasih bintang 2 karna banyak bug/kesalahan, karna setiap kali mau masuk ke tiktok pasti harus menunggu, mau hampir 1mnt tan la dan biasa keluar sendiri tolong di perbaiki kesalahan tiktok"
Pengguna Google,3,2026-05-28 14:06:13,Tdk dpt mendownload APK tiktok selalu gagal saat mendownload.
Pengguna Google,5,2026-05-28 14:06:09,bagus
Pengguna Google,2,2026-05-28 14:05:51,"tidak ada tokonya, cuma ada beranda,teman,konta masuk, dan profil padahal saya sudah 20+"
Pengguna Google,5,2026-05-28 14:04:55,👍👍👍👍
Pengguna Google,5,2026-05-28 14:04:26,tiktok ngehibur banget sumpah bisa nge isi waktu ruang gw yang sering galau
Pengguna Google,5,2026-05-28 14:04:18,suka
Pengguna Google,1,2026-05-28 14:02:41,"seru g bikin bosen,minesnyaa ngebug trs,waktu mau dibuka selalu stuck dilogo,walaupun cache nya uda dihapus,masa harus download ulng trs?BENER' GA BGT"
Pengguna Google,2,2026-05-28 14:02:39,tiktok cicing
Pengguna Google,4,2026-05-28 14:02:09,karena aseik
Pengguna Google,1,2026-05-28 14:02:08,kok tt sya gak bisa diposting ulang sih tolong perbaiki secepatnya🙏🏻🙏🏻🙏🏻🙏🏻??jwb
Pengguna Google,1,2026-05-28 14:02:08,Hilangin bug setelah update Setelah update malah ngebug aplikasinya
Pengguna Google,1,2026-05-28 14:01:07,tiktok kikirr mmk apk GK guna
Pengguna Google,4,2026-05-28 14:00:21,bintang 4 karna akun tiktok saya tidak ada vitur voice note nya🙂🙂
Pengguna Google,5,2026-05-28 13:59:42,wow
Pengguna Google,5,2026-05-28 13:59:27,asasafe
Pengguna Google,5,2026-05-28 13:59:20,seru dapat menghibur kuu
Pengguna Google,5,2026-05-28 13:59:20,bagus
Pengguna Google,5,2026-05-28 13:58:59,"di karena kan saya sedang baik saya tulis bintang 5 ,sekian itu saja dari saya"
Pengguna Google,1,2026-05-28 13:58:58,"tiktok tidak bisa merespon, dan kalo mau apa apa gabisaa dibukaa kalo bisa tolongg di perbaikii"
Pengguna Google,2,2026-05-28 13:58:55,"akhir akhir ini tiktok tiba tiba error dan menunjukan notifikasi "" tiktok tidak menanggapi"" semoga bisa diperbaiki"
Pengguna Google,2,2026-05-28 13:58:29,"saya tidak bisa menggunakan spaylater/ tidak ada spaylater, saya sudah mencoba mulai tadi tetep Tidk bisa"
Pengguna Google,2,2026-05-28 13:57:42,g bisa update
Pengguna Google,5,2026-05-28 13:57:38,noo komenn baguss bgtt👍🏻👍🏻
Pengguna Google,4,2026-05-28 13:56:39,tiktok ini sebenarnya bagus tapi sekarang jadi sensitif an yg aku gasuka😹masa iya aku gasengaja ngetik kls6 langsung ke band padahal aslinya aku bukn kelas 6 loh😹 trus masa iya tiktok kaka aku ke blok padahal kasian dia berjuang ngonten dapetin 1.000 followers malah ke blok gitu aja😹jujur buat tiktok kaya Instagram in dong ga sensitif an
Pengguna Google,5,2026-05-28 13:55:04,cukup menghibur
Pengguna Google,1,2026-05-28 13:54:50,miris
Pengguna Google,2,2026-05-28 13:53:43,kok gw esbe terus ya tolong kadang kadang VT kasih rame jg dong
Pengguna Google,5,2026-05-28 13:53:14,bagus bagus
Pengguna Google,5,2026-05-28 13:51:48,aku pengen foto live
Pengguna Google,1,2026-05-28 13:51:40,kolo mau ikut live harus umur 18 th jadi bosen dan juga sering keluar sendiri
Pengguna Google,1,2026-05-28 13:51:27,"woi tiktok tolong lah perbaiki lagi masa gua setiap mau upload VT malah kena, tidak memenuhi syarat untuk di rekomendasi,udah jelas jelas hasil ngedit sendiri malah di kira copy VT orang kontan apalah udah jelas jelas konten gua semua jedag jedug"
Pengguna Google,5,2026-05-28 13:50:14,mantap sekalin
Pengguna Google,5,2026-05-28 13:49:40,min benerin bayak bug mulu akhir² ini
Pengguna Google,1,2026-05-28 13:48:16,percuma paylater limit gede kalo GK bisa dipake
Pengguna Google,1,2026-05-28 13:48:09,WOY TIKTOK INI KENAPA SAYA TIDAK MELIHAT POSTINGAN ULANG SAYA HAH?!!!!! KENAPA TIKTOK!!!! BIKIN EMOSI SAYA SAJA?!!!!!!
Pengguna Google,2,2026-05-28 13:46:43,entah ada masalah apa tiktok ini postingan diproses a lama banget gk dipublikasikan padahal postingan seperti biasanya gk ada yg aneh sm sekali.
Pengguna Google,5,2026-05-28 13:44:16,KONTEN DEWASA TELANJANG
Pengguna Google,5,2026-05-28 13:41:59,ketatkan keamanan untuk komentar kasar dan sarkas
Pengguna Google,3,2026-05-28 13:40:52,untuk saling follow sedikit bermasalah
Pengguna Google,2,2026-05-28 13:40:36,"bug, tidak bisa lihat story orang lain padahal g kena pelanggaran apapun!"
Pengguna Google,3,2026-05-28 13:40:18,"tiktok jelek, masa aku gabisa bikin story fotoku tapi pas aku masukin video orang di story bisa.. ini kenapa woy"
Pengguna Google,5,2026-05-28 13:40:02,kerja Bagus
Pengguna Google,1,2026-05-28 13:38:58,tololl anjingg apk tololl gye unistall ngestak mluu begoo tolol anjingg gobloggg
Pengguna Google,3,2026-05-28 13:34:03,gatau kenapa akun ku bisa kena pelanggaran
Pengguna Google,3,2026-05-28 13:33:40,terlalu ngeleg dihape ram kecil
Pengguna Google,5,2026-05-28 13:32:41,keren
Pengguna Google,5,2026-05-28 13:31:10,terima kasih tiktok kau selalu temani aku
Pengguna Google,5,2026-05-28 13:28:19,bsgus
Pengguna Google,1,2026-05-28 13:28:07,tik tok itu kenapa ya..akun saya yang ananya sharma...aku udh 2 kali posting views 0 mulu..video original...mana followers turun terus...lagi...masa iya harus pakai promosi mulu...rugi lah jadi nya bayarnya....klo gk ada uang gimana coba
Pengguna Google,3,2026-05-28 13:27:20,update nya mungkin bug+hp restart sendiri
Pengguna Google,1,2026-05-28 13:27:01,ni tiktok ada masalah ap gw dari kemarin GK bisa upload vidiooo gagal muluuuu mohon di respon
Pengguna Google,5,2026-05-28 13:26:57,seru
Pengguna Google,5,2026-05-28 13:25:43,tiktok sangat bagus . dan tiktok juga sangat menghiburrrrr
Pengguna Google,1,2026-05-28 13:24:01,gak bisa vn🥀
Pengguna Google,5,2026-05-28 13:22:31,"sebenarnya ini cuman perkara emoji doang ,tapi aku pengennya emoji iphone / smsung gitu awalnya tuh bisa tapi kenapa jadi ga bisa akhir hari hari ini , heran deh tolong balikin emoji ip / samsungnya lagi yaa biar betah main tiktok soalnya nggak asik kalau pakai emoji bawaan hp notice aku ya dev perbaiki lagi mohon ,btw ini aplikasi menghibur bgtt aku sukaa inii akuu ratee bintang 4 dlu yaacc , kurangg emojinyaa soalnyaa thankk u"
Pengguna Google,5,2026-05-28 13:22:22,"akun saya tidak dapat mengikuti atau mengikuti balik pengguna lain, tolong dibantu supaya normal kembali. terimakasih"
Pengguna Google,1,2026-05-28 13:21:57,APLIKASI SARANG MONYET SESAT JANGAN BUAT VIDEO KEBAIKAN NANTi NYESEL
Pengguna Google,1,2026-05-28 13:21:12,entah knp akhir akhir ini malah mentok logo padahal jaringan full
Pengguna Google,1,2026-05-28 13:17:23,"kacau, ga jelas banget izin apknya cuman buat verifikasi aja ribet"
Pengguna Google,5,2026-05-28 13:15:52,bags tapi GK bisa vn min😞
Pengguna Google,1,2026-05-28 13:14:45,tiktok walu kadang menghibur tetapi banyak orang jahatnya 😞😞
Pengguna Google,5,2026-05-28 13:12:34,luv bgtttt
Pengguna Google,5,2026-05-28 13:10:44,sekkkkkkk
Pengguna Google,5,2026-05-28 13:10:12,walaupun aku ga dapet fitur vn sama telpon gapapa sih ini juga bisa nonton idol K-Pop dapet bintang dri akuu🤍
Pengguna Google,2,2026-05-28 13:09:18,kok saya tidak dapat fitur vn sih pokok nya saya fitur vn sebenarnya bagus cuman karna saya tidak dapat fitur vn jadi saya kasih Bintang 2
Pengguna Google,5,2026-05-28 13:09:17,is the best
Pengguna Google,5,2026-05-28 13:08:29,bagus tapi ngeleg update ya kak
Pengguna Google,5,2026-05-28 13:07:46,"tambah update tambah lag,padhal jaringan aman,ttep lag"
Pengguna Google,2,2026-05-28 13:07:31,aplikasi ini bagus tapi saya tidak bisa vn padahal udah update
Pengguna Google,1,2026-05-28 13:07:19,Download nya lama gak suka🦍🦍
Pengguna Google,5,2026-05-28 13:06:39,Bagus sekali
Pengguna Google,5,2026-05-28 13:06:32,aplikasi ya bagus bisa mirip foto sama setiker tapi aku gak ada fitur vn
Pengguna Google,5,2026-05-28 13:06:08,aplikasi nya udah bagus berfungsi tapi mohon maaf defoper kasih vitur tambahan seperti pesan suara biar menarik
Pengguna Google,5,2026-05-28 13:03:59,"selamat pagi, siang dan malam para pemain tiktok SDM RENDAH!!!............. terutama para CEWEK ya..., SEKARANG ADA KASUS B*K*P DI TIKTOK HAHAHAHAH OIIIII TOK TOK BOKEP"
Pengguna Google,5,2026-05-28 13:02:35,bisa vnn
Pengguna Google,5,2026-05-28 13:02:29,jujur seru tapi part paling gk suka waktu akun ilang padahal folowers dahh banyak tapi gpp tetep bisa nonton video 💖
Pengguna Google,5,2026-05-28 13:02:15,senang buat hiburan
Pengguna Google,5,2026-05-28 13:02:08,Bagyuus bingittt sumpilll
Pengguna Google,5,2026-05-28 13:01:24,bgus
Pengguna Google,5,2026-05-28 12:59:37,keren banget aku sudah 1.000 followers
Pengguna Google,5,2026-05-28 12:59:28,👍👍👍
Pengguna Google,5,2026-05-28 12:59:25,Bagus
Pengguna Google,1,2026-05-28 12:58:34,umurku udah 19 tahun kok saat bikin akun baru sarat umur belum memenuhi
Pengguna Google,1,2026-05-28 12:58:33,"sering kali update,sering rusak tiktokku"
Pengguna Google,5,2026-05-28 12:57:44,aku Sekaran aku suka Lia tik tok.
Pengguna Google,5,2026-05-28 12:56:50,sangat bagus
Pengguna Google,1,2026-05-28 12:56:40,aplikasi gajelas ga bisa di download aneh padahal memori kosong
Pengguna Google,4,2026-05-28 12:56:35,bagus
Pengguna Google,1,2026-05-28 12:55:30,tiktok dancok asu wes nunggu memproses malah sue merem wes manut ko video wong malah raiso dancok tiktok pler jembuten yen raene bintang 0 ngono takei su
Pengguna Google,5,2026-05-28 12:54:14,mantap
Pengguna Google,5,2026-05-28 12:52:32,kenapa orang orang bisa vn gw gk bisa😭
Pengguna Google,5,2026-05-28 12:51:44,sangat menghibur
Pengguna Google,4,2026-05-28 12:51:27,"Sudah bagus,namun terdapat delay yang begitu lama saat mengirim pesan kepada orang lain yang begitu mengganggu."
Pengguna Google,5,2026-05-28 12:51:16,bagus
Pengguna Google,5,2026-05-28 12:50:00,aplikasi nya kurang membantu dan juga aplikasi ini banyak sekali iklan jadi saya kasih bintang 5
Pengguna Google,5,2026-05-28 12:49:10,Pernah had drever
Pengguna Google,5,2026-05-28 12:48:29,mantap
Pengguna Google,5,2026-05-28 12:47:58,aplikasi yang sangat menghibur
Pengguna Google,1,2026-05-28 12:46:38,tiktok sekarang ko mengikuti sendiri Tampa sepengetahuan pengguna nya agak Laen emang tiktok sekarang
Pengguna Google,1,2026-05-28 12:46:01,"iklannya ganggu, setiap buka aplikasi pasti iklan dlm iklan, kadang buka aplikasinya tetap aja iklan apalagi buka aplikasi lain perbaikii.plis tiktok, kadang eror juga tiba' ngefreeze, padahal udh di perbarui mulu udh di uninstall tpi tetep aja banyak iklan, sma ngefrezee"
Pengguna Google,5,2026-05-28 12:45:50,untuk bersosialisasi skedar menghibur diri
Pengguna Google,4,2026-05-28 12:45:46,tictok bagus tp kalo gk di updet gpp ya...?soalnya pinuh trus...
Pengguna Google,5,2026-05-28 12:45:33,vidio nya lucu-lucu bikin ketawa
Pengguna Google,5,2026-05-28 12:43:36,good but my videos are rarely on fyp
Pengguna Google,5,2026-05-28 12:43:25,ini sangat bagus
Pengguna Google,5,2026-05-28 12:43:15,sangat amat bagus tapi memori nya itu terlalu banyak
Pengguna Google,5,2026-05-28 12:42:35,keren
Pengguna Google,5,2026-05-28 12:42:28,bagus
Pengguna Google,5,2026-05-28 12:40:21,oke
Pengguna Google,5,2026-05-28 12:40:18,seru buat scroll cuman bnyak iklan ajaa seru bngt deh pokonya the best
Pengguna Google,5,2026-05-28 12:40:12,baik
Pengguna Google,5,2026-05-28 12:39:45,nyaman kayak ada yang nemenin tiap hari
Pengguna Google,5,2026-05-28 12:39:23,suka scorll² nyaa😆
Pengguna Google,5,2026-05-28 12:38:03,lopyu tiktok
Pengguna Google,1,2026-05-28 12:37:38,ngelek parah
Pengguna Google,5,2026-05-28 12:37:32,terima kasih aplikasi nya sangat membantu
Pengguna Google,5,2026-05-28 12:37:32,sangat puas
Pengguna Google,1,2026-05-28 12:37:17,"apaan banget ngepost vt malah ga muncul di akun orang"" gasuka banget mana tiba"" suka mental sendiri dari aplikasi"
Pengguna Google,4,2026-05-28 12:37:17,"ihh kemarin vn SEKARANG vc jirr kemana kan harus download lagi,takut akun hilanggg🙏🙏😭😭😭"
Pengguna Google,4,2026-05-28 12:37:16,bagus tapi sayangnya vd saya tak rame🥰
Pengguna Google,5,2026-05-28 12:37:14,Saya sangat sukak
Pengguna Google,5,2026-05-28 12:37:09,bagus
Pengguna Google,5,2026-05-28 12:36:54,kurang perporma
Pengguna Google,1,2026-05-28 12:36:34,ko update ya lila banget ih
Pengguna Google,5,2026-05-28 12:36:10,seru tapi gak bisa update aku mau vn
Pengguna Google,5,2026-05-28 12:32:37,Bagus tapi HP ku ngeleh ngeleg
Pengguna Google,5,2026-05-28 12:31:36,saya suka aplikasi nya
Pengguna Google,5,2026-05-28 12:30:33,ok
Pengguna Google,1,2026-05-28 12:29:42,"dulu waktu belum update,tiktok masih berjalan dengan baik. tapi sekarang, semenjak update, tiktok jadi lag parah. saya baru pencet tiktok,ga ada video(layar hitam) dan hanya ada audio konten. waktu saya scroll kebawah, langsung ada suara ""TINN"" dan freeze serta lag parah. dan juga saya pernah baru masuk tiktok dan saya langsung di sambut dengan ""tiktok tidak menanggapi"". TOLONG UNTUK TIKTOK,JANGAN SERING2 UPDATE (update sewajarnya) DAN PERBAIKI SEMUA ITU"
Pengguna Google,1,2026-05-28 12:29:18,Tak dapat du unduh
Pengguna Google,1,2026-05-28 12:28:50,apk sarang monyet
Pengguna Google,4,2026-05-28 12:28:28,bagus bgt tpi agak sedikit ngelag
Pengguna Google,1,2026-05-28 12:27:05,njir gmn si ak ngepost vt kok di org lain gaada
Pengguna Google,5,2026-05-28 12:27:00,tiktok terlalu banyak memakan penyimpan hp saya yg kentang ini
Pengguna Google,5,2026-05-28 12:26:54,sangat menghibur orang orang yang ada di tiktok dan sangat bagus aplikasi nya
Pengguna Google,4,2026-05-28 12:26:36,"bagus sih aplikasi nya tapi kenapa di hp aku sekarang sering keluar sendiri dari tiktok nya, padahal lagi seru seru nonton tapi bilik lagi ke layar semula🙏🏻"
Pengguna Google,5,2026-05-28 12:25:46,baguss banget
Pengguna Google,1,2026-05-28 12:23:52,orang nya gak ramah
Pengguna Google,5,2026-05-28 12:22:42,Woi ini aplikasi nya bagus woi
Pengguna Google,5,2026-05-28 12:22:26,bagus dah
Pengguna Google,1,2026-05-28 12:22:20,saya tidak bisa memposting video
Pengguna Google,5,2026-05-28 12:22:02,"bagus bgt aplikasi ny trs juga kita bisa belanja di tik tok shop.sama satu lagi sekarang udh ad fitur sorotan ny juga, cuman minus ny aku lgi live tiba tiba kena pelanggaran padahal gak ngapa-ngapain"
Pengguna Google,5,2026-05-28 12:21:57,tiktok aplikasi hiburan dan belanja yang bagus banget sih.
Pengguna Google,5,2026-05-28 12:21:33,mantab
Pengguna Google,2,2026-05-28 12:20:28,pernah di upgrade . itu Masi bisa nyimpen vidio nya yang ada di tiktok sekarang harus di upgrade lagi karena GK bisa nyimpen vidio eh udah di upgrade masih aja GK bisa udah 4 kali di coba tapi tetap masih GK bisa .
Pengguna Google,5,2026-05-28 12:19:13,Tolong Perbaiki Ya Setiap Mau Keluar Dari Pencarian Layarnya Langsung Putih
Pengguna Google,1,2026-05-28 12:17:47,gak bisa vn🫠😭
Pengguna Google,3,2026-05-28 12:16:22,bagus min terkadang juga keluar sendiri
Pengguna Google,3,2026-05-28 12:15:34,kenapa aku gak bisa membuat api Dengan teman aku
Pengguna Google,5,2026-05-28 12:15:19,aplikasi ini sangat cocok untuk saya yang bosenan
Pengguna Google,5,2026-05-28 12:12:40,best of the best
Pengguna Google,5,2026-05-28 12:11:21,bagusss banget aku udh lama main ini aplikasinya terimakasih ya yang udh buat aplikasi ini...💗💗
Pengguna Google,5,2026-05-28 12:08:54,aktifkan fitur live
Pengguna Google,5,2026-05-28 12:07:55,suka banget sama tiktok ini
Pengguna Google,2,2026-05-28 12:07:29,setelah update apk skrg stiap mau belanja di tiktok shop gak ada freong dan bonus koin jg tdk bs digunakan. sangat disayangkan fasilitasnya pengguna malah sedikit menurun 😢
Pengguna Google,5,2026-05-28 12:07:00,sangat bagus tapi tolong tambah kan lagi yang lebih lengkap itu saran saya terimakasih
Pengguna Google,1,2026-05-28 12:07:00,tiktok sekarang makin lemot. gak seperti dulu bisa di hp ram 2 lancar2 aja. tolong dong tiktok apk nya di ringanin biar bisa di gunakan di hp low device 🙏
Pengguna Google,5,2026-05-28 12:06:45,sangat memacu penasaram
Pengguna Google,1,2026-05-28 12:05:27,gimana ini tiktokku ga bisa di bukak sekali bukak ngefresh terus keluar gimana ini
Pengguna Google,5,2026-05-28 12:03:13,seru bisa nonton motivasi sukses pokok nya debes
Pengguna Google,5,2026-05-28 12:01:25,karna keren ada mas Amba sama mas Rusdi
Pengguna Google,5,2026-05-28 12:01:17,stiker bokep nya tolong dihapus
Pengguna Google,2,2026-05-28 12:00:32,kenapa akun saya tidak dapat tap2 & komentar di live tidak muncul🤔🤔
Pengguna Google,5,2026-05-28 12:00:26,wow ini tiktok bagus juga soalnya ada vn nya 🗿
Pengguna Google,5,2026-05-28 12:00:24,ambatokammmmmmmmm aaaaaahhh
Pengguna Google,1,2026-05-28 11:59:31,"apk sampah, habis update kemarin apk nya langsung eror, ngga bisa dibuka, ""tiktok tidak menanggapi"" HP gua kentang? xiaomi 15 ultra kentang? perbaiki nnti gua kasi b5"
Pengguna Google,5,2026-05-28 11:59:26,bagus
Pengguna Google,3,2026-05-28 11:58:36,"kok pas buat akun kedua, di akun kedua sm kesatunya udah gaada komen vn+stiker+foto lg sih??"
Pengguna Google,4,2026-05-28 11:58:05,"................................ . . . . .. . . .. . . . .. . .. .. . .. . . ,. . . . . . . . . .. . . . . . . . . . . . . . .. . . . . . . . . . . ... . . . . . . . . . . . . . . . . . . . . . . . . . . . . . . . . . . . . . . . . . . . . . . . . . . . . . . . . . . . . . . . . . . . . . . . . . . . . . . . . . .. . .. . . . . . . . . .. .. . . . . . . . . .. . . . . . . . . . . .. . . . . . . . . . .. . . . .. . . . . . . . .. . . . . . .. . . . . . . . . . . . . .. ."
Pengguna Google,5,2026-05-28 11:57:18,bagus
Pengguna Google,5,2026-05-28 11:56:40,apk sarang monyet dan banyak bkp
Pengguna Google,2,2026-05-28 11:56:23,Karena kalau aku menginstal pasti lama banget udah menunggu lama tapi harus menginstal lagi. dan saat aku membuka tt pasti nanti keluar sendiri jadi kalau lagi enak enak nonton eh malah keluar sendiri
Pengguna Google,5,2026-05-28 11:55:19,lagu bagusin buat video
Pengguna Google,5,2026-05-28 11:54:50,sangat bagusss
Pengguna Google,5,2026-05-28 11:54:45,seru melihat banyak fidio dan ini tiktok nya bagus cuma di perbaiki sedikit ya untuk ngeleg nya maaf ya kalau perkataan ku bikin sakit maaf segitu doang sig makasih
Pengguna Google,1,2026-05-28 11:54:43,"ini kenapa tik tok setiap aplod vidio yang ngak ada suaranya kenapa ngak dikasih suara, sebelum update kalo aplod vidio yang ngak ada suaranya dikasih suara yang lagi viral ini kenapa ngak dikasih , ya kadang ngak dikasih suara tapi seringnya dikasih kirain kalo dah update tambah diperbaiki ini malah jadi ngak dikasih sama sekali udah itu kalo nambah suara manual lagunya itu itu aja"" TAU GITU MENDING NGAK UPDATE """
Pengguna Google,5,2026-05-28 11:54:29,lumayan buat hiburan
Pengguna Google,5,2026-05-28 11:53:44,sangat bagus sekali
Pengguna Google,5,2026-05-28 11:52:17,seru.
Pengguna Google,5,2026-05-28 11:52:13,aplikasi yng sangat bagus
Pengguna Google,5,2026-05-28 11:51:37,Masa saya dari tadi ngedowlod gak bisa bisa
Pengguna Google,5,2026-05-28 11:50:45,bagus banget apknya! tapi setiap aku mau liat foto gitu kaya ada iklan.! jadi males kaya gitu tolong di perbaiki ya sekian dari Azizah yang imup ini🙏🏻😰💅🏻
Pengguna Google,5,2026-05-28 11:50:36,"Any song that sounds like this was so me. Had a good lobby, I need you go be home with me. 50 new Scotty. My lifehalf the Saudi"
Pengguna Google,5,2026-05-28 11:50:00,👍🗿
Pengguna Google,1,2026-05-28 11:47:48,aplikasi sarangnya monyet
Pengguna Google,5,2026-05-28 11:47:22,9 n bu vbbvbbi5g ni de swi5g bi b b v bebek ni ko ze i dedeh kki f rrt ft dt
Pengguna Google,5,2026-05-28 11:46:59,saya sangat suka
Pengguna Google,5,2026-05-28 11:46:44,anton AmoY
Pengguna Google,3,2026-05-28 11:46:33,suka tiba tiba ke blokir akun nya
Pengguna Google,3,2026-05-28 11:45:52,semakin lama tiktok makin gak jelas saya udah banyak belanja di tiktok hilang semua toko pesanan gimana bisa belanja lagi kalau begini tolong di perbaikin admin 🙏😇
Pengguna Google,5,2026-05-28 11:44:26,tiktok sangat bagus bisa menemaniku kalau gabut tiktok aplikasi paling indah dan buat sehari hari ku bahagia dan juga semen jak ada tiktok hidupku enak tidak gabut tikto adalah aplikasi yang terdebes sekali lagi terdebes
Pengguna Google,5,2026-05-28 11:42:48,aplikasi masa kini yang menjanjikan
Pengguna Google,3,2026-05-28 11:41:30,"tingkat kan kualitas pengirman, karna dsni tiktok sedang berbisnis..karna saya selain bermain tiktok,berbelanja juga menilai apa kekurangan nya..harus berani push ke pihak jasa pengiriman juga.."
Pengguna Google,5,2026-05-28 11:40:55,melati
Pengguna Google,5,2026-05-28 11:40:50,orang ini tidak menulis ulasan apapun
Pengguna Google,4,2026-05-28 11:40:17,"syumpah asik banget suka deh ama sosmet satu ini.. tapi kurang nya tu banyak video jumpscare padahal aku gasuka itu aku jantungan orang nya, dan aku gasuka kalo video tiktok yang aku buat ga rame.., itu aja si good pokokk"
Pengguna Google,5,2026-05-28 11:40:04,ok
Pengguna Google,5,2026-05-28 11:39:56,saya tidak bisa live di tiktok karena kena pembatasan usia 18
Pengguna Google,1,2026-05-28 11:39:27,jelek
Pengguna Google,5,2026-05-28 11:39:03,bagus enak
Pengguna Google,5,2026-05-28 11:38:47,cocok banget kalo bosen main game enak nya nonton tiktok
Pengguna Google,5,2026-05-28 11:36:41,fb lah wkwkw
Pengguna Google,1,2026-05-28 11:35:39,quote
Pengguna Google,5,2026-05-28 11:35:24,cukup buat hiburan
Pengguna Google,5,2026-05-28 11:34:37,so perfect
Pengguna Google,1,2026-05-28 11:34:30,gw gak bisa vn
Pengguna Google,5,2026-05-28 11:34:29,seru
Pengguna Google,5,2026-05-28 11:32:59,sangat baik
Pengguna Google,4,2026-05-28 11:32:50,ytta
Pengguna Google,5,2026-05-28 11:30:23,asik
Pengguna Google,5,2026-05-28 11:28:58,"bagus bgtt,cuman aku ga dapet sorotan😔"
Pengguna Google,1,2026-05-28 11:25:39,pas didownload ga bisa
Pengguna Google,2,2026-05-28 11:24:13,tetlalu banyak live dagangan ....
Pengguna Google,2,2026-05-28 11:23:56,karena MB nya yang tidak sedikit dan membuat hp menjadi lebih cepat penuh
Pengguna Google,3,2026-05-28 11:21:51,gw blom bisa vn anjir😭
Pengguna Google,1,2026-05-28 11:20:37,"saya sangat menyesal telah belanja di tiktok shop soal refund uang saya tertahan di situ dan tidak bisa di ambil, minimal kasih metode penarikan dana apa e walet kek, gedek gua liatnya"
Pengguna Google,4,2026-05-28 11:20:06,bagus ada video offlen
Pengguna Google,5,2026-05-28 11:19:49,tolong akun saya tidak diblokir
Pengguna Google,5,2026-05-28 11:17:01,intinya aku sukaa tiktok udah lahh
Pengguna Google,5,2026-05-28 11:16:52,Tiktok kontol
Pengguna Google,1,2026-05-28 11:16:18,karna gw belum ada vitur vn
Pengguna Google,5,2026-05-28 11:15:32,👍👍👍👍sapa dong👍😚😘😘😘😘🥰👍👍👍
Pengguna Google,5,2026-05-28 11:13:20,bagus
Pengguna Google,5,2026-05-28 11:13:15,tiktok bagus bisa nonton terus kata mama jangan beelwbihan
Pengguna Google,1,2026-05-28 11:11:06,terlalu banyak peraturan terlalu banyak pembatasan dan pelanggarannya bikin bosen
Pengguna Google,5,2026-05-28 11:10:31,sangat menyenangkan
Pengguna Google,5,2026-05-28 11:10:26,toktoknthe best lah 👍
Pengguna Google,5,2026-05-28 11:10:06,Min gw ram nya kecil ringanin ttk nya min biaar bisa di install minn piliss
Pengguna Google,5,2026-05-28 11:09:44,i love tiktok 🤍
Pengguna Google,5,2026-05-28 11:09:24,saya ingin melihat update nya
Pengguna Google,5,2026-05-28 11:08:51,bagus
Pengguna Google,5,2026-05-28 11:08:37,aplikasi nya bagus banget
Pengguna Google,5,2026-05-28 11:08:10,lumayanlah
Pengguna Google,5,2026-05-28 11:07:51,"sangat bagus,intinya udh acung jempoll👍"
Pengguna Google,1,2026-05-28 11:07:44,kecewa tombol posting ulang nya gak ada
Pengguna Google,4,2026-05-28 11:07:13,ok
Pengguna Google,5,2026-05-28 11:06:46,ini seru juga kayak roblox🤙🏻💓🤭
Pengguna Google,5,2026-05-28 11:05:53,seruuu
Pengguna Google,5,2026-05-28 11:04:30,keren
Pengguna Google,5,2026-05-28 11:04:16,tolong berikan fitur melihat postingan ulang pertama kali dong
Pengguna Google,1,2026-05-28 11:04:08,"aplikasi sinting suka ngebug, dan juga aplikasi sampah membuat gw gk bisa lagi login akun gw dasar babi"
Pengguna Google,5,2026-05-28 11:03:57,aku ingin ada fitur vn
Pengguna Google,5,2026-05-28 11:03:07,"perumahan cikesik, majalengka"
Pengguna Google,3,2026-05-28 11:01:17,"akun ku di blokir karena perbatasan usia dibawah 14 tahun sedangkan tanggal lahir ku 2009,gimana dongg api ku nanti padam😭"
Pengguna Google,1,2026-05-28 11:00:29,"tiktok semakin gak karu2an.. setiap kali mau di pakai buat live,, selalu macet, tiba2 keluar sendiri dari aplikasi.. di coba berkali2 sampek jengkel masih aja gitu.. bikin emosi aja.. buruk banget aplikasinya.."
Pengguna Google,5,2026-05-28 11:00:22,rikrok bagus aku terhibur pas nonton tiktok
Pengguna Google,5,2026-05-28 10:59:55,tidak ada kata2 yg perlu saya ketik disini.
Pengguna Google,5,2026-05-28 10:59:01,apk tiktok di hpku tidak ada fitur keranjangnyaa
Pengguna Google,4,2026-05-28 10:58:13,bagus banget tapi kadang kadang video kita ada yang copy dari YouTube sampe ke tiktok tolong ya yang copy...
Pengguna Google,5,2026-05-28 10:58:09,aku menyukai nya karna banyak film yang seru dan menyenangkan kan
Pengguna Google,5,2026-05-28 10:55:59,apk tidak ada gunanya
Pengguna Google,5,2026-05-28 10:54:01,"bagus banget udah bisa vn,fitur sorotan."
Pengguna Google,5,2026-05-28 10:53:49,punya ku akun ku malah ke blokir
Pengguna Google,1,2026-05-28 10:53:26,"akun ku padahal gk melanggar tapi malah diblokir dan gk bisa ganti akun ,jadi gk bisa liat"
Pengguna Google,5,2026-05-28 10:52:40,saya mau log in tiktok ga bisa apa ada kantor nya di bandung ? biar bisa dateng ke kantor buat log in
Pengguna Google,5,2026-05-28 10:51:50,Dendl Ahmadi
Pengguna Google,5,2026-05-28 10:51:21,cara aktifkan vn nya gimana ya
Pengguna Google,3,2026-05-28 10:50:52,"mohon benerin bug klo upload foto live 2 atau lebih gk ke upload, padahal penyimpanan banyak+jaringan bagus"
Pengguna Google,1,2026-05-28 10:50:30,"aplikasi bangke,sok asik anjg,apalah isi pebatasan usia sok asik. 487 streak gua anj. streak gua. balikin akun gua. balikin tiktok agar tidak isi pembatasan usia. kembalikan streak saya. normalisasikan nonton tiktok di bawah umur 16 tahun. kami ingin kebebasan. tolong berikan kami kebebasan. karna streak itu penting. contohnya seperti di akun saya. minimal kalau gak mau gini. gausah buat tiktok. apasih jeg,aku ini gedeg bgt shibal. tiktok t nya apa? tolol"
Pengguna Google,4,2026-05-28 10:50:27,akun sering ke blok padahal udh ada tiktok shopnya
Pengguna Google,5,2026-05-28 10:49:50,tiktok ini sangat menarik
Pengguna Google,5,2026-05-28 10:49:25,baru bisa ngerasa'in penarikan uang di sini.terimakasih
Pengguna Google,5,2026-05-28 10:48:56,tiktok telah memotong uang saya tanpa saya ketahui tolong kembalikan uang saya
Pengguna Google,1,2026-05-28 10:47:25,sia anying nyieun tiktok teh tong ngelag goblog ari dia anying
Pengguna Google,1,2026-05-28 10:45:09,"kenapa malah eror, aplikasi tidak menanggapi"
Pengguna Google,5,2026-05-28 10:44:32,bagus boleh belajar dari tiktok dll
Pengguna Google,1,2026-05-28 10:44:00,lemot
Pengguna Google,5,2026-05-28 10:42:55,"tiba² banget di blokir, mau bikin akun baru gak bisa."
Pengguna Google,5,2026-05-28 10:41:03,Puas untuk hiburan
Pengguna Google,3,2026-05-28 10:37:10,suara di bisukan influencer tidak banyak pengikut akan di hapus ...
Pengguna Google,1,2026-05-28 10:36:28,lma di isntal
Pengguna Google,4,2026-05-28 10:36:27,sangat puas
Pengguna Google,4,2026-05-28 10:36:24,Hi! aku lumayan sukaa soalnya bisa melihat hal hal yang lainn namun terkadang Tiktok tidak menanggapi dan berhenti... jadi terkadang juga loading screen nya terlalu lama ....
Pengguna Google,2,2026-05-28 10:36:15,ini ngeleg
Pengguna Google,5,2026-05-28 10:34:47,ya bagus aja
Pengguna Google,5,2026-05-28 10:34:32,siap
Pengguna Google,5,2026-05-28 10:34:30,pokonya cakep banget tiktok buat aku aku sangat suka Tiktokan
Pengguna Google,1,2026-05-28 10:34:29,"minimal pengguna apk nya di suruh mikir woy, orang jualan di hina, ini tuh apk yg bikin orang' zaman sekarang jadi males ngelanjutin karir gara' hujatan tolol yg di kasih pengguna apk ini, apk bego."
Pengguna Google,2,2026-05-28 10:32:27,tolong dipercepat instalnya min🙏
Pengguna Google,5,2026-05-28 10:32:08,seruuuu mengisiii luaangg dengannya menonton
Pengguna Google,5,2026-05-28 10:31:38,"aku cari apk,ini dengan pencarian apk sarang monyet"
Pengguna Google,3,2026-05-28 10:31:25,suka eror
Pengguna Google,5,2026-05-28 10:30:58,apk nya bgus banget bisa nonton vidio di waktu luang kita dantidak membosankan👍👍
Pengguna Google,1,2026-05-28 10:29:25,tiba tiba akun ku di blokir berdahal gw gak kenapa napa goblognya
Pengguna Google,1,2026-05-28 10:28:31,masukin akun nya susah perlu ada sandi sedang kan saya belum pernah pake sandi akun saya gimana sih
Pengguna Google,1,2026-05-28 10:27:06,ga bisa di update
Pengguna Google,1,2026-05-28 10:24:32,gak bisa chetigan gak ada fitur pesan langsung nya lagi ini gimnaa tiktok
Pengguna Google,5,2026-05-28 10:24:13,keren jadi hiburan setelah aku beraktivitas
Pengguna Google,5,2026-05-28 10:24:00,tolong ini di. tiktok banyak bug nya kan saya buka komen tiba tiba malah keluar dari aplikasi nya tolong segera diperbaiki
Pengguna Google,5,2026-05-28 10:23:58,"sangat menghibur dan mudah, murah untuk belanja 🙏🙏🙏"
Pengguna Google,5,2026-05-28 10:23:02,Sangat seru Mantap
Pengguna Google,1,2026-05-28 10:22:12,dikit-dikit ngelek mana game nya tau semua bikin emosi
Pengguna Google,5,2026-05-28 10:21:48,Bagussss bangettttt!!!!
Pengguna Google,1,2026-05-28 10:21:08,"kadang ngelag suka keluar sendiri, tolong diperbaiki bug nya."
Pengguna Google,1,2026-05-28 10:21:02,sangat buruk karena salah sedikit melakukan cara akun di blok seperti live kena pelanggaran tidak seperti sebelah
Pengguna Google,1,2026-05-28 10:20:31,aplikasi sarang monyet
Pengguna Google,1,2026-05-28 10:20:21,aplikasi sdm rendah sarang monyet banyak yang suka ngehina bego bego pula user nya masa orang jualan aja dihina di komen nya karena fisiknya usernya semua ODGJ
Pengguna Google,1,2026-05-28 10:20:02,"konten yang muncul maraton mulu,dan topik yang gak bermutu dan asal posting tanpa pembenaran yang jelas. bisa berakibat buruk kepada perilaku/pola pikir penontonnya."
Pengguna Google,5,2026-05-28 10:18:43,Tiktokk nyaaa baguss cyukkk
Pengguna Google,5,2026-05-28 10:17:07,bagus
Pengguna Google,5,2026-05-28 10:17:06,seruuuuu polll gyussss yuyurrr
Pengguna Google,5,2026-05-28 10:16:56,alhamdulillah berkat aplikasi titok aku mendapatkan rezeki
Pengguna Google,2,2026-05-28 10:16:46,Maaf banget b2 tapi kenapa ya akhir-akhir ini tiktok selalu keluar sendiri gatau apa cuman gua yang ngalamin tapi baru liat video sebentar langsung keluar padahal udah update ke versi terbaru udah coba beberapa cara mulaj dari restart hp hapus cache aplikasi tapi tetep sama apa ini semacam bug dari aplikasi? Tolong developer segera perbaiki masalah ini ganggu banget pas lagi nonton!
Pengguna Google,4,2026-05-28 10:15:02,tolonglah tambahkan biar kalo mau hapus komentar biar semua ke hapus
Pengguna Google,1,2026-05-28 10:14:31,tidak bisa di install
Pengguna Google,2,2026-05-28 10:14:27,sering error.
Pengguna Google,5,2026-05-28 10:13:48,"heiii tiktok sengaja kasih bintang 5 ya biar di baca, maksud kalian apa ya, saya sudah bayar pailiter, tapi kok saya di tlfn terus untuk minta pembayaran, sedangkan sudah bayar, terus terus sa tdk pinjam lagi, ko ada pinjam lagi katanya di tlfn, jangan begitu ya tiktok, tlfn juga kasar, tdk sesuai dengan saya, semoga habis ini sa tdk di tlfn lagi ya, kecewa banget gue.."
Pengguna Google,5,2026-05-28 10:12:32,"tiktok bagus, biasa untuk hiburan, bisa untuk berbelanja dan menyenangkan"
Pengguna Google,5,2026-05-28 10:12:06,semoga bisa di gunakan
Pengguna Google,1,2026-05-28 10:12:00,beren tikan batasan usia
Pengguna Google,5,2026-05-28 10:11:17,"klo bosen suka nonton tik tok,JD Always tt"
Pengguna Google,5,2026-05-28 10:11:00,bagus tapi belum dapat pitur vn
Pengguna Google,5,2026-05-28 10:08:50,no coment ah
Pengguna Google,1,2026-05-28 10:08:30,tiktok bosok...masuk beranda keluar2 sendiri dasar apk bosokan sampah
Pengguna Google,5,2026-05-28 10:08:05,bagus
Pengguna Google,1,2026-05-28 10:08:00,"tolong lah ya,jangan mentang mentang cuma ngechat bercanda ama kawan bilang aku kelas 2sd langsung kena pembatasan umur,tau kok untuk jaga jaga tapi jangan setolol itu lah aturan nya pls,diakun tt itu ak live buat nyari jajan tambahan,masa cuma karna becanda gitu ampe dibatasin umur segala perkara bercanda,tolong lah ya sekali lagi,hapus aja fitur itu"
Pengguna Google,4,2026-05-28 10:07:44,mwehehhehe
Pengguna Google,3,2026-05-28 10:06:05,karena kalau lagi tiktokan velocity nya jadi error dan ga exspek lagi
Pengguna Google,5,2026-05-28 10:05:28,mantep
Pengguna Google,1,2026-05-28 10:05:21,setiap masuk tiktok atau mau update tiktok pasti ada peringatan gitu locc
Pengguna Google,2,2026-05-28 10:05:08,jujur kok gk bisa vn jadi males dehh ngetik
Pengguna Google,5,2026-05-28 10:03:37,simpel oke
Pengguna Google,1,2026-05-28 10:03:33,"saya mau menarik uang yang saya bayar pakai e wallet, harus verif pakai ktp. sedanngkan ktp saya tdk punya, bagaimana ya tiktok"
Pengguna Google,5,2026-05-28 10:02:52,mantap
Pengguna Google,5,2026-05-28 10:01:10,"tik tok memang bagus utk sekedar hiburan,cuma kalau belanja hati hati kalau tertipu,sy br SJ merasakan hal itu.rupanya toko nya ada aja yg nakal,tlg tik tok hal semacam itu di beri tindakan."
Pengguna Google,3,2026-05-28 10:01:05,min boleh nyalain fitur vn
Pengguna Google,5,2026-05-28 10:00:40,balek balek topi biru
Pengguna Google,4,2026-05-28 10:00:12,"Hi tiktok, aku kembali dengan laporan baru, tiktok banyak mengalami bug, salah satunya saat berada di pencarian, saat ingin kembali ke beranda awal, saya malah keluar dari aplikasi tiktok, dan juga saya mohon lebih perbanyak fitur seperti penghapusan posting ulang sekaligus"
Pengguna Google,4,2026-05-28 09:58:56,lumayan oke sih menurut ku tapi tiktok menguras data and baterai 🙃
Pengguna Google,5,2026-05-28 09:58:05,seru banget jujur
Pengguna Google,4,2026-05-28 09:57:54,𝗯𝗮𝗴𝘂𝘀 𝘁𝗮𝗽𝗶 𝗮𝗸𝘂 𝗴𝗮 𝗱𝗮𝗽𝗲𝘁 𝘂𝗮𝗱𝗲𝘁𝗲 𝗻𝘆𝗮
Pengguna Google,5,2026-05-28 09:57:35,seru bisa lihat vidio lucu
Pengguna Google,2,2026-05-28 09:57:00,puas
Pengguna Google,5,2026-05-28 09:56:40,kenapa lm banget ini apdet nya mohon di percepat🙏🙏
Pengguna Google,4,2026-05-28 09:56:13,"inii baguss, tapi kadangan Vidio yang saya tonton jadi nge blur"
Pengguna Google,5,2026-05-28 09:55:37,untuk developer nya tolong Adain fitur vn soalnya aku liat di vt orang ada yang bisa vn
Pengguna Google,2,2026-05-28 09:55:35,saya tidak bisa masuk kenapa ya?
Pengguna Google,3,2026-05-28 09:54:56,"bagus tpi lama lama kok banyak bug yh? aku gatau ini aku doang atau apa. Aku blom lama tiba2 gbisa chat sm orang dan gbisa liat papan buletin org, Sekarang. Aku malah gabisa liat repostan orng, dan setiap kli aku mau repost, pasti itu ditandain aku tuh blom repost. Ini akun aku yg bermasalah atau apaan ya? this is pisses me off so much, perbaiki plis bugnya."
Pengguna Google,1,2026-05-28 09:54:46,"sangat jelek banyak bug , mau update padahal penting udh cukup malah masih bilang belum cukup, mau post video suruh verif nomer ,jlk"
Pengguna Google,5,2026-05-28 09:54:07,seru apalagi kalo gak tiktok
Pengguna Google,5,2026-05-28 09:53:37,anjya
Pengguna Google,5,2026-05-28 09:51:53,pokoknya aku Nanya gimana cara vn di tiktok udah berkali kali update tapi tetap ga bisa nih akun tiktok aku ZEUS
Pengguna Google,5,2026-05-28 09:50:52,bisa dapt uang 🤑🤑
Pengguna Google,1,2026-05-28 09:50:15,gabecus bet jadi aplikasi!!! dikit dikit kena pl. KEREN LUH BEGITU!??
Pengguna Google,4,2026-05-28 09:48:43,ga ada fiturr sorotann😭🙏🏻
Pengguna Google,5,2026-05-28 09:48:34,Sangat seruuu
Pengguna Google,5,2026-05-28 09:47:37,karna seru
Pengguna Google,2,2026-05-28 09:45:57,"Loadingnya suka lama banget padahal jaringan bagus, kadang bisa cepet kadang loaamma. Tolong perbaiki min"
Pengguna Google,5,2026-05-28 09:45:11,kok saya kalo post foto live 3/lebih foto GK bisa ke post ya
Pengguna Google,4,2026-05-28 09:44:18,"bagus sih tapi itu,aku mau make filter malah gk bisa,menurut ku ini bagus bgt suka😭😭🫰🌷🌷🌷"
Pengguna Google,5,2026-05-28 09:42:31,Bagus
Pengguna Google,5,2026-05-28 09:41:50,bagus
Pengguna Google,5,2026-05-28 09:40:38,Sangat bermanpaat
Pengguna Google,4,2026-05-28 09:40:36,enak dan bagus
Pengguna Google,1,2026-05-28 09:39:21,kenapa si apk nya gabisa di scrol seakan akan gaada kuota padahal ada
Pengguna Google,2,2026-05-28 09:38:09,bgus
Pengguna Google,5,2026-05-28 09:37:59,adai vitur vn dong
Pengguna Google,3,2026-05-28 09:36:31,ada in fitur vn plis
Pengguna Google,5,2026-05-28 09:36:10,bagus
Pengguna Google,5,2026-05-28 09:35:45,dek
Pengguna Google,2,2026-05-28 09:34:54,makin sering update makin gajelas
Pengguna Google,5,2026-05-28 09:34:22,mantapp poll
Pengguna Google,4,2026-05-28 09:34:10,"tik tok emang menghibur tetapi butuh sinyal sangat kuat untuk buka aplikasinya,bisa diperkecil kaya FB"
Pengguna Google,5,2026-05-28 09:33:35,bagus
Pengguna Google,1,2026-05-28 09:32:41,ini kenapa profil posting ulang nya tidak muncull woila tiktok
Pengguna Google,4,2026-05-28 09:31:06,"b aja,bgus sih tapi pengen ksih 4aja"
Pengguna Google,4,2026-05-28 09:30:57,ok
Pengguna Google,3,2026-05-28 09:30:01,tiktok lebih seru dan lebih banyak
Pengguna Google,5,2026-05-28 09:29:55,bagus aku pengen tiktok shop ku kembali biar bisa belikan baju anak
Pengguna Google,1,2026-05-28 09:26:42,tidak bisa Chet sama gak bisa memulihkan akun
Pengguna Google,5,2026-05-28 09:25:29,tiktok sangat bagus dan ramah untuk HP kentang
Pengguna Google,5,2026-05-28 09:21:55,bagus banget pokoknya best
Pengguna Google,1,2026-05-28 09:21:20,apk sdm rendah isinya orang orang menghina gw lihat komentar di tik tok gak ada hati nurani semua ama bodoh FIX INIMAH APK SDM RENDAH!
Pengguna Google,1,2026-05-28 09:17:51,"bikin manusia rendah otak, banyak monyet berkeliaran, tidak pantas untuk didownload dibawah umur 18"
Pengguna Google,5,2026-05-28 09:17:03,mengisi hari gabut ku🗿
Pengguna Google,5,2026-05-28 09:16:56,bagusss bgt
Pengguna Google,1,2026-05-28 09:16:22,jlek
Pengguna Google,5,2026-05-28 09:15:49,aplikasi ini membantu untuk mencari segala hal yang kita butuhkan
Pengguna Google,3,2026-05-28 09:13:10,"kadang error ih mau liat repost an eh bug cuma aku doang yg repost padahal tadi banyak,, dan sekarang gabisa ngecek postingan ulang kita kesalahan jaringan Mulu padahal data nyala"
Pengguna Google,3,2026-05-28 09:11:17,eror
Pengguna Google,1,2026-05-28 09:11:08,"ga jls tiba"" tiktok di blokir padahal unur udh 18 tpi tiba"" di ban di perbaiki lagi lah lain kali jangan asal band"
Pengguna Google,3,2026-05-28 09:10:37,mengapa saya tidak bisa membuat akun tiktok dengan benar
Pengguna Google,5,2026-05-28 09:09:43,tiktok sering eror
Pengguna Google,2,2026-05-28 09:09:35,punya saya berubah ubah udh ini itu lah aneh tapi seru juga sih
Pengguna Google,1,2026-05-28 09:09:28,jlk bgt apk nya
Pengguna Google,2,2026-05-28 09:05:52,"𝗸𝗼𝗸 𝘀𝘁𝗶𝗮𝗽 𝘂𝗽𝗱𝗮𝘁𝗲 𝘁𝗿𝘀, 𝗴 𝗮𝗱𝗮 𝗽𝗿𝘂𝗯𝗵𝗻 𝘆𝗴 𝗹𝗮𝗶𝗻 𝗮𝗱 𝗳𝗶𝘁𝘂𝗿 𝘃𝗻, 𝗳𝗶𝘁𝘂𝗿 𝗰𝗮𝗹𝗹, 𝘀𝗸𝗿𝗮𝗻𝗴 𝗳𝗶𝘁𝘂𝗿 𝘃𝗼𝘁𝗲,, 𝗸𝗼𝗸 𝗽𝗻𝘆𝗮 𝗴𝘄 𝗴 𝗮𝗱𝗮,, 𝗯𝗮𝗻𝘁𝘂 𝗱𝗼𝗻𝗴😹"
Pengguna Google,3,2026-05-28 09:05:35,"aplikasi ini udah baguss tapi cara update aplikasi nya itu, mungkin contohnya fitur terbaru tiktok yaitu sorotan, cuman beberapa orang doang yang dapet fitur itu, saran saya tolong update fitur nya itu menyeluruh agar orang orang dapet menggunakan nya, dan 1 lagi fitur kirim foto masih banyak orang gak bisa.."
Pengguna Google,5,2026-05-28 09:05:18,"tiktokk baguss kooo, tapii aku pengen nyaa waktu foto ditiktok tuu nyimpen nya gausa ada logo tiktok nya plis, masa harus di post dulu baru gada logo nyaa?? padahall dulu ga gituu loo"
Pengguna Google,1,2026-05-28 09:05:05,"kelamahan tiktok, kalau engga du update aja pasti ngelagh nya minta ampun👎🏼"
Pengguna Google,1,2026-05-28 09:04:58,kenapa tiktok tidak bisa di akses kadang kadang susah masuk padahal sinyal oke buka aplikasi lain lancar tidak ada update tapi selalu bufering
Pengguna Google,5,2026-05-28 09:04:18,saya main tiktok tapi di ajukan bAnding jika saya menekan ajukan ttp akun tiktok saya di blokir sedangkan saya tekan Banding akun saya juga di blokir tolong berilah saran yang tepat
Pengguna Google,1,2026-05-28 09:03:40,buruk banget kalo mau masuk aplikasi erorr
Pengguna Google,5,2026-05-28 08:59:25,saya setiap hari tiktokan
Pengguna Google,1,2026-05-28 08:59:25,"trash,sering banget jaringan tidak stabil padahal buat buka apapun lancar aja gak ada hambatan"
Pengguna Google,4,2026-05-28 08:58:13,"tolong ini akun saya ke blokir, saya juga GK kesalahan apa sampe bisa ke blokir tolong di bantu"
Pengguna Google,5,2026-05-28 08:57:47,bahlil
Pengguna Google,1,2026-05-28 08:56:41,tidak ada solusi cara masuk ke tiktok nomer yang sudah hilang/tidak aktif jadi saya sekarang berhenti main tiktok sampai bisa masuk lagi ke akunnya
Pengguna Google,3,2026-05-28 08:56:38,"saya suka aplikasi ini cuma ada notif ""TIK TOK TIDAK MENGANGGAPI""saya baru scroll dikit udah ada notif seberti itu dan saya tidak sengaja ke geser membeli top up dan itu sangat buruk"
Pengguna Google,2,2026-05-28 08:55:24,"ini kenapa pas aku liat ulang video yang udh ke posting ulang tapi postingan ulang ku hilang, padahal aku liat Diprofil postingan ulang ku masih ada. tiktok pls perbaiki ini..."
Pengguna Google,4,2026-05-28 08:55:10,mantap pokonamah
Pengguna Google,1,2026-05-28 08:54:22,"kenapa tiktok Jd kayak gini,sering ngelag dan slalu kluar sendiri tolong donk diperbaiki lagi pemakaian data Jd boros bngt"
Pengguna Google,3,2026-05-28 08:53:26,"buat tiktok, adain fitur ""menghapus semua yang di favoritkan"" mau itu lagu atau vidio... yang penting bisa dihapus"
Pengguna Google,5,2026-05-28 08:51:39,SK aj sh
Pengguna Google,1,2026-05-28 08:51:29,kena sb
Pengguna Google,2,2026-05-28 08:50:46,mb nya semakin bulan semakin naik hp saya jadi lemot
Pengguna Google,1,2026-05-28 08:48:50,bentuk baru jelek
Pengguna Google,1,2026-05-28 08:48:34,"KURANG AJAR, padahal aku udah ngerepost my bini gw, malah di hapus ama tiktok (ga ada direpost-an ku lagi) akhirnya aku harus posting ulang lagi ank ARGHH ngerepotin banget 💔 (sebenarnya gapapa sih, tapi MASALAH nya kayak telat ngerepost gitu) pls adain fitur buat ngerubah tanggal kita repost dong T^T"
Pengguna Google,5,2026-05-28 08:46:38,manatap
Pengguna Google,5,2026-05-28 08:44:47,sangat menghibur
Pengguna Google,5,2026-05-28 08:44:47,cukup menyenangkan.
Pengguna Google,5,2026-05-28 08:44:44,keren aja udah itu doang
Pengguna Google,5,2026-05-28 08:44:28,seru banget
Pengguna Google,5,2026-05-28 08:44:12,sangat lah berguna
Pengguna Google,5,2026-05-28 08:43:45,bagus
Pengguna Google,1,2026-05-28 08:42:43,terlalu banyak Derama
Pengguna Google,5,2026-05-28 08:42:20,eetyg
Pengguna Google,5,2026-05-28 08:41:59,ayo guyss moots akun tiktokku @lopelimawmbg yahh
Pengguna Google,5,2026-05-28 08:41:02,sangat bagus
Pengguna Google,5,2026-05-28 08:40:39,ku berikan 5 aja gaes oke
Pengguna Google,5,2026-05-28 08:39:45,akun baru
Pengguna Google,1,2026-05-28 08:39:24,aplikasi gblok sering banned akun tanpa sebab yg jelas
Pengguna Google,5,2026-05-28 08:38:28,apk nya kadang sering keluar saat sedang live😩
Pengguna Google,1,2026-05-28 08:38:16,banyak bugnya
Pengguna Google,5,2026-05-28 08:37:12,karena hp kentang saya tidak bisa Download
Pengguna Google,1,2026-05-28 08:37:01,nyesel kali update nih apk😂 makin ngebug anjir
Pengguna Google,3,2026-05-28 08:36:47,"apasih ini tiktok, seru sih seru, tapi pas aku komen yang biasa-biasa aja malah katanya melanggar aturan. terus akun lama ku udh cukup umur, ehh malah kena batasan umur, jahat banget sih... jadinya follower ku dikit lagi!"
Pengguna Google,5,2026-05-28 08:36:12,bagus ⭐⭐⭐⭐⭐
Pengguna Google,5,2026-05-28 08:36:11,download
Pengguna Google,5,2026-05-28 08:35:34,👎👎👎👎👎👎
Pengguna Google,5,2026-05-28 08:35:30,sangat bagus
Pengguna Google,5,2026-05-28 08:34:35,"bagus bisa buat ngehibur, tapi tolong nyak ada fitur/cara ilangin sb tiktok, vt gw jadi sepi terus ini gegara sb padahal follower dah banyak malah kena sb"
Pengguna Google,5,2026-05-28 08:34:11,lumayan
Pengguna Google,1,2026-05-28 08:33:59,"Tiktok aneh bgt selalu bilang tidak ada internet padahal wifi lancar lancar aja, gw mau liat video yg gw repost udh coba pencet coba lagi gabisa mulu nyet"
Pengguna Google,5,2026-05-28 08:33:36,seruuuu bangettttt
Pengguna Google,5,2026-05-28 08:32:23,Tik tok ya
Pengguna Google,4,2026-05-28 08:31:36,"kenapa aplikasi ini selalu ada ""akhir akhir ini tiktok sedang ngecrash pulihkan/batal"" + ""keluar sendiri secara tiba tiba"" saya tidak nyaman saat main tiktok.. tolong di upgrade lagi ya.."
Pengguna Google,1,2026-05-28 08:30:19,banyak bug nya
Pengguna Google,1,2026-05-28 08:29:52,gajelas suka ada masalah koneksi terus
Pengguna Google,4,2026-05-28 08:29:14,fitur foto ku gak ada dan fitur pesan suara knapa nih tiktokk
Pengguna Google,1,2026-05-28 08:27:29,brainrot app
Pengguna Google,1,2026-05-28 08:27:24,"ga bisa lihat repost an sendiri ataupun orang lain padahal internet lancar, tolong fix bug itu"
Pengguna Google,5,2026-05-28 08:26:16,"tiktok ini kenapa ya,akun saya enggak ada fitur foto dan stiker nya,padahal awalnya ada tapi kok pas saya liat lagi kok hilang ya?😔🥰🙏🏻🙏🏻"
Pengguna Google,1,2026-05-28 08:25:25,woi tik tok knp lu hapus video repost gua 👎
Pengguna Google,1,2026-05-28 08:25:22,lemott
Pengguna Google,1,2026-05-28 08:24:10,eror terus setiap masuk balik lagi balik lagi
Pengguna Google,1,2026-05-28 08:22:51,gue mau akun gue kembali
Pengguna Google,5,2026-05-28 08:22:35,tiktok menghiburrr
Pengguna Google,3,2026-05-28 08:21:24,online shopnya ribet kebanyakan syarat dan adminnya mata duitan
Pengguna Google,4,2026-05-28 08:21:18,"sering lag min gak bisa lihat komentar, error dan butuh kecepatan internet tinggi baru bisa buka komen dan loading lainnya"
Pengguna Google,5,2026-05-28 08:20:59,tapi kok ga bisa buat DM teman ya punya ku sama buat sorotan ayo riliskan punya ku harus bisa
Pengguna Google,5,2026-05-28 08:19:58,lumyan bagus
Pengguna Google,1,2026-05-28 08:19:47,ngelek
Pengguna Google,1,2026-05-28 08:19:38,mengapa postingan ulang saya tidak bisa dimuat?
Pengguna Google,4,2026-05-28 08:19:36,aplikasinya sangat bagus dan kota tau info info terbaru
Pengguna Google,1,2026-05-28 08:17:49,masak donlod nya 3 kali kan jadi habis kuota saya
Pengguna Google,3,2026-05-28 08:17:44,GA JELASSS GABISA REPOST COK
Pengguna Google,1,2026-05-28 08:16:42,udah edit lama² pas di post kesimpen di perangkat gabisa dibuka anj emang🗿 sering benget kek gini
Pengguna Google,5,2026-05-28 08:16:38,tiktok berkah🤲
Pengguna Google,2,2026-05-28 08:16:06,lumayan coy
Pengguna Google,2,2026-05-28 08:15:27,"apk ini menghibur sekali tapi sayang nya knp semenjak update jadi banyak bug seperti aplikasi tidak menanggapi, atau bahkan kita tidak bisa melihat video yg sudah kita repost sebelumnya tolong di perbaiki ya min"
Pengguna Google,1,2026-05-28 08:14:53,"hapus aja tuh fitur ""Dapatkan reward"" ganggu bgt tuh fitur"
Pengguna Google,4,2026-05-28 08:14:44,bagus tapi sekarang aku gak bisa liat tiktok gara' akun aku kena pelanggaran
Pengguna Google,5,2026-05-28 08:13:45,tiktokmycowomyloplop
Pengguna Google,5,2026-05-28 08:12:35,Keren banget
Pengguna Google,5,2026-05-28 08:10:11,mantab dah pokonya
Pengguna Google,5,2026-05-28 08:09:54,good
Pengguna Google,5,2026-05-28 08:09:49,"𝐿𝐴𝑀𝐴 𝐹𝑂𝐿𝐿𝑂𝑊𝐸𝑅𝑆 𝐵𝐸𝑅𝑇𝐴𝑀𝐵𝐴𝐻 𝐽𝐴𝐷𝐼 𝐴𝐾𝑈 𝐵𝐼𝑆𝐴 𝐿𝐼𝑉𝐸, tapi akun nya ke blokir sendiri,, mau bikin lagi ga bisa susah bgt pas nyesuain tanggal lahir udah diganti ganti tetep dibilangin ""anda tidak memenuhi syarat"" gituh terus setiap mau bikin akun, tolong tiktok sekarang gimana yah benerin lagi kalo ada yang mau daftar bikin akun tiktok"
Pengguna Google,5,2026-05-28 08:09:34,"The effects are very good, very good for making photos."
Pengguna Google,1,2026-05-28 08:08:41,👎👎👎
Pengguna Google,5,2026-05-28 08:08:19,Saya merasa senang karena aplikasi ini sangat akses bagi kami disabilitas Netra. dan juga sudah mulai banyak hal yang bisa kita explore di setiap opsinya.
Pengguna Google,5,2026-05-28 08:08:07,"bagus, recommended banget guys"
Pengguna Google,5,2026-05-28 08:06:36,sangat bagus
Pengguna Google,5,2026-05-28 08:05:34,makasih atas semuanya video nya seru?
Pengguna Google,5,2026-05-28 08:04:19,saya suka
Pengguna Google,1,2026-05-28 08:01:05,pertahankan ya!
Pengguna Google,5,2026-05-28 07:58:41,memang luar biasa
Pengguna Google,5,2026-05-28 07:58:28,sudah bagus cuma tolong di perbaiki lagi masa akun aku sering banget ke blokir ga jelas
Pengguna Google,5,2026-05-28 07:58:23,saya sangat suka
Pengguna Google,1,2026-05-28 07:56:49,"makin ke sini makin banyak rusak nya,saya mau masuk ke akun saya pakai nomor telpon tetapi kode verifikasi nya tidak masuk ke sms ataupun wa,dan juga fitur kecepatan nya tidak smooth tlong di perbaiki"
Pengguna Google,5,2026-05-28 07:56:41,semoga banyak yg belanja di toko affiliate ku
Pengguna Google,5,2026-05-28 07:56:13,bagus
Pengguna Google,4,2026-05-28 07:53:42,ntah lah
Pengguna Google,4,2026-05-28 07:53:23,suka si tapi yaa ada sedikit bug lah
Pengguna Google,5,2026-05-28 07:52:58,yang bilang jelek hp nya kentang yak wkwkwkwk 🤭
Pengguna Google,2,2026-05-28 07:52:11,lumayan bgus sih aku suka sama aplikasi nya tpi lama kelamaan jdi aneh klo dibuka suka ngelag dulu
Pengguna Google,1,2026-05-28 07:51:16,"akun saya tiba tiba ip address saya, apa segala macam di blokir secara permanen padahal saya diem aja kaga ngapa ngapain. benerin dong tiktok longor"
Pengguna Google,3,2026-05-28 07:50:00,buis~
Pengguna Google,3,2026-05-28 07:48:53,aku belum ada update terbaru tiktok nya jadi aku pengen banget yang ada vn nya biar nambah aku kasih bintang 🌟 lima nya
Pengguna Google,5,2026-05-28 07:48:49,karen eeem bagus eeeem sedikit gelag eeem tabahin vn
Pengguna Google,5,2026-05-28 07:48:38,bagus untuk nonton dan bisa m ng hasilkan uwang
Pengguna Google,5,2026-05-28 07:46:54,dh lama kemudian ia mulai tertarik
Pengguna Google,1,2026-05-28 07:45:59,knp tiktok aku ditangguhkan
Pengguna Google,5,2026-05-28 07:45:06,aplikasinya sangat bagus sangat menghibur untuk saya
Pengguna Google,5,2026-05-28 07:45:01,bagus
Pengguna Google,3,2026-05-28 07:43:44,"paan sinyal ada kuota ada suka ada petingatan ""jaringan tidak tersedia"" apaa njit bt ah harus di uninstal trs install ulang dlu baru bisa"
Pengguna Google,5,2026-05-28 07:42:42,sngT berkualitas
Pengguna Google,5,2026-05-28 07:42:19,"sangat bagus, tapi tolong saya tidak bisa mengupgrade karena terlalu besar"
Pengguna Google,5,2026-05-28 07:41:58,waw bgt apk nya sukakkk
Pengguna Google,5,2026-05-28 07:38:48,menghibur di waktu luang
Pengguna Google,1,2026-05-28 07:38:12,buruk sangat sangat buruk
Pengguna Google,5,2026-05-28 07:37:20,"Kontennya sangat beragam dan seru 😄 Banyak hiburan, informasi, sampai video edukasi yang menarik. Algoritmanya juga bagus karena cepat menyesuaikan minat pengguna. Tapi kadang aplikasi terasa agak berat dan beberapa fitur/update malah bikin pengalaman jadi kurang nyaman. Semoga ke depannya makin ringan dan stabil 👍"
Pengguna Google,5,2026-05-28 07:35:37,suki
Pengguna Google,5,2026-05-28 07:35:20,mohon di lebih kecil ken mb nya
Pengguna Google,2,2026-05-28 07:35:09,bisa bikin sesat bisa bikin alim
Pengguna Google,5,2026-05-28 07:34:23,bagus banget😻
Pengguna Google,2,2026-05-28 07:34:13,"tolong, perbaiki bugnya soalnya tiba tiba keluar sendiri dan nge lag semenjak di upgrade!!"
Pengguna Google,3,2026-05-28 07:32:34,ini dia gan Bu
Pengguna Google,4,2026-05-28 07:32:19,bagus
Pengguna Google,5,2026-05-28 07:31:26,bagus banget
Pengguna Google,5,2026-05-28 07:31:01,adalah pokok nya
Pengguna Google,3,2026-05-28 07:29:43,"WOI PLS TIKTOK, KALO MAU KIRIM FOTO TUH KADANG KAN SUKA CEPET CEPET GTU NAH KADANG PAS MAU KIRIM FOTO MALAH YANG KE KRIM SS AN CHAT ANJR, HARUS NUNGGU BIAR FOTO ITU ADA"
Pengguna Google,5,2026-05-28 07:26:48,mantap
Pengguna Google,5,2026-05-28 07:25:43,enak
Pengguna Google,5,2026-05-28 07:25:43,cek nyak benyak abiin paket se cacat
Pengguna Google,5,2026-05-28 07:24:54,CK urng MH iye aplikasi Alus euy GG lah ttk MH heben
Pengguna Google,5,2026-05-28 07:24:53,bagus
Pengguna Google,5,2026-05-28 07:24:22,oke bangat
Pengguna Google,5,2026-05-28 07:23:23,seru.
Pengguna Google,5,2026-05-28 07:21:51,bgs bangett
Pengguna Google,5,2026-05-28 07:21:08,sangat bagus sekali dan punya reaksi berdirinya
Pengguna Google,5,2026-05-28 07:19:19,bagus
Pengguna Google,4,2026-05-28 07:18:14,sangat bagus buat belanja online
Pengguna Google,1,2026-05-28 07:17:35,TIKTOK BANGSAT ANJING
Pengguna Google,2,2026-05-28 07:17:14,tolong dong aku gabisa download TIKTOK nyaa😟 masih ada streak yang harus aku jaga..
Pengguna Google,4,2026-05-28 07:17:03,bagus tapiii aku ga ada fitur sorotan aku pengen akun ku rilis Kan ada fitur sorotan nyaaa😌
Pengguna Google,5,2026-05-28 07:16:39,Keren
Pengguna Google,4,2026-05-28 07:15:06,"Aplikasinya bagus, tetapi sering terjadi bug, seperti layar nya Ngeglitch sendiri saat scroll tiktok , tapi pas saya coba di aplikasi yang lain seperti Facebook ,tidak terjadi seperti itu, berarti apakah ini bug?, terus adalah layar bertabrakan dengan vidio sebelum nya. saya mohon untuk menghilangkan bug ini, ini bukan salah hp saya, bahkan ini aplikasi kompatibel dengan hp saya. jadi mohon diperbaiki bug ini 😀"
Pengguna Google,4,2026-05-28 07:14:50,plissss kok gw gk bisa vn
Pengguna Google,5,2026-05-28 07:11:44,baik
Pengguna Google,5,2026-05-28 07:10:32,baguss
Pengguna Google,5,2026-05-28 07:09:03,bagus sih tapi kalo di hp ku waktu 2 hari setelah download pasti ngeblank item huhuu sedii
Pengguna Google,1,2026-05-28 07:08:56,ini gimanaa sihh asal aku mau buat akun pasti ada notifikasi maaf Anda belum memenuhi syarat. apasi aku jadi gak punya akun tolong ya kalau orang mau buat akun hilangkan notifikasi itu!!! 😒😒😒
Pengguna Google,5,2026-05-28 07:05:02,tiktok sangat bagus dan saya sangat menyukai nyaa
Pengguna Google,1,2026-05-28 07:04:58,"bintang satu masa cuman bercanda malah turun usianya nih saya tadi ada yang nulis yah kelas berapa dan gua jawab kelas 6 SD itu gua cuman bercanda malah usianya di batasi jangan download ges jangan kesel gua,padahal gua cuman bercanda loh malah usia di batasi udah jangan download mening kita ke yutub hapus tiktok kalian mending kita di yutub hapus tiktok kalian"
Pengguna Google,5,2026-05-28 07:04:39,kapan update biar android 16 bisa stereo
Pengguna Google,5,2026-05-28 07:03:23,Tiktok in aga aneh
Pengguna Google,5,2026-05-28 07:01:58,luayyu🫆
Pengguna Google,5,2026-05-28 06:59:56,wa ini
Pengguna Google,5,2026-05-28 06:58:12,apdetan trus
Pengguna Google,3,2026-05-28 06:58:04,tidak ada fitur sorotan di hp saya!
Pengguna Google,5,2026-05-28 06:56:24,muncul kan sorotan sayaaaa
Pengguna Google,1,2026-05-28 06:55:08,banyak bug
Pengguna Google,5,2026-05-28 06:54:37,💃💃
Pengguna Google,4,2026-05-28 06:54:31,kurang vn
Pengguna Google,5,2026-05-28 06:54:24,kemarin sticker trus lanjut vn lanjut sorotan lahh ini lanjut vc tiktok mau jadi wa kahhh?anjierr banget lagi tapi btw mantap bisa vc soalnya mau telpon cowokuuu ahayyy eh semoga ada deh di hp ku fitur vc nya soalnya pengen banget telponan sama cowokku di tiktokkk btw ini ke lima puluh lapan kali ya
Pengguna Google,2,2026-05-28 06:52:48,tiap di update ga bisa terus slalu gagal..
Pengguna Google,1,2026-05-28 06:49:02,"heyyy jan mentang mentang aku di bawah umur yaaa aku download tiktok buat CO malh di blokkk, goblokk Pulihinnn akun gwww semua sekarang jugaaaa udah gw tunggu berminggu minguuuu🤬🤬🤬🤬🤬🤬"
Pengguna Google,5,2026-05-28 06:47:51,real sangat bagus
Pengguna Google,5,2026-05-28 06:44:25,"Juga ngeleg"" sama HP ram kecil"
Pengguna Google,4,2026-05-28 06:42:37,tolong gimana biar ada fitur VN biasanya juga Tik tok tidak menanggapi tolong di akunku ada fitur VN dan bisa fyp
Pengguna Google,5,2026-05-28 06:41:59,pokonya bagusssss bangetttt intinya bagusss
Pengguna Google,5,2026-05-28 06:40:09,ada geol geol nya tolong di hapus
Pengguna Google,4,2026-05-28 06:37:47,ya lumayan
Pengguna Google,5,2026-05-28 06:37:41,min 6digid mana
Pengguna Google,1,2026-05-28 06:37:29,apk ini banyak sarang Mon yet
Pengguna Google,5,2026-05-28 06:36:46,Mantap
Pengguna Google,1,2026-05-28 06:36:25,"update trs update terus, aplikasi nya juga gitu gitu aja kntol, ukuran makin gede, aplikasi hama!"
Pengguna Google,5,2026-05-28 06:36:13,aplikasi terbaik yang saya pakai tapi akun saya yang sudah fyp tiba-tiba dibatasi mode DM nya itu yang saya mohon dari tiktok tolong kembalikan akun kami semua seperti semula itu saja yang kami mohon untuk kalian pihak tiktok mengembalikan akun kami seperti semula lagi!!
Pengguna Google,5,2026-05-28 06:33:59,"saya sangat menyukai aplikasi ini , tapi tolong tambahin fitur "" bagus dong"
Pengguna Google,4,2026-05-28 06:33:51,gimana inii kok gabisa anjr buka tiktok
Pengguna Google,1,2026-05-28 06:33:14,ini tik tok kenpaa dah gabisa mengikuti orang ataupun temen sendiri sangat mebgecewakan
Pengguna Google,2,2026-05-28 06:30:58,ngeleg asu
Pengguna Google,5,2026-05-28 06:29:19,bgus
Pengguna Google,5,2026-05-28 06:28:28,aplikasi sangat baik
Pengguna Google,1,2026-05-28 06:28:23,uuu wwwsq musg Lo sq TT www 211w
Pengguna Google,5,2026-05-28 06:28:16,baguss akuu sukaa bngttt
Pengguna Google,5,2026-05-28 06:28:08,gak tau
Pengguna Google,1,2026-05-28 06:27:36,lagu aja di korupsi
Pengguna Google,3,2026-05-28 06:27:03,"sering muncul vt yg saya tdk sukai,pdhl saya sudh pencet tidak suka,tp tetap muncul terus terusan,sebaiknya jika ada vt yg tidak pantas/akun yg mengarah ke seksual segera di banned,terkadang juga saat sy sedang mencari sesuatu malah muncul vt yg mengarah ke seksual,mohon di perbaiki lagi, terimakasih"
Pengguna Google,1,2026-05-28 06:26:14,apalah ni tiktok makin update makin sengsara gua
Pengguna Google,4,2026-05-28 06:25:54,tapi kalau mau upload foto atau vidio malah jadi tata letak jadinya ak GK bisa upload foto sama vidio tolong di bantu dong supaya pas upload foto video tida ada tata letaknya
Pengguna Google,5,2026-05-28 06:25:45,pulihkah nama baik greshan family dari akun yg bernama Helm Proyek48 dia aku jahat suka menghujat member JKT48 min tiktok tolong blok akun tu😭🥀
Pengguna Google,1,2026-05-28 06:25:24,"knp tiktok klo pesanan non cod cepat nian gak bisa di batal kan, padahal pengen edit estimasi pengiriman, knp juga gak tersedia fitur itu sih, padahal lagi sama ongkir nya ttp aja"
Pengguna Google,5,2026-05-28 06:24:08,bisa menghibur
Pengguna Google,5,2026-05-28 06:24:02,"bagus, sedikit berguna untuk mengisi waktu luang dan juga aplikasinya sangat terjamin"
Pengguna Google,5,2026-05-28 06:23:42,bagus sihh tapii yaaa tlong dikecilin MB nyaaaaa
Pengguna Google,1,2026-05-28 06:19:20,sebenarnya bagus sih aplikasinya cuman kok dihp saya gak bisa dibuka ya kalau bisa pun baru 1-5 video keluar sendiri dan itu terus berulang² tolong dong diperbaiki lagi
Pengguna Google,1,2026-05-28 06:16:58,"kok sekarang kalo nonton video gepeng ya??,aplikasi gak guna di buat😹😹"
Pengguna Google,3,2026-05-28 06:15:14,untuk isi masa lapang
Pengguna Google,2,2026-05-28 06:14:23,apk gajelassss banyak bug nyaa
Pengguna Google,5,2026-05-28 06:07:52,aplikasi Bagus banget
Pengguna Google,5,2026-05-28 06:06:39,bagus
Pengguna Google,1,2026-05-28 06:03:56,apk ngntod mogokan bosok
Pengguna Google,2,2026-05-28 06:03:45,karna gak bisa di apde
Pengguna Google,4,2026-05-28 06:02:58,bagus tapi tolong update biar bisa pesen suara di komen
Pengguna Google,4,2026-05-28 06:02:09,susah daftar bikin pusing aja males banget tolong di benerin sistem nya plenger banget tu sistem
Pengguna Google,5,2026-05-28 06:02:06,baik
Pengguna Google,5,2026-05-28 06:00:57,🥰🥰🥰🥰🥰
Pengguna Google,2,2026-05-28 06:00:44,"banyak fitur yang gak bisa dibuka dan stuck loading meski sinyal bagus. Buka ini gak bisa buka itu gak bisa dan selalu loading, bahkan login ulang gak bisa selalu macet di loading."
Pengguna Google,5,2026-05-28 05:58:50,Sangat bagus
Pengguna Google,4,2026-05-28 05:56:59,di tiktok pokoknya seru
Pengguna Google,5,2026-05-28 05:56:30,"sukakk bgtt ama ni apkk 😫💕 ( salah satu my apk fav jugaa✌🏻 ) , cuma sekarang kok ⁉️ ah sudahlah. . ."
Pengguna Google,5,2026-05-28 05:56:20,"udh keren, mantaplah langsung bintang 5🤩"
Pengguna Google,1,2026-05-28 05:55:08,"kenapa akun saya gabisa download vidio offlane, padahal udah di update tiktok nya tapi tetap ga bisa di download"
Pengguna Google,5,2026-05-28 05:54:16,ok
Pengguna Google,5,2026-05-28 05:53:57,kpn ya bisa komen vn
Pengguna Google,5,2026-05-28 05:52:13,"tiktok ini sangat bagus saya suka,tapi tolong kembalikan akun aku pliss"
Pengguna Google,5,2026-05-28 05:49:04,"Lebih bagus dari sebelumnya,ada tambahan fiturnya"
Pengguna Google,3,2026-05-28 05:47:39,masuk nya lama
Pengguna Google,2,2026-05-28 05:45:42,"bagus tapi tolong kasi sya vn suara, dan tolong hapus akun yang namanya ""juletrulala"" itu akun yang pelecehan dan juga kalo tidak dihapus secepatnya sya akan kasi bintang satu!!!"
Pengguna Google,5,2026-05-28 05:45:16,buat Tik tok kan enak bangy
Pengguna Google,1,2026-05-28 05:43:45,なぱ
Pengguna Google,5,2026-05-28 05:42:56,kenapa vitur vn sama sorotan aku belum ada
Pengguna Google,5,2026-05-28 05:41:49,"bisa buat streak sampai 100 lebihh, baguss"
Pengguna Google,5,2026-05-28 05:40:27,gembira
Pengguna Google,1,2026-05-28 05:39:39,GA BISA NGECHAT ORANG GMB SOLUSINYA?
Pengguna Google,5,2026-05-28 05:39:18,Oke bagus kalo gitu bantu follow akun tiktok aku usn: Damm_voc
Pengguna Google,4,2026-05-28 05:39:14,satu bintang lagi kalo ada fitur foto live
Pengguna Google,5,2026-05-28 05:39:05,banyak orang main ff
Pengguna Google,5,2026-05-28 05:38:31,amar ibnu hafiz
Pengguna Google,3,2026-05-28 05:37:36,"semenjak update, fitur velocity sudah tidak smooth lagi, malah jadi patah patah."
Pengguna Google,5,2026-05-28 05:37:22,aku jadi lebih tau dengan yg viral
Pengguna Google,5,2026-05-28 05:35:36,bagusss banget👍👍👍👍👍👍
Pengguna Google,5,2026-05-28 05:34:42,tiktok sangat bagus . untuk menghibur buat kita² yang tadinya gak bisa ngonten jadi bisa setelah adanya tiktok ..& tiktok shop juga sangat membantu sekali banyak promonya ..mudah2n kedepannya tiktok bisa menghasilkan cuan
Pengguna Google,5,2026-05-28 05:32:26,bagus bangett
Pengguna Google,3,2026-05-28 05:30:28,aplikasinya sudah bagus tapi suka tiba' ga ada suara patah' dan lag tolong di perbaiki lagi🙏
Pengguna Google,1,2026-05-28 05:28:19,ngeleg bgt
Pengguna Google,1,2026-05-28 05:27:38,tiktok nya error semua cara dah saya lakukan ke pusat bantuan tidak bisa padahal awal nya aman aman aja di layar cuman ada masalah tidak ada koneksi internet padahal internet saya aman aman aja ga ada masalah
Pengguna Google,1,2026-05-28 05:24:52,tolong developer tiktok perbaiki bagian mono jadi stereo lagi saat live karena hp saya A6 pro dengan versi software Android 16 tidak support mohon dibantu update perbaikan firmwarenya
Pengguna Google,2,2026-05-28 05:24:48,kebanyakan aturan. dikit dikit PL. udah gitu di blok pencarian. baperan.
Pengguna Google,1,2026-05-28 05:22:14,"USERNAME TIK TOK27_signature, padahal aku sudah di atas umur yang ditentukan, tetapi KENAPAA SAAT AKU MENYEBUTKAN KELAS 4?? KELAS 4 YANG DIMANA ITU PERTAMA KALI AKU DIBELIKAN HP OLEH ORTU, BUKANN BERARTI AKU KELAS 4, TOLONG LAH KEMBALIKAN SEPERTI NORMAL, DI DM DM TIKTOK AKUNKU BANYAK INFORMASI PENTING SEPERTI PEKERJAAN, HAH TIKTOK KAMU MAU MENGHAMBAT REZEKI ORANG LAIN? JADI TOLOBG LAH, KEMBALIKAN SEPERTI NORMAL TOLONGGG TOLONGG TOLONG AKU MEMOHON KEPADA PIHAK TIKTOK AKU BISA MENGUNGGU 1 hari"
Pengguna Google,5,2026-05-28 05:18:38,aplikasi ini sangat bagus
Pengguna Google,1,2026-05-28 05:15:54,"berat banget sih makin lama2 apk tolol ini, mau ngetik aja keyboard berat sekali muncul. udh hapus cache masih aja suka kumat binatang"
Pengguna Google,5,2026-05-28 05:14:04,bagusss bangett pliss
Pengguna Google,3,2026-05-28 05:12:27,ribetin battery
Pengguna Google,1,2026-05-28 05:12:10,gw pengen beta udah penuh🤬
Pengguna Google,5,2026-05-28 05:10:22,bagussss tapi kadang di bann
Pengguna Google,5,2026-05-28 05:09:54,seruuu
Pengguna Google,5,2026-05-28 05:08:16,baguss
Pengguna Google,1,2026-05-28 05:07:47,kenapa update tiktok sekarang gak bisa lihat video yg sudah dihapus? bagaimana cara melihatnya? bagaimana juga cara memulihkannya?
Pengguna Google,5,2026-05-28 05:06:57,bagus
Pengguna Google,1,2026-05-28 05:04:44,"lagi enak enak scroll tiba tiba langsung ngefreze, trus ada tulisan ""tiktok tidak menanggapi"" semenjak update langsung jadi jelek begini aplikasi nya"
Pengguna Google,2,2026-05-28 05:02:38,sering lag
Pengguna Google,1,2026-05-28 05:02:00,buruk sekali lemot
Pengguna Google,4,2026-05-28 04:59:55,bagus sih tapi kurang yaaa dan di TV pun tidak bisa
Pengguna Google,5,2026-05-28 04:59:53,Ok
Pengguna Google,1,2026-05-28 04:59:20,"halo kenapa ya saat menggunakan filter di tik tok skrng malah ngelag gitu, padahal udh versi terbaru lo ini, minta tolong untuk di tindak lanjuti supaya kembali seperti semula, saya kasih bintang 1 karna merasa kurang puas terimakasih"
Pengguna Google,1,2026-05-28 04:59:03,"tiktok ga jelas kouta ku baru isi masih aja notif tidak ada koneksi internet,kagak jelass aplikasi ngebug ngelag PERBAIKI KDANAG JUGA NOTIF DI ATAS JARING TIDAK STABIL PADAHAL 4G PERBAIKIII ANJ!!"
Pengguna Google,5,2026-05-28 04:55:33,"very very good, nothing bad"
Pengguna Google,5,2026-05-28 04:52:09,asyik Alhamdulillah aku puas pake Tik tok
Pengguna Google,3,2026-05-28 04:52:07,gue gak ada fitur sorotan🙏☹️
Pengguna Google,5,2026-05-28 04:51:37,seru banget
Pengguna Google,5,2026-05-28 04:50:59,bg us tp pls Adain fitur vn di semua akun
Pengguna Google,3,2026-05-28 04:50:17,saya kan udh meng updet apikasi tiktok ko ngga jadi
Pengguna Google,5,2026-05-28 04:48:58,saya selalu nol views
Pengguna Google,5,2026-05-28 04:48:04,sangat bagus
Pengguna Google,5,2026-05-28 04:47:53,bisa vn ga nih
Pengguna Google,1,2026-05-28 04:47:39,mohon maaf knp ya kok pas aku daftar gk bisa emgnya minimak usia brp plss jangan eror
Pengguna Google,4,2026-05-28 04:46:44,⭐⭐⭐⭐
Pengguna Google,3,2026-05-28 04:46:40,sering ngebug
Pengguna Google,5,2026-05-28 04:45:22,saya jadi mudah mengonten dan baik digunakan
Pengguna Google,5,2026-05-28 04:43:34,apk ini bagus tapi ada kadang nge lag keluar sendiri dan tiap hari pasti update🌿
Pengguna Google,4,2026-05-28 04:43:32,bagus tapi ngabisin Kouta nya cepet tolong di benerin untuk penghemat data nya
Pengguna Google,1,2026-05-28 04:42:58,knp kalo kita mau hapus foto profil ga ada opsi hapus foto nyaa yaa?? padahal uda di-update
Pengguna Google,5,2026-05-28 04:40:59,gue penasaran cara VN gimana
Pengguna Google,5,2026-05-28 04:39:14,sangat puas
Pengguna Google,5,2026-05-28 04:38:53,saya suka sekali dengan aplikasi ini terima kasih goggle play sudah mengeluarkan aplikasi tik tok terima kasih🙏🏻😇
Pengguna Google,5,2026-05-28 04:38:01,bagus bisa di buat Velocity an foto dll
Pengguna Google,5,2026-05-28 04:37:48,menghibur
Pengguna Google,5,2026-05-28 04:37:40,"Bagus, menghibur dan sangat membantu informasi dan promosi"
Pengguna Google,5,2026-05-28 04:36:55,bagus bngt jir tiktok nya
Pengguna Google,1,2026-05-28 04:35:25,buruk
Pengguna Google,5,2026-05-28 04:34:52,kontenper. tamakali
Pengguna Google,1,2026-05-28 04:34:49,"semua masalah ku 1. live kena penangguhan Mulu. ga bisa dapet gift, katanya live sama seperti sebelumnya... udah pengajuan tapi baru beberapa menit kena lagi... 2. banyak penangguhan yg Miss target, masa live gambar kartoon aja dapet berbagai macam penangguhan 2. daftar live teman ga muncul... 3. komentar white text ga bisa di baca."
Pengguna Google,1,2026-05-28 04:34:28,umur ku 18 tahun tapi masih kena pembatasan umur
Pengguna Google,5,2026-05-28 04:33:31,mantap
Pengguna Google,1,2026-05-28 04:32:54,gua mau install gak bisa
Pengguna Google,5,2026-05-28 04:32:30,ok
Pengguna Google,1,2026-05-28 04:31:27,kandang monyet
Pengguna Google,2,2026-05-28 04:30:54,"gabisaa komen stiker, masa harus buat akun baru dulu ribett"
Pengguna Google,4,2026-05-28 04:30:28,gw gak dapet vn jirr
Pengguna Google,1,2026-05-28 04:30:13,tiktok saya mengalami bug jaringan tidak tersedia padahal kouta saya masih ada dan buka yang ain bisa
Pengguna Google,1,2026-05-28 04:29:09,tiktok ini aku mau buat akun tiktok bisa berapa hari itu udah di blok aja terus menerus download tiktok terus buang buang Kouta terus harus download terus ini tiktok bisa nggak sih kalo bikin akun tiktok nggak di blok terus capek tau nggak sih pengen sekali bikin akun tiktok nggak di blokir
Pengguna Google,4,2026-05-28 04:27:37,halo!kenapa saya mengasih bintang 4 karna ada yang namanya blokiran.?
Pengguna Google,4,2026-05-28 04:27:03,bagus
Pengguna Google,5,2026-05-28 04:26:58,sangat bagus tapi aku mau vn sangkilang udah update
Pengguna Google,5,2026-05-28 04:26:25,tiktok aplikasinya bagus dan d sukai orang
Pengguna Google,4,2026-05-28 04:25:30,bagus banget
Pengguna Google,5,2026-05-28 04:24:41,buatvlaporan soal akun titok
Pengguna Google,5,2026-05-28 04:22:43,bags
Pengguna Google,5,2026-05-28 04:20:32,TIDAK BISA DI BUKA!!👊🏻
Pengguna Google,5,2026-05-28 04:19:54,bagus
Pengguna Google,4,2026-05-28 04:19:35,sering nge bug
Pengguna Google,5,2026-05-28 04:19:23,sangat sangat bagus
Pengguna Google,5,2026-05-28 04:19:14,bagus banget pokoknya
Pengguna Google,1,2026-05-28 04:19:10,apalah aplikasi banyak bug tiba tiba kepencet live padahal gak ngapa ngapain udah gak dipegang malah tetap mencet sendiri juga upload vidio stuck 30 atau 40% udah ditunggu 1 sampai 2 hari gak selesai selesai tolong kurangi bug dan eror pada aplikasi ini
Pengguna Google,5,2026-05-28 04:18:50,karna baguss
Pengguna Google,5,2026-05-28 04:17:47,aplikasi bagus
Pengguna Google,1,2026-05-28 04:15:27,gabisa vn di tiktok
Pengguna Google,5,2026-05-28 04:14:37,best aplikasi
Pengguna Google,5,2026-05-28 04:13:55,asik sekali
Pengguna Google,1,2026-05-28 04:13:01,dimasukkan nmr yg bukan punya saya.saya masuk kan sandi yg bnr salah bisa dicuri orang
Pengguna Google,3,2026-05-28 04:12:24,ko di aku belum ada sorotan sih
Pengguna Google,3,2026-05-28 04:12:16,seru juga ya Lumayanlah
Pengguna Google,5,2026-05-28 04:11:20,seruuuu banget nontonin artis
Pengguna Google,1,2026-05-28 04:10:50,"jelekkkk, apk tidak menanggapi trs. mana macet macet lagi"
Pengguna Google,5,2026-05-28 04:10:24,tolong aplikasiii tiktok kalooo live akuuu selalu pembatasan usia padahal aku udahhh dewasa
Pengguna Google,5,2026-05-28 04:09:18,gaa ada fitur sorotan
Pengguna Google,5,2026-05-28 04:07:35,bermanfaat untuk semua orang
Pengguna Google,5,2026-05-28 04:05:19,di aku menginstal dari tadi tapi aku tunggu sampai selesai kenapa ya kok lama sudah mengistal tapi aplikasinya belum muncul lama bangett plis ayo lah kok lama banget sih
Pengguna Google,1,2026-05-28 04:05:00,aplikasi koplok
Pengguna Google,5,2026-05-28 04:02:39,aku cinta tiktok💞✌️🇺🇲
Pengguna Google,5,2026-05-28 03:58:57,asikk
Pengguna Google,1,2026-05-28 03:57:53,👏👏👏👏👏
Pengguna Google,2,2026-05-28 03:56:44,orang lain kok bisa vn gw kak gak bisa
Pengguna Google,1,2026-05-28 03:54:08,tik tok selalu eror tolong dibenarkan
Pengguna Google,2,2026-05-28 03:53:42,"bagus,cuma sering bug kyk aku gabisa masuk dan login.Padahal buka apk lain lancar.Sinyal bagus tapi kenapa selalu gabisa login,kalo mau login juga nunggu 1-2 hari baru bisa.STREAK AKU JADI MATI WOI"
Pengguna Google,5,2026-05-28 03:53:38,bagus
Pengguna Google,1,2026-05-28 03:51:16,"saya pakai paylater tiktok, saya taat bayar, tapi tgl 9 saya bayar 200 tapi pembayaran saya tdi di potong tiktok paylater, padahal di mutasikas saya saya udah bayar, saya sudah hubungi bank katanya sudah terkirim, saya hubungi tixtok paylater am atome saya di oper2 tak ada penyelesaian, saya sudah lapor jauh2 hari, saya di suruh nunggu 14 hari kerja, kata nya uang saya akan d kembali kan, tapi nyata ny tak ada di kembali kan, sekarang saya di tagih dan di denda seakan saya belum bayar"
Pengguna Google,1,2026-05-28 03:49:03,aplikasi oon
Pengguna Google,5,2026-05-28 03:49:00,Bagus kok
Pengguna Google,5,2026-05-28 03:47:41,tetapi di jojga saya sampaikan saya akan lawan✋️
Pengguna Google,1,2026-05-28 03:43:10,follower ku udah 1.006 dan sy Uda bersukur
Pengguna Google,5,2026-05-28 03:42:01,Bagus sekali tidak membosenkan
Pengguna Google,5,2026-05-28 03:41:31,menyenangkan dan bisa dapat uang juga
Pengguna Google,5,2026-05-28 03:40:29,bagus
Pengguna Google,4,2026-05-28 03:39:16,"saya masih bintang 4, sebenarnya tiktok itu bagus buat kita pas lagi waktu gabut, enak juga ada fitur belanja nya, murah dan terpercaya juga, di tambah dengan diskon, belanja di tiktok always dapet diskon, minus nya cuman ketika saya upload video... itu fitur (unggahan kualitas tinggi ) selalu tidak ada/menghilang, padahal sinyal saya bagus, cocok untuk unggahan kualitas tinggi, tolong untuk developer, perbaiki agar semakin nyaman untuk digunakan, terimakasih"
Pengguna Google,3,2026-05-28 03:37:56,kasi gweh early access fitur baru👿
Pengguna Google,5,2026-05-28 03:36:48,kamu nanya
Pengguna Google,5,2026-05-28 03:35:49,aplikasi multi.sekarang bisa hasilkan cuan
Pengguna Google,5,2026-05-28 03:33:59,mengapa ada tulisan mode terbatas jadi susah melakukan pencarian
Pengguna Google,4,2026-05-28 03:32:41,Bagus bet!!
Pengguna Google,4,2026-05-28 03:28:49,"bagus sih bagus, tapi kenapa pas update, kalau mau velocity jadi patah-patah.. balikin kyk dulu plss tiktok"
Pengguna Google,5,2026-05-28 03:28:32,gak bisa vn soal ya
Pengguna Google,3,2026-05-28 03:27:31,"Masa minta apdet terus baru juga seminggu di apdet, mana suka error lagi. udah isinya SDM rendah makin error pula ini aplikasi. gak ada henti-hentinya minta apdet bikin hp gw error aja. makin di apdet makin buruk aja lu beneran perbaiki atau cuma bikin fitur yang biasanya bikin hp leg. perasa dulu bagus sekarang malah makin buruk beneran aplikasi sarang monyet (menjelaskan dengan lemah lembut dan sopan)"
Pengguna Google,5,2026-05-28 03:27:06,app god job
Pengguna Google,1,2026-05-28 03:25:33,"aplikasi sarang monyet, isinya orang mines literasi semua"
Pengguna Google,5,2026-05-28 03:25:19,enak banget bisa lihat orang berbagi dan mukanya
Pengguna Google,5,2026-05-28 03:24:04,hanya untuk non live flado kamiel dan ffws
Pengguna Google,1,2026-05-28 03:22:25,gua gak suka nonton tiktok sekarang gua udah jarang nonton tiktok karena apa itu video nya jelek dan aku nonton 21 Juni sampai 23 Juni kok ke banned pas berhasil eh malah ke banned lagi itu kasar gak guna namanya dulu pas umur 3 tahun nonton sih sekarang pas umur 6 tahun udah gak bisa nonton tiktok lagi makanya jadi aku terpaksa gak main tiktok sampai selamanya
Pengguna Google,4,2026-05-28 03:20:27,kok yang aku nggak ada sorotannya
Pengguna Google,1,2026-05-28 03:19:32,"Buruk, suka ngebug terus keluar sendiri dari aplikasi. Diperbaiki dong, udah banyak komplain dari beberapa komentar masih aja belum diperbaiki. Gimana sih?"
Pengguna Google,5,2026-05-28 03:16:39,aplikasi bagus cocok buat rebahan
Pengguna Google,1,2026-05-28 03:13:40,"Ini TikTok kenapa lagi sih? Tiba2 sering keluar aplikasi sendiri, alasannya tidak menanggapi. Gitu ae terus, segeralah perbaiki!!!!"
Pengguna Google,5,2026-05-28 03:13:33,nuieaolno mue di m mouse pad yang dia noo om Yanto Christianto apa yang kuat dan semangat menjadi orajurit di rumah le deke ke dalam air dan semangat dan semangat menjadi salah satu org tua
Pengguna Google,5,2026-05-28 03:10:02,good
Pengguna Google,5,2026-05-28 03:09:58,lumayan untuk hiburan terkadang ada gangguan aplikasinya tidak bisa terbuka mohon diperbaiki
Pengguna Google,5,2026-05-28 03:08:40,🗿🗿🗿🗿🗿🗿
Pengguna Google,5,2026-05-28 03:08:26,saya suka pakai aplikasi tiktok dan saya sangat senang bisa ngecat teman saya yg rumahnya sangat jauh terima kasih tiktok😊😊😊😊😊😊😊
Pengguna Google,5,2026-05-28 03:08:18,bagus
Pengguna Google,5,2026-05-28 03:06:15,tapi ga ada tiktok shop nya 😭🙃🙃🙃
Pengguna Google,2,2026-05-28 03:02:47,kenapa sekarang setiap saya buka tikto lite yg keluar cuma video saran ngga bisa masok akun terus lama kali terbuka nya
Pengguna Google,2,2026-05-28 02:59:33,lama cara download nya banyak ruang lagi
Pengguna Google,5,2026-05-28 02:59:16,tik tok ya bagus lengkap hemat data lagi
Pengguna Google,1,2026-05-28 02:58:36,ngeleg cokkk
Pengguna Google,5,2026-05-28 02:58:18,aiii sukaaa
Pengguna Google,3,2026-05-28 02:57:50,kenapa apknya nonaktif sendiri ya... tolong bugnya diperbaiki lagi..1🙏
Pengguna Google,5,2026-05-28 02:57:00,bagus bgt nih kalo gabut main ini aja sih kurangnya akunku kena blok
Pengguna Google,5,2026-05-28 02:55:58,aplikasi yang sangat bagus
Pengguna Google,1,2026-05-28 02:55:49,gak bisa rasis kaya instagram
Pengguna Google,1,2026-05-28 02:54:32,"makin lama makin ga enak ni tiktok aplikasi anjng lama"" update Mulu t9i isinya"
Pengguna Google,1,2026-05-28 02:54:14,tiap buka stuck logo aplikasi tidak menanggapi apaan dah buka aplikasi tiktok serasa buka aplikasi pubg
Pengguna Google,5,2026-05-28 02:53:33,bgs aj sih
Pengguna Google,5,2026-05-28 02:50:31,bagus tapi gak bisa simpen setiker
Pengguna Google,5,2026-05-28 02:49:41,top
Pengguna Google,1,2026-05-28 02:47:54,kenapa setiap baru melihat reals vidio kemudian lanjut ke menu chat loading only?
Pengguna Google,1,2026-05-28 02:43:54,"akun aku dibanned Mulu , aku bikin satu lagi malah di banned yang udah dibanned udah 4 akun ku yang dibanned"
Pengguna Google,5,2026-05-28 02:43:50,bagus sekali
Pengguna Google,5,2026-05-28 02:41:39,no lag
Pengguna Google,4,2026-05-28 02:40:49,saya belum ada fitur sorotan nya gimana ini☹️???
Pengguna Google,5,2026-05-28 02:37:46,"Halo TikTok, saya punya saran fitur baru yaitu voice note di kolom komentar. Jadi pengguna bisa membalas komentar menggunakan suara, bukan hanya teks. Menurut saya fitur ini akan membuat interaksi lebih seru, ekspresif, dan memudahkan pengguna yang malas mengetik panjang. Semoga fitur ini bisa dipertimbangkan. Terima kasih."
Pengguna Google,5,2026-05-28 02:36:49,seru
Pengguna Google,5,2026-05-28 02:36:26,ngakak yg ngomen
Pengguna Google,1,2026-05-28 02:35:33,"tiba tiba akun ke blokir tanpa sebab tiktok Sekar sama dulu bener"" berubah tidak berbuat semena-mena malah tiba"" ke blokir sendiri"
Pengguna Google,1,2026-05-28 02:34:41,smngt dh pecandu algo
Pengguna Google,2,2026-05-28 02:33:24,"suka eror , gabisa up vidio"
Pengguna Google,5,2026-05-28 02:32:51,suka bgtt
Pengguna Google,3,2026-05-28 02:32:46,bagus tetapi saya tidak mendapatkan update sorotan dan fitur voice note di komentar.
Pengguna Google,1,2026-05-28 02:30:41,ga bisa install aplikasi ini
Pengguna Google,1,2026-05-28 02:25:23,Anj.. emang download apk satu doang 5 apk penting kuhapus
Pengguna Google,5,2026-05-28 02:25:19,totur live dong
Pengguna Google,5,2026-05-28 02:24:53,Bagus tapi banyak yang kasar😿
Pengguna Google,2,2026-05-28 02:24:28,karna saya ga bisa vn
Pengguna Google,4,2026-05-28 02:23:53,tidak mengisi 1 bintang lagi karna internet nya boros
Pengguna Google,5,2026-05-28 02:23:47,punya ku enggak bisa DM an
Pengguna Google,5,2026-05-28 02:23:26,rooycooy
Pengguna Google,5,2026-05-28 02:22:04,seru
Pengguna Google,5,2026-05-28 02:21:17,ini mengubah mood secara seru
Pengguna Google,4,2026-05-28 02:21:15,bgus
Pengguna Google,1,2026-05-28 02:20:47,tiktok suka elor cuh
Pengguna Google,1,2026-05-28 02:19:33,"Hapus iklan judol woi, ga mau lu hapus iklan judol, biar gw yg hapus nih tiktok dari hp gw"
Pengguna Google,4,2026-05-28 02:19:26,itu apaan ini aku bisa langsung tapi lemot sekali
Pengguna Google,1,2026-05-28 02:19:22,padahal tiap transaksi beli apapun lewat tiktok tapi ngajuin paylater udh 5x coba di tolak terusss aneh tiktok parahhhh uninstal kalo gini mhh di apk sebelah jarang di pake tapi paylater di acc lahh di sini tolak terusss kuntull
Pengguna Google,5,2026-05-28 02:15:27,"permintaan saya tambah kan fitur baru ""izinkan unggah foto berkualitas tinggi"" agar saat memposting foto tidak pecah dan tidak buram, dan fitur penghemat data juga diubah ""hanya mengurangi kualitas tontonan bukan upload konten"" karna on off penghemat data ribet atau tidak buat opsi penghemat data yang mudah di akses!"
Pengguna Google,5,2026-05-28 02:14:11,ini mah cocok buat anak mudah
Pengguna Google,5,2026-05-28 02:13:41,sangat membantu sekali saya ucapkan terimakasih banyak semoga kedepannya semakin maju dan sukses saya kasih bintang 5
Pengguna Google,1,2026-05-28 02:13:12,"apk tolol,konten dimaling aja susah banget reportnya,jadi korban disini dipersulit tolol"
Pengguna Google,5,2026-05-28 02:09:09,bagus banget walaupun pengikut saya belum sampai 50 keatas tapi sudah ada vitur live untuk membantu latihan
Pengguna Google,1,2026-05-28 02:07:02,fitur foto live di hilangkan sedang kan aku masih bisa menonton foto live orang lain. semoga kamu mendengarkan ini idiot.
Pengguna Google,5,2026-05-28 02:05:48,bagus baget tapi gabisa offlen kalau bisa offlen pasti banyak yang donlot
Pengguna Google,5,2026-05-28 02:03:42,"aplikasi baguss dan seru,banyak sekali hiburan di Tiktok"
Pengguna Google,5,2026-05-28 02:03:25,sangat bagusss goodd
Pengguna Google,3,2026-05-28 02:01:17,kenapa aku GK bisa fitur live
Pengguna Google,5,2026-05-28 02:00:09,"okeh tiktokku sayangku, cintaku, duniaku ailovyusomay, makasi yh karna tiktok hidupku jadi lebih mudah (nyari tutorial hal hal yg aku belum paham) 😘💚"
Pengguna Google,3,2026-05-28 01:59:25,seru si cuma ad yg gk adil masa yg lain udh bisa bikin filter aku blom
Pengguna Google,1,2026-05-28 01:59:07,baru bikin akun kena pelanggaran tolong diperbaiki lagi
Pengguna Google,5,2026-05-28 01:57:20,"bgs,"
Pengguna Google,1,2026-05-28 01:55:55,"ngga rispek banget wokkk ama editor kecil, BINTANG 1!!!"
Pengguna Google,4,2026-05-28 01:53:22,mantap
Pengguna Google,3,2026-05-28 01:53:05,"tolong diupdate lagi supaya tidak ada pelanggaran pelanggaran yang tidak jelas saat live,dan mengembalikan tiktok shop agar bisa membeli barang barang yang dibutuhkan."
Pengguna Google,4,2026-05-28 01:50:48,bagus
Pengguna Google,1,2026-05-28 01:50:21,ga bisa di update
Pengguna Google,4,2026-05-28 01:49:10,tolong berikan saya fitur vn
Pengguna Google,5,2026-05-28 01:46:26,terimakasih sangat menghibur
Pengguna Google,5,2026-05-28 01:43:10,anjay
Pengguna Google,2,2026-05-28 01:41:23,banyak mon*** bertebaran 🙂
Pengguna Google,5,2026-05-28 01:40:59,baik
Pengguna Google,5,2026-05-28 01:37:15,ketennn worid
Pengguna Google,1,2026-05-28 01:36:41,"buruk, aku udah mencoba banding akun dengan wajah dan dll tpi masih tetep tidak bisa balik akun yg ku rawat dari lama"
Pengguna Google,5,2026-05-28 01:35:27,lumayan
Pengguna Google,5,2026-05-28 01:33:44,saya sering memakai aplikasi ini saya sering banget memakainya namun saya belum mendownloadnya soalnya HP saya masih diperbaiki ini saya memakai HP saya jadi tidak kuat untuk menampung HP saya
Pengguna Google,5,2026-05-28 01:32:25,swangattt bguss and tiktok jga asik bikin kita ngerasa nyaman jg
Pengguna Google,2,2026-05-28 01:26:24,udah pake lumayan lama tapi sekarang bener bener gabisa dibuka udah update tpi ttp aja gabisa dibuka error kh? udh hampir seminggu kyk gitu untung aj akun nya ke pasang di hp lain tlg benerin ato ada caranya kah biar bs kebuka
Pengguna Google,5,2026-05-28 01:26:13,bagusss bangeeet
Pengguna Google,5,2026-05-28 01:25:06,sangat puas
Pengguna Google,1,2026-05-28 01:24:49,banyak error setiap buka tiktok pasti stuck layar utama
Pengguna Google,4,2026-05-28 01:24:13,gak bisa fitur sorotan
Pengguna Google,5,2026-05-28 01:23:56,bagus
Pengguna Google,1,2026-05-28 01:22:21,Maaf kak bintng 1 nya soalnya gak bisa masuk
Pengguna Google,5,2026-05-28 01:22:00,ok !
Pengguna Google,5,2026-05-28 01:21:47,"*LUMAYAN BAGUS"", sih tapi PAS AKU MAU MAIN TIKTOK KEK LANSUNG IKLAN PALEN GK SUKA DAN VT KU GK PERNAH FYP SAMA SEKALI HMMM🙎🏻‍♀️ YANG MAU LIAT AKUN AKU NAMANYA @FANS_INTERMIAMI🤍 ITU Namaa YA NANTI KALIAN LIKE VT KU DAN SALING TAUTAN YA🆗👀 BAY²"
Pengguna Google,5,2026-05-28 01:19:56,kereen deeh
Pengguna Google,4,2026-05-28 01:19:40,tiktok ku belom di perbarui
Pengguna Google,5,2026-05-28 01:19:35,aplikasinya bagus sih kalau aplikasinya ini offline baguuuus banget ku nilai 5
Pengguna Google,5,2026-05-28 01:18:32,"karna bisa buatt aku tenangg,karnaa di tiktok ada idolaa akuu,jadii akuu sangat sukaa sama tiktok,terus tiktoknya bisa foto"
Pengguna Google,1,2026-05-28 01:17:23,aplikasi tolol yang bikin dan admin nya tolol.... aplikasi taik akun bisa ke hack
Pengguna Google,5,2026-05-28 01:17:06,pokonya ini app yg paling aku sukaaa😻
Pengguna Google,5,2026-05-28 01:16:34,sangat menginspirasi sekali
Pengguna Google,5,2026-05-28 01:14:19,"aplikasi ini bagus,, sangat recommended buat di install,, banyak fitur"" baru yang keren,, pokoknya mantap deh"
Pengguna Google,1,2026-05-28 01:12:30,pls tiktok jangan update terus
Pengguna Google,5,2026-05-28 01:12:22,bagus
Pengguna Google,5,2026-05-28 01:10:42,beberpa hari terakhir bagus..karna ada tugas tuk dpat poin
Pengguna Google,5,2026-05-28 01:10:01,ok mantap
Pengguna Google,5,2026-05-28 01:08:42,Bagus
Pengguna Google,5,2026-05-28 01:08:38,bermanfaat banget bagi aku
Pengguna Google,3,2026-05-28 01:08:05,tambahin kualitas gambar Full High Definition kurang jernih agak buram tambahin fitur poin cek in tiktok saya susah tingkat kan lagi TikTok live streaming sekarang kurang jelas buram tambahin kualitas gambar Full High tulisan nama orang live kok buram sekarang
Pengguna Google,5,2026-05-28 01:07:56,bagus
Pengguna Google,5,2026-05-28 01:07:01,apik tanan
Pengguna Google,5,2026-05-28 01:01:00,👍
Pengguna Google,2,2026-05-28 00:59:58,saya sangat suka
Pengguna Google,5,2026-05-28 00:58:48,"baguus, semoga nila hadiah uang Reward nya di tambah banyak"
Pengguna Google,3,2026-05-28 00:55:22,pls umur ku dh cukup tqpi dikira kurang
Pengguna Google,5,2026-05-28 00:54:26,bagus
Pengguna Google,1,2026-05-28 00:51:36,update mulu hampir tiap minggu . buset dah ... diupdate tpi gak bener2
Pengguna Google,5,2026-05-28 00:50:20,mantap man🗿🤙🏻
Pengguna Google,5,2026-05-28 00:49:39,bagus banget pokoknya tapi kasih fitur vn kek
Pengguna Google,1,2026-05-28 00:49:26,"Fitur “komentar disembunyikan” di TikTok makin gk jelas. Komentar saya normal, tidak toxic, tidak mengandung kata kasar, tpi ttp dianggap melanggar dan disembunyikan otomatis. Sistem moderasinya terlalu sensitif dan sering salah deteksi. jdi malas berinteraksi karna komentar biasa aja bisa kena filter. Tolong perbaiki AI moderasi komentarnya biar lebih akurat dan gk ngebatasi pengguna lain secara berlebihan"
Pengguna Google,5,2026-05-28 00:48:22,bagus
Pengguna Google,5,2026-05-28 00:48:08,Saya sebagai tkw full hiburan ditik tok sudah komplit pokok satu satu hiburan tik tok
Pengguna Google,5,2026-05-28 00:46:57,(aku suka play store karna banyak permainan)
Pengguna Google,4,2026-05-28 00:45:24,aku sayang tiktok
Pengguna Google,5,2026-05-28 00:40:27,semoga bermanfaat semua hal positif
Pengguna Google,5,2026-05-28 00:40:19,👍🏻👍🏻👍🏻
Pengguna Google,3,2026-05-28 00:40:00,bagus
Pengguna Google,2,2026-05-28 00:39:37,tolong tiktok knp profil nya kembali kekanan tolong kembalikan profilnya ke kiri lagi dong
Pengguna Google,5,2026-05-28 00:39:12,Bismillah 🇮🇩🇦🇴🇱🇷🇮🇷🇸🇩😀😃🇲🇨🌐
Pengguna Google,2,2026-05-28 00:38:32,lama sekali menginstal nya lali sern sekali keluar sendiri
Pengguna Google,5,2026-05-28 00:38:01,bisa tukar coin dengan dana
Pengguna Google,2,2026-05-28 00:37:17,habis di update ga bisa masuk
Pengguna Google,4,2026-05-28 00:37:07,bagus
Pengguna Google,2,2026-05-28 00:36:48,sus
Pengguna Google,4,2026-05-28 00:35:37,seru dan bisa bikin konten bisa penghasilan uang dan bisa cerita
Pengguna Google,5,2026-05-28 00:35:36,aku tidak 🙂‍↔️
Pengguna Google,5,2026-05-28 00:35:34,saya menyukai app ini but ya tolong iklannya di kurangin.atau iklannya di hilangkan
Pengguna Google,5,2026-05-28 00:34:28,Tik tok tolong kembaliin tiktok aku plis 🙏 😢😭😭maaf kalo alay ya
Pengguna Google,5,2026-05-28 00:32:44,👍👍
Pengguna Google,1,2026-05-28 00:32:03,apk ngebug apk ngelag parah apk tolol
Pengguna Google,5,2026-05-28 00:31:42,baguss😎👍🏼
Pengguna Google,5,2026-05-28 00:29:08,tiktok sangat menghiburkan aku
Pengguna Google,5,2026-05-28 00:27:28,baguss!!
Pengguna Google,5,2026-05-28 00:24:03,kehiburan sehari hari
Pengguna Google,5,2026-05-28 00:21:43,bagus banget dan tidak error juga
Pengguna Google,5,2026-05-28 00:21:27,halo tiktok aplikasi ini sagat menarik
Pengguna Google,5,2026-05-28 00:20:56,kren
Pengguna Google,5,2026-05-28 00:20:05,inibagus
Pengguna Google,5,2026-05-28 00:19:47,Gak ad vn
Pengguna Google,5,2026-05-28 00:14:37,sanggat seruh menonton nya
Pengguna Google,5,2026-05-28 00:10:02,Terimakasih atas bantuannya semoga bermanfaat bagi pengguna terimakasih 🙏🙏🙏
Pengguna Google,5,2026-05-28 00:08:27,beneran berbayar koinnya bisa di tarik
Pengguna Google,1,2026-05-28 00:06:36,aplikasi rusak
Pengguna Google,5,2026-05-28 00:01:38,bagusssss
Pengguna Google,5,2026-05-28 00:01:03,tolong KLO buat fitur yang mudah saja
Pengguna Google,3,2026-05-28 00:00:04,baguss untuk nonton
Pengguna Google,5,2026-05-27 23:57:41,cakepp bgttt nii apkk
Pengguna Google,4,2026-05-27 23:56:22,tiktok kok di saya gk ada buat vn ya kalo di orang orang ada masa di saya gak ada tolong buatin tiktok yang vn
Pengguna Google,5,2026-05-27 23:55:19,suka banget terbanget bangettt
Pengguna Google,5,2026-05-27 23:54:40,kenapa punya ku tidak bisa update?
Pengguna Google,5,2026-05-27 23:54:15,semoga tidak lemot lagi saya kasih bintang 5
Pengguna Google,4,2026-05-27 23:53:51,video gue jadi jarang fyp gara gara ada tulisan di profil ku gini (Akun anda tidak direkomendasikan) tolong perbaiki bug ini untuk developer tiktok
Pengguna Google,5,2026-05-27 23:51:20,aplikasi yang keren
Pengguna Google,2,2026-05-27 23:50:54,"kenapa sering g bisa di buka, padahal jaringan udh bagus memori jg masih banyak"
Pengguna Google,5,2026-05-27 23:47:45,lumayan walaupun receh
Pengguna Google,1,2026-05-27 23:47:14,tidak solutif atas penanganana pengembalian dana pada tiktokshopnya..
Pengguna Google,1,2026-05-27 23:45:45,akun saya di belokir
Pengguna Google,1,2026-05-27 23:45:41,"tiktok skarang macem anjg, banyak iklan jaringan bagus, video ngelek ngelek"
Pengguna Google,1,2026-05-27 23:45:40,"Kenapa aplikasi Tiktok sering error tidak bisa dibuka, setelah di upgrade malah gk bisa di instal."
Pengguna Google,5,2026-05-27 23:45:13,bagus sekali aku suka tapi kandang' suka ngebug gatau knpa
Pengguna Google,5,2026-05-27 23:44:48,so far so good
Pengguna Google,1,2026-05-27 23:44:18,ngelek
Pengguna Google,5,2026-05-27 23:44:02,Tiktok shop saya hilang wuy
Pengguna Google,3,2026-05-27 23:41:22,kadang tiktok tidak bisa dibuka
Pengguna Google,1,2026-05-27 23:41:16,sinyal nya lancar tapi ga bisa liat video tolong pliss
Pengguna Google,1,2026-05-27 23:35:31,setelah di up bener2 malah jadi buruk
Pengguna Google,5,2026-05-27 23:35:09,saya br mau pk aplikasi y.2026 si emang reting y aplikasi ini
Pengguna Google,2,2026-05-27 23:34:08,fyp ku farlands semua tolong lah
Pengguna Google,1,2026-05-27 23:32:07,kenapa tiktok gue selalu update setiap minggunya ubadte setiap minggunya ubadte aplikasi macam apa ini bikin Habi data dan full penyimpanan di hpku kalau gini caranya😩😩😩🥺🥺🥺
Pengguna Google,5,2026-05-27 23:31:35,aplikasi ini sangat bagus
Pengguna Google,2,2026-05-27 23:31:25,"limit tiktok paylater saya hilang, padahal suka bayar tepat waktu, tolong kembalikan limit saya."
Pengguna Google,5,2026-05-27 23:31:13,good
Pengguna Google,5,2026-05-27 23:26:28,bagus sih tapi ada minus nya
Pengguna Google,2,2026-05-27 23:17:07,Ma'am says hanya memberi 2 bunting alasanya Karena Tokyo ink Gabi's do download serial verse delay do ulang lagi moon until tang mempunyai Tokyo ini tiling do Nissan mendowload do go oppo
Pengguna Google,5,2026-05-27 23:16:46,seru banget 😝
Pengguna Google,5,2026-05-27 23:10:45,tiktok ok gx percuma di tonton video video nya ada timbal balik nya kalo aplikasi lain habiskan waktu aja
Pengguna Google,5,2026-05-27 23:09:08,Suka banget
Pengguna Google,5,2026-05-27 23:07:05,mantap
Pengguna Google,1,2026-05-27 23:05:05,"aplikasi ini semakin ke sini bukannya semakin lebih baik tapi semakin bikin susah penggunanya. mau posting ulang video di status wa aja pakai link, ga seperti sebelum²nya yg bisa langsung posting ulang video tanpa pakai link."
Pengguna Google,5,2026-05-27 23:02:02,seru bet jir bisa ketemu teman virtual terus vidio nya terlalu menyala dan fakta
Pengguna Google,5,2026-05-27 23:01:23,bagus
Pengguna Google,5,2026-05-27 22:57:21,apk bagus
Pengguna Google,5,2026-05-27 22:56:24,sangat bagus. tapi tiktok tolong berikan pesan suara dong tolong saya capek ngetik. sekian terimakasih🫡🙏
Pengguna Google,5,2026-05-27 22:49:51,Kul
Pengguna Google,5,2026-05-27 22:43:35,sangat sangat seru sekali
Pengguna Google,5,2026-05-27 22:38:55,seru dan bagus
Pengguna Google,5,2026-05-27 22:37:52,bagus banget
Pengguna Google,5,2026-05-27 22:32:55,menarik dan banyak hiburan sangat bagus
Pengguna Google,5,2026-05-27 22:32:20,sangat baik
Pengguna Google,5,2026-05-27 22:18:56,semoga bermanfaat dan tidak menyisakan peminat di manapun berada
Pengguna Google,5,2026-05-27 22:18:23,disini bisa VN tapi aku belum bisa VN
Pengguna Google,5,2026-05-27 22:16:34,sangat bagus
Pengguna Google,5,2026-05-27 22:15:32,luar biasa
Pengguna Google,5,2026-05-27 22:13:30,macet
Pengguna Google,4,2026-05-27 22:11:27,tiktok ni sangat sangat aku sukai tapi jangan di blokir ya akun saya saya sudah punya akun 1 karna di blokir aslinya punya 3
Pengguna Google,1,2026-05-27 21:41:32,d suruh update tp mlh gbs ke instal anjj
Pengguna Google,2,2026-05-27 21:33:21,setiap saya menarik hasil reward koneksi internet nya hilang .. terpaksa saya download ulang tiap MLM baru bisa lancar...
Pengguna Google,5,2026-05-27 21:23:56,ini sangat bagus
Pengguna Google,3,2026-05-27 21:09:16,"Tolong ya buat download udah clear kyk cepet, tpi menginstall nya lama... Padahal memo hp saya udah sy kosongkan sedikit demi sedikit"
Pengguna Google,3,2026-05-27 20:56:13,sering lelet jaringan
Pengguna Google,5,2026-05-27 20:54:28,bgus tpi bug
Pengguna Google,5,2026-05-27 20:48:03,mantap
Pengguna Google,4,2026-05-27 20:25:46,aku tiktok blok
Pengguna Google,5,2026-05-27 20:13:37,Aplikasi yang sangat bagus dan terpopuler
Pengguna Google,3,2026-05-27 20:12:23,"tiktok sering tidak menanggapi, setiap di buka lemot dan keluar sendiri"
Pengguna Google,3,2026-05-27 20:10:21,"tolong developer tiktok,, kenapa aplikasi tiktok tidak bisa di buka dan eror"
Pengguna Google,5,2026-05-27 19:53:34,sempurna
Pengguna Google,3,2026-05-27 19:44:28,woy min Iki kenapa orang orang gaada foto profil nya dah trus sering muter muter padahal sinyal bagus gimana ini gw kasi B3 dulu lah kalo blm dibenerin
Pengguna Google,5,2026-05-27 19:40:23,ditiktok aku banyak belajar tentang luar angkasa jadi ini aku semakin suka tiktok
Pengguna Google,5,2026-05-27 19:40:09,semoga selalu sukses di dunia pekerjaan amin
Pengguna Google,5,2026-05-27 19:21:56,luar biasa
Pengguna Google,4,2026-05-27 19:20:05,good
Pengguna Google,5,2026-05-27 19:19:18,dapat uang walau kecil
Pengguna Google,1,2026-05-27 19:13:20,so bad
Pengguna Google,1,2026-05-27 19:13:07,"kenapa akun saya tiba tiba kenak pelanggaran dan di blokir,padahal saya tidak ada melakukan pelanggaran sedikitpun"
Pengguna Google,5,2026-05-27 19:11:48,cuman gak bisa chat padahal umur ku udah lewat 16 lohh
Pengguna Google,3,2026-05-27 19:08:10,tidak terlalu karna baru update gk bisa masuk titok dan beberapa ada yang tidak ramah
Pengguna Google,1,2026-05-27 19:07:02,kandang monyet
Pengguna Google,5,2026-05-27 19:05:35,"bonus reward nya di tambah dong, jangan tambah lama tambah jadi sedikit bonus reward nya."
Pengguna Google,5,2026-05-27 18:56:50,tambahkan saya ke program beta
Pengguna Google,5,2026-05-27 18:56:45,good
Pengguna Google,5,2026-05-27 18:56:20,good
Pengguna Google,3,2026-05-27 18:55:27,tiktok apk nya sangat bagus dan menghibur apa lagi lihat live banyak yang seru seru ngobrol bersama teman teman bisa belanja juga di tiktok shop pasti banyak diskonnya terima kasih maaf tolong perbaiki lagi biar lancar soalnya klw di buka sering kembali lagi terima kasih.
Pengguna Google,5,2026-05-27 18:48:19,Saya.suka.Plikasi.ini
Pengguna Google,1,2026-05-27 18:42:20,"jlk lag, bnyk bug"
Pengguna Google,5,2026-05-27 18:39:42,Sangat membantu kami aplikasi ini
Pengguna Google,3,2026-05-27 18:39:16,apk nya agar ngebug+ngelag soalnya kalo di pake di jam 9 malam ke atas sampai pagi tetap loading saja tidak bisa di pakai
Pengguna Google,1,2026-05-27 18:36:12,tiktok bikin kesel jangan adain incode sih gua males nunggunya lama banget
Pengguna Google,5,2026-05-27 18:35:20,sy mntan tropis go massal kemang..bisa gabung kah..sy tingal di tangsel bntaro. mks
Pengguna Google,5,2026-05-27 18:33:50,"bagus sekali,,"
Pengguna Google,5,2026-05-27 18:29:38,oi tiktok kenapa benlanjadi tiktok sof 10jt kagak bisa cod oi
Pengguna Google,5,2026-05-27 18:28:51,Bagus sekali
Pengguna Google,1,2026-05-27 18:27:42,"gasuka bgt kalo mau buat vidio layar jadi cerah banget, ga kira """
Pengguna Google,5,2026-05-27 18:22:10,keren
Pengguna Google,5,2026-05-27 18:13:04,bisa scroll sambil makan
Pengguna Google,5,2026-05-27 18:11:53,bagus
Pengguna Google,1,2026-05-27 18:08:48,kenapa Tiktok saya malah tiba-tiba tidak bisa menanggapi?
Pengguna Google,1,2026-05-27 18:06:55,enak-enak like di suruh istitahat
Pengguna Google,5,2026-05-27 18:01:56,mantap
Pengguna Google,1,2026-05-27 17:56:14,apalah pembatasan umur pdhl saya sudah berusia 14 tahun mana proses nya lama lagi😂😂
Pengguna Google,5,2026-05-27 17:53:06,memukaw
Pengguna Google,5,2026-05-27 17:51:45,seru niat nonton
Pengguna Google,5,2026-05-27 17:45:21,semoga kedepannya dapat membantu kesusahan dengan cara memperbanyak fitur penghasil duittt soalnya aku gen z yg gk bisa tanpa duit
Pengguna Google,4,2026-05-27 17:43:25,"lemot bgt skrng, pdhl udh di update"
Pengguna Google,5,2026-05-27 17:34:55,Tik Tok 😇😎
Pengguna Google,1,2026-05-27 17:31:49,"woi tik tok, hapus mini drama ai, yg sering muncul di setiap akun orng, itu ganggu banget, kontennya gak jelas, jelek, gooner, sampah la pokonya."
Pengguna Google,1,2026-05-27 17:25:00,Bagus
Pengguna Google,5,2026-05-27 17:23:26,selesai
Pengguna Google,1,2026-05-27 17:22:17,"tolong ini kenapa jadi nggak ada fitur lagu otomatis nya,lagu nya juga cuma kicau mania sama six seven trus ngga pernah ganti😫😒"
Pengguna Google,5,2026-05-27 17:20:30,"bagus banget,dan penghasil kan"
Pengguna Google,1,2026-05-27 17:15:43,lol akun tiktok saya di blokir semua kontoll
Pengguna Google,5,2026-05-27 17:15:16,baguss bgttt mwaa
Pengguna Google,4,2026-05-27 17:14:53,tolong dong admin gmbh akun tiktok sy bisa fyp
Pengguna Google,4,2026-05-27 17:11:50,aplikasinya lumayan cuma terlalu banyak iklan
Pengguna Google,4,2026-05-27 16:54:20,gege
Pengguna Google,5,2026-05-27 16:52:48,"seru, tapi sayang suka ngelek"
Pengguna Google,1,2026-05-27 16:52:38,"bikin alamat nyasar, tiktok yg baru ,g bisa bikin alamat sendiri"
Pengguna Google,2,2026-05-27 16:50:13,apaan? kalo mau upload foto selalu ke kompres
Pengguna Google,5,2026-05-27 16:38:00,okeh lah buat hilakan gabut
Pengguna Google,5,2026-05-27 16:37:50,TIDAK ADA FITUR SOROTAN
Pengguna Google,1,2026-05-27 16:35:03,Ahir Ahir ini tiktok suka nge bug gabisa folow dan ga muncul di live orang lain
Pengguna Google,1,2026-05-27 16:34:35,aneh suka ngelag sendiri trs pas simpen foto suka gak ada gambarnya!!
Pengguna Google,1,2026-05-27 16:29:50,kenapa semua akun saya di blokir permanen
Pengguna Google,1,2026-05-27 16:29:14,hama susah buat upload tolong di benahi segera
Pengguna Google,3,2026-05-27 16:28:13,"sebenernya tiktok udah bagus banget, tapi semenjak update jdi makin lag, terus velocity di bagian edit juga ga seperti dulu, patah patah nya itu jadi kaya ngelag ngga smooth kaya dulu"
Pengguna Google,5,2026-05-27 16:27:20,aplikasi yg bagus untuk hiburan di saat senggang
Pengguna Google,5,2026-05-27 16:27:07,sangat mudah di gunakan terimakasih tiktok 🙏
Pengguna Google,1,2026-05-27 16:26:42,"kenapa setiap saya live game selalu patah patah di penonton, padahal di game normal normal aja"
Pengguna Google,1,2026-05-27 16:25:58,"parah sih padahal aku udah nunggu sampe 3-4 Minggu aku kira akun ku udah pulih udah baik udah bisa login eh ternyata makin parah banget,udah berkali'ganti akun selalu keluar tanpa jelas udah di pilih banding kan malah gak bisa malah langsung keluar ini ke Napa yak? gak enk bnget kek gini mau di benerin juga gak bisa' udah ganti' akun juga gak bisa gak suka banget 🙂,ini tolong dong di apai aku gak tau soalnya 🙏🙏🙏"
Pengguna Google,5,2026-05-27 16:22:17,tolong pulihkan akun saya yang terkena banding nama akun 4mirr16
Pengguna Google,5,2026-05-27 16:22:09,apakah aplikasi ini mudah digunakan dan dinavigasi
Pengguna Google,5,2026-05-27 16:17:54,"knpa pas dishopnya kayak ngeleg"" dan sering keluar appnya👿😡"
Pengguna Google,5,2026-05-27 16:17:24,Tik Tok selama ini bagus dan sangat membantu.Terimakasih!
Pengguna Google,5,2026-05-27 16:15:53,mantap banget 🥳🥳
Pengguna Google,5,2026-05-27 16:14:28,banyak monyed dsini suka
Pengguna Google,1,2026-05-27 16:13:45,"jelek banget tiktoknya, suka ngebug, aneh, klo buat api suka bug, total chatnya ilang, aku post transisi make up kena pelanggaran, padahal bukan make up yang aneh aneh, vtnya juga ga aneh, ini kalo ada -5, bakal ku kasi -5."
Pengguna Google,4,2026-05-27 16:13:13,semoga akun ini bisa berkembang
Pengguna Google,5,2026-05-27 16:13:00,pokoknya tiktok ini seru bangett dehh walaupun aku gaada data tapi aku bisa nonton video ofline
Pengguna Google,3,2026-05-27 16:10:49,"akhir"" ini suka error gak jelas.."
Pengguna Google,5,2026-05-27 16:09:34,"saya sangat menikmati video²nya, apknya keren"
Pengguna Google,5,2026-05-27 16:08:01,cukup bagus
Pengguna Google,5,2026-05-27 16:07:22,anak rantau serba bisah pekerjaan apa saja saya suda kerjakan
Pengguna Google,1,2026-05-27 16:07:13,kangen akun ka riset
Pengguna Google,1,2026-05-27 16:04:41,video yang diupload tiba-tiba burem banget gak tau kenapa
Pengguna Google,4,2026-05-27 16:02:32,"tolong dong adain fitur hapus komen( kita sebagai pemilik akun) sekalian gitu , capek kalau ngapusnya satu satu 🥺"
Pengguna Google,5,2026-05-27 16:02:24,baguss bgt💖💖💖
Pengguna Google,5,2026-05-27 16:01:51,bagus.
Pengguna Google,5,2026-05-27 16:01:25,mantap
Pengguna Google,1,2026-05-27 15:59:51,bintang 1 dulu Karna banyak vidio bokep nya🤦
Pengguna Google,3,2026-05-27 15:58:19,"nyampe ketiduran aku,,instalnya lama bgt,,"
Pengguna Google,1,2026-05-27 15:57:14,ngeleg terus
Pengguna Google,5,2026-05-27 15:56:49,sangat membantu
Pengguna Google,1,2026-05-27 15:55:34,"skrng susah muncul draf nya klw gk foto trus simpan di draf gk bisa, karna tanda draf nya gk muncul"" dan juga gk normal scrollnya, draf nya tlong diperbaiki lagi min, udah bnyk poto yg didraf in tpi tanda draf nya gk muncul"" jdi gk bisa simpan lgi tuh foto"
Pengguna Google,4,2026-05-27 15:54:52,mengapa tiktok sering nge lag
Pengguna Google,4,2026-05-27 15:53:53,lumayan bagus ku kasih 4 dulu nanti kalo nga ada yang ber masalah ku kasih 5 bintang
Pengguna Google,4,2026-05-27 15:53:35,enak gabisa vn
Pengguna Google,1,2026-05-27 15:51:15,bobrok nih aplikasi sensitif bgt
Pengguna Google,3,2026-05-27 15:48:13,"pein drama meresahkan,masa lagi scrol tiktok muncul drama s*x ada dildo pula 🤨"
Pengguna Google,5,2026-05-27 15:47:32,bagus banget
Pengguna Google,1,2026-05-27 15:46:12,"aplahh sokasik bgt anj😹 bikin akun dikit ke hps,pdhl dah sopan+ gk ngelanggar pelanggaran😹😹 benci bgt gw ke lu tiktok.Gw udh bkn aku dri 0 smpe Mayan rame trs lu hps?4.. akun Lo block .Lucu😹 njs.😂🤢"
Pengguna Google,5,2026-05-27 15:46:05,mantap
Pengguna Google,5,2026-05-27 15:42:18,bagussssss
Pengguna Google,1,2026-05-27 15:42:10,"Ampas banget pke Paylater tiktod, barangnya belum sampai, udah di tagih pembayarannya, sistem yang aneh."
Pengguna Google,5,2026-05-27 15:41:54,good
Pengguna Google,4,2026-05-27 15:41:39,pangalaman saya agak kecewa karena sering muncul pesan tutup aplikasi mohon di perbaiki lagi biar lancar
Pengguna Google,5,2026-05-27 15:37:48,tapii sayaa belumm mendapatkan fitur sorotan di tiktok
Pengguna Google,5,2026-05-27 15:37:25,karena bisa nonton video menarik
Pengguna Google,5,2026-05-27 15:37:18,aplikasih kecintaan gueh
Pengguna Google,5,2026-05-27 15:36:39,Baik
Pengguna Google,5,2026-05-27 15:35:08,is very complete
Pengguna Google,5,2026-05-27 15:34:27,bagus sekali
Pengguna Google,3,2026-05-27 15:33:04,tolong perbaiki tiktok ni min tolong min wkwkw
Pengguna Google,5,2026-05-27 15:30:19,sangat baik buwat hiburan dan selalu nambah pertama dan nambah wawasan sangat
Pengguna Google,1,2026-05-27 15:30:17,saya minta tolong akun tiktok barokah air mineral di hapus karena saya kena tipu bila barang datng hari Jumat sampe sekarang belom datng udah 4 udah byar 3 juta tolong di lacak tiktok nama barokah air mineral saya ada bukti transfer sebnyk 3 juta udah bikin laporan ke bank tolong sekali tiktok masih aktif barokah air mineral takutnya ada orang lagi yng kena selain saya terimaksih
Pengguna Google,1,2026-05-27 15:28:34,mcm ap uga tiktok ni ngeleg
Pengguna Google,5,2026-05-27 15:28:26,luar biasa
Pengguna Google,1,2026-05-27 15:26:32,"iklan di tiktok memang sudah banyak dan menurut saya itu bukanlah masalah, tapi pengalaman saya jadi buruk setelah iklan yang muncul adalah JUDOL dan terus menerus muncul setiap saya membuka aplikasi ini."
Pengguna Google,1,2026-05-27 15:25:41,"gak asik sekarang gak bisa screenshot komentar lagi, tolong lah jangan ada kebijakan kayak gitu. jadi makin aneh nih lama² tiktok ini"
Pengguna Google,5,2026-05-27 15:25:05,mntap
Pengguna Google,5,2026-05-27 15:24:36,Bagusss
Pengguna Google,4,2026-05-27 15:23:53,bagus sih cuma ya gitulah
Pengguna Google,5,2026-05-27 15:21:33,apk nya bgus
Pengguna Google,1,2026-05-27 15:21:29,kenapa kirim stiker malah kena pelanggaran? padahal stiker itu bersifat positif? pas banding malah ga dibales? kenapa tiktok makin lama makin jelek? kena pedoman tanpa alasan yang jelas
Pengguna Google,1,2026-05-27 15:21:19,apk tai
Pengguna Google,5,2026-05-27 15:19:19,"BAGUSSS BANGETT, SERUU PUOLL ASYIKK BISA BUAT STREAK BARENG TEMEN, POKONYA LOPE'DEH BUAT TIKTOK😘💕💕"
Pengguna Google,5,2026-05-27 15:18:01,bagus
Pengguna Google,1,2026-05-27 15:17:14,tolong hapus video orang dewasa soal nya saya kena marah sama bokap guaaa tolong diperbaiki !!!
Pengguna Google,4,2026-05-27 15:17:07,sangat baik
Pengguna Google,5,2026-05-27 15:15:02,bagus aplikasi nya udah itu aja
Pengguna Google,2,2026-05-27 15:13:26,kebanyakan stiker sus
Pengguna Google,5,2026-05-27 15:12:46,bagus
Pengguna Google,2,2026-05-27 15:11:51,aneh banget ngbug mulu mau post video mau like pake akun lain ko ga ada ini video padahal udah jelas gua dah post video di akun utama tapi ga ada ngbug mulu ah tiktok
Pengguna Google,5,2026-05-27 15:11:13,Mantap tetap semangat sangat baik
Pengguna Google,5,2026-05-27 15:10:42,memang ggg mo liat ini
Pengguna Google,5,2026-05-27 15:09:25,📺📺📺📺📺📺
Pengguna Google,5,2026-05-27 15:07:47,good job
Pengguna Google,1,2026-05-27 15:07:34,"gajelas ngelag sendiri, padahal jaringan bagus bagus aja"
Pengguna Google,5,2026-05-27 15:05:04,"baguss, tapii gabagus"
Pengguna Google,3,2026-05-27 15:05:04,Banyak yang buka aurat
Pengguna Google,5,2026-05-27 15:00:14,baguus
Pengguna Google,5,2026-05-27 14:59:13,klo fyp tuu seneng banget aku bikin vidio sehari sekali karna fyp makasih ya tiktok udah kasi aku fyp tanksss
Pengguna Google,5,2026-05-27 14:53:59,cukup membantu
Pengguna Google,1,2026-05-27 14:53:26,apk banyak bug anjg
Pengguna Google,5,2026-05-27 14:53:15,makin sini makin gajelas setiap gw mau post harus fripikasi dulu mana ga muncul kodenya tolong lah di perbaiki lagi apk nya supaya tidak banyak kendala.. alasan kasih bintang lima biar komentar gw kbca
Pengguna Google,4,2026-05-27 14:52:09,"aplikasi nya bagus, cuman kenapa setiap tiktok update, tetapi tiktok saya belum update? seperti sorotan contohnya, orang lain sudah ada, punya saya belum ada, tolong diperbaiki ya."
Pengguna Google,1,2026-05-27 14:52:08,terlalu banyak bug saat live
Pengguna Google,5,2026-05-27 14:51:48,tiktok ini sangat membantu untuk mencari tetorial
Pengguna Google,1,2026-05-27 14:51:04,lag banget woi nonton vid biasa nya pas gw buka live aman aman aja
Pengguna Google,5,2026-05-27 14:51:01,bagus bgt ga bosen' sy scrooll
Pengguna Google,1,2026-05-27 14:50:49,aku gk suka emang aku mau tiktokan akun aku malah di blokir
Pengguna Google,1,2026-05-27 14:50:45,Erorrr lohhh ini saya tidak pmer hp sy kn ip 11 ya terus eror nyaa erorrrrrrr bangettt
Pengguna Google,5,2026-05-27 14:48:26,sangat bagus
Pengguna Google,5,2026-05-27 14:46:14,keren
Pengguna Google,5,2026-05-27 14:46:07,Bagus banget
Pengguna Google,5,2026-05-27 14:44:48,aplikasi ini sangat bagus begitu menghibur saya dan juga bermanfaat bagi kehidupan sehari hari terutama pada waktu luang saya
Pengguna Google,1,2026-05-27 14:44:43,ngentod kenapa punya saya keluar mendadak begini padahal update terus ngentod
Pengguna Google,1,2026-05-27 14:43:26,CikCok
Pengguna Google,1,2026-05-27 14:42:41,"kualitas postingan jelek bngt ,foto blur ."
Pengguna Google,5,2026-05-27 14:41:23,bagus pake bangett 🤍🤍
Pengguna Google,5,2026-05-27 14:40:54,terbaik dan sangat bagus
Pengguna Google,5,2026-05-27 14:38:38,sangat memudah kan untuk memenuhi keinginan. tapi kenapa tida bisa cek in harian lagi.
Pengguna Google,1,2026-05-27 14:38:26,belanja pakai paylatter tiktok biaya keterlambatan nya mahal sekali nyesel gue belanja disini hampir 100rb baru 2 hari Gilaaaaak perampok memang !!!
Pengguna Google,5,2026-05-27 14:37:29,"pokoknya keren, sangat menghibur"
Pengguna Google,1,2026-05-27 14:37:04,tiba tiba gak bisa di gunakan ada tulisan tidak ada koneksi internet padahal buat buka aplikasi lain bisa berjalan normal tapi tiktok tidak bisa..udah di coba beberapa kali di uninstall tetep gak bisa mana ada paylater ya g harus di bayar kalau kaya gini gimana mau bayar nomor kontraknya gak ada..
Pengguna Google,5,2026-05-27 14:36:50,bisa live streaming gak
Pengguna Google,4,2026-05-27 14:36:19,"bagus kok sebenarnya aplikasinya, menghibur, tapi ini kok tiap update pasti tiap akun bakal beda beda, contohnya aja sorotan, di akun yg satu ada tapi di yg lain gak ada, begitu juga ""pendapat anda"" itu juga gak ada di akun yg lain, kenapa begitu?"
Pengguna Google,1,2026-05-27 14:34:55,"suka lemot, tiba2 kembali sendiri"
Pengguna Google,5,2026-05-27 14:34:18,bagus
Pengguna Google,1,2026-05-27 14:31:21,pilih nama gak bisa mulu terus gua udah ikutin kepintah tetep gak bisa ah elah jelek banget
Pengguna Google,5,2026-05-27 14:30:45,tiktok mantap
Pengguna Google,3,2026-05-27 14:29:13,"ek solot nemen piye min, video ne lek maceetttt"
Pengguna Google,1,2026-05-27 14:29:12,saya sudah membayar beli koin sudah berhasil tapi saldo koin tidak masuk
Pengguna Google,1,2026-05-27 14:28:44,"woyy aplikasinya di benahin dong,ngebug lama banget padahal sinyal aman.Keranjang shop nya juga bermasalah"
Pengguna Google,5,2026-05-27 14:28:06,good
Pengguna Google,1,2026-05-27 14:24:14,"tiktok bperan cuma gr"" ditanyo ""abis kelas 5 kelas brp"" nah ak jwb kls 6 pdhl ak g kls 6 kena pelanggaran DJ bs ngirim pesan."
Pengguna Google,4,2026-05-27 14:23:57,ok
Pengguna Google,3,2026-05-27 14:23:08,saya sudah berumur 16 tahun tetapi saya masi terkena batasan umur tolong diperbaiki ya
Pengguna Google,5,2026-05-27 14:21:40,siiipp👍👍👍
Pengguna Google,5,2026-05-27 14:21:18,bagus
Pengguna Google,2,2026-05-27 14:17:46,"gajelas, masa aku buat story ga muncul di akun temen² ku, sampai ku hapus 5× tetep ga muncul"
Pengguna Google,1,2026-05-27 14:17:10,"Jelek,dikit dikit di hapus akses komunikasinya. Ga mikir kalo yang udah capek capek bikin streak?,TERLALU KETAT,Itu pun cuma jokes doang(sampe dibilang kekerasan). Mana AI nya baca nya cuma 1 pesan doang. Kalo dikasih umpan balik ga direspon. ALGORITME NYA PELIT. YANG HARUSNYA DI ILANGIN ITU KONTEN AI YANG TIDAK BERMANFAAT."
Pengguna Google,5,2026-05-27 14:16:41,"Tiktok nya bagus video lancar tanpa lemot, banyak fitur seperti vn, sorotan, dll"
Pengguna Google,5,2026-05-27 14:16:39,ok
Pengguna Google,4,2026-05-27 14:15:41,bagus dan menarik
Pengguna Google,1,2026-05-27 14:15:12,ajggg
Pengguna Google,5,2026-05-27 14:14:16,"dari pengalaman saya menggunakan tiktok,,, aplikasiny bagus dapat menghibur dan menerima informasi,, tpi shrusnya lagi kalau anak dibawah umur mndptkan fitur aman dari hal yg tidak diinginkan...... dan disini saya ingin apk tiltok bahian kamera diperbaiki dan ditambahkan fitur simpan tanpa tanda air tanpa harus dipost dulu,,,,, dan kamera nya biasanya kalau mau dialihan ke filter tidak bisa malah tetap kamera biasa dann saya mohon bagian itu untuk dibenahi ....... trmkshh kerjasma ny"
Pengguna Google,5,2026-05-27 14:12:51,seru aja gitu
Pengguna Google,5,2026-05-27 14:11:26,BAGUSS!
Pengguna Google,5,2026-05-27 14:09:27,bagus banget
Pengguna Google,5,2026-05-27 14:08:26,sangat senang menggunakan kan nya
Pengguna Google,5,2026-05-27 14:07:32,asyik bagus bisa banyak hiburan mantap
Pengguna Google,5,2026-05-27 14:06:22,👍
Pengguna Google,4,2026-05-27 14:05:51,kok diaku gaada fitur foto live di kamera??!!!
Pengguna Google,1,2026-05-27 14:05:30,"update sering, bug kagak di baiki"
Pengguna Google,5,2026-05-27 14:05:21,baguss kerenn menarik
Pengguna Google,1,2026-05-27 14:03:18,"sudah di update malah ga bisa di buka aplikasinya,gimana sih ini dari pihak tiktok"
Pengguna Google,1,2026-05-27 14:02:41,cumn krna kesalahan dkit lngsung di blok
Pengguna Google,5,2026-05-27 14:02:27,Tiktok bangus dan keren
Pengguna Google,4,2026-05-27 14:02:17,woi tiktok lu mau bercanda apa? kenapa pencarian dari kamu itu sesat
Pengguna Google,5,2026-05-27 14:00:01,ok
Pengguna Google,5,2026-05-27 13:59:27,dapat teman virtual yangg seruu seruu
Pengguna Google,5,2026-05-27 13:58:49,kenapa suka lemot ya
Pengguna Google,5,2026-05-27 13:56:47,baikkk dann seruuu skaliii
Pengguna Google,1,2026-05-27 13:55:51,kenapa tiktok saya ada blur nya apakah bisa di bantu sangat menggangu muncul terus sangat menggangu tolong di perbaiki
Pengguna Google,5,2026-05-27 13:55:30,gooddddd merchant
Pengguna Google,5,2026-05-27 13:55:07,karena dari tiktok saya belajar tentang cara apapun dan bisa dapat teman baru
Pengguna Google,1,2026-05-27 13:53:11,Alasan pelanggaran Barang dan Jasa yang Diatur dalam Undang-Undang saya terkena pelanggaran tersebut padahal saya tidak berjualan hanya ngobrol biasa jangan downoald tiktok ribet ga bikin maju semua orang apk tolol
Pengguna Google,5,2026-05-27 13:53:08,bagus👌
Pengguna Google,3,2026-05-27 13:52:53,aplikasinya bagus tapi suka keluar masuk sendiri
Pengguna Google,1,2026-05-27 13:51:43,banyak stiker jomok malah gk di hapus
Pengguna Google,1,2026-05-27 13:50:59,gak bisa vn cok
Pengguna Google,1,2026-05-27 13:50:32,suka keluar sendiri
Pengguna Google,1,2026-05-27 13:49:43,"minta di upgrade, giliran di upgrade gak bisa di buka"
Pengguna Google,5,2026-05-27 13:46:38,Bagusss
Pengguna Google,5,2026-05-27 13:45:19,baguss bgtt sukakkk
Pengguna Google,1,2026-05-27 13:45:15,TT asuu liat koin aja susah banget
Pengguna Google,3,2026-05-27 13:45:10,kenapa download aplikasi ini sekarang gak bisa buat belanja GK ada toko GK bisa belanja
Pengguna Google,3,2026-05-27 13:44:02,"kenapa sering keluar? lagi asikasik mau bikin konten atau nonton konten orang tiba-tiba tidak menanggapi dan keluar sendiri, udah di uninstall dan di instal lagi tetep aja masih gitu? tolong perbaiki dong, nanti kalo udah bener aku ganti bintangnya 🙏"
Pengguna Google,1,2026-05-27 13:43:17,"tiktok sjrg gk asik, bnyk aturan"
Pengguna Google,2,2026-05-27 13:41:34,"tiktok kenapa ya, masa 600 draft saya hilang gitu aja, pdhl saya ga ngapa-ngapain, saya tidak mengganti ponsel ataupun menghapus tiktok, saya sedang scroll seperti biasa, lalu saat saya lihat akun saya draft nya sudah hilang semua, bagaimana ini!"
Pengguna Google,5,2026-05-27 13:39:29,ngelek TPI bagus
Pengguna Google,2,2026-05-27 13:39:15,"kecewa SMA tiktok kalau tentang pengembalian danaku sudah mau 3minggu blum juga itu uangku masuk kerekngku itu yang bukan uang dr aplikasi tiktok na itu uang saya transfer buat beli barang tapi karena di refund sama tiktok sendiri dana nya di kembalikan ke saldo ku terus aku kirim ke rekeng aku tapi sampai skrng blm sampai "" kerekng ku miskin mika tiktok sampai uang segitu ngk sanggup tolong de di perbaiki lagi"
Pengguna Google,5,2026-05-27 13:37:50,cara vn kek mn
Pengguna Google,5,2026-05-27 13:37:36,berikan aku vn
Pengguna Google,1,2026-05-27 13:37:28,kurang bagus
Pengguna Google,5,2026-05-27 13:37:09,sukakk bgt
Pengguna Google,5,2026-05-27 13:35:56,"5 sih karena bisa terhibur,walaupun akunku lagi kena pelanggaran"
Pengguna Google,3,2026-05-27 13:34:29,sangat bagus untuk mencari informasi apapun
Pengguna Google,4,2026-05-27 13:34:08,"baguss tapi suka nge bug kaya fitur sorotan tiba tiba ilang padahal udah update, tiba tiba fitur kirim foto d komen ilang terus muncul lagi besoknya dan fitur sticker d komen juga sama kaya foto kadang juga suka nge bug kalo lagi foto pake filter kaya lagi pake filter tapi hasilnya bare face gitu aku harap d perbaikii karna tiktok cocok banget buat scroll scroll"
Pengguna Google,5,2026-05-27 13:33:31,"bisa lihat video lucu,, konten yang menarik"
Pengguna Google,5,2026-05-27 13:32:45,p p apa
Pengguna Google,1,2026-05-27 13:30:17,"Plisss ini tiktok ku kenapa udah 3 harian ngeleg parah padahal jaringan ok² aja ,tapi tiap dibuka ngeleg bisa bahkan sering Tik tok tidak menanggapi . Tolong dongg"
Pengguna Google,5,2026-05-27 13:29:57,bagus
Pengguna Google,5,2026-05-27 13:29:46,sangat bagus
Pengguna Google,5,2026-05-27 13:29:29,seru tapi kalau kita bikin video pake muka selalu gak boleh
Pengguna Google,4,2026-05-27 13:28:42,kadang tidak respon
Pengguna Google,1,2026-05-27 13:28:27,pas baru download masuknya lamaa pas udah masuk malah ngelag pas ditunggu malah keluar sendiri
Pengguna Google,5,2026-05-27 13:28:13,jossss
Pengguna Google,4,2026-05-27 13:28:01,"knp ketika ada vd muncul tampilan pop up gerakan hp TPI ketika sudah digerakkan justru pop up tidak hilang"" terjadi bug tolong perbaiki maintenance lagiy"
Pengguna Google,2,2026-05-27 13:27:08,mauh bikin akun
Pengguna Google,4,2026-05-27 13:26:27,baru si perbaharui jadi lemooooottt ampunnn dahh
Pengguna Google,4,2026-05-27 13:24:37,bagus fiturnya banyak
Pengguna Google,2,2026-05-27 13:24:37,gimana cara bikin sorotan
Pengguna Google,5,2026-05-27 13:23:04,saya sangat senang dan suka ber aktifitas
Pengguna Google,4,2026-05-27 13:21:36,"lemot,,,"
Pengguna Google,5,2026-05-27 13:21:22,Hilangkan fitur tahan like jadi repost sering gak ssngaja jadinya
Pengguna Google,5,2026-05-27 13:20:49,"Halo,, aplikasi ini sangat bagus tapi keranjang belanja sering hilang"
Pengguna Google,5,2026-05-27 13:20:43,bagus
Pengguna Google,5,2026-05-27 13:19:56,saya butuh fitur vidio offline
Pengguna Google,5,2026-05-27 13:15:10,bagussss
Pengguna Google,5,2026-05-27 13:14:49,mantap
Pengguna Google,5,2026-05-27 13:14:26,bagus
Pengguna Google,5,2026-05-27 13:11:30,seru
Pengguna Google,1,2026-05-27 13:10:54,knp pas ak ngepost vt buat circle mlh kena pelanggaran? sdngkn org yg pamer badan gpke baju tuh kgk kena ban. BURUK SKALI
Pengguna Google,5,2026-05-27 13:09:50,tiktok sangat menghibur & membantu untuk semua kebutuhan kita
Pengguna Google,2,2026-05-27 13:09:18,mohon maaf banget nih sekarang kenapa fitur ngedit buat slowmo nya patah2 tolong di perbaiki lagi yaa makasih ☺️🙏🏻
Pengguna Google,5,2026-05-27 13:09:16,min coba tambahin fitur telfon.
Pengguna Google,2,2026-05-27 13:05:29,ff Mulu yang muncul
Pengguna Google,5,2026-05-27 13:04:09,bagus sih tapi kurang seru
Pengguna Google,5,2026-05-27 13:03:47,DJ shadow
Pengguna Google,5,2026-05-27 13:03:08,bagus
Pengguna Google,5,2026-05-27 13:02:38,"semoga bermanfaat untuk saya 👍🏻 terimakasih, kenapa tiktok jadi loading susah kaya tidak ada jaringan sebelum nya lancar"
Pengguna Google,5,2026-05-27 13:00:14,siip
Pengguna Google,5,2026-05-27 13:00:00,sukaaa sihhhhh bisaaa nontonnn secaraaa off jugaaaaaaaa
Pengguna Google,1,2026-05-27 12:58:35,coba tiktok di kecilkan lagi aku mau nonton selalu lek patah² dan ndak bisa di skrol
Pengguna Google,1,2026-05-27 12:58:10,sarang monyet
Pengguna Google,5,2026-05-27 12:58:05,good
Pengguna Google,2,2026-05-27 12:55:32,"tik tok sering nge-lag bahkan keluar-keluar sendiri, akibatnya hp jadi mudah panas. sangat kecewa, tolong diperbaiki"
Pengguna Google,5,2026-05-27 12:55:01,semakin bagus..
Pengguna Google,5,2026-05-27 12:53:44,menurut saya ini adalah aplikasi yang baik
Pengguna Google,3,2026-05-27 12:53:43,kenapa tik tok saya tidak ada keranjang untuk belanja
Pengguna Google,5,2026-05-27 12:52:06,bagus kok
Pengguna Google,5,2026-05-27 12:51:53,keren
Pengguna Google,5,2026-05-27 12:50:49,bagus tapi lana gonglot y
Pengguna Google,3,2026-05-27 12:50:12,Lumayan
Pengguna Google,5,2026-05-27 12:49:46,bagus
Pengguna Google,5,2026-05-27 12:49:24,💗💗💗💗💗💗💗💗🤏🤏🤏🤏
Pengguna Google,5,2026-05-27 12:47:13,jangan lupa tiktok ya
Pengguna Google,1,2026-05-27 12:47:09,"tiktok sudah semakin berat jadi ""MENGAPA TIKTOK JADI APLIKASI BERAT""saya hanya ingin aplikasi ini tidak berat"
Pengguna Google,5,2026-05-27 12:47:06,baik sekali buat usaha aku
Pengguna Google,5,2026-05-27 12:44:54,bagus
Pengguna Google,5,2026-05-27 12:44:39,aku udh lama pakai apk ini sumpah bagi gw bagus bgt sih tapi ada satu kendala nya hp gw lemot itu aja mksh
Pengguna Google,5,2026-05-27 12:44:00,sus
Pengguna Google,5,2026-05-27 12:41:45,bagus banget sukaakk
Pengguna Google,1,2026-05-27 12:40:39,bagus cuman aku pas daftar udah bener semuanya tapi malah kagak bisa plis lah tiktok jangn gitu lagii
Pengguna Google,1,2026-05-27 12:39:02,mau ganti akun yang ke blokir malah GK bisa masuk ke akun baru
Pengguna Google,1,2026-05-27 12:36:09,woii tt kenapaaa laahh aku ngirim yangg baik baikk kau sensorr haaa?
Pengguna Google,5,2026-05-27 12:36:02,sangat muaskan...
Pengguna Google,5,2026-05-27 12:34:49,bagus
Pengguna Google,1,2026-05-27 12:34:24,kok aplikasinya ilang di hp
Pengguna Google,1,2026-05-27 12:34:16,"uda aku update, trus ko tb"" di sruh update ulang, kalo di update lgi g bisa"
Pengguna Google,1,2026-05-27 12:32:18,buruk banget kebanyakan ngeloadd apadah jaringan bagus anehhh tiktok aneh
Pengguna Google,5,2026-05-27 12:29:58,Sangat menghibur saya dengan cara membuat makanan
Pengguna Google,5,2026-05-27 12:29:34,"tidak bagus,,brcnda sngt bagussss kokkkk"
Pengguna Google,5,2026-05-27 12:29:19,okee topp tenan
Pengguna Google,2,2026-05-27 12:28:53,tiktok gw anehh
Pengguna Google,1,2026-05-27 12:28:18,wow jfhjv Vin gak jajhdjjwjjwn visitor apal
Pengguna Google,1,2026-05-27 12:27:12,Peringatan! Jangan gabungkan satu akun Google ke banyak medsos. Pengalaman 2023 akun saya diretas merembet ke mana-mana padahal HP bersih aktivitas normal. Penyakit murni dari TikTok: -Akun aktif karena tap layar dan komen di live -Nama muncul lalu diincar robot penipu -Link iklan pengalihan masuk lewat inbox setelah live. Sekarang 2026 saya bikin akun baru terpisah total demi keamanan. Jaga data kalian!
Pengguna Google,1,2026-05-27 12:26:32,"semakin di update semakin gajelas, dulu login akun gampang bgt tinggal masukin nama sama sandi aja, sekarang harus pake verifikasi diri yg email nya ada ga terdaftar gimana bisa dpt kode nya kalo email ga ada."
Pengguna Google,5,2026-05-27 12:26:02,kenapa tiktok tidak bisa di pembaruan
Pengguna Google,5,2026-05-27 12:25:27,😍😍😍😍😍😍😍😍
Pengguna Google,5,2026-05-27 12:22:54,bagus tapi jangan eror ya
Pengguna Google,1,2026-05-27 12:21:56,aplikasinya buruk kenapa selalu muncul notifikasi TIKTOK TIDAK MENANGGAPI
Pengguna Google,3,2026-05-27 12:19:19,"BAGUS, TP SERING LAG PDHL JARINGAN BAGUS, DI APK LAIN BISA LANCAR TIKTOK DOANG YG LAG"
Pengguna Google,2,2026-05-27 12:19:18,aplikasi mudah ngelek walaupun pake wifi
Pengguna Google,5,2026-05-27 12:18:30,baik menghibur jga bisa tau ttng msak dracin nya jg menghibur sya suka belnja jga bisa
Pengguna Google,5,2026-05-27 12:18:06,ini bagus sekali
Pengguna Google,2,2026-05-27 12:17:55,bnyak bug nya
Pengguna Google,1,2026-05-27 12:17:23,gw emosi banget ama tik tok ngeleg banget
Pengguna Google,5,2026-05-27 12:15:23,suka bngt sama aplikasi 1 ini
Pengguna Google,1,2026-05-27 12:15:07,di 2 update belalangan ini filter di video udh ga muncul lagi. biasanya ada di atas nama pengguna
Pengguna Google,5,2026-05-27 12:14:52,jangan
Pengguna Google,3,2026-05-27 12:14:39,Saya beri bintang 🌟🌟🌟 maaf aplikasinya lama menginstal
Pengguna Google,5,2026-05-27 12:13:16,kok gk bisa bikin sorotan di tiktok
Pengguna Google,4,2026-05-27 12:12:39,bagus 😎👍
Pengguna Google,5,2026-05-27 12:10:45,"tapi tolong, tingkatkan performa tiktok, seperti tiktok lite lancar dan gak ngelag terimakasih"
Pengguna Google,3,2026-05-27 12:10:21,mau buat akun aja lama bgt kode digit nya gak dikirim kirim gimana sih kukasih bintang tiga aja kalo begitu
Pengguna Google,5,2026-05-27 12:07:48,sangat cocok untuk aku
Pengguna Google,5,2026-05-27 12:05:49,baguss bgt aplikasi berguna😍
Pengguna Google,5,2026-05-27 12:05:29,🥶
Pengguna Google,5,2026-05-27 12:04:19,mudah di gunakan
Pengguna Google,5,2026-05-27 12:04:15,benar benar bug anjir komen gw g bisa di buka tapi scroll lancar
Pengguna Google,5,2026-05-27 12:01:28,bagus aku suka sama filter filter nya yang lucu lucu sama video video nya
Pengguna Google,5,2026-05-27 12:01:16,ini sangat bagus
Pengguna Google,1,2026-05-27 11:59:29,"sangat buruk, suka gak jelas nulis apa yang muncul apa aneh banget tiktok"
Pengguna Google,3,2026-05-27 11:58:27,"brntar bentar update ,bentar bentar update,,,"
Pengguna Google,4,2026-05-27 11:57:32,menghibur
Pengguna Google,1,2026-05-27 11:56:27,aplikasi nya lemot banget
Pengguna Google,4,2026-05-27 11:55:56,"WOI KAPAN FITUR SOROTAN TIKTOK, VN DI AKUN GUA, CEPETAN GIH AKU GASABAR. APALAGI PAS MAU BUAT STORY TIKTOK TUH MENTOK 15 DETIK DOANG, VIDEO ASLINYA 30 DETIK LEBIH PADAHAL"
Pengguna Google,4,2026-05-27 11:53:55,segitu dulu ya bintang nya
Pengguna Google,5,2026-05-27 11:53:24,"Membantu mengisi waktu yang kosong sangat banyak, berinteraksi dgn segala macam type orang dan mempererat tali persahabatan serta persaudaraan sesama umat manusia guna menatap kedepan yg lebih baik. Memberikan pencerahan otak kita biar tidak buntu dan selalu berpikiran yg sehat"
Pengguna Google,1,2026-05-27 11:52:31,nggak biasa masuk tik tok
Pengguna Google,5,2026-05-27 11:50:26,bagus sekali
Pengguna Google,5,2026-05-27 11:48:45,sangat ngehibur
Pengguna Google,5,2026-05-27 11:47:59,waww bangett sieee
Pengguna Google,1,2026-05-27 11:44:44,mak jncok
Pengguna Google,1,2026-05-27 11:42:52,Tolong gua benci banget sama ini aplikasi kenapa sih setiap gua buka aplikasi nya selalu keluar sendiri dan juga hp gua langsung Restart ini gimana sih Gua mending suka tiktok dulu daripada ini gua ja udh hapus aplikasi atau game biar GK penuh ram hp gua tau tau pas gua download eh malah jadi gini dah lah gua GK suka
Pengguna Google,1,2026-05-27 11:42:42,ini knp si jadi sering banget gabisa memuat stiker
Pengguna Google,5,2026-05-27 11:40:45,josjis
Pengguna Google,1,2026-05-27 11:39:53,kenapa tiktok gabisa do install selalu stuck
Pengguna Google,1,2026-05-27 11:39:53,Ga bisa di mainni
Pengguna Google,1,2026-05-27 11:38:51,tiktok anjig babi monyet udah pakek akun lain masih aja bilang akun anda di blokir memang babi tiktok ini
Pengguna Google,2,2026-05-27 11:38:49,"masa aku mau beli barang nggak bisa, dikira nya akun ku akun bot, padahal aku emang baru bikin akun baru karena aku ganti hp, bukan untuk vocher akun baru"
Pengguna Google,1,2026-05-27 11:37:14,aplikasi jelek kebanyakan dracin sekarang udah gitu ada toko shop bikin leg dan berat aneh gk ada tujuan buat aplikasi ini
Pengguna Google,3,2026-05-27 11:36:41,habis di updet malah aplikasi lemott bgt
Pengguna Google,5,2026-05-27 11:35:38,tercanggih
Pengguna Google,1,2026-05-27 11:35:34,saya ketika membuat vidio tiktok kok tiba tiba layarnya hitam atau putih sih aku gak berhak menginstal aplikasi ini aku sangat marah aku cape cape bikin eh malah tiktaknya ngebag ah aku mau hapus tiktok
Pengguna Google,5,2026-05-27 11:34:28,Aplikasi yang sangat berguna saat gabut👍👍
Pengguna Google,5,2026-05-27 11:33:51,apk ya bagus banget bisa bikin story dan streak
Pengguna Google,5,2026-05-27 11:33:43,"saya kasih bintang lima karena apk nya bagus, tapi ada salah satu masalah yang sering saya alami yaitu setiap saya mereka video, video nya malah menjadi foto dan tidak bergerak. jadi mohon di perbaiki ya 🙂‍↕️"
Pengguna Google,5,2026-05-27 11:33:32,bagus aplikasi ini kalau bisa perbaiki pas buka langsung ke buka jangan menunggu lama kebukanya
Pengguna Google,5,2026-05-27 11:32:59,sumpah ini aplikasi fav aku sihh
Pengguna Google,1,2026-05-27 11:27:48,tidak bisa didownload
Pengguna Google,5,2026-05-27 11:26:06,Okeee
Pengguna Google,5,2026-05-27 11:24:18,agus
Pengguna Google,5,2026-05-27 11:23:49,kok gak ada fitur vn ya
Pengguna Google,2,2026-05-27 11:23:49,the tai
Pengguna Google,1,2026-05-27 11:23:36,Harus diperbaiki lagii
Pengguna Google,5,2026-05-27 11:21:57,cool
Pengguna Google,5,2026-05-27 11:21:48,good tiktok
Pengguna Google,5,2026-05-27 11:19:54,bagus
Pengguna Google,5,2026-05-27 11:18:46,ok
Pengguna Google,5,2026-05-27 11:16:30,baru upgrade. semoga bagus
Pengguna Google,4,2026-05-27 11:14:51,aplikasi menghiburkan saya
Pengguna Google,1,2026-05-27 11:13:39,"tik tok makin lama gj, anj, bab1 knt, lama bikin stres, bug² gj gk di urus, perbaiki lgi sana gobl, makin lama di biarin, makin lama otak anj lu melunjak, dsr apk gj gk minat perbaiki dsr sdm rendah lol"
Pengguna Google,3,2026-05-27 11:11:53,setiap update gw lama banget ga mucul muncul mana sorotan aja gw gaada
Pengguna Google,3,2026-05-27 11:10:06,umur nya di benerin ya
Pengguna Google,1,2026-05-27 11:10:05,aneh
Pengguna Google,1,2026-05-27 11:09:55,bagus
Pengguna Google,1,2026-05-27 11:07:29,aneh tiba² ke blokir
Pengguna Google,4,2026-05-27 11:06:31,bgus mnhibur cm jeleknya aplikasinya sering mati mati
Pengguna Google,5,2026-05-27 11:04:30,ok
Pengguna Google,5,2026-05-27 11:04:27,bagus sekali
Pengguna Google,5,2026-05-27 11:02:05,aplikasi yg sangat bermaafaat trimakasih tiktok🤗
Pengguna Google,5,2026-05-27 11:01:40,tambakan fitur yg lain min
Pengguna Google,5,2026-05-27 11:01:08,mantap
Pengguna Google,5,2026-05-27 11:00:30,bagus.....
Pengguna Google,5,2026-05-27 10:59:17,belanja dan menghibur
Pengguna Google,3,2026-05-27 10:57:02,kok di aku gk ada fitur sorotan nya ya?
Pengguna Google,4,2026-05-27 10:55:45,suka deh
Pengguna Google,1,2026-05-27 10:55:40,"kalo mau buat vt selalu eror. tiba"" HP ku malah mati total. selalu gitu, kenapa si? padahal buka app lain aman. cuma buka tiktok aja yg gajelas"
Pengguna Google,3,2026-05-27 10:54:28,bagus
Pengguna Google,4,2026-05-27 10:54:23,minus di lagu
Pengguna Google,5,2026-05-27 10:53:15,😍🙏🥰💪....
Pengguna Google,1,2026-05-27 10:51:45,kenapa tik tok shop gak ada vocer free ongkirnya... benarbenar buruk bisa mengurangi pelanggan belanja onlen
Pengguna Google,1,2026-05-27 10:49:37,"Ini fitur promosi kenapa tidak bisa dinonaktifkan,saya hanya pengguna biasa.Kenapa masih belum bisa dinonaktifkan"
Pengguna Google,1,2026-05-27 10:48:54,"dari dulu sampai sekarang kagak pernah berubah,kenapa setiap setelah update aplikasi tu kalau mau upload konten slalu kena pembatasan gtu,padahal konten juga aman2 aja GK ada melanggar,pas udh konsisten view gede, update lagi,trus upload lagi pembatasan lagi,ngentod ni developer"
Pengguna Google,1,2026-05-27 10:47:27,ga ada potongan harga
Pengguna Google,3,2026-05-27 10:47:15,"sebenarnya semua fitur nya sudah bagus, tapi tolong batas umur nya hilang kan saya hanya chat kepada teman virtual saya dan saya memberi tahu umur adik saya, sudah itu tiba² saya tidak dpt mengirim pesan karna pelanggaran umur, saya mohon buka kan kembali karna saya sudah membuat streak hampir 2 tahun tetapi hilang begitu saja...."
Pengguna Google,4,2026-05-27 10:45:07,tapi jarang bisa di download
Pengguna Google,5,2026-05-27 10:44:54,keren BERGAUL BRO
Pengguna Google,5,2026-05-27 10:43:42,ok
Pengguna Google,4,2026-05-27 10:42:22,bagus banget
Pengguna Google,5,2026-05-27 10:40:53,"bagus, Aku suka bgt karena disini bisa liat video video yg seru dan dll disini juga bisa foto foto seru ih, smngt developer buat bkin app lain❤️"
Pengguna Google,1,2026-05-27 10:40:37,tidak bagus hapus saja dari playstore merugikan pengguna kebanyakan aturan
Pengguna Google,5,2026-05-27 10:40:33,kok aku belum ada sorotan nya
Pengguna Google,1,2026-05-27 10:40:12,"tiktonya buat hp aku rusak,pertama download baik baik saja tapi gele udah lama lama semakin aneh aneh 😠 tiktonya"
Pengguna Google,3,2026-05-27 10:38:30,"tiktok lo makin gila, lg enak enaknya scroll muncul iklan drama barat laki sama laki cipokan, kalo gak gitu iklan drama cina adegan suami istri, heh lo gila, ngracuni bokep, sehari aku ngeblokir 5 iklan jir"
Pengguna Google,5,2026-05-27 10:38:10,"ini aplikasi bagus bgt si top1 dri semua aplikasi,seru aja gitu scroll tiktok terus bisa bikin streak(api) dgn teman jdi kek menghibur bgt ter the best si aplikasi satu ini,lopyuu tiktok🫰🏻🤙🏻"
Pengguna Google,5,2026-05-27 10:37:00,aplikasi bagus semoga saya jadi terkenal follow Gudang Cotek ya
Pengguna Google,1,2026-05-27 10:36:22,tambahkan metode bayar dengan indomaret dan alfamart
Pengguna Google,5,2026-05-27 10:35:44,kokk gada foto live
Pengguna Google,5,2026-05-27 10:35:01,bahus
Pengguna Google,1,2026-05-27 10:34:55,"aplikasi banyak bgt Buzzer monyet pemerintah nya, konten menyesatkan mulu"
Pengguna Google,4,2026-05-27 10:34:22,"aku cukup sering main tiktok dan aku sejujurnya juga suka aplikasi ini, tapi aku sering kesusahan untuk menghapus video"" yang aku repost (misalnya dari beberapa bulan lalu atau tahun lalu) karna gak bisa ngehapus langsung beberapa dan perlu satu satu ngehapus nya, menurut ku itu cukup menghabiskan cukup banyak waktu apalagi harus cape"" scroll, jadi aku cuma kasih saran untuk buat update biar bisa hapus repostan yang banyak daripada satu satu, terimakasih. ☺️"
Pengguna Google,5,2026-05-27 10:32:59,"aplikasi sudah bagus, tapi terasa sangat Lemot"
Pengguna Google,5,2026-05-27 10:32:36,bisa membuat lebih banyak filter efek dan lainya banyak fitur baru yang seru di tik tok
Pengguna Google,5,2026-05-27 10:32:10,aplikasi nya bagus tapi sayang nya ngabisin banyak baterai
Pengguna Google,5,2026-05-27 10:31:40,Tik Tok rating sejuta porsen orang nrotok nrotok sayangku
Pengguna Google,5,2026-05-27 10:31:14,sangat bagus
Pengguna Google,5,2026-05-27 10:31:03,mgnal semua pengalaman
Pengguna Google,5,2026-05-27 10:30:04,Seru sekali
Pengguna Google,1,2026-05-27 10:21:48,"apa²an, telat bayar pay later sehari kena denda 80rb, dan bener² kena denda segitu, ok lah ngajarin sipengutanh tepat waktu, tp ttp gak tepat caranya, saya akan uninstal dan gak akan pernah belanja lagi"
Pengguna Google,1,2026-05-27 10:19:05,sering error
Pengguna Google,1,2026-05-27 10:17:58,APLIKASI TOLOL LOGIN FB AJA GABISA
Pengguna Google,5,2026-05-27 10:16:51,gacor
Pengguna Google,5,2026-05-27 10:14:58,lama banget proses nya tapi nonton nya seru bgttttt
Pengguna Google,5,2026-05-27 10:13:56,aplikasi tersukanya aku bgttttt
Pengguna Google,5,2026-05-27 10:13:09,bagus banget bisa belajar lewat apk ini
Pengguna Google,5,2026-05-27 10:06:36,bagus buat usaha
Pengguna Google,5,2026-05-27 10:05:40,wow
Pengguna Google,5,2026-05-27 10:00:26,gagah iye apk
Pengguna Google,5,2026-05-27 09:59:28,selalu menemani hari2 ku
Pengguna Google,3,2026-05-27 09:56:19,balikin vitur vn gw😭😭
Pengguna Google,4,2026-05-27 09:55:23,"di akun aku gaada sorotannnnn,TIKTOK AKU JUGA MAU PUNYA SOROTANNNNN"
Pengguna Google,5,2026-05-27 09:54:12,Baikk
Pengguna Google,5,2026-05-27 09:52:29,Sangat bagus
Pengguna Google,4,2026-05-27 09:51:59,"kenapa akun saya keluar sendiri ketika sedang menonton live dan ingin mengklaim poin love orange, tolong di bantu perbaiki om admin Terima kasih"
Pengguna Google,5,2026-05-27 09:48:52,i like tiktok
Pengguna Google,1,2026-05-27 09:46:54,"elor terus, suka ngembali sendiri padahal udah sesuai di update"
Pengguna Google,5,2026-05-27 09:45:27,𐌔𐌵𐌌𐌓𐌀𐋅 𐌔𐌄𐌐𐌵 𐌁𐌀𐌍Ᏽ𐌄𐌕
Pengguna Google,1,2026-05-27 09:44:14,ㅤㅤㅤ
Pengguna Google,1,2026-05-27 09:43:38,"sangat buruk.tidak teliti ,HOBY nya bikinpelanggaran gajelas .aplikasi plenger"
Pengguna Google,4,2026-05-27 09:43:31,banyak sekali yang tidak dapat fitur baru kalo bisa semuanya dapat fitur baru jangan pilih kasih
Pengguna Google,2,2026-05-27 09:42:25,aku mau beta😭😭😭
Pengguna Google,5,2026-05-27 09:41:00,tapi akun saya sering telbelokir
Pengguna Google,3,2026-05-27 09:39:14,aplikasinya bagus tapi aku kenapa selalu dikeluarkan dari tiktok padahal aku tidak buat apa-apa
Pengguna Google,5,2026-05-27 09:38:27,bagus buat bahan gabut dan hiburan
Pengguna Google,1,2026-05-27 09:35:43,"saya mau login ke akun saya malah ke akun kedua saya maunya ke akun pertama sering terjadi dan setiap saya pake aplikasi ini selalu SAJA ERROR ""TIKTOK TIDAK MENGAGGAP"" perbaiki lagi. dan banyak sekali iklan yang nganggu banget kayak iklan judi"
Pengguna Google,5,2026-05-27 09:32:00,my paporit
Pengguna Google,2,2026-05-27 09:31:13,tidak bisa mengabdet aplikasi ini
Pengguna Google,1,2026-05-27 09:31:06,saya kelahiran 2005 tapi akun saya katanya dibawah umur
Pengguna Google,5,2026-05-27 09:29:16,udah lama blom hasilkan cuan
Pengguna Google,3,2026-05-27 09:28:50,"aneh, gabisa liat story orang yang tag kita"
Pengguna Google,5,2026-05-27 09:28:22,bagus
Pengguna Google,2,2026-05-27 09:27:50,makin di perbarui maalh makin ngelek.
Pengguna Google,5,2026-05-27 09:27:21,sudah ada fitur VN
Pengguna Google,4,2026-05-27 09:24:46,kok akun gw gak bisa dapat notif koment dari orang lain ya? padahal di pengaturan bisa terima komentar...
Pengguna Google,5,2026-05-27 09:20:38,"langsung tk kasih bintang 5,pokok titok okeeee."
Pengguna Google,5,2026-05-27 09:19:12,tiktok sangat bagus mendukung kita membuat kita jadi percaya diri
Pengguna Google,5,2026-05-27 09:17:12,Reward nya asli nyata uangnya.. Semoga di tambah lagi reward tiktok nya
Pengguna Google,5,2026-05-27 09:14:19,bagus
Pengguna Google,5,2026-05-27 09:12:40,"mohon di bantu dong kok akhir-akhir ini jumlah like kok sedikit, padahal udah ngikutin wawasan creator masih saja like jumlah sedikit, sekian dan terimakasih.."
Pengguna Google,5,2026-05-27 09:11:15,Baguss bangett
Pengguna Google,5,2026-05-27 09:07:13,baik
Pengguna Google,1,2026-05-27 09:07:03,sangat cocok untuk live
Pengguna Google,5,2026-05-27 09:06:52,bagus banget untuk membuat velocity
Pengguna Google,5,2026-05-27 09:05:37,sangat membantuh
Pengguna Google,5,2026-05-27 09:00:49,bagus tiktok ini kan btw
Pengguna Google,1,2026-05-27 09:00:07,Terimakasih tiktok karna aku sudah mencapai 1k followers jadi aku berterima kasih padamu
Pengguna Google,5,2026-05-27 08:59:39,Wolfram waw Hanif sex all wallpaper
Pengguna Google,4,2026-05-27 08:57:48,bagus dan menghibur tapi ada bug di saya kok upload malah ngestuck
Pengguna Google,1,2026-05-27 08:56:38,gue aja cuma videoin kambing yang lagi disembelih lalu juga malah kena pelanggaran ya kalau manusia mah gua sensor kalau hewan kurban ya enggak ini mah namanya bukan aplikasi Tik Tok namanya aplikasi tolol
Pengguna Google,1,2026-05-27 08:56:35,"banyak nya pengguna wanita yang menjual sensualitas berkedok lipsiync dan berjoget hot demi pengikut dan like,mirisnya banyak wanita yang sudah berkeluarga dan menjadi tren,dan endingnya maraknya kasus perselingkuhan seorang istri yang berujung naiknya angka perceraian serta membuat orang ragu dan meremehkan sebuah pernikahan dan membina keluarga"
Pengguna Google,1,2026-05-27 08:56:33,jelek
Pengguna Google,5,2026-05-27 08:54:47,asik bagus tapi mines nya gak bisa nonton bokep
Pengguna Google,5,2026-05-27 08:51:09,seruuuu bgt njirr
Pengguna Google,5,2026-05-27 08:50:53,aplikasi nonton film the first to review
Pengguna Google,3,2026-05-27 08:46:26,update telat
Pengguna Google,5,2026-05-27 08:44:31,sangat bangus
Pengguna Google,1,2026-05-27 08:43:14,"woi tiktok, apa maksud ini my streak sm khai 30?????!!!!😠😠😠 harusnya 300 yh tiktok. dasar tiktok korupsi, boikot, bintang 1🤬🤬🤬🤬🤬😠😠😠"
Pengguna Google,5,2026-05-27 08:43:12,tiktok plsss tolong nich yawhwww bikinin fitur bisa balikin akun yang udah hilang lama tanpa sandi plss maksud ku kaya cuman pake Gmail aja tapi Gmail nga gak bertaut gitu plss gamon akun tiktok aku yang lama 🥳🤤🤤🤤balikin tiktok plss balikin aku kangen sama akun aku yang dulu gimana cara balikinnya pls balikin gak balikin apa lagi kalo bikin api di akun ku yang itu pasti seru anjg balikin gak akun tiktok aku yang itu
Pengguna Google,5,2026-05-27 08:43:07,tikyok sangat bgus smus media di tampung bbess lah
Pengguna Google,5,2026-05-27 08:42:25,seru
Pengguna Google,5,2026-05-27 08:42:06,"baguss bikin ak happy teruss,pokonya loveee dehh buatt tiktokk,maksihhh udahhh bikinn akuu happy terus💗💗💗"
Pengguna Google,5,2026-05-27 08:41:14,bagus banget
Pengguna Google,1,2026-05-27 08:39:02,so much bug
Pengguna Google,5,2026-05-27 08:35:07,bisa berkenalan dg bayak orang dg berbage negara
Pengguna Google,2,2026-05-27 08:34:13,Aku pengen live
Pengguna Google,5,2026-05-27 08:33:34,boleh tahu fitur yang baru gimana nih posisinya nggak ada yang manjur lagi nggak ada yang lagi banyak udah banyak dilarang gitu
Pengguna Google,5,2026-05-27 08:31:37,aplikasi ini sangat bagusss🤩🤩👍👍👍👍
Pengguna Google,3,2026-05-27 08:30:02,aka gak bisa but akun🙄😒
Pengguna Google,5,2026-05-27 08:29:28,bagus bangettt
Pengguna Google,5,2026-05-27 08:29:14,seru
Pengguna Google,5,2026-05-27 08:28:24,lopp suka bangettt keren fitur nya cuma kata aku buat Mimin tiktok kalo ada yang sus konten apa itu tolong langsung di blokir atau lacak alamat
Pengguna Google,5,2026-05-27 08:26:43,semoga dapat hadiah besar 😁😁😁😁
Pengguna Google,4,2026-05-27 08:24:35,welll ahhh
Pengguna Google,1,2026-05-27 08:21:09,sering keluar tiba² dr aplikasi.. pada saat live banyak pelanggaran.. padahal cuma nyanyi doang
Pengguna Google,5,2026-05-27 08:20:48,bisa liat bokep setiap hari
Pengguna Google,5,2026-05-27 08:20:46,no comment tetapi ini ngebantu banget pas gw gabut dan ada fitur nonton offline dant tiktok pls banyakin lagi vid offline nya🤑
Pengguna Google,1,2026-05-27 08:17:25,kenapa koin saya belum masuk padahal sudah bayar
Pengguna Google,3,2026-05-27 08:16:43,"penyimpananku udh aku kosongin + jaringanku udh bagus malah aku buka tiktok NGELAG PARAH gw mau scroll scroll kayak biasa loh tiktok aku udh pernah ngalamin, di perbaiki dong tiktok ku 🙂"
Pengguna Google,5,2026-05-27 08:14:25,Mantaaaap
Pengguna Google,5,2026-05-27 08:12:45,ok
Pengguna Google,1,2026-05-27 08:12:14,"Aplikasi nya sangat bagus dan sangat Perfect, tapi tolong tiktok untuk banned orang plenger ditiktok, ganggu anj"
Pengguna Google,5,2026-05-27 08:11:49,prikitiw
Pengguna Google,5,2026-05-27 08:10:32,sangat bagus
Pengguna Google,5,2026-05-27 08:09:32,samgat membantu
Pengguna Google,1,2026-05-27 08:08:16,tiktok bangsat
Pengguna Google,5,2026-05-27 08:07:53,👍👍👍👍👍
Pengguna Google,5,2026-05-27 08:07:52,boleh jadi akan tetapi juga dapat digunakan untuk membuat sebuah karya seni yang tinggi dan sekarang dia sudah tidak ada komentar aku tidak bisa VN di Kupang kalo mama liat di Kupang kalo mama liat di Kupang kalo mama liat di Kupang kalo mama liat di Kupang kalo ada yg mau di Kupang dan ini merupakan penelitian yang digunakan sebagai tempat penyimpanan dan informasi hak itu tidak 🙂‍↔️🤪🫪🫪🫪🫪 di Kupang kalo mama liat di tahun Baru Islam yang paling sering ditemukan di tahun Baru Islam di isi
Pengguna Google,1,2026-05-27 08:06:53,Maruk banget aplikasinya.
Pengguna Google,4,2026-05-27 08:02:22,vn cara vn
Pengguna Google,1,2026-05-27 08:02:02,karena malah ada tutup aplikasi ini pokokny tiktok pas abgret malah jadi ngeleh saya kasih nilai 0
Pengguna Google,2,2026-05-27 08:01:50,menjijikan
Pengguna Google,5,2026-05-27 08:01:21,bagus bangat tapi akun aku di blokir gara² adik aku selalu matiktok dihp aku
Pengguna Google,5,2026-05-27 08:01:15,enak banget
Pengguna Google,1,2026-05-27 08:01:05,pas masuk ada tulisan tiktok tidak menanggapi tolong di perbaiki aku tidak bisa main tiktok lagi
Pengguna Google,5,2026-05-27 07:54:21,sangat senang
Pengguna Google,5,2026-05-27 07:51:57,"saya perwakilan famili tiktok , saya famili besar !!! ingin lapor, makin lemot aplikasi tiktok , hp saya ram 4 GB lhoh weee"
Pengguna Google,3,2026-05-27 07:47:58,gjls draft tiktok kdang muncul kdang ilang sumpah aneh bgt
Pengguna Google,5,2026-05-27 07:47:55,bagus
Pengguna Google,1,2026-05-27 07:45:02,"kepada tikt tok yang terhormat. saya sangat sedih karena akun saya yang kemaren sudah saya tutup pernanent, padahal akun saya sudah berkembang dan saya adalah pelanggan terbesar belanja online tiktok shop. sebab saya menutup akun saya karena saya kesal karena saya selalu di buat kena pelanggaran misal waktu koment.padahal banyak konten yang melanggar komunitas bahkan konten tersebut dapat memicu perpecahan serius tetapi tidak di beri sanksi. terimakasih.."
Pengguna Google,5,2026-05-27 07:43:33,bagus
Pengguna Google,3,2026-05-27 07:42:52,"filternya ga sesuai sama wajah, malah kaya muka""arap ga sesuai"
Pengguna Google,5,2026-05-27 07:40:41,mayan
Pengguna Google,5,2026-05-27 07:40:15,bagus
Pengguna Google,5,2026-05-27 07:40:10,bagus sihh
Pengguna Google,5,2026-05-27 07:39:17,seru kenal Tik tok 🤗
Pengguna Google,4,2026-05-27 07:37:36,pliss aku gak ada fitur vn🥺🥺
Pengguna Google,5,2026-05-27 07:36:53,aplikasi nya sangat bagus untuk menghivur
Pengguna Google,1,2026-05-27 07:36:29,"saya tidak bisa buat akun di tiktok karna pelanggaran komunitas, padahal umur saya udah 19 tahun"
Pengguna Google,5,2026-05-27 07:34:58,heeh
Pengguna Google,3,2026-05-27 07:33:16,"ini apk bikin hp cepat panas bisa"" meledak"
Pengguna Google,5,2026-05-27 07:31:01,mantapp
Pengguna Google,3,2026-05-27 07:30:01,"ngelag bgt , umur di atas 18 kena pelanggaran di bawah umur"
Pengguna Google,1,2026-05-27 07:30:00,"bisa gak sih stop ngasih fyp yang gak ku suka. udah klik gak tertarik masih aja suka muncul. terus video video drama AI itu ngeselin bgt sering muncul, padahal dah pencet gak tertarik. sama satu lagi, kenapa sih setiap gak sengaja pencet kamera, volume suara langsung naik sendiri tanpa ku naikin? terus juga kenapa kamera tiktok pasti cahayanya terang bgt bikin silau😡"
Pengguna Google,3,2026-05-27 07:29:33,di akun ku tik tok shop nya diganti jadi vt teman
Pengguna Google,5,2026-05-27 07:24:51,sangat seru
Pengguna Google,2,2026-05-27 07:23:27,kok gua Baro post vidio gak ada yang salah sama suaranya kok suaranya di bisukan si salah apa voba
Pengguna Google,5,2026-05-27 07:22:35,"Thank tik tok telah menemaniku di waktu luang, tapi sayang sekarang udah ga bisa buat scroll tik tok, wajar hp kentang keluaran 2018. Mudah-mudahan kalau ada rezeki lebih bisa beli hp keluaran terbaru biar bisa buat scroll tik tok lagi"
Pengguna Google,5,2026-05-27 07:20:25,"𝙗𝙖𝙣𝙜𝙪𝙨𝙨𝙨𝙨 𝙠𝙖𝙧𝙚𝙣𝙖 𝙗𝙞𝙨𝙖, 𝙡𝙞𝙖𝙩 𝙘𝙝𝙚𝙣 𝙮𝙞𝙝𝙚𝙣𝙜 𝙢𝙮 𝙝𝙪𝙨𝙗𝙖𝙣𝙙"
Pengguna Google,3,2026-05-27 07:19:13,Overall bagus si cuma kalo mau search di pencarian vidio yang muncul gak nyambung sama yanv dicari mungkin bisa diberbaikii
Pengguna Google,1,2026-05-27 07:16:55,kok di ttku gada postingan ulangg
Pengguna Google,1,2026-05-27 07:15:20,banyak yang nomong kasarrrrrr
Pengguna Google,1,2026-05-27 07:12:40,gak jelas
Pengguna Google,4,2026-05-27 07:12:23,aplikasi ini gak terlalu bagus karena pelayanan nya
Pengguna Google,5,2026-05-27 07:11:49,sangat bagus
Pengguna Google,5,2026-05-27 07:11:34,halo tiktok saya menyukai vidio dan menghibur banget.
Pengguna Google,5,2026-05-27 07:04:04,bagus banget tapi belum dapat vn
Pengguna Google,3,2026-05-27 07:03:43,tiktok plss jangan lag bgt😌
Pengguna Google,5,2026-05-27 07:03:23,sangat mudah menggunakan nya
Pengguna Google,4,2026-05-27 07:03:16,👍😎
Pengguna Google,1,2026-05-27 07:02:37,isinya pembokwp cok
Pengguna Google,4,2026-05-27 07:01:35,bukti mang baya
Pengguna Google,5,2026-05-27 07:01:10,"bagus tapi baru masuk dah kena, pembatasan usia"
Pengguna Google,2,2026-05-27 07:00:46,"buat vidio pas di simpen suaranya ga kebawa anjr, pdhl dh bolak balik gw simpen bkin emosi aja deh perbaiki deh ini jdi mls buka tt pdhl buka tt aja cmn buat ft"""
Pengguna Google,5,2026-05-27 07:00:13,mantap
Pengguna Google,1,2026-05-27 06:59:55,tiba-tiba berkurang jumlah like suka di akun profil saya. makin parah ini tok-tok
Pengguna Google,3,2026-05-27 06:59:47,"apk nya sih bagus, tpi krna ada fitur pembatasan umur, saya tidak bisa menghidupkan streak saya, tolong perbaiki fitur ini agar kami bisa menghidupkan streak kami"
Pengguna Google,5,2026-05-27 06:59:01,"bagus, tapi saya blum kebagian vn"
Pengguna Google,4,2026-05-27 06:56:17,lumayan
Pengguna Google,4,2026-05-27 06:55:10,lumayan berguna la
Pengguna Google,1,2026-05-27 06:54:38,gak masuk ke hp ku 😂😂😂😂
Pengguna Google,3,2026-05-27 06:52:26,karna nonton tiktok saya bisa melihat tutorial flado rupay 🔥🔥🔥🔥🐟
Pengguna Google,5,2026-05-27 06:52:25,seru
Pengguna Google,5,2026-05-27 06:52:14,ya itu deh ada deh
Pengguna Google,1,2026-05-27 06:51:26,app buruk suka kluar masuk sendiri tik tok tidak menanggapi apaan dah app busukkk sebusuk2nya anjj
Pengguna Google,5,2026-05-27 06:51:13,tiktok yang pastinya mantap 👍😎👍😎😎😎😎
Pengguna Google,4,2026-05-27 06:50:07,kasi fitur vn dong min
Pengguna Google,1,2026-05-27 06:49:42,fitr gk ad
Pengguna Google,5,2026-05-27 06:48:41,mosok NK pe bukak aplikasi titok ko keluwar keluwar trus ee pdh Ig wa biasa wae mosok titok tok
Pengguna Google,5,2026-05-27 06:48:14,bagus poul
Pengguna Google,5,2026-05-27 06:47:28,bagus
Pengguna Google,5,2026-05-27 06:46:56,aplikasi yg sangat bagus di aku.. bisa nonton sambil cari cuan dari hasil nonton drama
Pengguna Google,5,2026-05-27 06:46:06,aplikasi nya gak ada vitur vn
Pengguna Google,5,2026-05-27 06:45:46,karna kita bisa ber komunikasi dengan teman jauh kita😋
Pengguna Google,5,2026-05-27 06:43:25,dapat poin reward
Pengguna Google,1,2026-05-27 06:43:17,baik dan tidak perlu bukti
Pengguna Google,5,2026-05-27 06:42:16,tiktok bikin seru
Pengguna Google,2,2026-05-27 06:40:47,Pilih kasih Aku ga bisa vitur Vn dan Teleponan
Pengguna Google,1,2026-05-27 06:39:37,ga ada sorotannya
Pengguna Google,5,2026-05-27 06:38:14,sangat bagus dan sangat menghibur pertahankan terus supaya lebih baik lagi
Pengguna Google,5,2026-05-27 06:34:07,𝕜𝕖𝕣𝕖𝕟𝕟𝕟𝕟
Pengguna Google,1,2026-05-27 06:33:11,kenapa tidak bisa Kase maso akun saya?😡
Pengguna Google,4,2026-05-27 06:32:08,👍
Pengguna Google,4,2026-05-27 06:30:48,"tiktok adalah aplikasi yang sangat seru tapi kadang aku selalu ketinggalan update contohnya,vn dll mohon ya cepet cepet kasih aku vn"
Pengguna Google,5,2026-05-27 06:30:41,saya tidak bisa memdonglod tiktok
Pengguna Google,1,2026-05-27 06:30:08,akun tiktok ku di blokir secara permanen padahal ga ngelakuin apa apa
Pengguna Google,5,2026-05-27 06:27:46,tiktok bagus si kasih fitur vn dong tiktok plis biar bagus ror kalok gabut liatin tiktok aja
Pengguna Google,5,2026-05-27 06:25:54,bagus sekali
Pengguna Google,4,2026-05-27 06:24:07,Saya tidak mempunyai fitur atur menjadi wallpaper jadi tolong ya di perbarui
Pengguna Google,5,2026-05-27 06:22:08,ini bagus aplikasi nya menemani kita di saat gabut tapi coba jangan update Mulu etdah
Pengguna Google,5,2026-05-27 06:18:49,mantap
Pengguna Google,3,2026-05-27 06:18:47,kurang aes tetikkk
Pengguna Google,5,2026-05-27 06:18:34,keren
Pengguna Google,1,2026-05-27 06:17:13,terlalu lambat
Pengguna Google,4,2026-05-27 06:13:18,"tiktok ku kenapa gak bisa upload video di tiktok?, kalau upload video di tik tok malah gagal atau biasnya masuk ke draf, tolong beri cara untuk masalah ini"
Pengguna Google,5,2026-05-27 06:12:41,seruuu
Pengguna Google,1,2026-05-27 06:12:09,saya sangat kecewa kenapa saya tidak bisa buat akun kembali seperti semula 😔😔😔
Pengguna Google,5,2026-05-27 06:11:16,enak tapi nggak bisa vn
Pengguna Google,5,2026-05-27 06:10:06,mengonten kreator
Pengguna Google,1,2026-05-27 06:09:50,tolong knpa tiktok saat saya nonton knpa keluar sendiri tolong perbaikin tiktok
Pengguna Google,1,2026-05-27 06:09:34,tidak apa apa
Pengguna Google,5,2026-05-27 06:08:23,mantap
Pengguna Google,5,2026-05-27 06:08:07,aplikasi yang berguna
Pengguna Google,3,2026-05-27 06:07:14,approve lah🫳🏻
Pengguna Google,5,2026-05-27 06:06:24,bagus
Pengguna Google,1,2026-05-27 06:05:29,coook ngelag bet pas ngedit jadi males ngonten di capcut aja edit kaya gitu ga ngelag ini ngelag banget tiktok perbaiki lah ininya tempat edit nya
Pengguna Google,5,2026-05-27 06:04:45,min fitur bubble cht nya di banyakin ya yg lebih lucu²
Pengguna Google,5,2026-05-27 06:04:37,ada vitur vn nya
Pengguna Google,3,2026-05-27 06:02:39,stelah kami perbarui tik tok hasilnya makin lemot kalau mau give kalau mau pakai filter dan sering juga eror sistem penangguhan hadiah
Pengguna Google,1,2026-05-27 06:01:24,sering down
Pengguna Google,1,2026-05-27 06:01:10,Gak bisa di instan
Pengguna Google,5,2026-05-27 06:00:08,josjiss
Pengguna Google,5,2026-05-27 05:59:04,apk nya bagus ga bkin bosen
Pengguna Google,5,2026-05-27 05:57:03,ini pokoknya bagus
Pengguna Google,5,2026-05-27 05:56:37,bagus sayaa sukaaa apps iniii😝
Pengguna Google,4,2026-05-27 05:51:43,baguss sihh cumann kadang kalo lagi enak enak scroll malah tiba tiba keluar dari tiktok jadi tolong di perbaiki ya min
Pengguna Google,5,2026-05-27 05:50:28,"Halo tim TikTok,Jujur saya tiap hari buka TikTok dan betah banget. Tapi belakangan ini, saya sama teman-teman ngerasa ada yang kurang pas lagi seru-serunya ngobrol di DM atau Story. Jadi, saya mau kasih masukan jujur nih:Musik di Catatan: Tolong banget adain fitur lagu di Catatan. Kadang kalau lagi galau atau seneng, pengen banget pamer lagu yang lagi didengerin ke mutualan, biar Catatan gak sepi teks doang.Fitur Telepon: Capek banget kalau lagi bahas proyek video atau lagi seru ngegossip di DM"
Pengguna Google,5,2026-05-27 05:50:01,bagus
Pengguna Google,5,2026-05-27 05:48:57,inspirator belajar pengetahuan info berita terangkum semua dalam satu aplikasi
Pengguna Google,1,2026-05-27 05:48:51,Jelek
Pengguna Google,5,2026-05-27 05:46:35,efek nya sangat bagus tapi kenapa sekarang kembali ke jaman dahulu?
Pengguna Google,2,2026-05-27 05:39:56,"sering keluar sendiri,bikin hp eror,sering tiba2 gak bisa di pencet,payah"
Pengguna Google,5,2026-05-27 05:38:42,min? aku blum bisa vn
Pengguna Google,3,2026-05-27 05:37:50,sebenarnya semenjak saya mendownload tiktok baik baik saja. tpi sekarng kenpa yh biasanya sering tiba' keluar sendiri dari tiktok? sering banget. semoga setelah update tidak ada lgi.
Pengguna Google,1,2026-05-27 05:36:24,"karna saya sudah mengulang"" kali meng update tetap saja harus mengulanginya"
Pengguna Google,4,2026-05-27 05:36:09,70% lari hidup mu
Pengguna Google,5,2026-05-27 05:34:59,bagus
Pengguna Google,5,2026-05-27 05:32:37,jadi bisa dm an sama crush
Pengguna Google,4,2026-05-27 05:32:07,jossssjis
Pengguna Google,1,2026-05-27 05:30:55,"masa akun aku ilang dua kali njir apaan, di benari lagii lahhh,anjir lah"
Pengguna Google,1,2026-05-27 05:29:51,ahh susah banget bikin akun di tiktok nya gak jadi jadi terus
Pengguna Google,1,2026-05-27 05:29:14,lolo
Pengguna Google,5,2026-05-27 05:28:52,apakah Anda ingin bertanya ke titok
Pengguna Google,5,2026-05-27 05:27:05,bagus bangett tapi tolong dong ada beberapa komen jorok tuh jangan diliatin ya
Pengguna Google,5,2026-05-27 05:26:51,seru
Pengguna Google,5,2026-05-27 05:26:12,𝗌𝖾𝗋𝗎
Pengguna Google,4,2026-05-27 05:25:28,selalu seru di tonton tapi sering ngeleg
Pengguna Google,5,2026-05-27 05:24:22,sangat menarik
Pengguna Google,1,2026-05-27 05:24:18,"Akun saya di tandai 'Akun tidak direkomendasikan' sementara saya mencoba mengajukan banding, tapi sistem TikTok selalu muncul ""Network issue, please try again later"" PADAHAL INTERNET SAYA SUDAH BAGUS BARU DI ISI!!! DIMANA MODERATOR MANUSIA??? KENAPA DENGAN SISTEM KALIAN INI??? Bukannya perbaiki masalah sistem, malah hanya bug dan pengalaman penggunaan saja yang di urus. Kami menggunakan TikTok juga MENGGUNAKAN AKUN UNTUK MEMBUAT KONTEN DI TIKTOK."
Pengguna Google,5,2026-05-27 05:23:00,the best 👍👍👍👍👍
Pengguna Google,5,2026-05-27 05:22:57,Zoya
Pengguna Google,5,2026-05-27 05:22:00,mantap
Pengguna Google,5,2026-05-27 05:21:35,sangaat bagus
Pengguna Google,1,2026-05-27 05:20:11,sangat buruk semenjak update ada pembatasan usia di bawah 16 tahun kalo gak ada bocil bocil tiktok gak mungkin rame lu gua doain kalo kagak lu cabut ni peraturan gua doain perusahaan lu bangkrut saham di cabut dll sampe jadi miskin dah lu
Pengguna Google,5,2026-05-27 05:18:29,makasih tik tok cukup menghibur
Pengguna Google,5,2026-05-27 05:18:03,min aku di bilang seleb sama orang orang🥰 makasih min sudah kasih banyak like like ❤️‍🩹
Pengguna Google,2,2026-05-27 05:16:10,Nyesel Gw Kenapa Ada Iklan Judi Online Padaha Bahaya Nii Kenapa Ga Di Blokir
Pengguna Google,5,2026-05-27 05:13:48,"melalu tiktok saya bisa bertemu dgn keluargaku yg lama tak pernah bertemu, terima ksh tiktok"
Pengguna Google,5,2026-05-27 05:12:01,seru dan infinity scroll
Pengguna Google,5,2026-05-27 05:09:23,mantap
Pengguna Google,5,2026-05-27 05:08:08,bagus banget aplikasi nya
Pengguna Google,5,2026-05-27 05:07:32,ini bagus sekali
Pengguna Google,5,2026-05-27 05:07:14,opsional
Pengguna Google,5,2026-05-27 05:06:45,ok
Pengguna Google,4,2026-05-27 05:06:23,velocity nya udh g smooth
Pengguna Google,5,2026-05-27 05:04:28,ok
Pengguna Google,3,2026-05-27 05:04:22,"saya minta tolong update nya lebih baik jngan sering"" gak semua HP kuat. saya minta tolong dan mohon di baca ya? 🙏"
Pengguna Google,1,2026-05-27 05:03:56,tiktok kontol
Pengguna Google,1,2026-05-27 05:03:33,"GAMAU GW KASIH 5 BINTANG, BABI, ASU JEMBUT NI APLIKASI EROR TRUS!"
Pengguna Google,4,2026-05-27 05:01:34,aplikasi nya bagus bgt sudah ada permainan jadi bagus banget tapi banyak konten terlarang ya (＾ｖ＾)
Pengguna Google,5,2026-05-27 05:01:23,"TikTok nya bagus tapi ada bug ,, bugnya itu KLO kita habis voucher atau data itu masih bisa nonton kira kira knp? ya jadi tolong di perbaiki ehh tunggu developer jangan di perbaiki soalnya data saya habis dan saya mau nonton TikTok kan biar data habis masih bisa nonton"
Pengguna Google,1,2026-05-27 04:56:48,bisa GK sih klo mau update tuh ga harus make penyimpanan penuh lh?
Pengguna Google,1,2026-05-27 04:56:15,kami gak ada vn
Pengguna Google,3,2026-05-27 04:55:10,tolong tiktok tingkatkan performa nya saya buka tik tok selalu hang dulu terus pas scrol tiba tiba macet keluar sendiri GK nyaman buat buka tik tok
Pengguna Google,5,2026-05-27 04:53:48,sangat menghibur
Pengguna Google,5,2026-05-27 04:53:37,apk nya bagus
Pengguna Google,3,2026-05-27 04:53:27,baguss
Pengguna Google,5,2026-05-27 04:53:09,Alhamdulillah dgn adanya tiktok bisa terhibur dan bisa mengapresiasikan foto2 dgn berbagai macam apa lg ditambah adanya tiktok sob pokoknya seneng banget
Pengguna Google,3,2026-05-27 04:51:58,belum bisa fitur vn
Pengguna Google,5,2026-05-27 04:51:56,bagus banget loh 🍓🌴
Pengguna Google,1,2026-05-27 04:49:59,gajelas banyak bug
Pengguna Google,5,2026-05-27 04:47:57,suka bgt
Pengguna Google,5,2026-05-27 04:47:44,sangat berguna
Pengguna Google,5,2026-05-27 04:47:07,"Bagus dan nyaman di gunakan dan mengibar di waktu lung, gara gara ada tiktok aku selalu bisa melihat idola ku dan ibu ku di luar sana yang sudah hilang no hp nya aku sangat berterima kasih sama tiktok"
Pengguna Google,5,2026-05-27 04:44:21,suka pollll
Pengguna Google,1,2026-05-27 04:43:56,kenapa gabisa di update
Pengguna Google,1,2026-05-27 04:41:16,"sangat buruk,akun saya tidak bisa untuk mengirim pesan langsung"
Pengguna Google,1,2026-05-27 04:39:25,aplikasi sangar aneh masa di hp baru sndat sendat
Pengguna Google,1,2026-05-27 04:38:46,"saran aja nih, kalo bikin iklan gausah nipu pake tanda silang (padahal bukan tanda buat keluar tp tanda yang dipasang biar penonton iklan ketipu). Itu penipuan namanya. Ga malu?"
Pengguna Google,5,2026-05-27 04:37:21,baguss banget tapi pas ngubah tanggal lahir harus di verifikasi
Pengguna Google,4,2026-05-27 04:37:00,"baguss, tapi ngelag pas mau selfie yaa,kalo wifi nya yg salah maafin ya tiktokk"
Pengguna Google,5,2026-05-27 04:36:13,seru bgt bisa nonton yg lucu
Pengguna Google,5,2026-05-27 04:35:38,aplikasi yang sangat bagus dan sangat membantu untuk kejutan online
Pengguna Google,5,2026-05-27 04:35:20,Saya Yakin Aplikasi Ini Bagus Untuk Saya
Pengguna Google,1,2026-05-27 04:34:11,"bangke lu tiktok...... selalu force close tiba2 dan buat ngelag handphone!, padahal spek handphone kuat buat multitasking dan gaming.... melebihi main GTA V 5 fps smooth bangke nge lag nya"
Pengguna Google,5,2026-05-27 04:30:10,baguss seruu
Pengguna Google,1,2026-05-27 04:29:20,bagus
Pengguna Google,4,2026-05-27 04:28:13,ini gimana ya GK bisa masuk🤧💔
Pengguna Google,5,2026-05-27 04:27:40,sangat bagus filternya asik asik udah gitu aja eyak!
Pengguna Google,5,2026-05-27 04:27:29,bagusssssssasaaaaa
Pengguna Google,5,2026-05-27 04:25:55,baik
Pengguna Google,5,2026-05-27 04:25:29,sangat Baikk
Pengguna Google,1,2026-05-27 04:24:38,Sangat buruk saat mau Di upret
Pengguna Google,5,2026-05-27 04:23:25,apalah ga ada voice note di tiktok di orang orang ada di gw ga ada pilih kasih banget masa cuma ada sorotan aja gk bener tiktok tapi gw mohon nanti update adain fitur voice note di semua hp kalau ga ada gw ga bakal download tiktok sampe mati
Pengguna Google,2,2026-05-27 04:23:16,sering terhenti tiba tiba
Pengguna Google,5,2026-05-27 04:21:55,PUTRA Aprilian Rasyid
Pengguna Google,5,2026-05-27 04:21:51,tiktok menghibur banget
Pengguna Google,5,2026-05-27 04:21:40,aku bisa lebih rilex dan tidak kudet
Pengguna Google,5,2026-05-27 04:21:04,gimanani gua ga bisa login akun tiktok
Pengguna Google,1,2026-05-27 04:20:18,hello aplikasi dongu
Pengguna Google,5,2026-05-27 04:19:16,wow ini sangat lah bgus banget sbnrnya panjang aku mau cerita TPI males intinya dia tuh bagusss😔💅🏼
Pengguna Google,5,2026-05-27 04:17:15,sangat bagus👍🏻👍🏻
Pengguna Google,2,2026-05-27 04:13:50,banyak algoritma yang tidak senonoh sebaiknya dihilangkan algoritma yang seperti itu
Pengguna Google,5,2026-05-27 04:13:47,sukaa bangett love bangett buat tiktok 💗💗💗
Pengguna Google,5,2026-05-27 04:13:07,"Aplukasi paling bagus dan bermamfaat karena kita bisa mendapatkan berbagai macam informasi memasak ,berbelanja dan msh byk lg pokoknya the best"
Pengguna Google,1,2026-05-27 04:13:06,bnr benr buruk apk ini lemot bgt
Pengguna Google,3,2026-05-27 04:12:44,aplikasi nya ngeleg
Pengguna Google,4,2026-05-27 04:12:05,udah bagus semua ada tata letak pokoknya udah bagus cuma aku pengen ada satu permintaan tolong adain fitur menghapus repostan semua sekaligus karana aku mau menghapus repostan ku tpi banyak gitu jadi tolong kabulakn
Pengguna Google,1,2026-05-27 04:11:00,kenapa aplikasi ini tidak berfungsi di perangkat saya
Pengguna Google,1,2026-05-27 04:08:42,tik tok bokep ngeleg ngeleg
Pengguna Google,5,2026-05-27 04:07:41,keren buanget
Pengguna Google,5,2026-05-27 04:07:09,lumayan
Pengguna Google,1,2026-05-27 04:05:30,Bang vidion bagus aku reting5
Pengguna Google,1,2026-05-27 04:04:31,"update aja terus sampai 500GB penyimpanan , aplikasi gila..."
Pengguna Google,5,2026-05-27 04:04:18,jancuk Tik tok
Pengguna Google,1,2026-05-27 04:00:13,hp ku udah hapus resek semua aplikasi download lagi tiktok tba2 lihat live gelap Udah resek 8 kali tt gelap
Pengguna Google,1,2026-05-27 03:59:52,"APL ini sangat kacau... GUE HAPUS, GANTI YANG LITE.."
Pengguna Google,1,2026-05-27 03:59:30,suka bug eror
Pengguna Google,1,2026-05-27 03:58:58,"gjls , eror parah ngelag + suka keluar sendiri tlg perbaiki"
Pengguna Google,5,2026-05-27 03:57:04,bagussssssss
Pengguna Google,5,2026-05-27 03:56:06,👍
Pengguna Google,5,2026-05-27 03:55:47,saya pengen live
Pengguna Google,1,2026-05-27 03:55:45,ngeleg' terus dan gabisa di update
Pengguna Google,1,2026-05-27 03:55:21,sering muncul bugg tik tok nya aneh sih makin kesini makin mals buat gunakan tik tok tidak begitu bermanfaat 😅
Pengguna Google,5,2026-05-27 03:55:05,hi liktok orang-Orang you Ad No
Pengguna Google,1,2026-05-27 03:53:06,buruk tdk bisa di buka semenjak upgrade
Pengguna Google,5,2026-05-27 03:52:45,saya bangga dengan tiktok
Pengguna Google,4,2026-05-27 03:52:12,"hallo tiktok, aplikasinya bagus dan nyaman, tetapi ada beberapa kesalahan yang membuat saya tidak nyaman, yaitu pas saya scroll ada bunyi ""TINN"" mohon di perbaiki ya🙏"
Pengguna Google,2,2026-05-27 03:50:45,seneng
Pengguna Google,5,2026-05-27 03:50:30,aplikasi nya sangat baguss😎
Pengguna Google,1,2026-05-27 03:49:37,kenapa ini sangat jelek
Pengguna Google,5,2026-05-27 03:49:31,sangat bagus namun jika kita buat akun pasti akan ke blokir
Pengguna Google,5,2026-05-27 03:49:05,bagus
Pengguna Google,5,2026-05-27 03:47:38,Top
Pengguna Google,4,2026-05-27 03:42:45,lumayan 😏😏
Pengguna Google,5,2026-05-27 03:42:38,sangat baik perbanyak cara hasil duit
Pengguna Google,4,2026-05-27 03:39:42,"bgs, kyk pler"
Pengguna Google,5,2026-05-27 03:39:14,ok 👍
Pengguna Google,5,2026-05-27 03:38:36,ok banget
Pengguna Google,5,2026-05-27 03:35:00,baik
Pengguna Google,5,2026-05-27 03:33:48,tidak ada fitur telepon dan vn
Pengguna Google,1,2026-05-27 03:33:44,aplikasi sarang monyet ownernya pasti owner porno masa gua ga salah apa apa tiba tiba kena blokir bangsatt aplikasi bokep sarang monyet
Pengguna Google,5,2026-05-27 03:33:36,Saya menggunakan tiktok untuk nonton bokep
Pengguna Google,5,2026-05-27 03:33:27,aplikasi yg sangat bagus
Pengguna Google,5,2026-05-27 03:33:08,karna bagus meskipun gak di kasih koin gratis..
Pengguna Google,5,2026-05-27 03:32:38,MSi
Pengguna Google,1,2026-05-27 03:26:42,lah di update malah jadi gk bisa unduh video
Pengguna Google,5,2026-05-27 03:26:01,"aplikasi nya bagus,aku bisa jualan di aplikasi ini,menguntungkan banget,sama konten konten nya seru dan mengibur"
Pengguna Google,5,2026-05-27 03:24:51,bagusss
Pengguna Google,4,2026-05-27 03:22:43,"pls knpa setiap mosting foto slide, selalu buram padahal pas sebelum update selalu jernih gapernah pecah kaya skrng"
Pengguna Google,4,2026-05-27 03:18:26,sering ngeleg banget si ... ga pernah lancar
Pengguna Google,5,2026-05-27 03:13:09,bagus untuk menghilang kan ke gabutan
Pengguna Google,1,2026-05-27 03:12:33,sangat buruk selalu buka tiktok malah keluar terus kalo apk lain engga
Pengguna Google,5,2026-05-27 03:12:02,udah dan tidk gleg
Pengguna Google,5,2026-05-27 03:11:52,pajak Play Store lama* 1 bintang 1 bintang 3 bintang 6 bintang obor obor obor bor bor* wakwakwakwakwak wakwakwakwakwak boruto Uzumaki sarada Uchiha Uchiha Sasuke
Pengguna Google,5,2026-05-27 03:10:42,just freind
Pengguna Google,1,2026-05-27 03:09:07,sarang monyet😹
Pengguna Google,3,2026-05-27 03:08:26,lama banget mendownload aplikasi nya
Pengguna Google,5,2026-05-27 03:08:25,tiktok sagat lah keren dan juga bisa menghasilkan uang tunai
Pengguna Google,5,2026-05-27 03:07:21,walau kadang ngelag tapi vidio nya asik
Pengguna Google,5,2026-05-27 03:04:50,fyp nya sesuai ekpektasi bangett
Pengguna Google,5,2026-05-27 03:03:43,buruk
Pengguna Google,1,2026-05-27 03:02:24,SUDAH COBA BERBAGAI CARA TAPI TETAP TIDAK ADA FITUR POSTING ULANG
Pengguna Google,3,2026-05-27 03:02:06,cepetin vitur voice note ke global
Pengguna Google,5,2026-05-27 03:01:20,😊😊
Pengguna Google,5,2026-05-27 03:01:12,Bagus
Pengguna Google,1,2026-05-27 02:59:57,banyak bug anjeng
Pengguna Google,5,2026-05-27 02:57:11,bagus akusuka dari pada dola jelek aku gak suka banget sedunia sama dola cici aku gk terlalu suka sih maaf jika tiba-tiba golongan cici maaf bye bye siapakah tapi kok bisa
Pengguna Google,5,2026-05-27 02:57:06,"bagus sekalii, saya sangat suka meskipun kadang nge bug sedikit"
Pengguna Google,5,2026-05-27 02:55:59,bagus untuk menambah wawasan dan pengalaman
Pengguna Google,5,2026-05-27 02:55:04,sumpahhh bagusss bangett gua main setiap hari
Pengguna Google,2,2026-05-27 02:52:15,terlalu banyak bocil
Pengguna Google,4,2026-05-27 02:51:51,"bintang 4 dulu, penyebabnya adalah kenapa disetiap akun saya mau memasukkan nomer setelah itu saya menunggu kode verifikasi masih loading?,padahal sinyal enak deh aman² aja,tolong perbaiki kesalahan ini kalau udah diperbaiki bintang 5"
Pengguna Google,2,2026-05-27 02:51:18,makin hari makin jelek bangat pas aku mau dowlod tiktok ini gak bisa kedoelod padahat di hpku gak penyimpanan nya penuh
Pengguna Google,5,2026-05-27 02:49:36,bagus bangett
Pengguna Google,5,2026-05-27 02:48:39,👍👍🏻👍🏻👍🏻
Pengguna Google,3,2026-05-27 02:48:30,lumana menyenangkan tapi selalu keluar sendiri dari apk nya
Pengguna Google,5,2026-05-27 02:48:04,Baik sekali
Pengguna Google,5,2026-05-27 02:45:33,keren
Pengguna Google,5,2026-05-27 02:44:58,semakin canggih aja nih tiktok
Pengguna Google,1,2026-05-27 02:43:51,tiktok sangat kejam🥀
Pengguna Google,5,2026-05-27 02:42:25,sangat baguss sekaliii 👍😎
Pengguna Google,5,2026-05-27 02:41:31,Aplikasi keren di abad ini
Pengguna Google,1,2026-05-27 02:40:45,apk penurun iq jir
Pengguna Google,5,2026-05-27 02:38:32,BANYAK BOKEP🗿
Pengguna Google,5,2026-05-27 02:38:24,bagus.
Pengguna Google,3,2026-05-27 02:34:35,bagus
Pengguna Google,5,2026-05-27 02:33:57,keren tik tok sering update terbaru
Pengguna Google,5,2026-05-27 02:32:39,ok bngtt
Pengguna Google,2,2026-05-27 02:31:36,buriiiiiiik buriiiiiiiik
Pengguna Google,5,2026-05-27 02:29:13,bagus
Pengguna Google,1,2026-05-27 02:29:03,main redam terus aja lu dasar aplikasi bego
Pengguna Google,4,2026-05-27 02:29:02,aku lebih suka yg tiktok lite
Pengguna Google,5,2026-05-27 02:26:19,ntah kenapa aku ga bisa vn di tiktok dan semua orang bisa dan aku juga ga bisa bikin sorotan itu kenapa ya?? :(
Pengguna Google,5,2026-05-27 02:22:17,jujur aplikasi ini oke banget gak lelet pokok nya yang suka YouTube pasti suka tiktok juga sih rating aku sih 5 karena sebagus itu 👋🏻👋🏻
Pengguna Google,2,2026-05-27 02:16:49,"Aku gak pernah komen+like+kepoin akun orang lain, gak pernah unggah video atau foto apapun, gak punya akun dobel, cuma unduh aplikasi ini buat belanja aja. Tiba2 tokonya ilang, muncul kalau aku keluar akun. Kasih 2 bintang kebanyakan gak sih?"
Pengguna Google,5,2026-05-27 02:15:59,jhosSHT
Pengguna Google,5,2026-05-27 02:14:50,bagus
Pengguna Google,1,2026-05-27 02:13:16,"mohon pas kasih pemberitahuan kenapa di take down jangan ""community guidelines"" soalnya saya gak ngerti kenapa bisa di take down kalau alasannya cuman ""community guidelines"""
Pengguna Google,5,2026-05-27 02:12:41,Tiktok nya bagus tapi sinyalnya tergantung listrik PLN jadi kalau listrik mati sinyal hilang
Pengguna Google,4,2026-05-27 02:12:15,"aplikasi ini bagus cuman tolong kalo update tolong banyakin fitur baru contoh di tiktok saya belum ada fitur vn nya sama fitur sorotan nya, jadi saya minta tolong untuk lengkapi lagi fitur"" di tiktok saya"
Pengguna Google,5,2026-05-27 02:09:09,bagus aj
Pengguna Google,4,2026-05-27 02:08:07,iyaaa bagusss walau kadang ada nge lag nya dkit
Pengguna Google,1,2026-05-27 02:08:00,aplikasi dajjal louding trus padahal jaringan bagus
Pengguna Google,5,2026-05-27 02:07:06,aplikasi ini bagus banget bukan cuman buat vidio tapi juga di pake belanja bisaa emang paling bagus ini apk
Pengguna Google,1,2026-05-27 02:06:58,"apk gila, yg umurnya legal malah diblokir sedangkan umur yg ilegal ga diblokir"
Pengguna Google,1,2026-05-27 02:06:31,kembalikan fitur sembunyikan balasan!
Pengguna Google,5,2026-05-27 02:01:55,"adain lagi di android tv plss,aku juga mau scroll tiktok di tv :), soalnya layar nya gede enakk di tv"
Pengguna Google,4,2026-05-27 02:01:16,top daj
Pengguna Google,5,2026-05-27 01:57:01,bagus aja
Pengguna Google,5,2026-05-27 01:56:35,keren
Pengguna Google,5,2026-05-27 01:56:28,bgs dn eggk ngeleg
Pengguna Google,5,2026-05-27 01:55:48,sangat mendukung
Pengguna Google,1,2026-05-27 01:55:48,streak ku udh bnyk tpi tiba² email ku ilang
Pengguna Google,5,2026-05-27 01:52:42,"""TikTok bukan sekadar aplikasi hiburan, melainkan sebuah ekosistem digital yang luar biasa inovatif dan inspiratif. Saya sangat mengapresiasi visi besar yang dibangun oleh tim TikTok dalam menciptakan ruang di mana kreativitas tidak mengenal batas. Aplikasi ini telah memberikan dampak yang sangat positif, tidak hanya sebagai sarana ekspresi diri, tetapi juga sebagai jembatan yang menghubungkan berbagai budaya, ide, dan cerita dari seluruh penjuru dunia dalam satu tampilan yang sangat user-friend"
Pengguna Google,1,2026-05-27 01:52:33,"hadeh semenjak update mau login keluar sendiri habis itu tertulis "" tiktok tidak menanggapi"" sangat gak jelas"
Pengguna Google,4,2026-05-27 01:52:16,e eeee cggtdfg graduate gg yg Fauzy GC cc GCC ccvbnbv. vg vs. vgvcfg
Pengguna Google,5,2026-05-27 01:51:48,keren cuyy harus di cobain bisa live coo
Pengguna Google,5,2026-05-27 01:50:45,bagus
Pengguna Google,5,2026-05-27 01:46:57,bagus banget
Pengguna Google,5,2026-05-27 01:45:59,😻
Pengguna Google,1,2026-05-27 01:41:02,sarang monyet
Pengguna Google,1,2026-05-27 01:40:44,ada fitur g guna
Pengguna Google,5,2026-05-27 01:39:49,"bagus sih minus nya di tiktok ku ga ada sorotan sama tata letak, tolong diperbaiki ya"
Pengguna Google,4,2026-05-27 01:39:30,siapasih yg g suka ttk
Pengguna Google,4,2026-05-27 01:38:51,suka
Pengguna Google,2,2026-05-27 01:36:36,kadang eror sekarang saya erorr
Pengguna Google,3,2026-05-27 01:36:25,"mohon maaf sebelumnya, kok pas di update sering eror ya? kadang gabisa di scroll kadang stuck logo, HP saya samsung A17 masak gara2 hp nya kan gak juga"
Pengguna Google,5,2026-05-27 01:36:15,wwak Wak wak
Pengguna Google,5,2026-05-27 01:35:43,aku suka♥️♥️♥️
Pengguna Google,5,2026-05-27 01:35:42,bagus banget
Pengguna Google,5,2026-05-27 01:32:50,bagus
Pengguna Google,4,2026-05-27 01:32:44,bagus
Pengguna Google,5,2026-05-27 01:31:02,Tik tok emang bikin crot di mulut
Pengguna Google,5,2026-05-27 01:28:16,bagus dan mehibur
Pengguna Google,5,2026-05-27 01:27:08,bagussssss
Pengguna Google,5,2026-05-27 01:24:35,baguss nyoooo
Pengguna Google,5,2026-05-27 01:22:05,good sii
Pengguna Google,5,2026-05-27 01:20:10,seru banget klau punya akun tapi sayang nya akun aku ke hek😭😭😭😭
Pengguna Google,5,2026-05-27 01:18:26,aplikasi ini bagus
Pengguna Google,5,2026-05-27 01:17:47,bagus banget
Pengguna Google,5,2026-05-27 01:14:37,suka banget setiap hari scrol dan banyak vidio bermanfaat
Pengguna Google,5,2026-05-27 01:11:35,"terlalu lemooot,kadang gak blaha masuk ke penesanan"
Pengguna Google,1,2026-05-27 01:10:41,"kemarin setelah saya update,akun tiktok saya setiap bikin konten susah FYP gak kaya dulu."
Pengguna Google,5,2026-05-27 01:10:31,benar menyenangkan
Pengguna Google,5,2026-05-27 01:06:01,myn sh ktku
Pengguna Google,4,2026-05-27 01:04:45,"mayan ,tapi sering ngelag terus banyak konten yang tidak senonoh,tolong dihapus ya"
Pengguna Google,5,2026-05-27 01:03:52,my kisah
Pengguna Google,4,2026-05-27 01:03:01,bagus tapi ada kekerasan dan hal yang tidak senonoh dalam video tersebut
Pengguna Google,4,2026-05-27 00:58:18,"apk nya sekarang suka ngelag"" sendiri"
Pengguna Google,3,2026-05-27 00:56:29,Mantap
Pengguna Google,2,2026-05-27 00:54:36,"wktu itu pas mau buka tiktok tidak bisa, wktu saya apus lalu download lagi, font ny jadi jelek"
Pengguna Google,5,2026-05-27 00:53:53,"aplikasi ini sangat bagus , tapi kepada pihak tiktok kenapa di akun saya yg satu yang sy_azfsbr tidak ada fitur sticker dan lain lain , aku harap di akun pertama saya ada fitur sticker dan lain lain ok"
Pengguna Google,5,2026-05-27 00:52:42,intinya aku suka tiktok
Pengguna Google,4,2026-05-27 00:51:34,sᴇʀᴜ ʙᴀɴɢᴇᴛ ᴀᴋᴜ sᴜᴋᴀ ʙᴀɴɢᴇᴛᴛ ᴛᴘ ʏᴀɴɢ ɢᴋ ᴀᴋᴜ sᴜᴋᴀ ɪᴛᴜ ᴀᴘᴀ ʏᴀ? ᴇʀʀᴏʀ ᴋʏᴀᴋ ɴʏᴀ
Pengguna Google,1,2026-05-27 00:51:07,Bug menyebalkan setelah menonton live penjualan lalu berpindah ke beranda suara dari pive penjualan masih menyala sehingga mengganggu mesti di close app dulu baru bener tolong diperbaiki
Pengguna Google,1,2026-05-27 00:48:53,"aplikasi gajelas udh 2x di blokir tanpa alasan yg jelas, padahal umurnya udh cukup ga pernah buat konten & komen aneh"" cuma buat scroll"" doang tetep aja di blokir"
Pengguna Google,5,2026-05-27 00:48:50,bangus banget
Pengguna Google,1,2026-05-27 00:47:24,"MINN tolong ya klo ada kendala di sistemnya mohon dicek lagi lebih lanjut, saya sudah berkali-kali loh masuk tiktok macet terus dan tulisannya ""tiktok tidak menanggapi"" terus juga ""tutup aplikasi"", TOLONG DICEK LEBIH LANJUTT, KARENA BANYAK YG NGALAMIN"
Pengguna Google,1,2026-05-27 00:44:06,iih kesel banget semenjak ada voice pada pamer dan ngelek banget jadi males buka tiktok
Pengguna Google,5,2026-05-27 00:43:15,bagus kalo buat nonton tapi boleh kah aku ganti akun
Pengguna Google,4,2026-05-27 00:39:30,Ini Kenapa Ya Aku Buka Tiktok Terus Ngelag Mulu Padahal Jaringan aku Bagus?
Pengguna Google,1,2026-05-27 00:33:57,lama bgt
Pengguna Google,4,2026-05-27 00:32:49,Aplikasi ini membuat saya sangat gembira
Pengguna Google,1,2026-05-27 00:31:43,i had enough with this
Pengguna Google,5,2026-05-27 00:31:21,sangat bagus banyak pengalaman baru yang saya dapat kan
Pengguna Google,5,2026-05-27 00:31:17,akun yg terblokir masih bisa bertemu saat di live
Pengguna Google,5,2026-05-27 00:30:10,bagus
Pengguna Google,5,2026-05-27 00:29:38,saya senang dang suka tiktok
Pengguna Google,5,2026-05-27 00:27:32,hallo tiktok yg bagus tapi kayaknya untuk anak anak GK ada vidio yg sesat karena banyak yg sesat mau jadi apa negara kita di masa depan kalo anak anak aja di kasi lihat fidio foto yang tidak Fantas coba ada sistem yang kalo masu itu dia tas 18 itu ke orang dewasa kita yang di bawa bawa inh dilarang mau kita cari di pencarian itu GK akan ketemu
Pengguna Google,5,2026-05-27 00:22:51,Tiktok ini seru banget bisa ngonten sama bisa cari tiktok temen dan bisa chat dengan teman terimakasih😘😎😋
Pengguna Google,5,2026-05-27 00:22:46,menyenangkan
Pengguna Google,2,2026-05-27 00:21:13,"benar benar buruk kenapa saya bilang seperti ini setiap kali saya ingin buka tiktok pasti ada tulisan ""tiktok anda tidak menanggapi""itu terjadi berkali kali kadang saat scroll seru serunya tiba tiba muncul tulisan itu lagi padahal chace sudah ku kosonkan semua dah ku hapus riwayat tontonan sudah ku hapus jadi mohon diperbaiki SAYA MINTA MAAF KALAU SAYA SEPERTI INI KARENA INI SAYA SESUAI FAKTA DI TIKTOK ITU JADI ""MOHON UNTUK DIPERBAIKI"""
Pengguna Google,5,2026-05-27 00:21:13,saya sangat suka
Pengguna Google,1,2026-05-27 00:14:49,"punya saya, saat chat pake stiker tiba² mental/keluar dari chat tolong perbaiki bug nya"
Pengguna Google,1,2026-05-27 00:14:06,"The application is very heavy, the frame dropdown lag is fixed, I enter scrolling and when recording & uploading videos, please fix and optimize it so that it becomes super smooth on low-end cellphones with a MediaTek chip."
Pengguna Google,5,2026-05-27 00:13:59,kenapa ya setiap kenalan di FB ujungnya kok merugikan
Pengguna Google,5,2026-05-27 00:13:26,terlalu bagus
Pengguna Google,5,2026-05-27 00:12:10,the best pokoknya
Pengguna Google,2,2026-05-27 00:11:33,"woi memek ngebug mulu ni apk bgst,mana keluar keluar sendiri dari apk"
Pengguna Google,5,2026-05-27 00:11:18,mantap
Pengguna Google,5,2026-05-27 00:11:10,Apknya bagus tetapi jangan sampai akun anda dihack dan jangan memasukkan data pribadi Anda
Pengguna Google,1,2026-05-27 00:11:09,"aplikasi jelek error Mulu, tolong di perbaiki"
Pengguna Google,4,2026-05-27 00:10:06,"Saya memberikan saran, sebaiknya Konten Kreator di TikTok bisa mendapatkan Pendapatan juga dari pemutaran Video Reels berdasarkan jumlah tayangan."
Pengguna Google,1,2026-05-27 00:09:10,Aneh aplikasi ini tidak bisa di install. padahal download udah 100 % tapi malah ada notif aplikasi tiktok tidak dapat diinstal. Tolong perbaiki !! saya ngga mau buang buang Kouta !!
Pengguna Google,5,2026-05-27 00:09:06,sangat baik dapat berbagi pengalaman dn imformasi
Pengguna Google,5,2026-05-27 00:02:06,menarik sekali
Pengguna Google,1,2026-05-27 00:00:52,aplikasi kocak
Pengguna Google,2,2026-05-27 00:00:43,apk nya bagus tpi tolong banget MB nya turunin yang ram 2 sering ngelag banget suka keluar terus😓
Pengguna Google,5,2026-05-26 23:59:49,"Mangga blih Bade NU ngringan kolektif kanggo guru na ,, d list 1,asik 2,seru 3,kece"
Pengguna Google,5,2026-05-26 23:56:20,"tiktok sangat menghibur,tapi aku hanya ingin akun ku kembali 😭😭"
Pengguna Google,1,2026-05-26 23:56:16,Atih
Pengguna Google,5,2026-05-26 23:53:06,bagus banget tik tok-nya
Pengguna Google,4,2026-05-26 23:48:26,bagus dan keren
Pengguna Google,4,2026-05-26 23:48:25,"Bagus,saya menemukan video yang menarik!"
Pengguna Google,1,2026-05-26 23:47:59,"banyak masalah nya,aplikasinya"
Pengguna Google,5,2026-05-26 23:47:28,"Bagus, dan seru, saya ada Hiburan"
Pengguna Google,3,2026-05-26 23:46:40,tolong ilangin bug nya
Pengguna Google,1,2026-05-26 23:41:10,aplikasi sering error
Pengguna Google,5,2026-05-26 23:39:44,"Aplikasi yang bagus banyak fitur baru jadi lebih menarik dan juga sekarang jadi lebih baik dari sebelumnya tapi kadang masih suka ada bug yang harus di perbaiki, mungkin bisa di tambahkan fitur putar otomatis kalau ada fitur itu mungkin makin bagus nih aplikasi nya"
Pengguna Google,2,2026-05-26 23:39:33,knp tiba tiba langsung login berakhir 😓
Pengguna Google,4,2026-05-26 23:36:14,membalas iga banoet=itu karena hpmu kentang paok aslinya ya bagus
Pengguna Google,5,2026-05-26 23:32:28,semogah akun tiktok aku ngga kena ben ya
Pengguna Google,1,2026-05-26 23:32:07,Dana pembelian produk pembatalan saya melalui tiktok paylater yang sudah saya lunasi belum juga ada masuk ke rekening saya sampai saat ini dan dari pihak toko tidak memproses pembelian saya yg sudah berhari hari yg membuat saya utk membatalkan pesanan.
Pengguna Google,5,2026-05-26 23:27:13,ada kendala di akun tiktok saya tolong menyelediki yaa produk shop TDK bisa terjual dapat blokir terimakasih
Pengguna Google,5,2026-05-26 23:19:51,bagus
Pengguna Google,3,2026-05-26 23:19:34,bagus banget tapi aga ngeselin
Pengguna Google,5,2026-05-26 23:18:47,bagus bgt bisa dapet temen Bru lgi DRI tiktok 😆😆
Pengguna Google,1,2026-05-26 23:18:23,tik tok sarang. monyet
Pengguna Google,4,2026-05-26 23:16:31,"aplikasi ini sangat bagus,tapi tidak ada sorotannya"
Pengguna Google,5,2026-05-26 23:15:21,keren
Pengguna Google,1,2026-05-26 23:14:19,jelek najis
Pengguna Google,1,2026-05-26 23:12:25,aku saya ke blokir trus
Pengguna Google,5,2026-05-26 23:02:25,👍👍
Pengguna Google,5,2026-05-26 22:59:35,bagus banget tiktok nya
Pengguna Google,1,2026-05-26 22:58:27,kebanyakan iklan
Pengguna Google,5,2026-05-26 22:55:55,rowwrr
Pengguna Google,5,2026-05-26 22:50:18,fyp kan akun saya
Pengguna Google,5,2026-05-26 22:45:21,good
Pengguna Google,5,2026-05-26 22:44:54,bagus seklai
Pengguna Google,5,2026-05-26 22:43:07,TikTok tetap yang terbaik
Pengguna Google,5,2026-05-26 22:31:47,bagus
Pengguna Google,1,2026-05-26 22:25:01,"jelek grafiknya ,tidak selalu fyp"
Pengguna Google,5,2026-05-26 22:24:38,apk sngt bgus
Pengguna Google,5,2026-05-26 22:22:28,tiktok ini sangat bagus😎
Pengguna Google,5,2026-05-26 22:16:07,nice👍
Pengguna Google,5,2026-05-26 22:10:25,bagus
Pengguna Google,5,2026-05-26 22:08:24,我真的很喜欢这位创作者，也很喜欢这些可爱的女孩子们🤭
Pengguna Google,3,2026-05-26 22:01:06,"Mohon diperbaiki, kenapa di ponselku ada peringatan aplikasinya berhenti berfungsi? Huft... jangan terlalu berat lain kali."
Pengguna Google,5,2026-05-26 21:58:34,MBG(mas Bahlil ganteng)
Pengguna Google,5,2026-05-26 21:50:28,Keren
Pengguna Google,5,2026-05-26 21:35:36,"aplikasi terbaik yang menyajikan hiburan berupa vidio klip pendek dengan berbagai tema seperti pendidikan, traveling, kecantikan, dll."
Pengguna Google,5,2026-05-26 21:30:55,sangat membantu mantap
Pengguna Google,5,2026-05-26 21:30:06,baik
Pengguna Google,5,2026-05-26 21:16:26,tik tok semakin bagus
Pengguna Google,5,2026-05-26 21:08:21,Sangat variatif sehingga tidak monoton. Bisa dpt bnyak koin dari tugas yg tersedia
Pengguna Google,5,2026-05-26 21:04:20,Bagus 👍
Pengguna Google,3,2026-05-26 21:03:00,banyak iklan judol
Pengguna Google,5,2026-05-26 20:56:41,Ak suka
Pengguna Google,4,2026-05-26 20:54:44,tolong bantuannya
Pengguna Google,5,2026-05-26 20:54:16,sangat seru di sini yang baru
Pengguna Google,1,2026-05-26 20:53:15,Gila Tiktok sekarang Algoritmanya sudah kagak jelas
Pengguna Google,5,2026-05-26 20:51:12,mantap
Pengguna Google,4,2026-05-26 20:44:06,ke sinii cuman update biarr bisa vn di tiktok 🗿
Pengguna Google,4,2026-05-26 20:17:17,aku kasih bintang 4 soal nya aku udah update tapi masih belum ada fitur voice note di komentar
Pengguna Google,5,2026-05-26 20:04:33,supriyatno
Pengguna Google,5,2026-05-26 20:03:22,bintang 5 walaupun banyk monyet
Pengguna Google,1,2026-05-26 19:48:37,Rasis anj
Pengguna Google,5,2026-05-26 19:40:36,cukup menghibur
Pengguna Google,5,2026-05-26 19:35:10,pengguna
Pengguna Google,5,2026-05-26 19:32:25,👍
Pengguna Google,5,2026-05-26 19:26:40,tingkat kualitas nya emot
Pengguna Google,5,2026-05-26 19:24:29,sangat baik
Pengguna Google,5,2026-05-26 19:22:54,manfaat
Pengguna Google,5,2026-05-26 19:20:13,"admin tolongin saya, saya punya runtunan hampir 700 an tapi mati, dan kouta pemulihanya sudah habis, apakah bisa ngembalikanya, itu pun juga saya udah mengirim tapi karena kondisi jaringan yg jelek jadi tidak terkirim sampai jam 11 malem dan akhirnya mati, dan sekarang saya dimarahin bini😭😭"
Pengguna Google,5,2026-05-26 19:04:50,membantu banget
Pengguna Google,3,2026-05-26 19:03:36,hidup jngan kebnyakan standar tiktok kau biji
Pengguna Google,5,2026-05-26 18:59:18,keren
Pengguna Google,5,2026-05-26 18:58:35,💖👍👍👍
Pengguna Google,5,2026-05-26 18:58:32,saya suka baget dgn aplikasi ini
Pengguna Google,5,2026-05-26 18:58:24,"semoga klo setiap buka live tolong dikondisikan , jangan keluar terus klo setiap buka live ,!!"
Pengguna Google,1,2026-05-26 18:58:00,update nya gak bisa
Pengguna Google,5,2026-05-26 18:56:52,sangat suka mengisi waktu luang dengan tik tok.
Pengguna Google,5,2026-05-26 18:55:57,mantap
Pengguna Google,5,2026-05-26 18:54:45,good apk
Pengguna Google,5,2026-05-26 18:53:38,tiktok adalah media sosial terbaik menurut saya
Pengguna Google,2,2026-05-26 18:29:58,twempek kadang mbalek² dewe
Pengguna Google,5,2026-05-26 18:22:40,sangat baik
Pengguna Google,1,2026-05-26 18:14:43,top up koin gk masuk
Pengguna Google,5,2026-05-26 18:13:52,very swampy application
Pengguna Google,1,2026-05-26 18:12:00,telepon nya adain lah gimana si mau chet orang ga di bales bales jadi susah ah kacau
Pengguna Google,5,2026-05-26 18:11:23,Maju Terus Buat ⚡TikTok Indonesia 🇮🇩⚡
Pengguna Google,1,2026-05-26 18:09:44,SAYA TERKENA BATASAN USIA DAN TIDAK BISA LIVE DAN JUGA TIDAK BISA FITUR TIKTOK SHOP NYA PADAHAL UMUR SAYA SUDAH MENCUKUPI!!!
Pengguna Google,5,2026-05-26 18:09:23,"semakin lama tiktok semakin oke...👍 belanja gratis ongkir,reward nya bertambah banyak lumayan buat belanja di tiktok😄😄🙏🙏"
Pengguna Google,1,2026-05-26 18:08:09,emng GK jls tt
Pengguna Google,5,2026-05-26 18:04:58,Beri tahu kami selengkpnya (opsional)
Pengguna Google,5,2026-05-26 18:03:49,"fitur""nya bagus semua semoga kedepannya lebih bagus lagi fiturnya"
Pengguna Google,5,2026-05-26 17:57:48,menghibur mudahan membayar
Pengguna Google,5,2026-05-26 17:55:37,", ,"
Pengguna Google,2,2026-05-26 17:50:35,"Halo tim TikTok, saya ingin melaporkan masalah pada aplikasi TikTok di HP saya. Saat membuka kamera atau menggunakan fitur beauty, muncul tulisan ‘ tidak dapat memuat stiker’. Selain itu aplikasi juga sering keluar sendiri/crash secara tiba-tiba. Masalah ini sudah terjadi terus-menerus dan sangat mengganggu saat ingin membuat video. Saya sudah mencoba beberapa cara seperti menghapus cache aplikasi, restart HP, login ulang akun, memastikan koneksi internet stabil, hingga uninstall"
Pengguna Google,5,2026-05-26 17:50:30,aplikasinya sangat seru dan cocok untuk mengisi waktu luang dan banyak sekali konten konten yang mendidik dan lucu pokonya saya sangat suka dengan aplikasi ini
Pengguna Google,4,2026-05-26 17:47:56,bagus dan memuaskan
Pengguna Google,5,2026-05-26 17:46:51,mksih udah adain tiktok seru bgt cuyy
Pengguna Google,5,2026-05-26 17:29:11,Tik tok bikin gaya
Pengguna Google,5,2026-05-26 17:26:30,kenapa saya tidak bisa dapet green screen live yaa ??
Pengguna Google,3,2026-05-26 17:15:28,Bagus
Pengguna Google,2,2026-05-26 17:12:51,"agak kecewa sama tiktok akhir akhir ini kenapa bug nya aneh, biasanya sound tiktok suka di pilihin otomatis lah sekarang ga bisa lagi, mana pilihan lagu nya itu itu aja lagi, cape banget😮‍💨😮‍💨"
Pengguna Google,5,2026-05-26 17:12:11,😌🙏🏻
Pengguna Google,1,2026-05-26 17:08:12,baperan kali kau jadi aplikasi
Pengguna Google,1,2026-05-26 17:03:16,suka error terus kadang di buka gak bisa dan lama di buka nya tiktok ini 😔
Pengguna Google,5,2026-05-26 17:01:22,atmin tiktok respon aku dong
Pengguna Google,1,2026-05-26 16:58:28,sangat tidak suka karena nama penggunaan tidak bisa di ganti sesuka hati
Pengguna Google,5,2026-05-26 16:57:29,bgus bgt
Pengguna Google,5,2026-05-26 16:54:35,YANG SAYA SUKA DARI TIKTOK KETIKA PESANAN AK GA SESUAI PENGEMBALIAN DANA CEPET BUANGETTT UANGKU KEMBALI LAGI SECEPAT KILAT... GOOD
Pengguna Google,5,2026-05-26 16:54:28,sangat membantu sekali dg apl titok
Pengguna Google,1,2026-05-26 16:52:09,"""Sistem deteksi keterkaitan akun (device/IP linkage) sangat cacat dan tidak adil. Akun lama yang sudah dibanned permanen seharusnya tidak memblokir hak kreator untuk memulai dari awal dengan akun baru. Bagaimana kami bisa memperbaiki kesalahan dan mematuhi regulasi jika sistem terus melakukan shadowban otomatis pada akun baru karena dianggap terkait? Tolong berikan kebijakan clean slate (lembaran baru) bagi kreator yang ingin berkembang secara sehat!"""
Pengguna Google,1,2026-05-26 16:51:08,masa aku kan udah donglot ni tiktok ny masa pas mau di buka GK bisa suruh di unistal lagi tolong y tiktok perbaiki permasalah ny ini aku udah 4 kali kayak gini terus abis aku unistal GK bisa aku donglot lagi gimana itu y tolong y tiktok sama satu lagi aku kan main tiktok lite nah akun aku tu udah ke Ben 4 klu Lo kenapa coba ada yang bermasalah deh kayak ny sama tiktok ini terus kenapa tiktok sekarang bayak yg pake tiktok lite coba aku heran nah aku ikut ikut lah pake tiktok lite tolong y tiktok
Pengguna Google,5,2026-05-26 16:49:17,Lancar
Pengguna Google,1,2026-05-26 16:48:41,"gk ngerti sama tiktok ini views tiba"" anjlok gk jelas"
Pengguna Google,1,2026-05-26 16:46:56,jelek jadi eror ni aplikasi
Pengguna Google,5,2026-05-26 16:37:18,Good
Pengguna Google,5,2026-05-26 16:31:42,sangat membantu sekali pokok y Mntap
Pengguna Google,5,2026-05-26 16:29:37,ckeo dah
Pengguna Google,5,2026-05-26 16:28:03,seruu bisa Menghasilkan foto² yang cantik pokoknya seruu dehh
Pengguna Google,1,2026-05-26 16:25:53,cara vn Cemana
Pengguna Google,4,2026-05-26 16:25:00,sangan bagus
Pengguna Google,3,2026-05-26 16:24:13,coba dulu 𝕏
Pengguna Google,3,2026-05-26 16:22:47,ga bisa update gimna nih
Pengguna Google,1,2026-05-26 16:21:56,nginstalll tiktok lama sekali
Pengguna Google,5,2026-05-26 16:20:23,sangat baik
Pengguna Google,1,2026-05-26 16:19:20,sudah selesai instal tpi tidak dapat di buka.
Pengguna Google,1,2026-05-26 16:18:14,"Suka stuck delay kalau scroll video, boros batrai & kouta. tidak kaya youtube"
Pengguna Google,5,2026-05-26 16:17:11,Bagus dan pas lagi scrol ketemu ton toonan lucu gitu jadi bisa bikin tiktok bagus banget pokok nya
Pengguna Google,1,2026-05-26 16:16:43,kecewa beli koin ditipu mulu
Pengguna Google,1,2026-05-26 16:15:33,buruk sekali tidak rekomended
Pengguna Google,5,2026-05-26 16:14:56,jujur bagus banget appk nya
Pengguna Google,3,2026-05-26 16:13:48,TOLONG PERBAIKI YA KENAPA AKHIR AKHIR INI ADA IKLANN VIDIO SHORT DRAMA GAK JELAS MENGGANGGU SEKALI
Pengguna Google,1,2026-05-26 16:12:11,sangt buruk
Pengguna Google,4,2026-05-26 16:10:00,ya Netizen nya perlu dipertimbangkan lg
Pengguna Google,5,2026-05-26 16:09:14,seruu buat hiburan kalau kalian lagi badmood
Pengguna Google,5,2026-05-26 16:08:11,yg baru
Pengguna Google,1,2026-05-26 16:07:38,"apk aneh, ganggu aja. gejalas blokir aja nih apk"
Pengguna Google,5,2026-05-26 16:07:22,keren
Pengguna Google,5,2026-05-26 16:06:49,baik cuman suka ada iklannya 😌😌
Pengguna Google,2,2026-05-26 16:05:08,purwanto
Pengguna Google,5,2026-05-26 16:05:03,bgs bangat 😊
Pengguna Google,1,2026-05-26 16:02:46,foto live di HP ku file nya kepisah jadi foto dan video berdurasi 3 detik
Pengguna Google,1,2026-05-26 16:02:05,"sering kluar terus, aku juga sering mengalami lemot parah"
Pengguna Google,5,2026-05-26 16:00:57,saya menyukai ya
Pengguna Google,5,2026-05-26 15:59:34,sangat bagus dan bisa Live!
Pengguna Google,5,2026-05-26 15:59:15,bagus😊😊😊
Pengguna Google,1,2026-05-26 15:56:01,buruk aplikasi sering macet tidak dapat memutar vidio
Pengguna Google,5,2026-05-26 15:55:56,keren
Pengguna Google,1,2026-05-26 15:55:38,sarang monyet
Pengguna Google,5,2026-05-26 15:55:11,sangat bagus
Pengguna Google,5,2026-05-26 15:50:49,good
Pengguna Google,5,2026-05-26 15:49:59,fitur nya bagus banget lah banyak yg pake tapi knp aku g bisa pake fitur sorotan fitur baru
Pengguna Google,1,2026-05-26 15:49:29,aplikasi sampah sumpah masuk akun saja tidak bisa banyak error ini aplikasi. mending di banned saja di Indonesia sudah gak mendidik + paling lemot ribet setengah mati.
Pengguna Google,5,2026-05-26 15:43:24,"asik aja nonton tiktok tuh, apalagi mini drama nya menghasil uang"
Pengguna Google,4,2026-05-26 15:39:57,"all is ok. but satu hal yang gw pengen tapi gada di tiktok ini. ""sematkan komentar"" kenapa sekarang gada tok😭"
Pengguna Google,5,2026-05-26 15:39:56,bagus sekali
Pengguna Google,4,2026-05-26 15:38:32,bagus
Pengguna Google,1,2026-05-26 15:35:36,lelet
Pengguna Google,1,2026-05-26 15:34:41,ujung ujung nya SM apk sampah iklan judol dimana mana binatang
Pengguna Google,1,2026-05-26 15:29:27,butun anying ni Lila Bagong nges na anjing butut ah Bagong aplikasi na anjing coba perbaiki Bagong saetik mah anjing
Pengguna Google,1,2026-05-26 15:29:15,jelek mental2
Pengguna Google,5,2026-05-26 15:24:15,sangat menyenangkan
Pengguna Google,4,2026-05-26 15:22:40,sangat bagus
Pengguna Google,1,2026-05-26 15:21:26,"terlalu banyak bugnya,tidak enak dipakai,mengecewakan"
Pengguna Google,1,2026-05-26 15:20:56,"sekarang tiktok main gljs, main tiktok nguras tenaga bikin emosi"
Pengguna Google,5,2026-05-26 15:20:56,terima kasih
Pengguna Google,5,2026-05-26 15:18:46,tiktok ku belum ada sorotan tapi update an kali ini bagus
Pengguna Google,3,2026-05-26 15:17:44,tiktok sayah ko buat mulung koin g mucul ya udah 2kali instal
Pengguna Google,1,2026-05-26 15:16:33,"masa suka tiba tiba ngirim pesan ke orang padahal saya ga pernah ngirim itu dan di room chat saya ga ada tetapi di room chat orang itu ada, apakah obrolan saya bisa di lihat oleh tikrom???"
Pengguna Google,3,2026-05-26 15:16:25,tiktok aku mintaa tolong akunn ku komentar ny buletan kecil yg di tengah ituu ilangkan punya ku belum ada viturr ituu tiktokk pliss aku mohon yhh tiktokk😭🙏
Pengguna Google,5,2026-05-26 15:14:56,"lebih suka fitur pembelanja ny sih,disini lebih worthit no tipu"",biasany aku selalu belanja di aplikasi oren karna udh kecewa suka banget di cancel tiba"" aplg barang ny udh ga sesuai dengan ekspektasi padahal harganya lumayan loh. kalau di apk sini fitur belanja nya banyak diskon,terpecaya,amanah malahan.intinya untuk tiktok the best"
Pengguna Google,5,2026-05-26 15:11:29,lucu menghibur
Pengguna Google,5,2026-05-26 15:10:26,mantap
Pengguna Google,5,2026-05-26 15:10:24,Bagus
Pengguna Google,3,2026-05-26 15:10:16,"tolong kasih fitur blokir untuk orang sekitar, soalnya saya mau hidup privat"
Pengguna Google,5,2026-05-26 15:09:46,tiktok love you
Pengguna Google,5,2026-05-26 15:09:08,"terimakasih tiktok,sdh berikan tambahan uang jajan"
Pengguna Google,5,2026-05-26 15:06:25,bagus
Pengguna Google,4,2026-05-26 15:04:21,"untuk sekarang sudah cukup bagus dan stabil aplikasinya, tapi yang paling dibutuhkan sekarang waktu bikin story please bisa milih durasinya mau berapa, jangan maksimal 10 detik itu pendek banget, terus waktu milih bagian musiknya sediakan full musiknya jangan 1 menit doang"
Pengguna Google,5,2026-05-26 15:03:02,banyak bool geol geol
Pengguna Google,3,2026-05-26 15:01:44,bukanya susah kada mbalik sendiri
Pengguna Google,4,2026-05-26 15:00:25,cara vn gimana cikk
Pengguna Google,5,2026-05-26 14:56:35,mantul bgs
Pengguna Google,1,2026-05-26 14:55:56,semenjak di updet ini tiktok hilang fitur tiktok shop nya
Pengguna Google,5,2026-05-26 14:53:43,saya kasih bintang lima kar na bagus untuk nonton
Pengguna Google,5,2026-05-26 14:53:20,Tiktok knp sih di perbaharui bukan nya makin bagus malah makin nge lag
Pengguna Google,3,2026-05-26 14:52:52,"tolong pihak tiktok kok lama lama banyak film dewasa tolong di banend aja, tolong benerin saya udah report tapi gk bisa masih lolos tapi kalo komen jorok kok gk bisa sedangkan film dewasa kok bisa"
Pengguna Google,5,2026-05-26 14:49:51,aman dan di percaya bagus banget
Pengguna Google,5,2026-05-26 14:48:23,"saya pengen Makai tiktok ini, tapi romnya terlalu besar boleh di perkecil lagi ngga romnya, saya gak maksa tapi tetep saya kasih bintang 5"
Pengguna Google,5,2026-05-26 14:44:42,semoga berkembang akunkuh akuh kasih 5bintang
Pengguna Google,5,2026-05-26 14:43:18,saya sangat senang bisa mencari hiburan di tik tok yang tadinya hidup membosankan sekarang bisa happy semoga tik tok semakin dahsyat dan berjaya👍
Pengguna Google,1,2026-05-26 14:42:47,ini gimana tiktok kok enggak bisa di pencet
Pengguna Google,5,2026-05-26 14:41:18,sukaaa
Pengguna Google,5,2026-05-26 14:41:13,sangat puas enjoi aja
Pengguna Google,5,2026-05-26 14:39:53,buat bikin tiktok enak gak ya
Pengguna Google,5,2026-05-26 14:38:52,seru dan menyenangkan
Pengguna Google,1,2026-05-26 14:29:08,"bisa gak sih tiktok gak usah munculin iklan tiba tiba pas saya lagi nonton film , klik laporkan gak bisa , mengganggu banget parah"
Pengguna Google,1,2026-05-26 14:28:53,"setelah saya download berkali kali, knp gak bisa muncul kotak belanja/keranjang belanja nya"
Pengguna Google,5,2026-05-26 14:28:42,enak pol ada gunung besar juga dua lagi
Pengguna Google,5,2026-05-26 14:27:51,bagus banget aku suka
Pengguna Google,5,2026-05-26 14:24:35,"fitur tiktok ini 👍💯Ter-Baik, saya harap tidak ada masalah atau ngelag😊"
Pengguna Google,5,2026-05-26 14:24:02,good
Pengguna Google,5,2026-05-26 14:20:33,punyaku gak bisa di pakai gimana sihhh ah
Pengguna Google,3,2026-05-26 14:19:45,bagus tapi tolong buat aplikasi ini lebih ringan lagi👍
Pengguna Google,1,2026-05-26 14:18:50,TIKTOK KENAPA KLAU GUA BELANJA ENGGA BISA MAKE COD 😡😡
Pengguna Google,5,2026-05-26 14:17:40,bagus
Pengguna Google,5,2026-05-26 14:17:26,"dengan adnya apk hytam ini, banyak cewek cewek dan terutama bocil bocil yg ngikutin standar tiktok, dikit2 tiktok, ga bisa apa batasi konten, maksudnya itu klo bisa sering sering tampilin konten edukasi kek youtube yg kadang kadang muncul edukasi dan itu pasti muncul, klo tiktok mah sesuai mood dan yg lg viral aj, makanya jd pada ngikutin standard TIKTOK"
Pengguna Google,1,2026-05-26 14:17:18,sering laggibg parah
Pengguna Google,2,2026-05-26 14:17:12,Tiktok ini kaya lobg pk kh setiap hari kaya saya ubdate terus
Pengguna Google,5,2026-05-26 14:16:32,mudah digunakan
Pengguna Google,5,2026-05-26 14:15:38,"Sngt bguss, biar ga ktinggLan jman"
Pengguna Google,5,2026-05-26 14:05:34,AQ suka aplikasi ini
Pengguna Google,1,2026-05-26 14:02:07,jelek
Pengguna Google,3,2026-05-26 14:02:03,"suka banget sama tiktok,cuma sekarang slowmo nya patah"""
Pengguna Google,2,2026-05-26 14:01:18,sudah cukup bagus tapi masih banyak yang harus diperbaiki
Pengguna Google,5,2026-05-26 14:01:15,sngt bagus
Pengguna Google,1,2026-05-26 14:01:04,teman saya bisa komen vn knp saya gk bisa vn😡😡
Pengguna Google,4,2026-05-26 14:00:24,cukup 4 aja dulu
Pengguna Google,1,2026-05-26 13:56:44,"tiktok gada update fitur baru apa😭😭,cara hapus comentar sekaligus semua bisa ga sih,cape satu²?"
Pengguna Google,5,2026-05-26 13:56:28,bagusss sukaa bangett bisa nonton atau scrol gitu kalau lagi gabutt bintang lima dehh pokoknya ini tuh aplikasi sehari hari aku kalau lagi pegang hp pasti liat nya tiktok
Pengguna Google,5,2026-05-26 13:56:08,ok
Pengguna Google,5,2026-05-26 13:56:05,Apk bagus...cuma telat di update!!
Pengguna Google,5,2026-05-26 13:55:26,ini baru seru..... duitnya berlipat ganda.... ayo gabung
Pengguna Google,4,2026-05-26 13:53:37,semoga stelah sy donlod kembali bs lancar
Pengguna Google,1,2026-05-26 13:53:28,satu bintang saja dllu klu menghasilkan uang baru tambah lagi bintang nyaa
Pengguna Google,5,2026-05-26 13:52:33,bagus dan berguna baget
Pengguna Google,5,2026-05-26 13:51:01,bagus
Pengguna Google,2,2026-05-26 13:50:59,"tiktok live buka baju di benede tapi ketika ada cewek iklan pakai bikini bebas sampai jadi viral ini, gak adil"
Pengguna Google,1,2026-05-26 13:50:49,aku ke blok mulu tik tok
Pengguna Google,5,2026-05-26 13:49:55,suka aja
Pengguna Google,5,2026-05-26 13:48:49,bagus banget😻😻😻😻
Pengguna Google,5,2026-05-26 13:47:43,oke
Pengguna Google,5,2026-05-26 13:47:15,cakep coy
Pengguna Google,5,2026-05-26 13:46:56,bagus tuk belanja
Pengguna Google,5,2026-05-26 13:46:51,sngttt baikkk
Pengguna Google,4,2026-05-26 13:46:51,"Media sosial unik untuk berbagi informasi serta belajar hal yang Baru, sayang akhir akhir ini sering crash dan keluar aplikasi"
Pengguna Google,5,2026-05-26 13:45:11,ya bgs
Pengguna Google,1,2026-05-26 13:44:46,"sumpah makin lagg gajelas ada tulisan ""tik tok tidak menanggapi gtt""ga betah lama"""
Pengguna Google,1,2026-05-26 13:44:14,saya ingin menghapus aplikasi ini dan tidak akan memakainya lagi karena saya terkena pembatasan komentar padahal saya tidak ngespam itu hanya kesalahan teknis dan pihak Tik tok salah itu saja dan apa guna juga memiliki tik tok jika tidak bisa berkomentar
Pengguna Google,5,2026-05-26 13:43:18,aplikasi nya sih bagus TPI kenapa tidak bisa mengirim pesan ke seseorang
Pengguna Google,5,2026-05-26 13:42:08,"perbaiki bug dong, masih banyak bug, seperti sudah tag story ga bisa di repost, kadang masuk aplikasi disuruh login lagi"
Pengguna Google,5,2026-05-26 13:39:25,Ini aplikasinya bgsss tapi tolong tambahin aku fitur sorotan biar aku lebih suka ke tiktok makasih atas ini
Pengguna Google,1,2026-05-26 13:39:14,"tolong di perbaiki kenapa akun saya dapat goody bag tidak normal berapa kali saja dapat ada apa dengan sistem TikTok sekarang,saya bukan bot woy manusia kenapa akun lama seperti saya kena pembatasan seperti ngambil koin dari goody bag"
Pengguna Google,5,2026-05-26 13:38:18,1 minggu liat dracin dapet 1.500 rp🔥
Pengguna Google,5,2026-05-26 13:35:08,bagusss polll klo gk ad inii kesepian akuhh☺
Pengguna Google,5,2026-05-26 13:34:12,juanck eror teros mnyt pdhl memo masih luas
Pengguna Google,5,2026-05-26 13:31:58,aplikasi ini bagus bgt sampai sehari pulsa ku habis
Pengguna Google,5,2026-05-26 13:31:16,"aplikasi sudah sangat bagus, tapi saya butuh fitur close friend"
Pengguna Google,5,2026-05-26 13:29:08,👍
Pengguna Google,1,2026-05-26 13:28:37,sebenarnya nya saya download tiktok buat pesen barang doang klo buat scroll scroll itu gk bisa hehe
Pengguna Google,5,2026-05-26 13:25:47,Bagus bangat
Pengguna Google,5,2026-05-26 13:25:37,bagus
Pengguna Google,1,2026-05-26 13:25:31,tidak lancar.
Pengguna Google,5,2026-05-26 13:24:36,bagus
Pengguna Google,1,2026-05-26 13:24:33,"sangat buruk, karena tik tok selalu keluar sendiri baru ngelag"
Pengguna Google,5,2026-05-26 13:21:51,Ok mntap bnyk yg geol geol
Pengguna Google,4,2026-05-26 13:20:36,ada yang positif ada juga negatif nya aplikasi ini
Pengguna Google,5,2026-05-26 13:20:19,mantap 👍
Pengguna Google,1,2026-05-26 13:19:14,ini adalah salah satu aplikasi yg sangat banyak di pakai orang apalagi yg suka buat konten dengan aplikasi ini kitapun jadi sering bikin tonten Karna bisa semuah baik efek ngedit dll
Pengguna Google,5,2026-05-26 13:18:17,sangat cocok untuk berinteraksi
Pengguna Google,5,2026-05-26 13:18:04,good
Pengguna Google,5,2026-05-26 13:17:03,"grgr aplikasi ini semua orang dapat mengeluarkan talenta nya masing², bisa berbelanja shop dengan harga murah juga mantap lah 👍👍👍👍"
Pengguna Google,5,2026-05-26 13:14:46,lamak
Pengguna Google,3,2026-05-26 13:14:29,aplikasi ini bagus Utuk hiburan sehari hari
Pengguna Google,5,2026-05-26 13:14:27,sangat bagus aman
Pengguna Google,1,2026-05-26 13:12:46,APK BOSOK
Pengguna Google,5,2026-05-26 13:12:37,"bagus, tp minus di fitur riwayat komentar sih menurutku.. banyak banget komentar yang pengen aku hapus, tapi bakalan memakan waktu banget karena harus hapus satu-satu. tolong buatin fitur pilih komentar yg mau dihapus, terimakasih"
Pengguna Google,1,2026-05-26 13:11:03,pas aku mau apload foto geser sekarng ga bsa
Pengguna Google,5,2026-05-26 13:10:13,bagus bangeet
Pengguna Google,5,2026-05-26 13:09:47,tolong buatkan fitur di semua pengguna tiktok sorotan
Pengguna Google,3,2026-05-26 13:09:01,hiburan sehari
Pengguna Google,5,2026-05-26 13:07:44,mantaf
Pengguna Google,2,2026-05-26 13:06:54,"tolong perbaiki kalau mau upload story selalu buram dan ter zoom waktu selesai unggah! padahal jaringan data/wifi bagus,tolong ya admin tiktok"
Pengguna Google,4,2026-05-26 13:06:48,bagus tapi hrs di daptarin dulu klo mw ngonten 😭
Pengguna Google,1,2026-05-26 13:06:32,ngeleg mulu
Pengguna Google,5,2026-05-26 13:06:18,bagus
Pengguna Google,5,2026-05-26 13:06:15,saya sangat suka tiktok😆💗
Pengguna Google,4,2026-05-26 13:05:05,aplikasi ini bagus tapi kadang keluar sendiri bejirrrrr
Pengguna Google,1,2026-05-26 13:04:41,"woi sampah, yg bnr dong hama."
Pengguna Google,4,2026-05-26 13:02:28,boleh sih untuk hibur fos fos fos
Pengguna Google,5,2026-05-26 13:00:22,bagus enak juga tapi kalo aku bukak itu ngelek dulu yaa agak lama si terus kadang juga agak macet gak gara gara sinyal
Pengguna Google,5,2026-05-26 13:00:17,Bagus Bisa Tambah Wawasan
Pengguna Google,1,2026-05-26 12:59:19,aneh padahal udah ke instal tapi tetep aja gak bisa masuk ke tiktok
Pengguna Google,1,2026-05-26 12:58:21,tiktok nya gak bisa di buka!!
Pengguna Google,4,2026-05-26 12:58:13,lumayan tapi aku gak suka yang g a y
Pengguna Google,3,2026-05-26 12:57:59,kenapa tiktok saya ga bsa di gunakan ya stak logo
Pengguna Google,3,2026-05-26 12:56:54,sebenarnya b aja ni apk
Pengguna Google,1,2026-05-26 12:54:07,aplikasi hama
Pengguna Google,5,2026-05-26 12:54:06,keren seharian saya scrolling tiktok
Pengguna Google,5,2026-05-26 12:53:01,sangat bagus tapi tolong mb nya dikurangi yaw☺
Pengguna Google,2,2026-05-26 12:52:07,permisi pihak tiktok akun saya telah di blokir selamanya kemungikan akun saya telah di retas oleh seseorang dan melanggar peraturan dari pihak tiktok tersebut. saya mohon untuk membuka blokiran nya karna ada data penting di dalamnya terimakasih.
Pengguna Google,5,2026-05-26 12:51:41,bikin hp ku GE leg
Pengguna Google,5,2026-05-26 12:48:41,saya sangat terhibur.menonton.drama.ini.trimakasih.semuga.sugses.slalu.wassalam.......
Pengguna Google,5,2026-05-26 12:48:38,keren
Pengguna Google,5,2026-05-26 12:47:25,aplikasi ini sangat bagusssss sekali
Pengguna Google,1,2026-05-26 12:44:07,gk bisa di instal padahal sebelumnya bisa loh gk kenapa-napa kok bisa ya
Pengguna Google,4,2026-05-26 12:43:17,"bintang empat, apinya kenapa gak sehari nambah 3 aja tiktok, kan mempercepat, 1 1 lama itu tiktok, next kalau sehari nambah 3 baru bintang 5 tapi ku bukan ancaman aku bukan polisi"
Pengguna Google,5,2026-05-26 12:43:14,gabisa chat di Tik tok
Pengguna Google,1,2026-05-26 12:43:09,kok GK bisa login di FB
Pengguna Google,4,2026-05-26 12:39:18,kadang ngelag kadang ga
Pengguna Google,1,2026-05-26 12:39:07,minta bantuan min tik tok saya gabisa login karna salah satu akun di band permanen
Pengguna Google,1,2026-05-26 12:38:45,banyak komen bot jadi ga bisa nikmatin baca komen lagi
Pengguna Google,5,2026-05-26 12:38:00,Goid The Best
Pengguna Google,5,2026-05-26 12:37:55,sangat bagusss
Pengguna Google,1,2026-05-26 12:37:52,ngeleg' siee mana ngga bisa di buka pdahal wfi lancar memo bnya
Pengguna Google,1,2026-05-26 12:37:51,setiap aku mau ke tiktok pasti ada tulisan tiktok tidak mengangapi anda bikin males
Pengguna Google,2,2026-05-26 12:37:29,"ini tiktok knp si, kok saya buka apk nya keluar mulu, tolong di perbaiki!!!"
Pengguna Google,5,2026-05-26 12:37:24,seru tapi nge leg banget si anjg
Pengguna Google,5,2026-05-26 12:35:19,aplikasi ini tidak mebosankan
Pengguna Google,5,2026-05-26 12:34:56,mantapp
Pengguna Google,4,2026-05-26 12:33:04,bagus tapi sayang nya belum ada sorotan
Pengguna Google,5,2026-05-26 12:32:50,👍
Pengguna Google,1,2026-05-26 12:32:39,"aplikasi update mulu , makin update makin error, patah²"
Pengguna Google,3,2026-05-26 12:31:04,lumayan buruk 👎👎 pas mau masuk ke tiktok itu screen nya lma banget
Pengguna Google,5,2026-05-26 12:30:22,full information n berita terkini
Pengguna Google,5,2026-05-26 12:30:11,kenapa tik tok saya tidak bisa buat sorotan tolong tik tok saya dibuat fitur sorotan
Pengguna Google,3,2026-05-26 12:27:35,kebalikan akun saya!!
Pengguna Google,5,2026-05-26 12:27:23,sering ngebug sering keluar keluar sendiri dari apk nya saat sya live mohon untuk di perbaiki lagi spy lebih ringan lagi dan bisa di akses di hp yg masih rendah jgk mohon kebijakan nya kak
Pengguna Google,5,2026-05-26 12:27:03,saya sangat suka tiktok
Pengguna Google,1,2026-05-26 12:26:50,"draft jdi ilng, susa di buka draft ak, hrs ke pengaturan dlu, ribet deh"
Pengguna Google,5,2026-05-26 12:26:37,ok
Pengguna Google,5,2026-05-26 12:26:33,tiktok nya bagus
Pengguna Google,5,2026-05-26 12:25:45,aku senang bangat aplikasi ini
Pengguna Google,1,2026-05-26 12:23:48,woi ini kenapa tiktok g bisa di buka
Pengguna Google,5,2026-05-26 12:23:37,bagusss
Pengguna Google,1,2026-05-26 12:21:44,"developer tolong dong akun tik tok saya kenapa kok paylaternya tidak bisa di gunakan padahal sudah 2 tahun lebih dan paylaternya juga sudah limit besar itu pun saya gk pernah pakai selalu COD,klo gk bisa percuma ada limit paylaternya dong"
Pengguna Google,5,2026-05-26 12:20:42,aplikasi ini bagus banget
Pengguna Google,5,2026-05-26 12:20:37,aku suka dengan aplikasi ini sangat menghibur banyak tahu tentang berita terbaru info penting juga dan banyak manfaat lainnya
Pengguna Google,5,2026-05-26 12:20:26,bagus cuma
Pengguna Google,5,2026-05-26 12:20:03,mantab dan lancar
Pengguna Google,5,2026-05-26 12:19:39,mantap
Pengguna Google,5,2026-05-26 12:18:19,baik
Pengguna Google,1,2026-05-26 12:16:22,akun tidak bisa dibuka
Pengguna Google,5,2026-05-26 12:15:09,aplikasi nya ngehibur bangett sukakkk
Pengguna Google,1,2026-05-26 12:15:07,MASAK AKU GAK BISA VN YANG LAIN BISA TIKTOK GAK ADIL
Pengguna Google,5,2026-05-26 12:14:22,oke
Pengguna Google,5,2026-05-26 12:13:21,ini enak ya kalo kalian lagi makan apa bangun tidur pasti nyari hp terus scroll tiktok kan? terus ini aku masih bintang lima ya walaupun agak ngelag sih tiktok nya tapi syukur nya aku masih ke akun aku yg lama😻
Pengguna Google,5,2026-05-26 12:12:47,di tiktok ada fitur baru loh fitur baru nya adalah vn bisa komentar vn dong mantap banget aplikasi ini udah di hibur dan ada tiktok untuk belanja pulak aku udah 4 jam scroll tiktok
Pengguna Google,5,2026-05-26 12:12:36,bagusss bet jirr kaya bahlil
Pengguna Google,1,2026-05-26 12:11:41,selamat persahabatan hiburan.
Pengguna Google,5,2026-05-26 12:10:33,Bagus sihh
Pengguna Google,3,2026-05-26 12:08:46,mengecewakan masa baru buka tiktok bentar aja keluar sendiri berkali-kali mana udh kemari marin lagi tolong admin hapus yg bug keluar nya tapi bagus kok bisa kirim stiker tpi pas aku video juga keluar tolong ya admin pliss🙂🙏
Pengguna Google,4,2026-05-26 12:08:28,hallo... tik tok saya kenapa jadi Indonesia (RP) .. sebelum nya Malaysia (RM) untuk belanja sudah tidak bisa 😭
Pengguna Google,1,2026-05-26 12:08:18,"untuk tiktok dimohon untuk memberantas para bot-bot yang mengumpulkan koin dari peti harta Karun, dikarenakan ketika saya mengambil koin kotak harta Karun tidak ada isinya sama sekali, dan saya lihat siapa saja yang menerima ternyata bot semua padahal yang ngambil 16 orang tetapi viewer kreator cuman 6 orang real, dikhawatirkan akan membuat orang tidak ingin membagikan kotak harta Karun padahal ini sangat membantu live kreator"
Pengguna Google,5,2026-05-26 12:03:48,bgus
Pengguna Google,5,2026-05-26 12:03:29,baguss
Pengguna Google,5,2026-05-26 12:02:42,kok gak ada vitur vn lagi yak🙁
Pengguna Google,5,2026-05-26 11:58:16,beri aku fitur audio
Pengguna Google,5,2026-05-26 11:57:33,bagus mantap
Pengguna Google,1,2026-05-26 11:55:44,jelek banget benci
Pengguna Google,5,2026-05-26 11:53:50,"sangat2 gokil aplikasi tik tok,muantap"
Pengguna Google,5,2026-05-26 11:53:34,soO goOd😖💕
Pengguna Google,4,2026-05-26 11:53:15,tiktok memang bagus tapi boleh ya baru download langsung punya akun sendiri biar seru gitu aku kasih bintang 4 karena itu yang menurut aku kurang makasih😄
Pengguna Google,5,2026-05-26 11:52:06,bagussssssssss
Pengguna Google,2,2026-05-26 11:51:11,kok sya tdk punya sorotan tiktok ? padahal yg lain sdh punya
Pengguna Google,3,2026-05-26 11:49:56,"tolong banget pihak tiktok dibenerin lagi sistemnya, tiap buka aplikasi ky berat bgt selalu muncul tulisan ""tiktok tidak menanggapi"", memori saya msh kosong dan aplikasi lain ga ada yg se masalah aplikasi ini, mohon dibenerin lagi"
Pengguna Google,1,2026-05-26 11:49:55,kenapa ga bisa di donllot
Pengguna Google,1,2026-05-26 11:48:53,bintang 1 gua ngepost video ngestuck 30% maless
Pengguna Google,1,2026-05-26 11:47:22,"tiktok kenapa akun saya kena pelanggaran usia padahal usia saya sudah di atas 18+THN, tiktok shop hilang ga bisa checkout lagi,ga bisa live,dan setiap postingan video jadi ga fyp, tolong kembalikan tiktok saya seperti dulu lagi."
Pengguna Google,5,2026-05-26 11:47:02,sangatembantu
Pengguna Google,5,2026-05-26 11:46:38,seru banget beh gokil si ni aplikasi
Pengguna Google,4,2026-05-26 11:45:35,sangat menarik dan bisa untuk cari pembelajaran juga
Pengguna Google,5,2026-05-26 11:44:28,mantap apk nya
Pengguna Google,1,2026-05-26 11:43:28,keluar terus
Pengguna Google,3,2026-05-26 11:43:08,akun saya tidak bisa kirim pesan
Pengguna Google,1,2026-05-26 11:41:59,"oii, nlnuka tiktok biar dapat hiburan,.in buka tiktok lam.nunggu iklan ,"
Pengguna Google,1,2026-05-26 11:39:23,"setelah di upgrade makin parah, makin berat. bagi yg ingin upgrade, saya saran kan lebih baik tidak usah di upgrade."
Pengguna Google,5,2026-05-26 11:37:01,susah bikin konten nya tapi pede pede aja sih
Pengguna Google,5,2026-05-26 11:37:00,sangat baik dan sportif
Pengguna Google,4,2026-05-26 11:35:45,lumayan lah tik tok ini
Pengguna Google,5,2026-05-26 11:33:31,sangat istimewa
Pengguna Google,5,2026-05-26 11:33:04,wah ini tiktok bagus banget
Pengguna Google,1,2026-05-26 11:31:57,"apasi tiktok, sekedar komen biasa aja selalu di ilangin, jadi sulit banget buat berkomentar atau ngebalas"
Pengguna Google,5,2026-05-26 11:30:03,to long jangan di blok lagi tiktok aku plisss
Pengguna Google,5,2026-05-26 11:29:32,mantap
Pengguna Google,5,2026-05-26 11:29:09,Hana aku
Pengguna Google,5,2026-05-26 11:27:14,aplikasinya bagus dan mudah digunakan
Pengguna Google,2,2026-05-26 11:27:06,"saya hanya mengasih 2 bintang karena saat saya mau memosting video tapi masih 1%.Dan saya tunggu Sangat lama tapi belum selesai juga,dan saya sangat kesal, padahal jaringan wifi saya sudah sangat baik.Tolong diperbaiki🙏"
Pengguna Google,1,2026-05-26 11:23:56,"saya mencoba daftar di akun baru namun saat saya masukkan tanggal lahir saya malah ada tulisan ""anda tidak memenuhi syarat"" tolong di hapus saja syarat seperti itu membuat susah saja"
Pengguna Google,5,2026-05-26 11:23:40,sangat mmuaska
Pengguna Google,5,2026-05-26 11:21:41,mantapp
Pengguna Google,5,2026-05-26 11:20:16,semoga berkah
Pengguna Google,5,2026-05-26 11:19:17,minn ini tlg knp fitur vn pas di update malah ilang😭
Pengguna Google,2,2026-05-26 11:15:44,mau daftar susah akun beberapa hari langsung ke blokir permanen
Pengguna Google,4,2026-05-26 11:14:53,lumayan lah
Pengguna Google,3,2026-05-26 11:13:48,kenapa paylater tiktok loading terus padahal saya mau bayar udah lewat jatuh tempo
Pengguna Google,1,2026-05-26 11:08:06,main tiktok seru sih tapi kok pas masuk harus main pazel mulu mala lama lagi loading nya😒😒
Pengguna Google,5,2026-05-26 11:07:46,"Menurutku update tiktok ini sudah bagus asik juga...tapi teruntuk orang yg memberi bintang 1/★ kalian bilang baik baik aja ya jangan ngegas"" ngomong dengan baik/sopan itu aja ya bye bye maaf kalau menyinggung kalian"
Pengguna Google,1,2026-05-26 11:05:43,sering keluar sendiri
Pengguna Google,1,2026-05-26 11:04:21,Tiktok is currently very disappointing often mutes music and deletes VT and there is no nudity or porn like other people's VT😄😄😄
Pengguna Google,5,2026-05-26 11:03:54,mantap
Pengguna Google,5,2026-05-26 11:00:13,bagus
Pengguna Google,5,2026-05-26 10:57:40,"Tik Tok itu bagus, menghibur, dan seru.Tapi titok sensitif terhadap anak di bawah umur. Pokoknya titok bagus,seru,dan menghibur,tapi kadang-kadang lag itu saja"
Pengguna Google,5,2026-05-26 10:57:34,bagus seru
Pengguna Google,5,2026-05-26 10:57:04,sangat bagus
Pengguna Google,5,2026-05-26 10:54:08,sangat bermanfaat untuk hiburan dan membantu umkm buat berjualan produk
Pengguna Google,2,2026-05-26 10:51:58,"klo kompres video ngotak dikit, video udah 1080p dikompres ampe keliatan kek 144p"
Pengguna Google,1,2026-05-26 10:50:08,kek mana sinyal bagus tapi lemot maaf kecewa
Pengguna Google,1,2026-05-26 10:46:32,im using huawei device why so force closs
Pengguna Google,1,2026-05-26 10:41:14,"keluar sendiri, ngelag parahh"
Pengguna Google,3,2026-05-26 10:40:33,gambang kena pelanggaran
Pengguna Google,5,2026-05-26 10:40:23,tiktok ini harus nya diperbaiki lagi ya 😊😊? ☺☺☺☺☺☺☺☺☺☺
Pengguna Google,5,2026-05-26 10:35:12,bagus banget aplikasi nya
Pengguna Google,1,2026-05-26 10:33:38,tidak ada toko buat memesan barang
Pengguna Google,5,2026-05-26 10:33:13,sudah sangat bagus sekali
Pengguna Google,5,2026-05-26 10:32:53,"bagus,, bangt bisa liat konten orang lain"
Pengguna Google,4,2026-05-26 10:31:21,live sering mati sendiri
Pengguna Google,5,2026-05-26 10:30:43,bagus pls me voice note
Pengguna Google,1,2026-05-26 10:28:37,"Tolong diperbaiki sistem penayangan postingan agar setiap upload konten tidak 0 tayangan, TOLONG PERBAIKI SISTEMNYA, hilangkan bug saat sedang mengupload konten"
Pengguna Google,1,2026-05-26 10:25:53,TikTok itu Emang seru tapi kok pasti banyak yang aneh aneh
Pengguna Google,5,2026-05-26 10:24:14,mantaf
Pengguna Google,1,2026-05-26 10:22:44,kandang monyet
Pengguna Google,4,2026-05-26 10:21:29,kualitas bagus tapi saya tidak bisa masuk
Pengguna Google,1,2026-05-26 10:19:28,sekarang tiktok sulit fyp.ga kayak dulu.dulu kalau post pasti fyp kalau sekarang ngga.skrang susah.kyak g menghargai orang yang sush² untuk up dan ngedit
Pengguna Google,1,2026-05-26 10:18:20,"sumpah inii Tiktok udh ngeleg,boros,eh upload video buram,terus pas mau buat video tiktok(velocity) gerak lambat cepat nyaa ga smooth"
Pengguna Google,2,2026-05-26 10:17:39,"Kenapa postingan saya dari kemarin tidak bisa dilihat oleh orang terus ya? Setiap saya mau salin tautan, pasti ada pop up berisikan ""Postingan sedang di proses."" Ini sudah 1 hari seperti ini. Saya coba posting ulang pun, hasilnya di akun saya ada postingan nya, tetapi jika dilihat oleh orang lain tidak ada postingan saya. Mohon bantuannya"
Pengguna Google,5,2026-05-26 10:13:44,bisa chat sama temen
Pengguna Google,1,2026-05-26 10:11:22,WOOOYYY NAPA LO SERING BLOKIR PESANNYA CALLYSTA HAA? LO GASUKAA? KALO GASUKA AKU AJA YANG BLOKIR JANGAN CALLYSTA!!! DIA GA SALAH APA-APA DI BLOKIR!!! CAM ΚΑΝ ΙΤUU YAAA TIKTOK
Pengguna Google,5,2026-05-26 10:09:44,bagus banget untuk kita
Pengguna Google,5,2026-05-26 10:08:57,"bagus, menyenangkan"
Pengguna Google,1,2026-05-26 10:07:10,"jujur Tik tok itu seru tapi kalau aku mau mendaftarkan pakai akun Google kenapa malah gak bisa sebel banget jadinya,😏😔"
Pengguna Google,1,2026-05-26 10:05:58,Lag an bug. Mau posting sangat membutuhkan kesabaran. Padahal buka aplikasi lain lancar. Upload 60% ga gerak lagi.
Pengguna Google,2,2026-05-26 09:59:51,"tiktok sudah tidak bisa pilih sound otomatis, padahal itu sangat berguna."
Pengguna Google,5,2026-05-26 09:58:48,は💚«*.°~bagusss pol mantap~°.*»🍀ゃ
Pengguna Google,5,2026-05-26 09:56:43,aku suka sama tiktok ini karna bagus banget
Pengguna Google,5,2026-05-26 09:55:50,ok
Pengguna Google,5,2026-05-26 09:53:20,bagus
Pengguna Google,3,2026-05-26 09:53:14,Tik tok ini aku agak suka soalnya banyak akunku yang udah keblokir dan ini akun terakhirku yang keblokir ya udah aku update lagi lah plislah tolong diperbaiki!!!!
Pengguna Google,5,2026-05-26 09:52:11,kicau maniA
Pengguna Google,4,2026-05-26 09:45:38,sebenarnyaa sihh baguss aplikasi nya akan tetapi ada fitur yang belum muncul di saya yaitu sorotann kekk manaa inii.
Pengguna Google,1,2026-05-26 09:45:31,"coba kasih fitur telepon kyk Instagram jadi ga cuma vidio sama chat doang, susah aku mau bujuk cewe ku mana di blok semua lgi sosmed ku, mana jauh pula cewe ku"
Pengguna Google,2,2026-05-26 09:44:31,"sebenarnya aplikasinya bagus, salahnya baru buka mau nonton udah macet aja , yg paling parah waktu buat video ngelet,macet dan patah"",abis itu keluar ini lagi , tutup aplikasi atau tunggu. kadang tiba"" keluar sendiri dari aplikasi, tolong di perbaiki ya , bikin gak nyaman nonton dan buat video kalau kek gitu 🥺 🙏 dan sekarang di suruh updatenya pun sangat sering"
Pengguna Google,5,2026-05-26 09:43:17,mantap
Pengguna Google,5,2026-05-26 09:42:08,bagus
Pengguna Google,5,2026-05-26 09:36:21,ngeleg
Pengguna Google,3,2026-05-26 09:34:36,kenapa sering eror Tik tok
Pengguna Google,1,2026-05-26 09:33:15,"saya ditipu oleh pihak kurir atau pihak pengantar paket(Ninjavan Express) dengan alasan paket tertukar, harap kalian berhati-hati kalo mau pesan barang di tiktok shop pakai via bank jika yang mengantar barang kalian dari pihak Ninjavan Expres, kata si penjual pihak kurir atau pihak pengantar sudah ditentukan oleh pihak aplikasi bukan dari pihak penjual,sekedar mengingatkan semonga kalian tidak merasakan hal yang sama seperti yang pernah saya alami.😊 gimana pendapatmu mind @tiktok,@tiktokshop."
Pengguna Google,5,2026-05-26 09:32:21,bagus bgt buat klo lagi gabut
Pengguna Google,5,2026-05-26 09:31:10,bagus banget membantu semua orang agar tidak kudet
Pengguna Google,5,2026-05-26 09:31:00,seru aku suka nonton amba series
Pengguna Google,5,2026-05-26 09:30:24,saya suka karena sangat menghibur
Pengguna Google,5,2026-05-26 09:30:07,bagus
Pengguna Google,5,2026-05-26 09:29:38,mantap
Pengguna Google,5,2026-05-26 09:27:06,bagus
Pengguna Google,1,2026-05-26 09:26:48,aplikasi nya sering jelek jelek jaringan nya sever bermasalah
Pengguna Google,5,2026-05-26 09:26:13,seru tapi masih seru ff
Pengguna Google,4,2026-05-26 09:25:37,tiktok tolong sulap kecepatan nya perbaiki soalnya ga smooth
Pengguna Google,5,2026-05-26 09:23:22,celeng aplikasi na aing mah hayang kabeh gratis di shop na nyaho tee
Pengguna Google,5,2026-05-26 09:22:51,ok
Pengguna Google,5,2026-05-26 09:19:00,wowwwwniz maizinggg aky sukaaaaaa
Pengguna Google,5,2026-05-26 09:18:28,kandang monkey tapi oke bakal iseng
Pengguna Google,5,2026-05-26 09:12:40,mantap
Pengguna Google,5,2026-05-26 09:09:59,saya suka ini
Pengguna Google,4,2026-05-26 09:08:34,sering gangguan jancooookkkk
Pengguna Google,5,2026-05-26 09:06:30,mantap isi penat
Pengguna Google,5,2026-05-26 09:04:33,bagus ya
Pengguna Google,1,2026-05-26 09:02:09,sering banyak bug
Pengguna Google,5,2026-05-26 08:59:52,seru ada meme +video lucu
Pengguna Google,2,2026-05-26 08:57:07,selalu nge lag klo buka tiktok
Pengguna Google,5,2026-05-26 08:52:00,fitur nonton di bayar fitur video fyp semua dan fitur fitur yang lain ya yang baru dan viral
Pengguna Google,5,2026-05-26 08:51:39,ngga bosen deh tiktokan
Pengguna Google,5,2026-05-26 08:45:49,TOLONG CARA VN GIMANA BOYY
Pengguna Google,1,2026-05-26 08:44:31,males akun gue ke blokir
Pengguna Google,5,2026-05-26 08:44:03,ada fitur vn tapi gua gak bisa vn
Pengguna Google,1,2026-05-26 08:43:57,"sumpah makin parah aja ini tiktok internet lancar, buka notice ga bsa ,buka komentar ga bisa, kacau"
Pengguna Google,5,2026-05-26 08:41:51,oke
Pengguna Google,5,2026-05-26 08:41:04,"bagus bangetttt, bisa lihat Bahlil sama banyak orangggg"
Pengguna Google,5,2026-05-26 08:40:20,"tolong kalo habis hapus data tiktok, saya daftar lagi itu kamera nya gausah di unduh. biasanya juga gak kaya gitu kok."
Pengguna Google,5,2026-05-26 08:39:16,mantappp
Pengguna Google,1,2026-05-26 08:38:22,"saya buka tik tok keluar² terusss woyy, gimana iniii jangan kek gitu lahh"
Pengguna Google,3,2026-05-26 08:37:52,kadang error kadang gk error tapi gara gara update jadi aku gk bisa chat lagi sama temen aku😭😭😭
Pengguna Google,5,2026-05-26 08:36:00,good
Pengguna Google,5,2026-05-26 08:34:44,good
Pengguna Google,5,2026-05-26 08:34:13,aduhaiii baguss bisa dapet teman sosial
Pengguna Google,5,2026-05-26 08:33:49,trimakasih tiktok SDH mempermudah belanja online
Pengguna Google,5,2026-05-26 08:25:27,bagus
Pengguna Google,1,2026-05-26 08:25:09,"tiktok,kok aku nggak bisa pakai stiker terbaru itu lagi sih, padahal sebelumnya bisa,tapi sekarang udah nggak bisa lagi, kayak gimana ini. tiktok nya udah nggak bisa di update lagi 😓😞"
Pengguna Google,4,2026-05-26 08:25:02,"tiktok seru,ga bikin bosen dan bisa belanja di sini"
Pengguna Google,5,2026-05-26 08:24:17,Bagus banget mantap
Pengguna Google,2,2026-05-26 08:24:04,"harus bayar promosi, baru bisa fyp wkwkwkw makin mata duitan aja"
Pengguna Google,5,2026-05-26 08:23:39,bagus bgt saya dapat 5jt dalam 2 bulan 🤭🤭🌷
Pengguna Google,5,2026-05-26 08:21:59,well
Pengguna Google,5,2026-05-26 08:21:51,karna game ini bisa ditonton kapan saja
Pengguna Google,5,2026-05-26 08:21:34,bagus pokona
Pengguna Google,2,2026-05-26 08:19:12,"ini kenapa ya Tiktok makin hari makin gajelas, kenapa sekarang pas scroll banyak iklan iklan gajelas, terus banyak iklan drama drama muncul padahal saya belum pernah menonton drama di TIkTok, tolong iklan iklan seperti itu dikurangin dong😔"
Pengguna Google,5,2026-05-26 08:18:43,"bagus banget, kalau bosen aku tinggal ke tiktok ajaa kalau lagi males ke YouTube. Dan kalau aku mau buat video reaction(ytta), aku bisa pinjem video org lain dengan cara izin 😌🙏🏻 Thanks yaaa udah buat aplikasi inii, ini berguna banget! Semangat terus developer 👍🏻"
Pengguna Google,3,2026-05-26 08:18:07,"gk bisa bikin sorotan tiktok, sama fyp nya su5 bgt,"
Pengguna Google,3,2026-05-26 08:18:00,menghibur dan saya juga mempunyai teman di tiktok tetapi kenapa harus di batasi umur saya cukup kecewa tapi saya juga terhibur
Pengguna Google,5,2026-05-26 08:16:42,baguss sekali
Pengguna Google,3,2026-05-26 08:14:38,tombol stiker disaya hilang tolong perbaiki
Pengguna Google,4,2026-05-26 08:09:21,bagus banget jir
Pengguna Google,2,2026-05-26 08:06:37,kenapa Tik tok aku sekarang ngak bisa dibuka ya
Pengguna Google,1,2026-05-26 08:05:59,belanja di tiktok shop barang di kirim tidak sesuai ..tetapi dana saya tidak di kembalikan
Pengguna Google,5,2026-05-26 08:05:32,bagus
Pengguna Google,5,2026-05-26 08:03:35,bagus banget
Pengguna Google,5,2026-05-26 08:03:31,sangat keren
Pengguna Google,2,2026-05-26 08:02:28,sumpil g terlalu asik bikin akun baru malah ngeleg pdhl sinyal udah bagus2nya baru jg masukin tanggal ultah g bisa masuk
Pengguna Google,3,2026-05-26 08:02:27,woi tiktok kapan gua bisa foto live udah beberapa kali gua update
Pengguna Google,1,2026-05-26 08:01:11,tidak bagus🗿🗿
Pengguna Google,5,2026-05-26 07:58:27,bagusss
Pengguna Google,5,2026-05-26 07:54:26,mantap pppppppp😹😹😹😹
Pengguna Google,5,2026-05-26 07:53:25,Suka
Pengguna Google,2,2026-05-26 07:53:02,terlalu banyak jualan
Pengguna Google,5,2026-05-26 07:52:26,seru bgt dehhh aku sukaa
Pengguna Google,5,2026-05-26 07:50:00,app nya bagus dan sangat mudah untuk digunakan tapi sangat cepat menyerap kuota
Pengguna Google,5,2026-05-26 07:48:32,hi mohon di aktifkan vitur vn ya
Pengguna Google,5,2026-05-26 07:48:10,aku suka sma aplikasi ini tpi ada yg pembatasan pembatasan usia gitu tolong jngn deh kwn kita udh diatas umur yg di setuju dan jngn begituan lah ini juga berguna sma anak anak
Pengguna Google,3,2026-05-26 07:45:41,masi blm ada sorotan
Pengguna Google,1,2026-05-26 07:44:30,tititok aku keblokir selamanya padahal saya tidak melangar
Pengguna Google,3,2026-05-26 07:42:59,updatenya telat.
Pengguna Google,1,2026-05-26 07:39:37,apk sarang monyet
Pengguna Google,5,2026-05-26 07:38:20,suka.
Pengguna Google,5,2026-05-26 07:37:56,bermanfaat banget bisa ngeliat brita² penting
Pengguna Google,1,2026-05-26 07:37:37,"tolongg, gausa kirim"" paket cod fiktif lagi ye! Bapaa gue uda meninggoy lu kirim pake cod fiktif atas nama bapa guaa! ketara bgt penipuu! jgn sebar"" data deh kata gua mah"
Pengguna Google,5,2026-05-26 07:36:05,𝒇𝒊𝒍𝒎 𝒏𝒚𝒂 𝒃𝒊𝒔𝒂 𝒃𝒖𝒂𝒕 𝒃𝒆𝒍𝒂𝒋𝒂𝒓 𝒅𝒂𝒏 𝒉𝒊𝒃𝒖𝒓𝒂𝒏𝒏𝒏𝒏𝒏𝒏𝒏𝒏𝒏𝒏𝒏𝒏𝒏𝒏𝒏𝒏𝒏𝒏𝒏𝒏
Pengguna Google,2,2026-05-26 07:35:47,"menurutku ini aplikasi lumayan berguna, tapii kenapaa pas diupdate malah jadi buruk ya eror teruss"
Pengguna Google,5,2026-05-26 07:35:46,karna seru
Pengguna Google,5,2026-05-26 07:33:37,Ok
Pengguna Google,1,2026-05-26 07:32:41,"tik tok saya kenapa ya, kalo saya baru masuk ke aplikasi tiktok nya mesti ngelag dulu abis itu keluar sendiri, dan setiap mau foto itu ngga bisa, keluar"" mulu, jadi tolong ya PERBAIKI SECEPATNYA KARENA ITU MENGGANGGU BANGET. DAN KENAPA YA DI PERANGKAT SAYA TIKTOK UDAH NGGA BERFUNGSI LAGI, ITU KENAPA, TOLONG DIPERBAIKI SECEPATNYA"
Pengguna Google,5,2026-05-26 07:31:23,bagus
Pengguna Google,4,2026-05-26 07:31:12,bagus bgt🥰
Pengguna Google,1,2026-05-26 07:30:52,selalu di Batasin najis benci.
Pengguna Google,1,2026-05-26 07:26:52,"terlalu ketat bagi kreator affiliate , khusus nya affiliate pemula"
Pengguna Google,1,2026-05-26 07:25:58,TIDAK BISAAA DI DOWNLOAD
Pengguna Google,5,2026-05-26 07:24:51,bagus
Pengguna Google,5,2026-05-26 07:24:45,bisa nonton yang agak sedikit toyol dan bisa menonton rainbow ruby
Pengguna Google,5,2026-05-26 07:24:36,Tiktok nya oke gak gampang iklan 😚
Pengguna Google,1,2026-05-26 07:24:36,"tiktoknya bagus sih,tapi kadang suka keluar sendiri kalo lagi scroll tiktok,gatau kenapaa...."
Pengguna Google,1,2026-05-26 07:23:55,apk tik tok rusak mesan barang kok maps nya gk bisa di atur alamat benar tpi maps nya nyasar rusak rusak
Pengguna Google,3,2026-05-26 07:23:45,"lumayan bgus, tapi nglag' trus ada batassn usia nya juga"
Pengguna Google,5,2026-05-26 07:21:49,bagus sih
Pengguna Google,5,2026-05-26 07:21:48,sangat berfungsi
Pengguna Google,5,2026-05-26 07:20:24,aplikasi jangan keluar sendiri
Pengguna Google,5,2026-05-26 07:19:23,bagusssssssss bgtt
Pengguna Google,5,2026-05-26 07:18:54,uhm s..-saya m..memberi rating l..lima b-bukan karnaa saya be..beneran suka y..ya ! u...-..uhmp!~ H...-HAH ? A...-AKUU T..-TSUNDERE ? . . . UGHH . . . ~! TIDAK ! A..AKU S..-SAMA SEKALI.. T..-TIDAK TS..-TSUNDERE . . . . . U..HMMPPHH ~ ! !
Pengguna Google,3,2026-05-26 07:17:42,"saat foto dan vidio di unggah, tidak tersimpan di galeri"
Pengguna Google,5,2026-05-26 07:16:15,ok bagus.
Pengguna Google,4,2026-05-26 07:15:34,kenapaa gaada fitur live photo nya
Pengguna Google,5,2026-05-26 07:12:10,saya suka dengan apk ini
Pengguna Google,5,2026-05-26 07:11:51,kianan kasih bintang 5 yey
Pengguna Google,2,2026-05-26 07:10:48,keren
Pengguna Google,5,2026-05-26 07:09:25,bagus
Pengguna Google,3,2026-05-26 07:09:22,lumayan tapi saya selalu diprengsama temansayatolong benerin ya
Pengguna Google,3,2026-05-26 07:09:17,"kok komen foto gw hilang,padahal dari 5 menit yang lalu gw bisa kirim kirim foto dah kok tiba tiba hilang,dan juga gw sudah upgrade tiktok nya tetep g ada kenapa ya?"
Pengguna Google,5,2026-05-26 07:06:37,aplikasi ini bagus banget
Pengguna Google,3,2026-05-26 07:04:55,ini gimana yaa maksud nya sistem akun1 ku gaa ada sorotan yang akun ku ke2 ada sorotan nya kesenjangan sosial sihh padahal yang 1 akun pribadi ku😌
Pengguna Google,2,2026-05-26 07:02:42,bikin ini tiktok jadi smooth dan fresh dan tidak ada lag di aplikasi itu oke tanpa iklan yee macam mana kami mau laporan ke aplikasi kalau aplikasi nya aja ngeleh ko
Pengguna Google,5,2026-05-26 07:02:12,sangat bgus TPI kadang gebag
Pengguna Google,1,2026-05-26 06:59:15,tidak bisa di buka SM saya
Pengguna Google,5,2026-05-26 06:58:49,bagusan
Pengguna Google,4,2026-05-26 06:54:53,karna gak ada sorotan nya
Pengguna Google,5,2026-05-26 06:51:45,"baguusss, tapii kenapa upadetenya mic di komentar belum adaa"
Pengguna Google,1,2026-05-26 06:49:54,𝚔𝚎𝚗𝚊𝚙𝚊 𝚢𝚊 𝚝𝚒𝚔𝚝𝚘𝚔 𝚜𝚎𝚕𝚊𝚕𝚞 𝚝𝚒𝚍𝚊𝚔 𝚖𝚎𝚗𝚐𝚊𝚙𝚊𝚒 𝚔𝚕𝚘 𝚐𝚒𝚝𝚞 𝚝𝚒𝚍𝚊𝚔 𝚞𝚜𝚊𝚑 𝚊𝚍𝚊 𝚝𝚒𝚔𝚝𝚘𝚔 𝚋𝚒𝚔𝚒𝚗 𝚔𝚎𝚜𝚎𝚕 𝚜𝚊𝚓𝚊 😡😡😡😡🤬🤬🤬🤬
Pengguna Google,3,2026-05-26 06:49:45,knp GK bisa tuker koin
Pengguna Google,5,2026-05-26 06:48:00,cepat dan bagus
Pengguna Google,5,2026-05-26 06:46:19,karna aku dapat ¹juta folowers
Pengguna Google,1,2026-05-26 06:44:58,terlalu banyak pembaruan dan sering terjadi akun pada eror disetiap ada pembaruan. lama² gaguna
Pengguna Google,5,2026-05-26 06:43:25,",👍👍👍👍"
Pengguna Google,1,2026-05-26 06:38:31,gw kasih bintang nol aja
Pengguna Google,5,2026-05-26 06:33:27,oke
Pengguna Google,2,2026-05-26 06:32:55,Apaan coba tiktok gw ketinggalan jaman banget
Pengguna Google,5,2026-05-26 06:32:49,"TikTok is a very fun and creative app! The TikTok Shop feature makes it easy to discover and purchase products directly from videos conveniently. The filters and effects are also very diverse, making content more attractive and aesthetic. The music library is complete and always updated with trending songs, making video editing even more enjoyable. Overall, using TikTok has been a very satisfying experience for both entertainment and inspiration. ⭐⭐⭐⭐⭐"
Pengguna Google,5,2026-05-26 06:29:45,aplikasi ini aneh sekali kebalikan tiktok saya seperti semula dari awal bantu saya untuk kembalikan tiktok saya seperti semula
Pengguna Google,1,2026-05-26 06:27:28,kenapa sih kalo aku liat tiktok selalu ngelag parah padahal jaringan ku baik loh
Pengguna Google,5,2026-05-26 06:24:36,suka bangettt tapi kenapa Fitur baru nya cuma berguna di 1 akun.akun ku yng lain ga ke update ya?
Pengguna Google,5,2026-05-26 06:22:51,ini sangat seru bisa belajar masak dan lain lainya
Pengguna Google,1,2026-05-26 06:21:21,bagus aplikasi nya tapi..... ya taulah
Pengguna Google,2,2026-05-26 06:16:38,lag banget terus apdet nya lama banget ga muncul
Pengguna Google,1,2026-05-26 06:15:15,kok gak bisaaa aneh banget app nya padahal udah pake wifi lancar buka youtube bisa buka Ig bisa semuanya bisa tapi buka tiktok gak bisa tulisannya offline mana saya hapus download ulang juga tetap gak bisa malah gak bisa login lagi aneh banget apalah oh gak jelas aneh aneh uuuu jelekkkkkkk
Pengguna Google,5,2026-05-26 06:15:12,seru gw punya tmn baru
Pengguna Google,2,2026-05-26 06:14:11,Sering ngeleg
Pengguna Google,1,2026-05-26 06:14:11,"akun sayaa tiba"" hilang dan tidak ada respon dari tim tiktok sangat tidak menyenangkan"
Pengguna Google,5,2026-05-26 06:13:05,seru dan senang bertemu tiktok
Pengguna Google,3,2026-05-26 06:12:29,Pertamanya bagus tapi waktu malam udah di block tolong ya du tiktok gaada blokiran ya Dan saya juga gabisa live? knp ya
Pengguna Google,5,2026-05-26 06:09:14,mantul
Pengguna Google,5,2026-05-26 06:06:44,saya pernah ada akun ditiktok ini
Pengguna Google,1,2026-05-26 06:04:46,knp gabisa login ulang dia ngestag di loading trus knp aplikasi ini mungkin berhenti di perangkat anda knp yaa tolong segera di perbaiki saya gabisa tanpa tiktok🥺
Pengguna Google,5,2026-05-26 06:01:39,sangat bgus tiktok ny seru pkok ny mode Byran lwt playter ny di bisa kak
Pengguna Google,4,2026-05-26 05:59:16,kenapa suka gk bisa dibuka sih tok kamu
Pengguna Google,1,2026-05-26 05:58:51,APLIKASI NYA ERORR PERBAIKI!!!!!!
Pengguna Google,5,2026-05-26 05:58:01,beneran bisa cair...trimakasih
Pengguna Google,5,2026-05-26 05:56:49,bagus aja TPI gk bisa voice
Pengguna Google,1,2026-05-26 05:56:14,"ni aplikasi memang bodoh, padahal udh klik tidak tertarik dan blokir akun-akun itu. tapi malah makin muncul di fyp."
Pengguna Google,5,2026-05-26 05:55:05,bagus
Pengguna Google,5,2026-05-26 05:52:38,sukaa bgt sama apk nya cinta mati seruu juga tapi tolong dong jangan banyak ngelag
Pengguna Google,1,2026-05-26 05:51:55,good
Pengguna Google,5,2026-05-26 05:51:39,maen
Pengguna Google,1,2026-05-26 05:47:29,satu 1 seribu bug
Pengguna Google,5,2026-05-26 05:44:54,Bagus k
Pengguna Google,5,2026-05-26 05:43:47,mantap...
Pengguna Google,1,2026-05-26 05:43:44,temen² k bisa vn Tik tok aku ga bisa sendiri
Pengguna Google,5,2026-05-26 05:43:09,intinya ini apk bergna
Pengguna Google,5,2026-05-26 05:41:43,"tiktok tida terlalu buruk bagi saya,malah membantu saya,menghibur,memberi pengetahuan, pembelajaran,saya suka dengan tiktok,bisa berbelanja sepuasnya"
Pengguna Google,5,2026-05-26 05:40:57,keren
Pengguna Google,1,2026-05-26 05:40:49,di tiktok saya tidak ada payleternya
Pengguna Google,5,2026-05-26 05:40:43,bagus banget aku suka sekali
Pengguna Google,1,2026-05-26 05:37:02,admin ini tiktok nya Masi ada bug dan keluar sendiri dan saat saya mau ngetik Susa ngelag parah
Pengguna Google,1,2026-05-26 05:36:35,"aku beri bintang 5 agar di respon,di karenakan aplikasi ini terlalu banyak glicth dan eror.Dan lagi kontrol iklan yang buruk,contoh iklan slot,porno,penipuan dll.Dan terutama buzzer² yang banyak mengacaukan komentar"
Pengguna Google,1,2026-05-26 05:34:17,"ini kenapa ya?, semenjak sudah di upgrade setiap saya mau masuk ke tiktok pasti terkeluar sendiri saya tidak suka. jadi pliss perbaiki!!!!"
Pengguna Google,5,2026-05-26 05:32:39,sangat bagus tetapi aplikasi saya tdk mempuyai sorotan
Pengguna Google,5,2026-05-26 05:30:43,bagus
Pengguna Google,1,2026-05-26 05:30:16,karena enggak bisa nonton bokeb
Pengguna Google,5,2026-05-26 05:28:06,bagus baget
Pengguna Google,4,2026-05-26 05:27:56,bagus aplikasinya seru tapi yang kurang translate yang ada di komennya jadi plis tiktok tambahin fitur translate tulisan di komentar ya
Pengguna Google,5,2026-05-26 05:27:40,bisa cari temen online banyak dan seru seru video nya aku suka tiktok ✨👍
Pengguna Google,5,2026-05-26 05:26:39,bagus
Pengguna Google,4,2026-05-26 05:26:17,seruu cuma belum bisa vn
Pengguna Google,3,2026-05-26 05:25:43,kok g bisa vn
Pengguna Google,5,2026-05-26 05:23:59,good job
Pengguna Google,5,2026-05-26 05:23:26,bagus tapi malah di hapus bapak sama mama ku
Pengguna Google,5,2026-05-26 05:22:31,tiktok nya gak eror bagus lagi
Pengguna Google,5,2026-05-26 05:22:18,menari
Pengguna Google,1,2026-05-26 05:20:33,tolong Lah kcilin mb nya gak kuat loh rammm kuu😭😭😭😭
Pengguna Google,5,2026-05-26 05:19:47,aplikasi ini sangat membantu saya
Pengguna Google,5,2026-05-26 05:17:52,bagus
Pengguna Google,5,2026-05-26 05:17:36,tapi sayang aku gak bisa download
Pengguna Google,1,2026-05-26 05:11:40,tiktok bagussssss
Pengguna Google,5,2026-05-26 05:10:33,Sangat bagus
Pengguna Google,4,2026-05-26 05:08:36,aplikasi nya bagus cuma di sini banyak orang yg sering menghina orang lain yg tidak punya salah apa apa
Pengguna Google,5,2026-05-26 05:07:20,aplikasi tik tok sangat bagus
Pengguna Google,5,2026-05-26 05:03:57,bagus banget buat hiburan mencari cuan aplikasi tiktok ini
Pengguna Google,3,2026-05-26 05:03:44,kenapa gak ada fitur titok shop nya
Pengguna Google,5,2026-05-26 04:54:07,untuk tim tiktok. ini aplikasi nya udh sangat bagus tetapi tolong tambahkan fittur telepon
Pengguna Google,5,2026-05-26 04:53:15,menghasilkan uang
Pengguna Google,5,2026-05-26 04:52:29,Tiktok gimana sih. video pulgar ngga kena palnggaran. Giliran komentar yg mengandung sara kena pelanggaran terus.
Pengguna Google,2,2026-05-26 04:47:34,bagus sih tapi tolong sedikit dikurangi MB nya soalnya saya baru download 2 hari sudah menghabiskan 6Gb penyimpanan
Pengguna Google,5,2026-05-26 04:47:13,bagusss
Pengguna Google,5,2026-05-26 04:45:42,jadi populer
Pengguna Google,1,2026-05-26 04:44:19,"jujur ini nggak bngtt, soalnya kalau sya buka aplikasi ini pasti tiba-tiba keluar sendiri, trs kdang tiba tiba ada notifikasi ""pesanan anda semakin dekat"" kyk apasih sok asik bnget pdhl gk mesen apa' jujur sekarang gk suka bgt sama aplikasi ini."
Pengguna Google,2,2026-05-26 04:39:58,gak suka soalnya klw masuk itu suka eror dan acak acak jadi tolong di perbaiki dan bikin tidak acak acak lagi dan hd lagi
Pengguna Google,5,2026-05-26 04:37:23,enak bisa tiktokan kayak filter nya juga bagus bagus siapa sih yang ide buat tiktok
Pengguna Google,5,2026-05-26 04:36:46,good
Pengguna Google,5,2026-05-26 04:36:26,sangat seru
Pengguna Google,2,2026-05-26 04:36:07,ini tampilan korun baru malah bikin leg
Pengguna Google,5,2026-05-26 04:31:05,seru
Pengguna Google,5,2026-05-26 04:28:17,sangat memuaskan dan bagus sekali Tik tok sangat bagus
Pengguna Google,5,2026-05-26 04:27:14,mantap banyak fitur keren nya!
Pengguna Google,2,2026-05-26 04:23:38,setelah update gak bisa live sama bikin konten
Pengguna Google,1,2026-05-26 04:16:43,ngelag
Pengguna Google,1,2026-05-26 04:13:40,"banyak bug nya ,Tiba tiba gak bisa follow orang lain"
Pengguna Google,5,2026-05-26 04:13:00,bagus lumayan lah
Pengguna Google,4,2026-05-26 04:12:52,bagus banget dah
Pengguna Google,5,2026-05-26 04:12:47,sangat seronok kerana apa apa pun boleh kita tengok di Tiktok ........
Pengguna Google,5,2026-05-26 04:12:14,bgus sih bagus tpi setelah diup ngelah
Pengguna Google,3,2026-05-26 04:11:07,lemot
Pengguna Google,5,2026-05-26 04:09:38,sangat bagus aplikasinya
Pengguna Google,5,2026-05-26 04:09:30,Ini Menurutku Bagus Jadi Pengendali Nasa
Pengguna Google,1,2026-05-26 04:09:06,"apk Sialan, kalo refund dana Adain ke e-wallet, dikirim ke rekening banyak potongannya, rugi. tolong di update itu"
Pengguna Google,5,2026-05-26 04:08:47,suka dehhh... sering banget nyecroll gak selesai selesai. tapi... jagain tiktok shop lo itu! ganggu banget. bestian sama shoppe Lo?! orang itu butuh ketenangan dari stress nya dunia. malah tiba tiba masuk ke aplikasi lo ini. NYEBELIN TAU GK?! jadi bete... jangan ngemis ngemis kayak gitu. yg suka aplikasi lo banyak gk usah ngemis ngemis... benerin dulu aplikasi sialan ini yaaa sayyy..
Pengguna Google,1,2026-05-26 04:08:43,aplikasi monyet banyak sarangnya
Pengguna Google,5,2026-05-26 04:05:20,ok
Pengguna Google,5,2026-05-26 04:04:40,update fitur vn kah kok di aku gaada??
Pengguna Google,5,2026-05-26 04:04:22,oke
Pengguna Google,5,2026-05-26 03:59:20,bagus
Pengguna Google,5,2026-05-26 03:57:18,"bisa ngonten,dapat notif,dll buruan download tiktok!"
Pengguna Google,5,2026-05-26 03:54:25,"bagusi aplikasinyaa tapii jgn kasi sistem di bawah usia dong kita juga penngen live sama temann masa artis cilik bisa kita gk bisaa ,ituu gimanaa yaaaa plisss jagnnnnn aktifinnn di bawa usiaaaaa"
Pengguna Google,5,2026-05-26 03:52:13,tiktok sangat seru sekali
Pengguna Google,4,2026-05-26 03:50:05,tida hari tanpa tiktok. seru bangetttt
Pengguna Google,2,2026-05-26 03:49:32,"tiktok saya dari tadi malam tidak bisa di buka apa penyebab nya, saya ingin menonton video atau film yang ada di tiktok, tapi tiktok saya tidak bisaa di buka"
Pengguna Google,1,2026-05-26 03:48:38,kg update ketang bgt lu
Pengguna Google,5,2026-05-26 03:48:33,"bintang 5 biar dibaca.. tiktok kurang banyak makan data nya,memory HP penuh sm dy doang.. kuota sejati bs ngabisin ber GB GB tolong díperbaiki.. sering tiba2 kluar, sinyal bagus tapi lemot,fitur2 yg gak perlu mending dihapus.. hbs upgrade malah lemot"
Pengguna Google,5,2026-05-26 03:40:09,keren
Pengguna Google,5,2026-05-26 03:36:09,mantap aplikasi udah sering kali narik saldo
Pengguna Google,1,2026-05-26 03:36:00,"sistem bobrok,masa akun gaada melakukan pelanggaran malah kena blokir permanen sistem bot ampas"
Pengguna Google,5,2026-05-26 03:35:49,rekomendasi buat berkreasi
Pengguna Google,5,2026-05-26 03:32:58,Bagussssssssssss
Pengguna Google,1,2026-05-26 03:32:20,"apasih gajelas bgt, setiap aku buka tiktok pasti ngelag trs, pdhl jaringan ku bagus' aja"
Pengguna Google,5,2026-05-26 03:29:49,kak kok sekarng fitur auto scrol udah gaada ya
Pengguna Google,5,2026-05-26 03:28:31,aplikasi ini bagus dan tidak ada kejadian bug atau lainnya
Pengguna Google,5,2026-05-26 03:27:08,bagus
Pengguna Google,1,2026-05-26 03:26:16,"KNPA Aplikasi tiktok semakin Kurang ajar, tiada angin hujan Akun d blokir pelanggaran, Emangnya sya buat pelanggaran apa"
Pengguna Google,5,2026-05-26 03:21:33,"cukup menghibur,, tempat menyalurkan hobby"
Pengguna Google,5,2026-05-26 03:20:15,ok
Pengguna Google,5,2026-05-26 03:14:51,"aplikasi yg hampir bisa buat,benja,nonton,hiburan dan dapat cuan,semuanya di permudah"
Pengguna Google,5,2026-05-26 03:13:31,bangke ngelag parah lupa update deng
Pengguna Google,5,2026-05-26 03:13:18,app yg sngt kubutuhkan utk hiburan
Pengguna Google,5,2026-05-26 03:11:01,sangat bagus
Pengguna Google,1,2026-05-26 03:10:34,"tolong lah di perbaiki, uda susah2 beli hp baru buat live, setelah di beli baru 1bulan begitu update ke hios16 malah tidak setreo lagi saat buat live nyanyi, tolong lah segera di perbaiki versi ny buat hp hios16 di HP camon 40"
Pengguna Google,5,2026-05-26 03:08:32,seruuu bangettt
Pengguna Google,5,2026-05-26 03:07:38,tapi GK bisa vn
Pengguna Google,5,2026-05-26 03:06:19,ngga bist ini
Pengguna Google,1,2026-05-26 03:04:12,bagus
Pengguna Google,1,2026-05-26 03:02:36,emang g seperti dulu.... masa buat beralih akun atau keluar alasan koneksi sinyal g ada padahal buat scol nonton bisa.... saya kira hp saya ternya cuma di tiktok
Pengguna Google,5,2026-05-26 03:01:17,secara keseluruhan sudah bagus
Pengguna Google,5,2026-05-26 02:58:52,bagus bangat
Pengguna Google,1,2026-05-26 02:55:47,knp buka tiktok langsung ke tiktok shop bikin ngeleg tiktok redup aj
Pengguna Google,1,2026-05-26 02:55:34,kalo gak ada VN nya ke aku aku kasih bintang 1 nih
Pengguna Google,5,2026-05-26 02:54:26,cantik
Pengguna Google,5,2026-05-26 02:50:38,mantap
Pengguna Google,1,2026-05-26 02:50:29,mau post foto live ngestak di 1% nama aku gua (sahilkph)
Pengguna Google,1,2026-05-26 02:50:21,tiktok edan masa gk masuk2 aplikasi nya
Pengguna Google,4,2026-05-26 02:50:18,"kasih 4 dulu, masih pemula 👍"
Pengguna Google,1,2026-05-26 02:49:44,masih sering bag
Pengguna Google,1,2026-05-26 02:43:43,"apk sekarang makin gajelas,hanya memosting foto live ajaaaa udah ngga bisaaa selalu ngestag di1%"
Pengguna Google,5,2026-05-26 02:39:35,"tambah fitur baru nya, atuh telp sama video call"
Pengguna Google,1,2026-05-26 02:34:07,"tiktok sdh 3 kali menarik saldo dana saya, tanpa izin saya, mengatas namakan tiktok coin recharhe. mohon konfirmasinya. trimakasih"
Pengguna Google,4,2026-05-26 02:32:21,Aplikasi ini bagus banget
Pengguna Google,5,2026-05-26 02:32:07,mantap sekali
Pengguna Google,5,2026-05-26 02:31:24,bapak dia lah 🗿 minta fitur apa ya lupa saya
Pengguna Google,3,2026-05-26 02:30:33,kenapa ply leter saya ga aktip dan ga ada padahal saya sering belanja
Pengguna Google,5,2026-05-26 02:27:45,nonton singkat saja ada fitur tiktok shopnya untuk belanja dan klaim bonus
Pengguna Google,1,2026-05-26 02:26:55,Tik tok sekarang sudah aneh masa saldo saya otomatis beli coin padahal saya gak beli yang parah nya lagi coin nya juga gak di akun saya tololng di perbaiki saya sangat kecwa ..
Pengguna Google,4,2026-05-26 02:26:07,"tolong diperbaiki yah, kenapa saya kan udh Download tiktok nya udh mulai menginstal, harusnya kan langsung ada tik tok nya di beranda, tapi malah tertunda lagi jadi instal nya harus 3kali"
Pengguna Google,5,2026-05-26 02:24:18,bagus
Pengguna Google,5,2026-05-26 02:22:59,mantap
Pengguna Google,5,2026-05-26 02:22:36,sangat bagus
Pengguna Google,5,2026-05-26 02:17:32,Pingin ada sorotan 😭
Pengguna Google,5,2026-05-26 02:14:00,sangat membantu
Pengguna Google,1,2026-05-26 02:09:30,saya gak bisa hapus tiktok loh padahal malah ada lagi di download padahal sudah say hapus tiktok tolong diperbaikinya
Pengguna Google,1,2026-05-26 02:07:08,buruk banget
Pengguna Google,3,2026-05-26 01:55:58,knpa tiktok gabisa ngerekam vdio
Pengguna Google,1,2026-05-26 01:55:48,"akun tidak pernah melakukan pelanggaran APAPUN tapi diblokir (ada 2 akun berbeda). Pertama saya bukan anak di bawah umur, kedua saya pastikan saya tidak pernah melakukan pelanggaran di aplikasi, karena memang hanya digunakan untuk scroll saja (bahkan untuk comment/like pun jarang sekali), dan yang bikin kesal adalah tidak diberikan penjelasan pelanggaran nya di mana ANEHH anw saya sudah complain/ajukan banding ke email yaaah tapi tetap saja hasilnya NIHIL"
Pengguna Google,5,2026-05-26 01:54:50,"bagus buat selfie filternya bagus"" ga ketinggalan jaman, trendnya juga bagus, soundnya juga unik ngikuti trend, overall bagus cuma aku punya dua akun terus akun kedua bisa buat sorotan tapi aku utama gabisa, plz buat akun aku updatenya bareng jangan satu aja yang bisa"
Pengguna Google,5,2026-05-26 01:46:47,sangat membantu informasi
Pengguna Google,5,2026-05-26 01:46:44,bagus bgt dan ada vitur JJ gitu aku suka
Pengguna Google,5,2026-05-26 01:45:59,mantap ouyy keren tiktok
Pengguna Google,5,2026-05-26 01:43:39,Cara fyp gimana min
Pengguna Google,1,2026-05-26 01:32:21,saya tidak bisa mengakses akun di sini
Pengguna Google,3,2026-05-26 01:30:25,kalau lagi di pake kadang kadang suka keluar sendiri
Pengguna Google,4,2026-05-26 01:28:29,lumayan dapet uang dari lihat iklan sama film di aplikasi ini
Pengguna Google,5,2026-05-26 01:28:12,cukup menghibur
Pengguna Google,5,2026-05-26 01:26:34,sangat berguna dan bermanfaat bagi saya
Pengguna Google,3,2026-05-26 01:22:02,unistall aja bahaya keasikan scroll tiktok ga baik bikin otak gw beku jd keras dan bikin lalai
Pengguna Google,5,2026-05-26 01:20:42,bagus
Pengguna Google,3,2026-05-26 01:20:07,gak ono tokone we
Pengguna Google,1,2026-05-26 01:18:22,"fitur korunnya lelet ketika udah di tekan perlu 5 detik baru kebuka ,padahal udah di tekan tombol bukanya. TOLONG DI PERBAIKI LAH KORUN (KOTAK HARTA KARUNNYA)!!!"
Pengguna Google,5,2026-05-26 01:10:27,mantap kali
Pengguna Google,1,2026-05-26 01:08:48,"setiap buat laporan entah itu sex atau kekerasan pasti yang salah malah ga dianggap salah gapernah di terima laporan dari aku, giliran aku pake bahasa daerah yang cuman tanya nama orang yang pake warna baju ini pake bahasa daerah malah kena pelanggaran, aneh lu."
Pengguna Google,5,2026-05-26 01:06:30,ok
Pengguna Google,5,2026-05-26 01:06:25,oke
Pengguna Google,2,2026-05-26 01:05:10,"fitur nya yg dibutuhin bgt tiba"" sering ilang hdehh"
Pengguna Google,5,2026-05-26 01:04:22,Sangat puas
Pengguna Google,5,2026-05-26 01:03:53,ya setuju
Pengguna Google,5,2026-05-26 00:51:14,mantap
Pengguna Google,3,2026-05-26 00:44:53,"Tolong perbaiki masalah tidak bisa posting ke story streak pet, Udah seneng' 100 api🔥 eh ga bisa di posting ke story kecewa."
Pengguna Google,5,2026-05-26 00:43:07,bagus saya suka ini sangat cocok
Pengguna Google,5,2026-05-26 00:41:03,aplikasi terbaik
Pengguna Google,5,2026-05-26 00:37:13,membuat konten
Pengguna Google,1,2026-05-26 00:34:55,tiktok itu kejam ngehina nomor 1 muji nomor 2000000000
Pengguna Google,5,2026-05-26 00:31:36,mantap
Pengguna Google,4,2026-05-26 00:07:25,lama bgt nunguu tiktok nya
Pengguna Google,1,2026-05-26 00:06:53,aplikasi tiktok saya sering bilang TikTok tidak ada tanggapan tutup aplikasi tunggu mohon diperbaiki bos
Pengguna Google,5,2026-05-26 00:03:05,aku suka jadi bisa buat foto foto gitu banyak filter lucu lucu. aku suka nonton seru banget kalau lagi bosan
Pengguna Google,3,2026-05-26 00:02:21,mesti bagus ini
Pengguna Google,5,2026-05-26 00:00:54,aplikasi yg bagus
Pengguna Google,5,2026-05-25 23:57:03,mantap buat hiburan
Pengguna Google,5,2026-05-25 23:55:31,bagus sekarang banyak rewardnya
Pengguna Google,1,2026-05-25 23:53:55,ini knp tiktok tbtb macet sendiri tak trus dapet notif tiktok tidak merespon tolong perbaikannya
Pengguna Google,1,2026-05-25 23:51:53,"jelek, bikin data cepet habis"
Pengguna Google,1,2026-05-25 23:46:49,akun ku kkena batasan usia mulu
Pengguna Google,2,2026-05-25 23:43:36,halo tiktok aku gabisa mendownload kamu jadi aku kalo mau download kamu aku harus hapus ff atau mobile ledeng
Pengguna Google,5,2026-05-25 23:42:33,Aplikasi baguss sekali
Pengguna Google,5,2026-05-25 23:41:11,lagi belajar cara cari cuan disini
Pengguna Google,5,2026-05-25 23:37:59,ok
Pengguna Google,1,2026-05-25 23:33:42,"jelas2 ada koneksi data,tpi muncul di layar tiktok tidak ada koneksi"
Pengguna Google,5,2026-05-25 23:32:03,Sangat membantu saya
Pengguna Google,2,2026-05-25 23:31:25,bug lu benerin anjir rese
Pengguna Google,3,2026-05-25 23:30:06,Ini kenapa ya makin lama aplikasinya makin gajelas?? Bukannya stabil malah ngelag 🫩💔😭
Pengguna Google,5,2026-05-25 23:29:26,tiktok yg sangat keren GG
Pengguna Google,5,2026-05-25 23:27:00,ok
Pengguna Google,5,2026-05-25 23:26:18,ini sngt bngus
Pengguna Google,5,2026-05-25 23:25:18,tolong jangan terlalu ketat pengaturan ya
Pengguna Google,3,2026-05-25 23:24:37,"bagus sih apk nya,tapi akun tiktok pertama ku hilang tbtb balikin pliss itu akun 1 1 nya yg paling rame,malah aku ditaro di akun baru yg sepi gaa adil"
Pengguna Google,4,2026-05-25 23:24:08,Willie salim diblokir sama tiktok
Pengguna Google,5,2026-05-25 23:20:44,keren
Pengguna Google,2,2026-05-25 23:19:42,tik tok tolng dong peraturan nya yang benar masak ngomen nya dengan sebutan dengan kata. (syg) kena pelanggaran dikit dikit pelanggaran enak jidat mu bikin peraturan nya kadang kadang gk ngotak juga peraturan nya bikin emosi dan main batasi akun. tolong diperhatikan dan perbaiki lagi baru sya kasih bintang nya lima. Bagus kalau sudah langsung disadari lain kali peraturan nya yg jelasi
Pengguna Google,5,2026-05-25 23:18:53,kerennnn
Pengguna Google,4,2026-05-25 23:13:57,lumayan seru sih
Pengguna Google,5,2026-05-25 23:13:32,Oke
Pengguna Google,1,2026-05-25 23:12:41,kameranya selalu gelap gatau udh di update udah di restart juga
Pengguna Google,5,2026-05-25 23:09:57,"Aplikasi lumayan bgs, semuanya lancar"
Pengguna Google,5,2026-05-25 23:07:34,semoga pembaruan di sediakan paylater saya
Pengguna Google,3,2026-05-25 23:02:39,"ini kenapa ya jujur saya gatau, sebelum nya gapernah gini setiap masuk atau lagi scrol lagi cari barang selalu keluar sendiri terus"
Pengguna Google,5,2026-05-25 22:58:12,apk seru 👍
Pengguna Google,5,2026-05-25 22:56:16,baik
Pengguna Google,3,2026-05-25 22:45:33,sering lag
Pengguna Google,5,2026-05-25 22:37:37,bagus tapi saya tidak bisa membuat sorotan
Pengguna Google,5,2026-05-25 22:35:07,bagus untuk menghibur diri yang kesepian tidak ada teman
Pengguna Google,5,2026-05-25 22:34:28,hallo aplikasi ini sangat baik dan seru sya suka apk ini krna asik dll trimaksi
Pengguna Google,5,2026-05-25 22:33:50,Rame ajah
Pengguna Google,1,2026-05-25 22:17:04,semenjak aplikasi tiktok di apgret jadinya eror
Pengguna Google,5,2026-05-25 22:16:57,bagus
Pengguna Google,4,2026-05-25 22:11:59,tiktok sangat menarik perhatian dan aplikasi mudah untuk belin apapun
Pengguna Google,5,2026-05-25 22:10:32,aplikasi sangat membantu dan bermanfaat
Pengguna Google,5,2026-05-25 22:10:06,suka sama vidionya
Pengguna Google,5,2026-05-25 22:03:31,seru bgt apalagi ada vitur streak
Pengguna Google,2,2026-05-25 21:59:30,Aplikasi video terbaik. Kalian wajib download
Pengguna Google,1,2026-05-25 21:59:12,aku lagi memosting video tapi malah akunku dikeluarkan oleh tiktok tapi aku login tiktok pakai akun bapak tetep dikeluarkan nah aku pakai akun ketiga sama dikeluarkan aku cuma mau nonton tiktok aja loh 😡😡😡😡😡😡😡😡😡😡
Pengguna Google,4,2026-05-25 21:54:35,keren sih tapi GK cocok nonton buat anak di bawah 18th karna banyak video perempuan yg joget joget kek jual diri
Pengguna Google,5,2026-05-25 21:46:00,baik
Pengguna Google,5,2026-05-25 21:45:21,ini sangat seru
Pengguna Google,1,2026-05-25 21:16:02,mending hapus aja tiktok . parah . dikit2 pelanggaran . apa apa di batesin . sering bug . lemot dll . . kecewa saya . nyari hiburan apa2 di batesin .tambah parag
Pengguna Google,1,2026-05-25 21:15:32,jelek sekali kita minta jawaban kenapa setiap kali reset kata sandi pas mau digunakan kata sandi salah padahal sama dengan yg dibuat pas di reset
Pengguna Google,1,2026-05-25 21:15:08,sering force close
Pengguna Google,1,2026-05-25 21:04:32,"sering eror "" Tiktok tidak menanggapi"""
Pengguna Google,5,2026-05-25 21:00:23,semoga akun tiktok saya tidak dibatasi dan bisa ber affiliate lagi
Pengguna Google,1,2026-05-25 20:58:36,"Halo Tim TikTok, Saya ingin mengajukan banding terkait pemblokiran akun saya. Saya merasa bahwa saya tidak melakukan pelanggaran terhadap pedoman komunitas TikTok. Selama menggunakan TikTok, saya selalu berusaha mengikuti aturan yang berlaku dan tidak bermaksud melanggar kebijakan apa pun. Jika ada kesalahan yang tidak saya sadari, saya mohon maaf dan akan lebih berhati-hati ke depannya. Saya sangat berharap akun saya dapat ditinjau kembali dan dipulihkan. Terima kasih atas perhatian dan bantuan"
Pengguna Google,5,2026-05-25 20:56:33,banyak pengalaman
Pengguna Google,1,2026-05-25 20:56:01,"tiba2 bgt chat saya ilang semua, jd nya saya ga bisa chatan dan api saya mati! tolong di urus yaa"
Pengguna Google,1,2026-05-25 20:52:51,"karena pengajuan banding akun saya @iluminasi0, di tolak dan akun saya dibtasi permanen showcase nya. padahal pelanggaran cuma sekali live gara gara live video yg sudah ada, jika akun saya kembali normal maka akan saya ganti penilainnya. mohon di pertimbangkan kembali,"
Pengguna Google,5,2026-05-25 20:34:53,Bagus
Pengguna Google,5,2026-05-25 20:33:33,Top markotop
Pengguna Google,4,2026-05-25 20:28:15,𝐭𝐢𝐤𝐭𝐨𝐤𝐤 𝐭𝐡𝐞 𝐛𝐞𝐬𝐭 𝐬𝐮
Pengguna Google,1,2026-05-25 20:25:37,"aplikasinya ga se smooth sebelumnya, pas videonya mau di add ke koleksi ada kilatan cahaya di layar apalagi kalo udah dipause videonya pas mau disimpan ke koleksi masih bisa ke play sendiri. tolong fix dev, mengganggu kenyamanan pemakaian"
Pengguna Google,5,2026-05-25 20:17:07,👍👍👍
Pengguna Google,5,2026-05-25 19:33:14,lumayan
Pengguna Google,5,2026-05-25 19:31:59,bagus
Pengguna Google,5,2026-05-25 19:27:54,memanusiakan manusia
Pengguna Google,5,2026-05-25 19:16:24,ok
Pengguna Google,5,2026-05-25 19:13:11,"boss tiktok kenapa akunku kena pelanggaran padahal aku tidak aneh"" dari tidak bisa DM KOMENTAR DI LIVE ORANG TIDAK BISA POSTING ULANG TIDAK BISA SALIN TAUTAN TIDAK BISA MEMBAGIKAN LIVE ORANG TIDAK BISA TAP TAP LAYAR MOHON BANTUANNYA DAN MOHON KEMBALIKAN SEPERTI SEMULA.. kalo akunku sudah di kembalikan seperti semula aku janji akan mematuhi perintahmu BOSS !!"
Pengguna Google,5,2026-05-25 19:12:36,bagus
Pengguna Google,1,2026-05-25 18:58:15,aplikasi jelek buruk sering hilang2
Pengguna Google,5,2026-05-25 18:42:20,Tik tok nih bermanfaat banget bgi ku
Pengguna Google,1,2026-05-25 18:34:54,akun tiktok saya di baned selamanya Tampa alasan yg jelas
Pengguna Google,1,2026-05-25 18:33:17,"tolong kembalikan uang saya :) saya gada top up koin2an 170rb lebih hilang ,hp saya d riset dan dana saya d gunain orang tolong banget itu uang trkhir saya 😄"
Pengguna Google,1,2026-05-25 18:18:15,WOY KENAPA LIVE GAME DI TIKTOK BUAT HP POCO X8PRO GA SUPORT RESOLUSI 720/1080p
Pengguna Google,5,2026-05-25 18:15:19,sangat puas
Pengguna Google,5,2026-05-25 18:15:10,kadang kluar senderi
Pengguna Google,1,2026-05-25 18:13:22,kenapa tiktok saya kena blokir selamanya
Pengguna Google,4,2026-05-25 18:09:44,ok
Pengguna Google,5,2026-05-25 18:09:28,keren banget
Pengguna Google,5,2026-05-25 18:06:46,bagus
Pengguna Google,5,2026-05-25 18:01:36,sangat baik
Pengguna Google,1,2026-05-25 17:56:14,TikTok gjls giliran orang ngerokok gjls kagak sambil kerja kagak kena ban giliran vp di ban permanen lawak
Pengguna Google,5,2026-05-25 17:53:15,seruuuuuu.
Pengguna Google,5,2026-05-25 17:47:47,saya sangat suka
Pengguna Google,1,2026-05-25 17:47:28,bintang 1 dulu soalnya akun gw g dikasih fitur stikernya
Pengguna Google,1,2026-05-25 17:43:06,"Tolong BUG nya di perbaiki secepatnya!!! masa ngedit teks di foto video yang mau di posting ga muncul teks setelah foto video nya di upload, anehhh udah lama lama ngedit nya pula hasilnya ampas"
Pengguna Google,1,2026-05-25 17:41:32,update bukan tambah baik malah banyak erornya
Pengguna Google,4,2026-05-25 17:37:21,GILAA SI NI APK BUAT ORG JDI KEHIBUR BGTT
Pengguna Google,1,2026-05-25 17:34:40,tolong perbaiki lagi setelah update tampilan kotak korun baru makin sulit dapat koin. kembalikan lagi kotak korun ke tampilan yang lama woy
Pengguna Google,5,2026-05-25 17:30:36,mantap
Pengguna Google,5,2026-05-25 17:30:30,apliklikasi nya bagus cocok untuk creator dan editor
Pengguna Google,5,2026-05-25 17:23:41,"tiktok bagus, bisa belanja online, dapet pertemanan baru"
Pengguna Google,4,2026-05-25 17:17:43,good
Pengguna Google,1,2026-05-25 17:15:28,ga bisa buat cek aut
Pengguna Google,2,2026-05-25 17:13:00,"ku uninstall trus ku install lgi, salae sp nge lag. mana nge stuck di 99% lgi setiap di update, pdhl memo jg masih banyak hm"
Pengguna Google,1,2026-05-25 17:11:43,"cape cape saya chattan sama pacar sayang udah 3 tahun lebih tapi pas saya online akun saya lagi malah ke itung 600 chat aja, gimanasih lu"
Pengguna Google,5,2026-05-25 17:10:51,sunggu sangat menghibur
Pengguna Google,5,2026-05-25 17:04:14,ok aplikasi nya mantap
Pengguna Google,1,2026-05-25 17:02:37,bobrok dikit dikit pl dikit dikit pl...sudah guna Kan fitur pemeriksaan video masih di pl
Pengguna Google,5,2026-05-25 17:01:32,ok bagus apk nya
Pengguna Google,5,2026-05-25 16:55:27,"wawww aplikasi ini sangat lah bagus,di aplikasi ini banyak Vidio hiburan dan bukan cuman itu saja di aplikasi ini juga bisa berbelanja di tiktok sop,kita juga bisa berinteraksi lewat live dan saling DM"" an saya kasi bintang 5⭐⭐⭐⭐⭐"
Pengguna Google,5,2026-05-25 16:52:21,bikin betah main hp
Pengguna Google,3,2026-05-25 16:51:59,jaringan lancar tapi kadang gk bisa bukan komen vidio aku kasih bintang 3
Pengguna Google,2,2026-05-25 16:48:37,konten tidak ramai..
Pengguna Google,1,2026-05-25 16:44:00,"akun saya tidak bisa di buka,woiii"
Pengguna Google,5,2026-05-25 16:42:38,Aplikasi yang sangat bagus dan sangat menghibur..Saya sangat menyukainya dan saya kasih bintang 5............................
Pengguna Google,5,2026-05-25 16:41:19,mantap
Pengguna Google,1,2026-05-25 16:40:18,"apalah lag mulu, perasaan jaringan aman"
Pengguna Google,5,2026-05-25 16:37:54,isi nya udah kacau
Pengguna Google,1,2026-05-25 16:37:31,beli spion di saranin Ama tiktok yang pertama tapi pas Dateng malah gak muat gmn si
Pengguna Google,1,2026-05-25 16:34:16,tolong di perbaiki bugnya dong
Pengguna Google,1,2026-05-25 16:32:02,saya terkena penipuan gmna atas kasus ini
Pengguna Google,5,2026-05-25 16:27:11,bismillah 1jt pengikut
Pengguna Google,5,2026-05-25 16:24:25,Mantap.
Pengguna Google,5,2026-05-25 16:21:46,sangat baik
Pengguna Google,5,2026-05-25 16:20:42,"Bagus sih tapi followers aku udah seribu tapi aku gak dapet dapet koin gimana sih??? Yg followers nya 200an aja bisa dapet koin, aneh sih??"
Pengguna Google,5,2026-05-25 16:14:14,sangat bagus
Pengguna Google,5,2026-05-25 16:13:49,kak tiktok nyaa aku kok ga ada tiktok tako nya yaaa
Pengguna Google,5,2026-05-25 16:13:43,W TIKTOK APK MY FAVORITE GW
Pengguna Google,1,2026-05-25 16:09:25,pengelaman saya di Tik tok ini sudah lama udah ampir 6 tahun .saya cukup senang bermain di Tik tok ini.
Pengguna Google,1,2026-05-25 16:02:48,"Setelah di upgrade ke versi terbaru, malah jadi berat sialan, ngeleg mulu gila"
Pengguna Google,2,2026-05-25 16:02:17,"tiap masuk live saya join tidak terbaca, komen saya di live orang juga gak kebaca, sama like fi live orang juga gak keitung tolong dong tiktok kurang kurangin bugnya baru masalah minggu kemarin kelar nambah lagi masalah baru"
Pengguna Google,1,2026-05-25 15:59:14,"Aplikasi yang sangat tidak membantu konten kreator , apalagi jika menyematkan keranjang kuning dalam video konten , viewers susah naik , followers nambah malah tiba2 berkurang. hari ini upload konten mukbang jam 4 sore dengan keranjang kuning sampai malam ini hanya 24 viewers , berbeda di youtube shorts baru upload jam 22.00 jam 22.58 sudah 200+ viewers. Pindah haluan saja ke Youtube."
Pengguna Google,1,2026-05-25 15:55:56,lemot !
Pengguna Google,5,2026-05-25 15:53:25,velocity nya benerin dong
Pengguna Google,1,2026-05-25 15:51:51,"aplikasi ga jelas, udah di kasih limit Paylater awal kecil,giliran mau coba transaksi ga muncul metode tiktok Paylater nya blok"
Pengguna Google,5,2026-05-25 15:51:41,hebat lumayan bagus
Pengguna Google,4,2026-05-25 15:48:44,tiktok bagus dan menghibur
Pengguna Google,5,2026-05-25 15:47:54,saya menyukai aplikasi tiktok ini sangat bagus dan menenangkan diriku yang terluka
Pengguna Google,5,2026-05-25 15:47:43,👍👍 mantap
Pengguna Google,5,2026-05-25 15:42:22,bagus banget bisa di buat belanja murah murah lagi
Pengguna Google,5,2026-05-25 15:39:14,menghibur
Pengguna Google,1,2026-05-25 15:38:49,tiba tiba keblokir akun ku 3
Pengguna Google,1,2026-05-25 15:37:49,"buruk banget sekarang tiktok dikit"" d blok akun gua mana suka ngelag lagi"
Pengguna Google,3,2026-05-25 15:33:59,kenapa sekarang banyak bug nya
Pengguna Google,5,2026-05-25 15:32:28,"wow tik tok sekarang makin bagus, skrng cma modal sckrol doang bisa ngasilin duit, buat yg blm download coba aja!! pasti ngk bkal nyesel"
Pengguna Google,5,2026-05-25 15:32:23,Mantaaab
Pengguna Google,1,2026-05-25 15:28:04,mo byar paylater udah jatuh tempo muter muter terus jadi kena denda
Pengguna Google,1,2026-05-25 15:25:01,mau masuk aplikasi tiktok lemot euy parah banget
Pengguna Google,1,2026-05-25 15:24:07,"YAALLAH KAK INI BAGIAN TIKTOK NYAA SETIAP SAYA MAU MENGIKUTI AKUN ORANG LAIN, TIDAK MAU MUNCUL DI MENGIKUTI AKUN SAYA??? semoga bisa di tindak lanjuti"
Pengguna Google,5,2026-05-25 15:24:04,sangat di butuhkan
Pengguna Google,5,2026-05-25 15:20:56,bagus
Pengguna Google,5,2026-05-25 15:20:38,semoga semakin membantu postingan saya
Pengguna Google,5,2026-05-25 15:20:15,makasih tiktok gara gara tiktok aku Dapen endorse 😘
Pengguna Google,5,2026-05-25 15:19:18,seperti umumnya tiktok mempermudah untuk kita menemukan sesuatu yang kita cari dan juga mempermudah kita untuk jual dan beli suatu barang
Pengguna Google,5,2026-05-25 15:16:13,bagus sekali
Pengguna Google,3,2026-05-25 15:15:14,baru bs masuk sy coba dlu sy ksh 3 dlu ya
Pengguna Google,2,2026-05-25 15:14:06,apknya bgus cuma pas mau foto tidak ada filter terbaru nya atau filternya tidak banyak itu kenapa ya. saya ingin foto tapi filternya tidak ada yg baru pokoknya semua filter lama semua tolong diperbaiki ya
Pengguna Google,1,2026-05-25 15:10:59,aplikasi ini tidak bisa berjalan lagi di HP saya entah karna apa
Pengguna Google,2,2026-05-25 15:10:06,ngelag.. gak bisa kebukak
Pengguna Google,3,2026-05-25 15:03:31,"punyaku kok gaada chat bouble nya min, udah aku update juga tetep gaada"
Pengguna Google,3,2026-05-25 15:02:11,sampul live kok ga bisa di hps ya knp?
Pengguna Google,5,2026-05-25 15:00:25,"apk tiktok sangat baguss buat sayaaa,saya sukaa sekalii..and tiktok lah yang membuat sayaa bisa jadian samaa cowo saya"
Pengguna Google,1,2026-05-25 14:59:33,tolong dibenarkan setiap masuk tiktok pasti ngelang padahal kuota banyak.terus setiap ingin scrol keluar ke halaman utama HP
Pengguna Google,5,2026-05-25 14:58:50,Best terhibur bwangt
Pengguna Google,5,2026-05-25 14:58:02,good
Pengguna Google,1,2026-05-25 14:53:44,Kenapa akun saya di blokir padahal cuma 2 akun tapi teman saya ada yang 4 atau 3 akun tidak di blokir
Pengguna Google,4,2026-05-25 14:52:58,kenapa sih di akun aku gak ada soroton nyaa😔😔
Pengguna Google,4,2026-05-25 14:52:22,ngeleg
Pengguna Google,1,2026-05-25 14:48:16,nih aplikasi apa apaan kok tiba² akun gw di blokir ga jls banget pdhl ga ada slh nya tiba² banget di blokir anehh bet
Pengguna Google,5,2026-05-25 14:46:05,HIBURAN SAYA
Pengguna Google,1,2026-05-25 14:43:18,akunku ke blokir
Pengguna Google,5,2026-05-25 14:39:29,bagusss bngt
Pengguna Google,1,2026-05-25 14:34:17,ini gimana ini kok bisa tiktok gua tiba tiba berhenti dari perang kat sy bah kan tidak bisa di unduh lagi padahal konten yg sering lewat cuman anime mukbang riview riview barang podcast sama jj aja tuh atau berita berita terbaru atau hatat di perbincang kan atau paling enga ada yg konten adzan ngaji sholawatan atau juga top 5 tapi paling sering meme lucu konten sy juga gk buruk cuman mostingin alur cerita manga romansa aja tuh anjir ini gimana tik tok nih benerin panyimpanan masih banyak
Pengguna Google,2,2026-05-25 14:33:01,Jelek akun saya kena bnd mulu
Pengguna Google,5,2026-05-25 14:31:37,seru
Pengguna Google,1,2026-05-25 14:31:36,parah gak bisa masuk pake akun fb
Pengguna Google,1,2026-05-25 14:30:50,"sering ngelag, padahal sinyal lancar"
Pengguna Google,1,2026-05-25 14:29:44,tiktok sekarang makin sensetif nggak seperti dulu saya maunya tiktok yang kaya dulu
Pengguna Google,5,2026-05-25 14:29:08,kok gak bisa di download ya
Pengguna Google,3,2026-05-25 14:26:51,"ga adil banget,masa fitur potong harga cuman beberapa orang doang yang bisa😠"
Pengguna Google,1,2026-05-25 14:26:29,akun saya ke ban tanpa pemberitahuan yang jelas
Pengguna Google,5,2026-05-25 14:25:56,bagus
Pengguna Google,5,2026-05-25 14:24:51,suka banget apa lagi kalo vt nya ngakak ngakak trs bisa bikin streak jadii seruu
Pengguna Google,5,2026-05-25 14:23:29,syankkk bgtt samaa tiktok💕
Pengguna Google,1,2026-05-25 14:23:03,barang gak nyampai di pembeli padahal udh bayar cash malah di retur sama kurirnya buat apa ada share lock alamat dan wa barang sudah di daerah saya malah di retur udh lama nungguin malah di retur
Pengguna Google,5,2026-05-25 14:22:15,aku mau dapat fitur like sambil repost plis nanti bintang 5
Pengguna Google,5,2026-05-25 14:20:30,seruuuuuu
Pengguna Google,1,2026-05-25 14:20:25,"tidak bagus, saat ingin masuk ke tiktok selalu ada kata-kata ""tiktok tidak menanggapi"" ini maksudnya apa ya tiktok? mohon sistem nya diperbaiki dengan baik ya agar orang lain tidak terganggu dengan kata-kata tersebut, terimakasih"
Pengguna Google,5,2026-05-25 14:18:48,bagus
Pengguna Google,4,2026-05-25 14:17:19,BAGUSSS GA NGELAG TAPI ADAIN FITUR BARU² TIAP UPDATE KESEMUA PENGGUNA TIKTOK JANGAN SETENGAH² Y MOHONN IZINNNNN
Pengguna Google,4,2026-05-25 14:15:59,"bikin kesel banget kenapa sih sering tiba tiba keluar padahal lagi seru nonton tapi bener GK aku pencet tombol keluar nya nggak, ngeselin banget tiba tiba banget suka keluar"
Pengguna Google,1,2026-05-25 14:11:15,ngelag²terus sering keluar sendiri bikin kesel. setiap apa apa keluarrrrrr anjirrrrr bagusin kek yang make ga cuma 1 2 orangggg
Pengguna Google,5,2026-05-25 14:10:32,Sangat menyenangkan sambil mengisi waktu luang bisa berinteraksi sama teman baik keluarga maupun sahabat. Aplikasi yang sangat memuaskan dan menyenangkan.
Pengguna Google,5,2026-05-25 14:09:39,senang ...bisa berinteraksi dgn bnyk orang
Pengguna Google,5,2026-05-25 14:08:44,bagus banget aplikasinya
Pengguna Google,1,2026-05-25 14:08:33,"Iklan app amat mengganggu, muncul tiap 30 detik like a pop up virus. Even when I already install it."
Pengguna Google,5,2026-05-25 14:08:27,vania ❤️❤️❤️❤️❤️❤️❤️😊
Pengguna Google,5,2026-05-25 14:07:23,sangat bagus
Pengguna Google,5,2026-05-25 14:06:44,tiktok emang baguss untuk hidup kita bisa chat bisa post vidio bisa poto bisa live
Pengguna Google,2,2026-05-25 14:05:01,ini gimama cerita nya udh apusin aplks besar pas mau install ulang gagal mulu semua ruangan udah di ksosngin solusi nya gmn min?
Pengguna Google,5,2026-05-25 14:04:15,karena aku ingin abdet
Pengguna Google,2,2026-05-25 14:02:53,aplikasi sudah bagus tapi video sama stiker nya tolong di kontrol vidio yang 18+ tolong di hapus kalo anak anak Liat kan otaknya rusak dan stikernya kayak YouTube tu di kontrol vidionya gak kayak tiktok
Pengguna Google,4,2026-05-25 14:02:18,"oke bgt nih apk, ga ngebosenin, dan mudah di gunakan"
Pengguna Google,5,2026-05-25 14:01:41,bagus
Pengguna Google,1,2026-05-25 14:01:15,saya tidak bisa belanja
Pengguna Google,1,2026-05-25 14:01:04,burukkk kaliiii
Pengguna Google,2,2026-05-25 13:59:31,ini aplikasi selalu muncul dmana2 bikin gak nyaman.... iklan selalu tiktok kelaam lagi hufffff
Pengguna Google,4,2026-05-25 13:57:01,"kok tiktok ku ga ada fitur foto live nya ya, padahal HP ku support foto live, gimana sihh"
Pengguna Google,5,2026-05-25 13:54:04,"baik untuk hiburan belanja jg, barang"" yg tk tau d mna belinya d sini ada"
Pengguna Google,5,2026-05-25 13:53:40,ilopyou tiktok
Pengguna Google,5,2026-05-25 13:52:47,mantap
Pengguna Google,1,2026-05-25 13:52:31,"tiktok toll,dikit"" ngecras,yg bkin yatim kh"
Pengguna Google,1,2026-05-25 13:51:01,kenapa saya tidak bisa membuat akun tiktok
Pengguna Google,5,2026-05-25 13:50:36,apk tiktok yg ladi viral lho blja pesen pagi sore nyampai expres banget
Pengguna Google,1,2026-05-25 13:48:20,well
Pengguna Google,5,2026-05-25 13:46:08,sangat menarik dan menyenangkan
Pengguna Google,1,2026-05-25 13:45:41,"sumpahhh jaringan okee,tapi buka ini ngeleg,buka aplikasi lain lancar aja"
Pengguna Google,2,2026-05-25 13:45:36,"tolong dong app nya, ini kenapa sih, dari kemarin ingin bayar playlater ko susah bangat. nti klo telat di teror trus di datangin lagi. ayo dong di perbaiki, jgn bikin kesel."
Pengguna Google,5,2026-05-25 13:43:49,👍👍mantap bt hiburan
Pengguna Google,1,2026-05-25 13:43:29,ada bug nya
Pengguna Google,1,2026-05-25 13:42:37,aplikasi taik masa akun tiktok aku di blokir permanen padahal
Pengguna Google,5,2026-05-25 13:40:22,sangat lah bagus ni
Pengguna Google,1,2026-05-25 13:39:33,"eh gini ya,kurang banget nih ap ini soalnya bisa merusak pemikiran anak anak,terus juga netizen² nya itu pada kasar dan tidak tau etika 😡"
Pengguna Google,5,2026-05-25 13:37:26,sering gak bisa di buka gak tau bug atau apa
Pengguna Google,1,2026-05-25 13:36:31,"di android 15 ram 8 tiktok berat, ngelag, saat belanja, hanya enak di scroll video tolong perbaiki, keluar notive apk tidak menanggapi opsi keluar/tunggu"
Pengguna Google,3,2026-05-25 13:34:44,mantep
Pengguna Google,1,2026-05-25 13:34:18,tik tok gajelas asu tiba tiba akun gw langsung di blokir padahal kaga ada peringatan eh besoknya langsung di blok permanen😂
Pengguna Google,1,2026-05-25 13:32:10,ngebug pengikut membuat malas
Pengguna Google,1,2026-05-25 13:31:45,setelah di update malah semakin error
Pengguna Google,2,2026-05-25 13:31:43,"kenapa tiktok saya ga ada gambarnya udah nunggu lama,kenapa sih tiktok nih, apalagi kalo mau foto trus pake tata letak filternya bisa ilang sendiri,aneh banget tolong lah diperbaiki lagi tiktoknya,saya jadi ga bisa liat tiktok nih,lagunya juga kalo mau buat vt rekomendasi yang bagus"" dong jangan jamet"" gasuka banget, perbaiki lagi tiktok mu"
Pengguna Google,4,2026-05-25 13:30:52,"bagus apk nya, tapi sering banget ngelag tiba² keluar sendiri"
Pengguna Google,5,2026-05-25 13:29:28,bagus banget
Pengguna Google,5,2026-05-25 13:29:09,aplikasi ini kreen banget
Pengguna Google,1,2026-05-25 13:28:44,Install nya lama banget bikin gua marah
Pengguna Google,1,2026-05-25 13:26:22,"tolong berikan sistem blokir komentar sementara, bagi komentar yang tidak sopan atau, berhubungan dengan sesuatu yang merugikan, atau pun bullying dalam komentar. dan juga vidio yang mengandung konten se*sualnya. aku mohon tik tok😓😓"
Pengguna Google,5,2026-05-25 13:25:48,Agk ngeleg tapi ttp fav bngt
Pengguna Google,5,2026-05-25 13:24:34,sangat bagus
Pengguna Google,1,2026-05-25 13:24:01,"sekarang ngelag terus ih, tiktok tidak menanggapi dll"
Pengguna Google,2,2026-05-25 13:23:47,Imagine
Pengguna Google,5,2026-05-25 13:23:25,untuk semua hal sudah bagus dan perfect. tinggal fitur voice note nya aja yang belum ada. terimakasih
Pengguna Google,2,2026-05-25 13:19:39,"sekarang tiktok jadi ngelag mulu,padahal sinyal lancar sekali tapi tik tok kadang""ngelag kadang""lancar.Padahal draft juga udh bersih pokoknya semua udh saya bersihkan tapi masih saja ngelag terus.Terus kadang tu komenannya muter""terus gk ada isinya capek bgt deh dgn upgrate an tiktok yg sekarang"
Pengguna Google,3,2026-05-25 13:16:22,Balikin fitur COD nya.
Pengguna Google,5,2026-05-25 13:14:05,apk tiktok mantap blnja gampang cepet nyampainya pokonya dbes
Pengguna Google,5,2026-05-25 13:12:37,ok
Pengguna Google,1,2026-05-25 13:11:25,padahal akun aku gak ngapa ngapain gak ada yang aneh juga tiba tiba di blok
Pengguna Google,5,2026-05-25 13:11:16,"bagusss , saya cuman mau nambahkan saran di bagian fitur posting ulang harap tambahkan seperti (postingan ulang urutan dari Terbaru-Terlama & Terlama-Terbaru ) di bagian profil. itu sahaja makasih tiktok udah Ngehibur gw Dengan Video lucu setiap harinya:)"
Pengguna Google,1,2026-05-25 13:09:20,"aplikasi setan, saya ga melakukan penipuan dan spam, tapi malah komentar di batasi, bodoh,iya ada yang dm minta robux tapi stok nya udah habis, emg itu penipuan? oon"
Pengguna Google,2,2026-05-25 13:08:51,update terus bug gak di urus
Pengguna Google,5,2026-05-25 13:04:05,bagussssssssss
Pengguna Google,1,2026-05-25 13:04:00,woy tiktok kalau mau blokir tengok dulu akun nyo orang cuma bodak kecik dak pake baju samo emaknyo itu be udah di blokir giliran yang pake baju ketat joget joget malah di biarin kan banyak kalau kek gitu
Pengguna Google,5,2026-05-25 13:02:54,lumayan lancar dan seru
Pengguna Google,1,2026-05-25 12:58:38,mau cari yg bisa live
Pengguna Google,5,2026-05-25 12:55:53,Keren baet behh gacor🎄🎄
Pengguna Google,5,2026-05-25 12:54:18,tolong Adain fitur vn
Pengguna Google,1,2026-05-25 12:51:52,"kenapa sih sekarang tiktok suka ke freze terus ada tulisan ""tiktok tidak menanggapi"" usah sampe restart hp, masuk ke luar apk, update, sama paksa berhenti masih sama aja. temenku tiktok nya juga gitu. kayaknya ini bug dari sana nya deh mohon segera diperbaiki ya"
Pengguna Google,4,2026-05-25 12:51:37,seru
Pengguna Google,5,2026-05-25 12:49:25,aku bgt sama tiktok apa lagi ada idola ku milen 🤸🏻‍♀️🤭🥰🥰🥰🥰😖😍🫶🏻
Pengguna Google,4,2026-05-25 12:49:23,nyaman
Pengguna Google,2,2026-05-25 12:47:39,apalah setiap setelah update pasti ngeleg
Pengguna Google,5,2026-05-25 12:45:36,aku suka aplikasi Tiktok kak soalnya bagus yang perlu kita lakukan terima kasih atas segala sesuatu
Pengguna Google,3,2026-05-25 12:44:55,tolong kualitas live di hp Poco x8 promax ditingkatkan jangan 360 sangat buruk tolong tingkatkan kualitas livenya👐🙌🤲
Pengguna Google,5,2026-05-25 12:43:40,buat gabut doang mah kepake inii
Pengguna Google,5,2026-05-25 12:43:07,okelah tapi kok ngelag parah si tiktok sumpahhhhhh😭😭😔😔😔😔
Pengguna Google,5,2026-05-25 12:42:45,saya berharap selalu update aja 😊
Pengguna Google,3,2026-05-25 12:42:42,"sejak update yg sekarang sering ada notifikasi ""tiktok tidak menanggapi"" dan itu berulang ulang terus sering lag sama tiba tiba layar nya item tolong perbaiki ya"
Pengguna Google,1,2026-05-25 12:40:44,"tolong tambahkan fitur, ""hapus semua vidio yang disukai di tiktok"" dong biar ga bikin lemot"
Pengguna Google,5,2026-05-25 12:38:01,bagus
Pengguna Google,5,2026-05-25 12:37:10,top lah..
Pengguna Google,5,2026-05-25 12:35:36,mantap selalu menghibur
Pengguna Google,4,2026-05-25 12:35:27,gak fyp
Pengguna Google,2,2026-05-25 12:34:20,cara cari stiker gimana?
Pengguna Google,5,2026-05-25 12:33:55,semoga semakin lebih baik dan mempermudah creator untuk dapat cuan disini
Pengguna Google,5,2026-05-25 12:31:29,baik
Pengguna Google,3,2026-05-25 12:30:57,terbaik
Pengguna Google,4,2026-05-25 12:30:50,kenapa saya pas buka di pencarian pas klik video nya selalu sound nya kayak double gitu dah min tolong di perbaiki
Pengguna Google,3,2026-05-25 12:30:38,"sering crash, not responding"
Pengguna Google,5,2026-05-25 12:29:35,konten kreaktor
Pengguna Google,1,2026-05-25 12:29:25,aplikasinya gak bisa dibuka
Pengguna Google,5,2026-05-25 12:26:22,seruuu bangett scroll nyaa sampee nggaa berhenti berhenti
Pengguna Google,1,2026-05-25 12:22:45,"makin enggak jelas nih aplikasi, masa paketan banyak tapi ngeloading mulu."
Pengguna Google,4,2026-05-25 12:22:41,aplikasi ini sangat bagus karena bisa menjadi milyarder lama lama menjadi bukit.
Pengguna Google,4,2026-05-25 12:20:53,Lumayan
Pengguna Google,1,2026-05-25 12:18:59,ni tiktok knapa sii??? ko aku gwe kena pelanggaran suara??? emang ga boleh bersuara di tiktok skarang yaaa???
Pengguna Google,5,2026-05-25 12:18:35,seru
Pengguna Google,3,2026-05-25 12:17:46,Permintaan pesan hilang.
Pengguna Google,5,2026-05-25 12:17:44,"aplikasinya udah bagus,tp kenapa sihh video fulgar iklan dewasa selalu tayang,mana gak bisa di hapus,tolong di perbaiki"
Pengguna Google,5,2026-05-25 12:17:16,aplikasi yang bagus
Pengguna Google,5,2026-05-25 12:17:01,Tiktok sangat bagus
Pengguna Google,3,2026-05-25 12:13:17,mantap terus
Pengguna Google,5,2026-05-25 12:13:11,bisa menghibur aku dan bisa nonton video lucu jadi aku kasih bintang ★★★★★
Pengguna Google,4,2026-05-25 12:12:44,baguss banget tapii kok ga ada fitur mic sama telfon yaa tolong yaaa di aktif kan tiktokk😆😆
Pengguna Google,5,2026-05-25 12:12:42,mantap drama dan bisa jdi cuan
Pengguna Google,5,2026-05-25 12:12:13,bagus
Pengguna Google,5,2026-05-25 12:09:04,admin tiktok tolong kembalikan akun tiktok saya saya mengajukan banding resmi melalui aplikasi TikTok. Karena pemblokiran permanen ini nama akun tiktok saya jl.poros Majene Mamuju
Pengguna Google,5,2026-05-25 12:08:47,Bagus
Pengguna Google,5,2026-05-25 12:08:33,seru
Pengguna Google,3,2026-05-25 12:08:15,sudah mulai tidak kompatibel dengan perangkat saya
Pengguna Google,2,2026-05-25 12:05:44,bingung sama tiktok padahal gada ngapa ngapain tiba tiba akun aku keblok permanen tolong dong tiktok saya pengen main lagi ga bisa bisa
Pengguna Google,5,2026-05-25 12:05:30,mantap markotop
Pengguna Google,5,2026-05-25 12:04:47,tiktok blnja hemat waktu mantap poll
Pengguna Google,5,2026-05-25 12:04:18,sangat seru
Pengguna Google,1,2026-05-25 12:04:14,udah niat buat video ga pernah fyp anjeng
Pengguna Google,1,2026-05-25 12:02:48,"banyak bug di chattingan grup, teman, bikin hp error"
Pengguna Google,5,2026-05-25 12:01:00,tolong kasih aku fitur vn
Pengguna Google,5,2026-05-25 11:59:37,apk nya sangat bagus banget bagi
Pengguna Google,1,2026-05-25 11:59:26,saya top up koin tapi koinnya tidak masuk
Pengguna Google,1,2026-05-25 11:56:29,"Tolong perbaiki bug di update terbaru. Sekarang kalau pakai fitur Circle to Search di Samsung untuk cari judul lagu, videonya malah otomatis ke-pause. Jadi ribet tidak bisa deteksi musik lagi. Tolong segera diperbaiki!"
Pengguna Google,5,2026-05-25 11:56:27,bagus
Pengguna Google,5,2026-05-25 11:55:43,sangat membantu
Pengguna Google,5,2026-05-25 11:54:28,menyenangkan menghibur
Pengguna Google,5,2026-05-25 11:54:21,"tolongggg dehh developer, pas dm terus salah ketik tolong tambahin fitur kaya benerin ketikan nya yang typo dong"
Pengguna Google,5,2026-05-25 11:54:10,saya ingin bisakan akun saya dan aku ingin biar bisa bikin tiktok sama mamak ku dan teman teman ku kayak orang itu bisa bikin tiktok lagi terima kasih
Pengguna Google,1,2026-05-25 11:54:03,tiba tiba aku gua ke blokir gua ga salah apa apa
Pengguna Google,1,2026-05-25 11:53:50,kga bisa bikin akun malah putih semuanya
Pengguna Google,3,2026-05-25 11:52:50,sy suka
Pengguna Google,5,2026-05-25 11:52:08,puas dngn tiktok krn sngt menghibur
Pengguna Google,5,2026-05-25 11:51:02,aplikasi yang sangat bagus
Pengguna Google,5,2026-05-25 11:49:05,gausa upg klo masi bnyk bug nya
Pengguna Google,5,2026-05-25 11:47:54,oke
Pengguna Google,5,2026-05-25 11:46:40,"sangattt baguss apalagi kalo males main game bisa liat tiktok, terimakasih yang buat tiktok😁"
Pengguna Google,5,2026-05-25 11:44:08,blm dpt duit nya aja 🗿
Pengguna Google,3,2026-05-25 11:43:11,Sebini ini di ya
Pengguna Google,5,2026-05-25 11:40:08,suka banget tapi Tik tok aku kalau ada teptep love yang di samping nggak ada
Pengguna Google,4,2026-05-25 11:38:56,aplikasi sudah bagus fitur filter semua ada di sini tetapi ada yang kurang saat ingin menggunakan filter tiba tiba keluar sendiri mohon untuk perbaikan
Pengguna Google,1,2026-05-25 11:38:43,"min kebijakan/panduan komunitas lu benerin lah, jangan dikit dikit mainnya pelanggaran. gua cuma chatan dan gak ngetik kasar samsek tiba² kena pelanggaran gabisa ngirim pesan selama 7hr?GILA, mana udh 5 akun lagi yang kena, mutusin komunikasj gua aja sama oranglain. gak usah terlalu sensitif deh"
Pengguna Google,5,2026-05-25 11:38:12,sangat menghibur
Pengguna Google,4,2026-05-25 11:38:03,suka di marahin mama soalnya nonton tiktok mulu
Pengguna Google,5,2026-05-25 11:36:00,Saya senang
Pengguna Google,5,2026-05-25 11:34:53,aku suka aplikasi ini
Pengguna Google,1,2026-05-25 11:34:32,lama bangat tolol cuman menginstal doang
Pengguna Google,5,2026-05-25 11:34:14,"sangat baguss, tapi kenapa pas mau buka apk tiktok nya sering lag panas banget, dan suka keluar sendiri gak nyaman banget buat nonton jadi tolong perbaiki apk tiktok nya seperti dulu 😃🙌🏻"
Pengguna Google,4,2026-05-25 11:33:30,seru tetapi agak nge lag
Pengguna Google,3,2026-05-25 11:32:46,saya harap Tiktok membuat fitur agar video tidak terputar otomatis saat scroll
Pengguna Google,5,2026-05-25 11:29:16,terbaik
Pengguna Google,1,2026-05-25 11:27:58,semenjak di update jadi error teruss
Pengguna Google,5,2026-05-25 11:27:41,mantap
Pengguna Google,5,2026-05-25 11:27:34,sangattt baguss untukk nonton dan mengedittt
Pengguna Google,1,2026-05-25 11:27:12,kenapa saya. live orang tidak muncul tapi kalu gift muncul kenapa ya tolong dong tiktok
Pengguna Google,5,2026-05-25 11:23:01,Tiktok..
Pengguna Google,5,2026-05-25 11:22:50,ini sangat bagus
Pengguna Google,5,2026-05-25 11:18:14,bintang 5 tapi aktivitas koin tidak bersedia
Pengguna Google,1,2026-05-25 11:12:20,kenapa aplikasi tik tok tidak bisa lagi mengakses pusat aktifitas seperti yg sebelumnya
Pengguna Google,4,2026-05-25 11:11:58,ok
Pengguna Google,5,2026-05-25 11:09:45,sangan asik apk nya
Pengguna Google,5,2026-05-25 11:08:07,"aplikasinya bagus, ada yg buat belanja ada fitur buat foto foto jg, intinya bagus bgtt 👍"
Pengguna Google,5,2026-05-25 11:03:30,tiktok ini sangat bagus video lainya dan jernih bisa lihat apapun tapi ada satu kesalahan tempat tiktok kita tolong benerin tiktok ini dula untuk semua hal apapun yang ada di tiktok ya semoga di baca nanti kalo udah tiktok ini update aku bakal download tiktok terus semoga bermanfaatnya ini tiktok paling bagus
Pengguna Google,5,2026-05-25 11:03:24,mantep Ampe ga bisa berkata kata
Pengguna Google,1,2026-05-25 11:03:10,BERAT NGE LAG
Pengguna Google,5,2026-05-25 11:01:53,mantap
Pengguna Google,5,2026-05-25 11:01:39,bagus
Pengguna Google,5,2026-05-25 11:00:07,mantap
Pengguna Google,5,2026-05-25 10:58:58,这个应用非常好
Pengguna Google,5,2026-05-25 10:56:45,"aplikasi yg sangat bagus, kita bisa melihat berita, horor, pokonya banyak banget... semulanya ada di apk ini🥰"
Pengguna Google,1,2026-05-25 10:55:45,"tiktok sarang iklan judol,dan saya mau laporkan ke pemerintah biar diblokir saja...masa setiap scroll ada iklan judolll...apk perusak generasi"
Pengguna Google,5,2026-05-25 10:55:12,bagus
Pengguna Google,5,2026-05-25 10:54:53,wajib di donlod ya gusy
Pengguna Google,5,2026-05-25 10:54:42,saya suka ini
Pengguna Google,1,2026-05-25 10:52:55,cara blokir pocong di tiktok Aya wae fyp di aing
Pengguna Google,1,2026-05-25 10:50:08,elek gak enak ambek . aku mau gak tau juga firman-Nya selamat siang ini aku mau gak jadi aku mau tanya aku aku mau gak tau gak tau gak aku aku mau 8hgak h gak vn vmv n aku aku mau gak tau gak tau gak tau gak tau aku mau gak tau gak tau aku aku mau nanya bang yang saja kamu ngambek sela
Pengguna Google,5,2026-05-25 10:48:37,sangat bagus dan puas
Pengguna Google,5,2026-05-25 10:42:06,seru di tonton
Pengguna Google,5,2026-05-25 10:41:47,bisa memposting
Pengguna Google,5,2026-05-25 10:41:27,oki
Pengguna Google,1,2026-05-25 10:40:24,"parah, udah top up saldo GO-PAY, udah masuk tapi GAK BISA dipakai buat iklan dengan alasan saldo gak cukup PADAHAL saldonya udah masuk dan mencukupi tapi gabisa iklan"
Pengguna Google,5,2026-05-25 10:38:21,bagus sekali
Pengguna Google,5,2026-05-25 10:37:40,MAntap
Pengguna Google,5,2026-05-25 10:37:13,seru
Pengguna Google,5,2026-05-25 10:36:08,good
Pengguna Google,5,2026-05-25 10:29:54,ok
Pengguna Google,5,2026-05-25 10:28:51,tolong aku belum ada fitur baru aku pengen ada fitur vn fitur buat filter sendiri
Pengguna Google,3,2026-05-25 10:27:32,"kena pelanggaran terus ih, dibilang dibawah umur terus padahal udah umur 20"
Pengguna Google,5,2026-05-25 10:26:52,tiktok seruuuuuuuu
Pengguna Google,2,2026-05-25 10:26:36,"masa iya sih aku udh enak' liat vt eh malah tiba' keluar sendiri trs udh ngelag kalo bikin video patah' jadi ga enak tau, emng aneh ni tiktok tiap hari bikin kesel trs"
Pengguna Google,2,2026-05-25 10:22:46,"waktu abis di update gabisa liat efek² yang muncul waktu nge scroll, jd kesusahan kalo mau cari efek, padahal menurut ku update biar bisa kebuka banyak filter, eh malah ga muncul filter"
Pengguna Google,5,2026-05-25 10:22:46,"sangat memuaskan memakai apl tiktok, berita apapun cepat kita tau,aku harap tiktok makin berkembang terus kedepannya.."
Pengguna Google,5,2026-05-25 10:22:04,tiktok tolong tambahin vn tiktok biar bisa ngobrol sama lain ya tiktok🙏🙏
Pengguna Google,5,2026-05-25 10:20:45,ok
Pengguna Google,5,2026-05-25 10:20:41,kak kenapa tiktok saya lag ya
Pengguna Google,1,2026-05-25 10:18:29,tidak fantass
Pengguna Google,5,2026-05-25 10:16:49,bagus bermanfaat dan menghibur
Pengguna Google,4,2026-05-25 10:16:43,"APLIKASI INI MEMBUAT SAYA TEGANG DAN TIDAK TENANG SETIAP SETIAP HARI KARNA SAYA TIDAK SENGAJA MEMBUAT STREAK SAMPAI 100+ HARI DAN JIKA SAMPAI STREAK NYA MATI, SAYA AKAN DIMUSUHI OLEH TEMAN SAYA"
Pengguna Google,5,2026-05-25 10:15:55,bagusss
Pengguna Google,5,2026-05-25 10:09:07,Bagus
Pengguna Google,5,2026-05-25 10:08:48,seru aplikasinya
Pengguna Google,5,2026-05-25 10:08:28,aplikasinya bagus banget apalagi filter filter nya bagus bagus terus ada juga orang yang kocak kocak suka deh dan juga banyak konten kreator cantik/ganteng POKOKNYA APLIKASI INI BAGUS BANGET🤍💞😍😘🥰
Pengguna Google,4,2026-05-25 10:08:16,"puass sii,cocok untuk hiburan,tapii sayaa mintaa jangann lah sering sering akun orang di blok kasiaann"
Pengguna Google,4,2026-05-25 10:07:47,"gatau saya juga,intinya kacamata mamah udahlahh, maaf oot, bagus bagus aja sih Sukak dehhh"
Pengguna Google,5,2026-05-25 10:06:36,aplikasinya bintang 5
Pengguna Google,2,2026-05-25 10:06:14,halo semenjak d update malah susah buat uploud vt yang ada d draf selalu leg padahal klo di cek wifi aman banget bahkan klo keluar ke apk lain sama sekali ga leg aneh banget tolong d perbaiki ya
Pengguna Google,2,2026-05-25 10:05:39,nggak bisa vn bisa nya sorotan
Pengguna Google,5,2026-05-25 10:05:36,aku sangat bahagia mempunyai tiktok seperti kamu
Pengguna Google,5,2026-05-25 10:02:51,tiktok bagus tapi buruk kalo ada fitur usia jadi kalo buat strek dan live GK bisa di bawah umur 🙁
Pengguna Google,5,2026-05-25 10:02:44,seru!!! tapii dii akuu kagaa bisa foto slide live
Pengguna Google,2,2026-05-25 10:01:27,"Sistem nya eror dan lag trus muncul tulisan ""tiktok tidak menanggapi"" tolong di perbaiki agar user nyaman saat main tiktok"
Pengguna Google,1,2026-05-25 10:01:20,enak
Pengguna Google,5,2026-05-25 10:00:37,mantap
Pengguna Google,3,2026-05-25 09:56:32,tolong dong diperbaiki pas ada serbu diskon di aku ga ada
Pengguna Google,1,2026-05-25 09:53:41,bagus tp sekarang jdi lambat bgt kl di buka suka keluar sendiri banyak tutorial yg bermanfaat cari ide kreatif atau bahan masakan yg sat set simpel tp sekarang klo g di buka banyak notif masuk
Pengguna Google,5,2026-05-25 09:47:17,supaya ga ketinggalan jaman🤭
Pengguna Google,5,2026-05-25 09:47:03,pengalaman saya gimana cara vn
Pengguna Google,1,2026-05-25 09:46:11,banyak konten seksual
Pengguna Google,3,2026-05-25 09:43:03,"capek banget gasi, hapus dan instal ulang lagi tiktoknya, sama relog hp supaya tidak ngelag banget.. hanya untuk nge live mending kalo tiktok lite disediakan live juga"
Pengguna Google,1,2026-05-25 09:40:29,bikin emosi aja lama'2 udah seminggu setelah update masih aja gak ada perbaikan dan perubahan.. habis update malah makin parah 😡
Pengguna Google,5,2026-05-25 09:40:15,wowww pokoknya 🗿👍
Pengguna Google,5,2026-05-25 09:39:06,Ok
Pengguna Google,1,2026-05-25 09:38:57,"WE TIKTOKK,PLISS PERCUMA BNGTT ADA ATURAN BATAS USIA,KEMBALIKAN AKUN KUU JMT."
Pengguna Google,5,2026-05-25 09:34:18,apk nya bagus paling males kalo band akunnya 🙂
Pengguna Google,1,2026-05-25 09:32:32,kadang kembali kembali sendiri
Pengguna Google,1,2026-05-25 09:32:09,"Ini kenapa ya akun aku semua tiba tiba ke ban,trus gak bisa masuk ke tiktoknya, padahal gak pernah dapet peringatan tapi tiba-tiba aja ke blokir,gak dijelasin juga alasan di blokir nya, udah ajukan banding juga tetep gabisa balik😔."
Pengguna Google,5,2026-05-25 09:31:00,adalah pokoknya
Pengguna Google,1,2026-05-25 09:24:44,buruk.. banyak video yang byk adegan ciuman...Drakor/Dracin .sumpah g layak bgt
Pengguna Google,5,2026-05-25 09:23:42,suru bisa dapet uwang
Pengguna Google,1,2026-05-25 09:22:35,"APLIKASI KOCAK, GW TAHUN LAHIR 2008 BELUM BISA BELI DI TIKTOK SHOP, PADAHAL DAH 18 TAHUN HADEH"
Pengguna Google,5,2026-05-25 09:21:27,seru banget
Pengguna Google,5,2026-05-25 09:21:11,"kenapa tiktok gk bisa dibuka pdhl memo gk penuh, udh update juga tapi kok tetap tidak dapat menanggapi"
Pengguna Google,2,2026-05-25 09:20:31,kok aku udh update ga bisa buat sorotan dan vn??
Pengguna Google,1,2026-05-25 09:17:52,masa akses live gw kena blokir gara-gara dibawah umur padahal mah umur gw udah 23 tahun
Pengguna Google,4,2026-05-25 09:16:31,sangat memuaskn
Pengguna Google,3,2026-05-25 09:14:57,"tiktok aku ga ada potongan harga padahal temen temen ku udah pada dapet, sedih huhuhu"
Pengguna Google,5,2026-05-25 09:13:17,oke
Pengguna Google,5,2026-05-25 09:12:11,🅖🅐🅚 🅢🅤🅚🅐 🅑🅐🅝🅖🅔🅣 🅟🅐🅢 🅛🅐🅖🅘 🅑🅘🅚🅘🅝 🅐🅚🅤🅝 🅚🅞🅓🅔 🅝🅖🅖🅐🅚 🅚🅔🅛🅤🅐🅡 🅛🅐🅗 🅣🅔🅡🅤🅢 🅖🅐🅝🅣🅘 🅟🅟 🅝🅖🅖🅐🅚 🅑🅘🅢🅐 🅛🅐🅗 🅖🅚🅜🅐🅝🅐
Pengguna Google,5,2026-05-25 09:10:19,bagus
Pengguna Google,3,2026-05-25 09:09:23,aplikasi ini tolong di perbaiki lagi lebih teliti!
Pengguna Google,1,2026-05-25 09:07:00,karnna suka blokir orang
Pengguna Google,1,2026-05-25 09:05:27,kenapa ga bisa di ikuti p
Pengguna Google,5,2026-05-25 09:03:11,jangan pernah berubah
Pengguna Google,5,2026-05-25 09:03:01,bagus si tpi coba ada fitur vn nyaa
Pengguna Google,1,2026-05-25 09:01:53,setelah di update aplikasi nya tidak mau dipakai
Pengguna Google,5,2026-05-25 09:01:06,kok punya saya eror ya gak bisa komen sama sekali maksudnya (bisa komen tapi gk bisa di lihat orang siapa pun selain saya tapi bukan di privat sama setiap saya unggah story tiktok pasti gk ada yg nengok sama sekali padahal biasanya mereka selalu liat status gw seperti akun gw itu di privat aja gitu
Pengguna Google,4,2026-05-25 08:59:43,Baik
Pengguna Google,4,2026-05-25 08:54:41,saya minta maaf sebelumnya karena sudah memberi nilai 4 dari 5 aplikasi ini sanggat berguna tapi bisa di perbaiki lagi 🙏🏻
Pengguna Google,1,2026-05-25 08:53:09,bgo ko akun ku di blokir padahal ngak lagar apa apa
Pengguna Google,5,2026-05-25 08:53:08,"kalau lagi bosen sisa buka aplikasi ini aja, aku sangat berterima kasih atas tiktok karna disitu sumber penghasilan ku"
Pengguna Google,1,2026-05-25 08:51:19,"TIKTOK MAMPOS LAH KAU, pdhl saya cuman lagi cerita sama temen saya masa² sd cuman nyeritain bb 43 pas sd kls 5 AKUN SAYA MALAH KENA BATAS TRUS DISURU CONFIRM UMUR PAKE KARTI KREDIT, KTP OKE LAH INI KREDIT MALES NGURUS NYA WOE KNPA GA KTP AJAAAAA, PLS LAH urusin your punya sistem itu."
Pengguna Google,5,2026-05-25 08:50:57,baik
Pengguna Google,3,2026-05-25 08:49:28,"jir perkara gue ngasih tau nama sekolah malah kena pelanggaran anj,nama doang loh,aneh banget nih aplikasi"
Pengguna Google,1,2026-05-25 08:48:11,maaf admin ini tolong saya tidak dapat mengkonfirmasi usia saya ini sangat buruk🤮
Pengguna Google,5,2026-05-25 08:48:09,"di tiktok kita bisa cari di pencarian hal yang kalian tidak tahu kayak di google aja deh misalkan ""cara membuat agar agar jelly"" nanti bakalan ada jawabannya ya terserah kalian aja mau ngetik apa di pencarian pokoknya semua ada di tiktok btw makasih ya tiktok udah bikin hari hari ku jadi nyaman"
Pengguna Google,5,2026-05-25 08:47:34,bagus
Pengguna Google,5,2026-05-25 08:46:19,mantap ok punya
Pengguna Google,5,2026-05-25 08:45:27,Tiktok akun saya ilang gk
Pengguna Google,1,2026-05-25 08:43:53,tiktok kenapa kamu menghapus akunku😡
Pengguna Google,5,2026-05-25 08:37:25,aku gaksuka karna akunku di bened
Pengguna Google,5,2026-05-25 08:37:25,bagus sekali
Pengguna Google,5,2026-05-25 08:32:05,tiktok sangat keren tapi.. kenapa banyak kena pelanggaran
Pengguna Google,5,2026-05-25 08:30:26,aplikasi sangat bagus
Pengguna Google,1,2026-05-25 08:27:16,GAJELAS
Pengguna Google,5,2026-05-25 08:24:27,❤️❤️❤️❤️
Pengguna Google,5,2026-05-25 08:23:31,Fitur Stories dan Reels sangat seru untuk berbagi momen visual.
Pengguna Google,5,2026-05-25 08:21:40,aku udah kasih bintang 5 tapi plis munculin vitur voice di komentar tiktok plisssss
Pengguna Google,5,2026-05-25 08:21:30,Bagus
Pengguna Google,5,2026-05-25 08:20:34,kerja bagus🗿gua suka sama tiktok satu Minggu aja follower langsung 100 mantap banget
Pengguna Google,4,2026-05-25 08:20:34,kadang bikin ngelag. orang nya kadang gak ramah
Pengguna Google,4,2026-05-25 08:20:16,bagus sih cuma ya aplikasi nya bapuk banget
Pengguna Google,5,2026-05-25 08:19:46,"asik bisa Rp, opl, open main dll!"
Pengguna Google,1,2026-05-25 08:12:28,jelek
Pengguna Google,5,2026-05-25 08:09:09,ok lah buat hiburan
Pengguna Google,2,2026-05-25 08:05:08,tidakbisa memosting fidio
Pengguna Google,1,2026-05-25 08:03:57,aplikasi makin buruk pembelian koin tidak pernah masuk sama sekali saya nghabisin duit terus kmana koin saya
Pengguna Google,3,2026-05-25 08:02:58,"mau nge upload video gabisa, ribet banget harus verifikasi no telp hru pke email , hrus pke ini itu ujung ujung ny ttp ga bisa ke upload, tolong bngt gausah ada buat no telp , aku mau nge upload video aja susah hrus nge verifikasi no telp aku juga udah kepake 1 buat akun tiktok yg lainn, yg lain jdi nya g bisa nge up vd , banyak jga yg berkomentar kasar + mengejek"
Pengguna Google,5,2026-05-25 08:00:33,sangat baik
Pengguna Google,5,2026-05-25 08:00:05,bagus banget tt 🥰😘😘😘😘
Pengguna Google,5,2026-05-25 07:59:25,enak
Pengguna Google,5,2026-05-25 07:59:25,Yall idk :p
Pengguna Google,4,2026-05-25 07:58:02,bgus
Pengguna Google,5,2026-05-25 07:57:33,mana fitur VN nya
Pengguna Google,4,2026-05-25 07:55:29,mantap kembAngkan lagi
Pengguna Google,1,2026-05-25 07:55:02,"kenapa GK bisa masuk aplikasi nya, aplikasi ini sangat buruk...."
Pengguna Google,5,2026-05-25 07:54:51,menyenangkan dan seru
Pengguna Google,5,2026-05-25 07:54:49,bagus tiktok.. tapi update terus lagi 😔
Pengguna Google,5,2026-05-25 07:54:01,seru scroll Berjam jam
Pengguna Google,1,2026-05-25 07:53:49,sia ulah so asik lah anyin niyeun HP aing ngelag wae awas lamun nga lewat iklan ka aing dei
Pengguna Google,5,2026-05-25 07:52:43,"yaaa, lumayanlah kalo gak tau mau ngapain"
Pengguna Google,5,2026-05-25 07:51:38,bagus tapi kok aku gak bisa live gimana caranya yahh
Pengguna Google,3,2026-05-25 07:51:11,punya ku harga di tiktok shop nya mahal mahal bangett
Pengguna Google,2,2026-05-25 07:48:53,gak seru aku mendapat pelanggaran karena live jadi tolong di perbaiki s karang
Pengguna Google,5,2026-05-25 07:47:10,asik bisa scroll tiktok
Pengguna Google,1,2026-05-25 07:46:43,ciihh 🙄
Pengguna Google,5,2026-05-25 07:46:08,tiktok sangat seru walaupun aku sering hapus download tiktok 😅😅😅
Pengguna Google,2,2026-05-25 07:41:30,saya dari penggunaan tiktok ingin komplen bahwa tiktok saya belum muncul komen stiker dan sorotan.jadi saya ingin meminta tolong agar dapat menggunakan fitur tersebut
Pengguna Google,2,2026-05-25 07:40:02,tidak bisa update
Pengguna Google,5,2026-05-25 07:37:59,suka dgn tiktok bisa utk menghibur dan belanja on line pun aku suka
Pengguna Google,3,2026-05-25 07:37:06,sampai saat ini koin yg saya beli belum masuk
Pengguna Google,5,2026-05-25 07:35:31,keren
Pengguna Google,5,2026-05-25 07:35:08,"Kenapa nggk bisa bisa sih jadi geram kita liatnya tapi pengen banget plis bisa dong, dibilang temanku bagus karna bisa ngelive"
Pengguna Google,1,2026-05-25 07:33:13,sudah upload yang baru tapi masih nginsatal aja gak ap gitu nglek dan banyak banget lagi gak bisa vin
Pengguna Google,1,2026-05-25 07:32:37,"tiktok gimana sih komen halus ngga muncul,dan download fitur lah apa lah, terus ngabisin memori tau😏"
Pengguna Google,1,2026-05-25 07:30:01,sekaranf banyak pembatasan
Pengguna Google,1,2026-05-25 07:29:51,kenapa ya setiap kali saya aplod vidio pasti akun nya di blok
Pengguna Google,1,2026-05-25 07:25:42,aku gabisaa buat grup?
Pengguna Google,5,2026-05-25 07:23:03,bagus tetapi aku saya yang sudah banyak followers nya malah tiba² terblokir
Pengguna Google,5,2026-05-25 07:22:49,jelek banget wok 🤪
Pengguna Google,5,2026-05-25 07:22:46,rame
Pengguna Google,4,2026-05-25 07:21:55,vidio sy ga fyp
Pengguna Google,5,2026-05-25 07:21:48,keren tpi kurang di vn
Pengguna Google,5,2026-05-25 07:21:33,sangat bagus
Pengguna Google,1,2026-05-25 07:21:22,tolong di perbaiki tik tok gimana sih disuruh perbaiki malah semakin parah lemot banget mau kembali ke pesanan eh malah kebernda
Pengguna Google,5,2026-05-25 07:19:42,bagussss
Pengguna Google,5,2026-05-25 07:18:50,Bagus sekali suka banget
Pengguna Google,5,2026-05-25 07:18:41,weeenaaaaaaak
Pengguna Google,3,2026-05-25 07:18:22,"kecepetan sulapnya ngelag ngelag, jadi gk bisa bikin velocity"
Pengguna Google,5,2026-05-25 07:17:05,bagus sekali
Pengguna Google,1,2026-05-25 07:16:29,"aplikasi taik, masa di sediakan limit paylater, tapi tidak bisa di gunakan untuk belanja"
Pengguna Google,1,2026-05-25 07:15:58,aplikasi ini sungguh bagus mantap
Pengguna Google,3,2026-05-25 07:14:26,bagus
Pengguna Google,5,2026-05-25 07:12:37,aplikasinya menghibur
Pengguna Google,5,2026-05-25 07:11:20,Saya sangat suka tiktok ai love TikTok
Pengguna Google,5,2026-05-25 07:09:56,nice
Pengguna Google,5,2026-05-25 07:07:16,sangat menarik perhatian dan informasi terkini
Pengguna Google,5,2026-05-25 07:04:46,👍
Pengguna Google,5,2026-05-25 07:04:21,saya pengen jadi selep tik tok
Pengguna Google,1,2026-05-25 07:02:53,aplikasi sarang monyet
Pengguna Google,5,2026-05-25 07:01:35,bagus
Pengguna Google,5,2026-05-25 07:01:30,yang aku inginkan seperti semua baik'baik saja
Pengguna Google,5,2026-05-25 07:00:31,bguss
Pengguna Google,5,2026-05-25 06:59:15,bagus
Pengguna Google,5,2026-05-25 06:59:09,aku ga bisa pake akun
Pengguna Google,3,2026-05-25 06:53:54,kenapa ya ko habis di update kalo mau masuk ke tiktok nya keluar keluar sendiri
Pengguna Google,3,2026-05-25 06:53:38,seru tapi online enak kalo nyari video langsung ketemu
Pengguna Google,2,2026-05-25 06:53:35,upload suka burik pas live suara game ga ada sama lag algoritma ga jelas
Pengguna Google,5,2026-05-25 06:50:07,bagus
Pengguna Google,5,2026-05-25 06:49:28,Sipppp
Pengguna Google,5,2026-05-25 06:47:32,bagus
Pengguna Google,2,2026-05-25 06:47:29,"sesudah di upgrade ini , tiktok ku jadi error ga kaya biasanya!!"
Pengguna Google,1,2026-05-25 06:47:20,"akun gw keblokir, pas coba bikin lagi gak bisa. gimana sih"
Pengguna Google,2,2026-05-25 06:47:09,tolong kenapa selalu minta update padahal nggak ada perubahannya malah akan menambah berat nya memori ku dan setiap gw masuk aplikasih setiap scroll selalu mental dan nggak tau apa yg kalian update deh nggak faham lagi sama aplikasi tiktok sekarang
Pengguna Google,1,2026-05-25 06:46:43,"sesudah update terjadi eror kadang"" ada notif lalu di cek tidak ada dan di akun saya follower nya 87 tapi di hp lain follower nya nambah tolol di perbaiki agar tidak bintang 1"
Pengguna Google,3,2026-05-25 06:45:20,1 . lama mengistal 2 . hp Kelen 3 . keluar dikit langsung ulang
Pengguna Google,1,2026-05-25 06:44:27,aplikasi nya sering keluar sendiri 😫
Pengguna Google,1,2026-05-25 06:41:57,padahal udah 18 tahun tapi kaga bisa live
Pengguna Google,5,2026-05-25 06:41:29,seru akun ku rame
Pengguna Google,5,2026-05-25 06:40:39,mantap🥳🥳🥳
Pengguna Google,1,2026-05-25 06:39:39,ramutu su akun ku moro² ilang padahal ora gae pelanggaran opo² apk busuk
Pengguna Google,2,2026-05-25 06:35:05,aku udh uninstal 3x krna ga ada toko nya☺☺
Pengguna Google,1,2026-05-25 06:34:43,mengapa saya tidak bisa menginstal tiktok saya akan menuntut tiktok jika saya tidak bisa menginstal nya
Pengguna Google,5,2026-05-25 06:34:41,bagus tapi KLO dibuat lev suka keluar sendiri
Pengguna Google,5,2026-05-25 06:34:16,keren
Pengguna Google,5,2026-05-25 06:30:20,sangat bagus
Pengguna Google,5,2026-05-25 06:29:27,bgus untuk foto
Pengguna Google,1,2026-05-25 06:29:15,di blokir semua akun saya payah aplikasi tiktok.
Pengguna Google,1,2026-05-25 06:29:13,halo tik tok semoga uapdet vn ya
Pengguna Google,3,2026-05-25 06:27:47,"apknya udah bagus cuma yang komennya masih banyak SDM rendah,yang komen dulu baru liat video terus disini juga banyak karbit dan pengemis"
Pengguna Google,1,2026-05-25 06:26:35,"pihak tiktok ini gk menggubris pelaporan terkait adanya room live yg mengarah ke pornografi, apkah udah gk berlaku lagi kah aturan yg dibuat pihak tiktok"
Pengguna Google,1,2026-05-25 06:25:23,Hapus fitur anda mungkin suka. Yang keluar gak jelas!!!!
Pengguna Google,1,2026-05-25 06:25:19,hadeh nginstallny lma bgt
Pengguna Google,5,2026-05-25 06:23:05,bagus
Pengguna Google,5,2026-05-25 06:23:04,apk penurun iq 🤪🤪🤪
Pengguna Google,5,2026-05-25 06:22:45,tiktok sangat bagus
Pengguna Google,5,2026-05-25 06:22:18,gbisa ngedm orng lgi gjls
Pengguna Google,5,2026-05-25 06:16:55,Bagus aplikasi nya 😄😄
Pengguna Google,5,2026-05-25 06:15:49,seru skl karna arek go sangu naik haji the
Pengguna Google,1,2026-05-25 06:12:14,tidak bisa chat ditiktok ini
Pengguna Google,1,2026-05-25 06:11:12,akun saya diblokir. padahal saya tidak melakukan pelanggaran. dan usia saya juga udah masuk
Pengguna Google,1,2026-05-25 06:06:38,enggak bisa untuk download
Pengguna Google,5,2026-05-25 06:05:32,sangan baikkk
Pengguna Google,5,2026-05-25 06:04:51,menghibur
Pengguna Google,1,2026-05-25 06:04:21,boleh nggak klo ga siap buat buka e-commerce jangan bikin susah orang yang udah bertransaksi disini ya?
Pengguna Google,5,2026-05-25 06:04:11,Sesuaika Dengan Judul nya Admin Tiktok
Pengguna Google,5,2026-05-25 06:03:36,Kenapa sering terhapus tiba tiba ya ?
Pengguna Google,5,2026-05-25 06:02:56,anjai selep
Pengguna Google,3,2026-05-25 06:02:36,enak tpi ga ada vitur vn nya di aku padahal udah aku aktivin
Pengguna Google,5,2026-05-25 06:02:19,lama instl nnya
Pengguna Google,5,2026-05-25 06:00:41,Bisa tiktok dan lucu dan unik
Pengguna Google,1,2026-05-25 06:00:40,suka gngguan
Pengguna Google,3,2026-05-25 05:59:39,kurang stabil jaringan
Pengguna Google,1,2026-05-25 05:59:01,"tiktoknya kenapa gabisa dibuka sama sekali yaa? update terburuk bangett ini mah, bug nya sama sekali tidak bisa diatasi."
Pengguna Google,4,2026-05-25 05:58:29,mengapa akun saya tidak bisa mengirim pesan
Pengguna Google,3,2026-05-25 05:58:18,baru coba dahulu
Pengguna Google,1,2026-05-25 05:57:54,banyak spam
Pengguna Google,5,2026-05-25 05:57:45,Saya ingin jadi konten kreator
Pengguna Google,5,2026-05-25 05:55:36,bagusss
Pengguna Google,5,2026-05-25 05:53:42,tiktok bagus menghibur saya
Pengguna Google,5,2026-05-25 05:53:10,bagus sekali kayak mau nonton terrus
Pengguna Google,5,2026-05-25 05:52:36,cara vn di tiktok ???
Pengguna Google,5,2026-05-25 05:52:05,wah aplikasi tiktok sangat bagus
Pengguna Google,5,2026-05-25 05:45:26,apk nya bagus saya suka
Pengguna Google,5,2026-05-25 05:44:59,penarikan lancar
Pengguna Google,5,2026-05-25 05:44:09,jos bisa buat jualan
Pengguna Google,4,2026-05-25 05:43:53,entah mengapa rasanya lebih menyenangkan saja bisa berinteraksi dengan banyak orang dan Ten sendiri rasanya lebih seru bisa bermain main walau sedikit kesal karena banyak yang mengerti tapi seru kok.
Pengguna Google,5,2026-05-25 05:42:11,tik tok bagus bgt
Pengguna Google,2,2026-05-25 05:39:00,pliss memonya
Pengguna Google,5,2026-05-25 05:37:42,seruuu
Pengguna Google,2,2026-05-25 05:36:55,susah bgt mau update nyaa
Pengguna Google,1,2026-05-25 05:36:18,untuk versi sekarang sekarang peraturannya aneh2
Pengguna Google,5,2026-05-25 05:33:18,aplikasi ini sangat cocok untuk orng yg suka rebehan dan dapat menonton apapun yg kita mau nonton
Pengguna Google,1,2026-05-25 05:30:17,sampah
Pengguna Google,5,2026-05-25 05:27:33,bagus banget tapi tolong kembalikan akun saya yang di blokir
Pengguna Google,5,2026-05-25 05:26:51,galaw
Pengguna Google,5,2026-05-25 05:22:32,bagus
Pengguna Google,5,2026-05-25 05:22:32,sangat bagus aplikasi nya ada beberapa vidio lucu yang berpotensi buat anak kecil
Pengguna Google,4,2026-05-25 05:22:31,bagus tapi suka kalo kedonlot suka bisa suka gk
Pengguna Google,5,2026-05-25 05:21:24,i like the apk
Pengguna Google,5,2026-05-25 05:19:14,banyak fidio/drama yg bagus dan menarik dan tidak buat aay bosan
Pengguna Google,1,2026-05-25 05:18:21,aplikasi gajelas masa akun saya ke blok alasanya apa padahal saya ga melanggar dan setiap coba masuk akun google yang lain tetep ke blokir semua
Pengguna Google,4,2026-05-25 05:17:59,bagus sih aku gak bisa daftar karena akun saya dipakai anak sya jadi kena blokir saya sudah lama mau mendaftar tapi tidak bisa
Pengguna Google,5,2026-05-25 05:14:17,baguss
Pengguna Google,3,2026-05-25 05:09:58,bagus sih cuma ko skrng kurang bagus ya kenapa tidak ada tiktok shop nya jadi saya mau mesen barang susahh
Pengguna Google,3,2026-05-25 05:05:37,sejujurnya aplikasi tiktok ini sudah cukup bagus tapi bagian menambahan alamat pribadi tolong Dusun2 nya di perbaiki/Di Lengkapi masak iya langsung desa aja
Pengguna Google,1,2026-05-25 05:05:21,kocak udh di update langsung kaga bisa masuk
Pengguna Google,4,2026-05-25 05:02:38,sukaa buatt vidio dann fotoo foto
Pengguna Google,5,2026-05-25 04:59:35,"bagus,tapi 50 ℅ penggunanya cabul 😹"
Pengguna Google,5,2026-05-25 04:59:14,alhamdulillah ya yiktok ini bagus benget dan seru katika di pakai lagi gabut bisa nonton banyak vidio lucu dan saya sangat suka
Pengguna Google,5,2026-05-25 04:58:16,keblokir muluuu😹😹😹
Pengguna Google,5,2026-05-25 04:55:47,persib juara anjj
Pengguna Google,5,2026-05-25 04:55:34,"baguss , semenjak ikut afliet aku jadi punya pendapat sendiri maksih yaaa"
Pengguna Google,1,2026-05-25 04:55:30,kicau kicau kicau mania
Pengguna Google,5,2026-05-25 04:55:21,kenapa selalu keluar dari tiktok
Pengguna Google,5,2026-05-25 04:52:48,"bagus bangett, bisa membantu kita buat mencari ide ide seperti ide masakan dll, suka banget sama aplikasi ini, bisa bikin konten menghasilkan uang waduh pokoknya ini the best"
Pengguna Google,1,2026-05-25 04:51:51,bagus
Pengguna Google,3,2026-05-25 04:51:41,kebanyakan iklan
Pengguna Google,1,2026-05-25 04:51:34,MONYETTT RAGUNAN SEMUA ISINYA!!
Pengguna Google,2,2026-05-25 04:51:06,bra
Pengguna Google,5,2026-05-25 04:50:16,ini apalikasi nya bagus banget bisa buat ngedit vidio kaya di capcut
Pengguna Google,5,2026-05-25 04:47:59,oke
Pengguna Google,1,2026-05-25 04:47:05,buruk kli lemot
Pengguna Google,5,2026-05-25 04:43:34,puas bget
Pengguna Google,5,2026-05-25 04:43:19,sangaattt bagusss
Pengguna Google,5,2026-05-25 04:36:48,ya aku suka sehari hari aku main
Pengguna Google,3,2026-05-25 04:36:41,kenapa tiktok saya ga paylater nya
Pengguna Google,1,2026-05-25 04:34:52,akun saya ke banned cuma gara gara tulis kelas 6
Pengguna Google,4,2026-05-25 04:33:21,tiktok tolong adain fitur yang gak boleh Srensoot sembarangan kecuali dari kreator nya ngizinin buat ngesrensoot vt vt nya soalnya foto kita rawan dicuri dan di edit yang tidak senonoh adain ya kayak di wa giru loh
Pengguna Google,5,2026-05-25 04:31:46,tiktok jangan hapus akun kami ya
Pengguna Google,5,2026-05-25 04:31:03,bikin hati jadi senang terkadang bisa cari vidio
Pengguna Google,2,2026-05-25 04:29:29,"banyak bug , udh keluar aplikasi suara ada terus di latar belakang. aplikasi keseringan harus update , come on ?"
Pengguna Google,5,2026-05-25 04:29:23,ini baguss
Pengguna Google,1,2026-05-25 04:26:37,"tolong perbaiki tiktok tidak menanggapi itu saya sangat kesal karena tiba"" ngefrezz jadi bikin ga nyaman tolong di perbaiki"
Pengguna Google,2,2026-05-25 04:24:53,maaf tiktok. untuk aplikasi ini tolong hapus RIWAYAT TONTONAN yang membuat hp menjadi ngeleg parah karna itu.
Pengguna Google,1,2026-05-25 04:20:58,bikin gw marah
Pengguna Google,1,2026-05-25 04:19:11,tiktoknya kadang ilang sendiri
Pengguna Google,3,2026-05-25 04:17:32,"sering bnget nge bugg, masa posting vaksin hpv aja pelanggaran komunitas apaan coba, giliran yang live rawa2 ga pl"
Pengguna Google,5,2026-05-25 04:14:30,keren sekali aplikasinya🥰
Pengguna Google,5,2026-05-25 04:12:48,aku suka i love tiktok 😘😘😘🥰🥰🥰
Pengguna Google,5,2026-05-25 04:11:14,"Tiktok sekarang kenapa ya? sering kali keluar dari apk ,"
Pengguna Google,5,2026-05-25 04:10:40,"Aplikasi ini sdah bgus tpi kenpa,, kok saya ambil korun slalu zonk stiap,, updte tlong diprbaiki.."
Pengguna Google,5,2026-05-25 04:07:49,"aplikasi ini cocok untuk anak muda jaman sekarang,dan bisa menambah teman"
Pengguna Google,5,2026-05-25 04:04:26,keren
Pengguna Google,3,2026-05-25 04:03:45,loadingnya lama banget
Pengguna Google,3,2026-05-25 03:56:55,malah ngebug
Pengguna Google,4,2026-05-25 03:55:23,karena kalau di download tidak bisa
Pengguna Google,3,2026-05-25 03:55:07,sangat bagus tpi sayang terkadang lemot sendiri
Pengguna Google,5,2026-05-25 03:54:16,luar biasa
Pengguna Google,5,2026-05-25 03:53:42,cair duitnya top tambahin iklan nya biar 5rb perhari
Pengguna Google,3,2026-05-25 03:53:05,sebener nya bagus shi TPI yang bikin kesel akun saya punya salah lali di blokir permanen GK ad kbar dulu dari kesahan ny.trus itu susah mau mengembalikan kun yang sudah di blokir atau di tangguh kan. kasihan yang memakai klok udh no ponsel di kaitkan kasihan hrus gnti kartu. pdhal kartu tu penting lok udh di trok di ponsel kita.banyk manfaat nya... terimakih 🙏
Pengguna Google,3,2026-05-25 03:53:02,"cukup memudahkan dr setiap barang kebutuhan tersedia, bermanfaat"
Pengguna Google,3,2026-05-25 03:52:36,bnyk bug and ngelag.
Pengguna Google,5,2026-05-25 03:51:42,wah tiktok bagus banget saya kasih bintang lima tapi saya mau bilang ni misal aku buat konten lah terus ada yang spam like plis tiktok yang spam like akunnya diblokir aja saya udah muak dengan spam like tolong di jawab
Pengguna Google,2,2026-05-25 03:51:41,Kenapa vitur Ai nya dihapus😭
Pengguna Google,5,2026-05-25 03:49:39,Error' gak ada fitur vn
Pengguna Google,3,2026-05-25 03:46:25,keseringan update perasaan baru update mlah update lgi gk d update gk berjalan normal tiktoknya👎
Pengguna Google,5,2026-05-25 03:40:05,godd
Pengguna Google,5,2026-05-25 03:38:04,"tiktok sangat mudah digunakan, apalagi kalo mau blnja murah2 barangnya jg bagus2 , apalagi kalo mau buat video yg d cari, sangatlah menarik, aplikasinya mudah digunakan."
Pengguna Google,5,2026-05-25 03:36:43,这个应用和抖音应用一样，但是这个应用更好，因为它能让我身在上海与上海以外的中国用户连接，所以我更喜欢TikTok应用。相比抖音这个用户主要来自中国的应用，这款应用的用户来自世界各地，真是独一无二。感谢抖音开发了这款应用。抖音和TikTok是同一家公司，但语言不同。抖音只有一种语言，即普通话，而TikTok有多种语言，并且有很多有趣的视频。
Pengguna Google,1,2026-05-25 03:35:59,bagaimana cara agar kita mengetahui bahwa akun kita digunakan orang lain. Karena saya tidak dapat mengikuti akun tertentu apakah akun saya di batasi.
Pengguna Google,5,2026-05-25 03:35:10,membuat konten
Pengguna Google,4,2026-05-25 03:32:05,aku suka tapi aneh kok sekarang punya ku suka keluar sendiri sama gk fyp ya tolong bikin fyp plis sama biar gk keluar sendiri
Pengguna Google,4,2026-05-25 03:30:42,puas
Pengguna Google,5,2026-05-25 03:26:15,mantap dah
Pengguna Google,5,2026-05-25 03:21:06,saya bingung naik versi 16 kok sekarang musik saya jadi tdk setereo musiknya nih mohon di bantu
Pengguna Google,5,2026-05-25 03:19:58,lumayan
Pengguna Google,5,2026-05-25 03:17:38,keren
Pengguna Google,5,2026-05-25 03:16:23,bagus
Pengguna Google,1,2026-05-25 03:11:23,"habis order udang rebung ditiktok normal , tapi tiba tiba ada cod dateng tulisanya ikan asin padahal ga pernah pesen cod .. alamat tertera pake alamat tiktok yg saya gunakan buat beli rebung entah bocor dari appnya apa sellernya kacau ini untung gua sengaja ga pernah pesen cod selama ini dan pesenin orang rumah jgn terima cod kalo ga udah ketipu mengerikan keamanan appnya"
Pengguna Google,5,2026-05-25 03:07:51,jangan kasih hp nya panas
Pengguna Google,5,2026-05-25 03:01:00,oke
Pengguna Google,5,2026-05-25 02:57:38,Sangat bermanfaat
Pengguna Google,5,2026-05-25 02:57:22,tapi kok GK ada shop nya yaaa
Pengguna Google,1,2026-05-25 02:52:31,sangat bgusss
Pengguna Google,5,2026-05-25 02:49:33,sangat bagus untuk sosial media
Pengguna Google,3,2026-05-25 02:49:26,masih suka gangguan
Pengguna Google,4,2026-05-25 02:48:31,kasih lah vn kalo gua cari cara vn gak bisa
Pengguna Google,2,2026-05-25 02:46:32,kurang memuaskan..setiap kali di buka pasti lelet.. trus belum kebuka udah tutup lagi tidak merespon...gitu truss.. tolong perbaiki aplikasi tiktok saya jangan tiap sebentar di buka langsung ke tutup lagi.. capek jadi nya🙏🙏
Pengguna Google,4,2026-05-25 02:45:15,"pas ngedowload ngelag, dan juga pas mau masuk ke aplikasi malah ada tulisan ""TIKTOK TIDAK MENANGGAPI"" dan juga NGELAG BANGET. plus lumayan asik juga TAPI NGELAG BUANGETTTTT mohon di perbaiki lagiiiiiiii"
Pengguna Google,2,2026-05-25 02:44:40,menginstal nya lamaaaaa
Pengguna Google,2,2026-05-25 02:41:43,klu di hpku lalot2 aplikasinya😌
Pengguna Google,1,2026-05-25 02:41:42,mau download sayang nya memori gua penuh
Pengguna Google,5,2026-05-25 02:41:22,"tiktok bagus, aplikasi menghibur diri Dan kadang fitur belanja"
Pengguna Google,1,2026-05-25 02:41:02,"woy tiktok ga jls, gc gw mau narik dana gw, masa harus pake bank Mulu tambahin dana lah"
Pengguna Google,5,2026-05-25 02:39:18,best ini tik tok
Pengguna Google,1,2026-05-25 02:38:31,"saya gabisa ganti foto profil,dan selalu ada masalah 'coba lagi'"
Pengguna Google,5,2026-05-25 02:37:19,aplkikasi yg sangat bermanfaat
Pengguna Google,5,2026-05-25 02:36:43,tiktok sngt baik dan brguna untuk mncari resepi atau hal yg brguna
Pengguna Google,5,2026-05-25 02:35:30,bagus
Pengguna Google,5,2026-05-25 02:30:52,i like tik tok
Pengguna Google,1,2026-05-25 02:25:39,kenapa sih waktu aku buka pencarian stiker gak dulu ada aku buka tiktok dari 2020 gara gara akun baru apa inih apa tiktok nya eror
Pengguna Google,4,2026-05-25 02:23:00,baguuussssd
Pengguna Google,4,2026-05-25 02:22:10,hmmm kalo bisa gak usah pekek fitur pembatasan usia dongg🙄
Pengguna Google,5,2026-05-25 02:21:22,aplikasi nya lancar tidak menyebabkan leg
Pengguna Google,1,2026-05-25 02:20:07,"suka ngelag, sm kluar"" sendiri"
Pengguna Google,5,2026-05-25 02:19:23,asik dan seru
Pengguna Google,5,2026-05-25 02:14:03,bahGus
Pengguna Google,5,2026-05-25 02:09:18,bagus tapi aku kena sb terus
Pengguna Google,1,2026-05-25 01:59:11,tiktok saya semua yg kelewat gak ada suara udah di apdete masih aja gak ada suara ini kenapa yah
Pengguna Google,1,2026-05-25 01:56:56,eror. swtelah update jadi lambat.
Pengguna Google,5,2026-05-25 01:53:32,bagus
Pengguna Google,5,2026-05-25 01:50:42,good
Pengguna Google,4,2026-05-25 01:49:13,Apk sangat bagus 👍
Pengguna Google,5,2026-05-25 01:47:44,senang sekali dengan aplikasi ini
Pengguna Google,5,2026-05-25 01:47:15,"seru,bisa naikin mood"
Pengguna Google,1,2026-05-25 01:44:29,tiktok saya tidak punya fitur sorotan walau sudah update tolong di perbaiki
Pengguna Google,1,2026-05-25 01:42:55,"fiur DM nya msh sangat kurang, akses unsent dan timer juga masih kurang, diperbaiki untuk selanjutnya"
Pengguna Google,1,2026-05-25 01:30:32,sekarang ribet daftar tiktok parah banget
Pengguna Google,4,2026-05-25 01:28:09,"baguss,tapii kadanggg ngelagg"
Pengguna Google,5,2026-05-25 01:23:54,aktivin lagi🙏kehapus kmaren
Pengguna Google,5,2026-05-25 01:20:07,aplikasi yang sangat penting untuk saat sekarang ini
Pengguna Google,5,2026-05-25 01:16:46,tiktok buruk
Pengguna Google,5,2026-05-25 01:13:27,bisa menghasilkan cuan sekaligus hiburan
Pengguna Google,5,2026-05-25 01:11:29,sangat membuat saya terhibur
Pengguna Google,1,2026-05-25 01:10:25,"akun tiktok saya ke blok gara gara sebut umur padahal teman saya yang ngomong bukan saya,tolong diperbaiki lagi..."
Pengguna Google,5,2026-05-25 01:08:42,eeeeeeee.......................... nggak tau
Pengguna Google,2,2026-05-25 01:07:35,gk mencet apa apa tiba tiba ngirim ketemen. sama kadang nge repost sendiri
Pengguna Google,5,2026-05-25 01:06:34,sangat menarik
Pengguna Google,5,2026-05-25 01:05:04,"memanbah wawasan,& berbagai macam jenis sumber daya manusia"
Pengguna Google,5,2026-05-25 01:00:09,alhamdulillah bs menarik uang dr tiktok dgn menonton drama
Pengguna Google,5,2026-05-25 00:58:57,Bagusss bgt apk nya.. dr apk ini ak ktemu bnyak tmn virtuall
Pengguna Google,5,2026-05-25 00:57:05,"ok,,, tiktok sangat membantu dalam segala hal."
Pengguna Google,5,2026-05-25 00:55:08,"i love tiktok, gabisa hidup tanpa tiktok❤️"
Pengguna Google,2,2026-05-25 00:54:57,aku GK bisa buat akun
Pengguna Google,3,2026-05-25 00:53:28,tiktok nya bagus vitur nya lebih lengkap dari pada Tik Tok Lite Tik Tok ini bagus buat orang yang bikin konten aku kasih bintang 3 karena sangat boros kuota kalau nonton di tiktok ini
Pengguna Google,5,2026-05-25 00:45:50,"aplikasi ini sangat bagus,bisa membuat kita faham tentang membuat content,bisa menghargai semua video yang udh di edit.semoga aplikasi ini bisa jadi lebih baik dan cepat di upload Aamiinn"
Pengguna Google,5,2026-05-25 00:43:58,untuk aplikasi tik tok udah bagus saya suka seru bisa ngapa-ngapain aja cuma ada satu hal yang saya tidak suka dengan Tik tok ini di TikTok lite Saya tidak suka soalnya masa login email pakai nomor telepon kata sandi kan nggak lucu Saya nggak suka dengan Tik tok
Pengguna Google,4,2026-05-25 00:40:23,bisa nonton pendek keseruan
Pengguna Google,5,2026-05-25 00:37:01,Aplikasi yg sangat bagus.... selain buat hiburan di sini juga bisa buat belanja dan sebagainya...
Pengguna Google,5,2026-05-25 00:36:17,baguss banget
Pengguna Google,5,2026-05-25 00:34:02,sukaaa bgtt pliccc adaaaa fiturr vn nyaa jugaaa semogaaa tambahhhh berkembang yaa 💞 tp mf bngt yaa kdg sukaa eror tp mungkin ini bukan karena Tik tok nya tp krn hp saya yg kntng
Pengguna Google,5,2026-05-25 00:31:46,lumayan
Pengguna Google,5,2026-05-25 00:28:58,bisa vn
Pengguna Google,5,2026-05-25 00:25:47,"bisa cari tutorial,sama bisa bikin video,kerennn"
Pengguna Google,5,2026-05-25 00:22:05,untuk hiburan waktu suntuk
Pengguna Google,5,2026-05-25 00:21:21,good
Pengguna Google,5,2026-05-25 00:20:58,bagus bagus
Pengguna Google,4,2026-05-25 00:20:10,aplikasi bagus tapi netizen nya g ikut bagus
Pengguna Google,5,2026-05-25 00:05:59,sangat menghibur
Pengguna Google,5,2026-05-25 00:03:21,tiktok sngat menyenangkan pokoknya
Pengguna Google,1,2026-05-24 23:55:20,apalah tik tok ini gw gk salah apa apa di blokir permanen tik tok aneh huhhh knp gk sekalian aja di hapus dari play store
Pengguna Google,5,2026-05-24 23:51:30,Sukak
Pengguna Google,5,2026-05-24 23:48:46,keren
Pengguna Google,3,2026-05-24 23:47:39,tik tok ini buruk
Pengguna Google,3,2026-05-24 23:43:11,"di beberapa perangkat tidak ada terjemahan bahasa,payahhh... tolong diperbaiki."
Pengguna Google,1,2026-05-24 23:41:48,susah dapat tayangan
Pengguna Google,1,2026-05-24 23:34:06,kenapa tiba tiba akun tik tok saya di blokir? padahal saya sudah melebihi 20 tahun
Pengguna Google,5,2026-05-24 23:31:54,kasih vn komentar untuk semua pengguna tiktok. dan sorotan juga
Pengguna Google,1,2026-05-24 23:20:51,sesudah di updet sering eror
Pengguna Google,3,2026-05-24 23:18:35,"Awal main aplikasi ini lancar jaya, tapi makin lama makin kelihatan bugnya, tolong di perbaiki lagi aplikasinya"
Pengguna Google,4,2026-05-24 23:12:11,lumayan
Pengguna Google,5,2026-05-24 23:10:42,Baguass bngtt
Pengguna Google,5,2026-05-24 23:09:13,oke oke
Pengguna Google,1,2026-05-24 23:06:08,iklan judol ilangin blo'on
Pengguna Google,4,2026-05-24 22:59:01,cukup menghibur walaupun dapatnya uang lama sekali
Pengguna Google,5,2026-05-24 22:58:53,GOOD JOB
Pengguna Google,5,2026-05-24 22:58:21,aku suka
Pengguna Google,1,2026-05-24 22:57:49,"woyy developer gimana nih komunitas tiktok memang aneh ,masa ketik sedikit kasar dilarang jadi susah ingin mengirim pesan.TANGGAPAN KALIAN TENTANG KOMUNITAS YG BANYAK ATURAN."
Pengguna Google,1,2026-05-24 22:49:09,aplikasi ini tdk berfungsi di perangkat saya mksdnya apa. kok gk bisa masuk jaringan internet? padahal jaringan sdh bagus
Pengguna Google,2,2026-05-24 22:47:26,"Tolong ini ya, saya kan sudah masuk 16+ kenapa masih ada aja pengecekan ulang mas ya?, sudah beberapa kali saya mengalami ini, pengecekan akun ulang terus, saya ini sudah 16+ mas, saya itu lagi bikin api sama temen saya, udah badan saya lagi sakit sakitan, kerjaan lagi banyak, terus sekarang dimarahin sama temen yang lagi bikin streak sama saya, tolonglah mas/mbak jangan terlalu protektif, kayak Instagram gitu loh, saya itu lagi bikin streak jangan kalian bikin saya jadi stres"
Pengguna Google,5,2026-05-24 22:46:20,bagus dan menghibur
Pengguna Google,5,2026-05-24 22:37:40,tiktok memang mantap hiburan dan teman banyak di tiktok
Pengguna Google,5,2026-05-24 22:34:37,🔥⚡mantap
Pengguna Google,5,2026-05-24 22:24:06,"Tolong,Tangkalkan Fitur khusus Suara ngomong bawaan doang, jangan dihilangin/nekan dadakan bukan dari download punya orang tiba-tiba unsur hak cipta2,edit hasil pure sendiri belum backsound doang ke ganti segala,heran nya setelah berbayar tayangan promosi gak ada niat dari awal,sudah ngerti baca mana commercial mana gak boleh, unsur hak cipta2 gak usah panas2an diri penanggung,kritis dong jawab gak??!"
Pengguna Google,5,2026-05-24 22:22:49,"aplikasi yang bagus, bisa buat ngonten, bisa lihat video dl"
Pengguna Google,5,2026-05-24 22:12:05,baguzzz
Pengguna Google,1,2026-05-24 22:05:16,"tidak bisa terhubung dengan akun Dana saya, bagaimana saya berbelanja transfer langsung? tolong diperbaiki! udah nginstalnya lama."
Pengguna Google,1,2026-05-24 22:02:30,tidak bisa masuk ke tik tok
Pengguna Google,3,2026-05-24 21:49:10,ko tiktok sekarang sering mogok
Pengguna Google,3,2026-05-24 21:18:59,tiktok sangat menyenangkan
Pengguna Google,5,2026-05-24 21:10:37,menakjubkan
Pengguna Google,1,2026-05-24 20:40:01,tolong kembalikan dana saya yng hilang terpotong oleh pihak tiktok
Pengguna Google,1,2026-05-24 20:26:37,tidak bisa di oprasikan/gakbisa dibuka
Pengguna Google,5,2026-05-24 20:17:09,Manatab
Pengguna Google,2,2026-05-24 20:11:09,kenapa aplikasi ini lama mendownload
Pengguna Google,4,2026-05-24 20:04:57,bagus
Pengguna Google,1,2026-05-24 20:03:58,Setelah diupgrade semua fitur tdk bisa di instal
Pengguna Google,5,2026-05-24 20:02:05,sangat cepat
Pengguna Google,5,2026-05-24 19:47:47,keren gak bisa vn🗿
Pengguna Google,5,2026-05-24 19:43:32,happy
Pengguna Google,5,2026-05-24 19:40:49,cukup membantu
Pengguna Google,5,2026-05-24 19:39:08,Biar seru
Pengguna Google,1,2026-05-24 19:37:25,gak bisa buat akun
Pengguna Google,5,2026-05-24 19:36:43,seru polll
Pengguna Google,3,2026-05-24 19:33:25,"sangat senang sangat puas,permintaan dari saya mohon tolong permudah kan aplikasi nya supaya di saat menggunakan nya terasa ringan tidak heng atau sendat sendat saya meminta tolong ringan kan yang ada di aplikasi saya yang berat dan yang tidak berguna tolong permudahkan saya untuk memakai nya aka terasa enak untuk di gunakan 🙏🏻"
Pengguna Google,5,2026-05-24 19:26:05,memuaskan
Pengguna Google,5,2026-05-24 19:24:13,baguss
Pengguna Google,5,2026-05-24 19:18:10,tiktok kasih aku VN plisss
Pengguna Google,4,2026-05-24 19:17:50,titik saya sering ngelek
Pengguna Google,5,2026-05-24 19:16:37,ko lelet sih
Pengguna Google,5,2026-05-24 19:05:29,baru bermain tiktok
Pengguna Google,1,2026-05-24 19:03:41,kenapa mulung dipersulit tiktok
Pengguna Google,1,2026-05-24 19:01:35,aplikasi banyak masalah
Pengguna Google,5,2026-05-24 18:57:35,"Baguss bangett app nyaa 🩵🩵 Tapi saran ajaa.. Jangan pelit dong, minimal semua video ku di fyp in ke seluruh dunia 🤭"
Pengguna Google,1,2026-05-24 18:54:00,"bug anjir, mau post story ngestuck di 99%"
Pengguna Google,1,2026-05-24 18:53:23,"tiktok skrg ga seperti dulu,ga bisa masuk atau login.. dan di download pun susah.. tolong di perbaiki lagi."
Pengguna Google,5,2026-05-24 18:50:18,sanggar memuaskan ok
Pengguna Google,5,2026-05-24 18:47:47,"belajar bersosial media biar gak baperan parah.. Alhamdulillah bisa brusaha ,trus bonusnya bisa dapat cuan... alhmdulillah"
Pengguna Google,1,2026-05-24 18:06:17,"sumpahhhj kesell banget masa video di draf ga bisa kebuka, katanya ada kesalahan teknis dan ga bisa dibuka benci banget, tolong diperbaikin dong drafnya masa begitu!!!!"
Pengguna Google,5,2026-05-24 18:00:13,bagus
Pengguna Google,5,2026-05-24 17:58:39,"mantap,,,,, 👍👍👍"
Pengguna Google,5,2026-05-24 17:49:35,love tiktok
Pengguna Google,5,2026-05-24 17:48:36,aplikasi ini sangat membantu....
Pengguna Google,2,2026-05-24 17:43:13,"ini apk apaan pilih kasih banget ke hp ram kecil lag nya minta ampun kalo hp ram gede aja lancar padahal mah sama"" hp"
Pengguna Google,5,2026-05-24 17:41:09,"bagus buat menghibur,atau buat di waktu senggang lagi bosen atau gabut,bisa juga dapet konten yang bermanfaat tapi saya harap tiktok jangan menyerupai instagram"
Pengguna Google,5,2026-05-24 17:40:48,👍👍👍👍
Pengguna Google,1,2026-05-24 17:36:39,Ribet tidak seperti dulu
Pengguna Google,1,2026-05-24 17:29:27,giliran sopan di pelanggan tapi banyak tuh konten kreator yang ga sopan bahkan berkata kasar tp aman aman aja
Pengguna Google,1,2026-05-24 17:29:19,patah patah gak bsa di buka
Pengguna Google,5,2026-05-24 17:26:32,alhamdulillah terimakasih
Pengguna Google,1,2026-05-24 17:24:42,"mohon maaf sebelumnya kenapa yah tiktok sekarang sekarang ini kurang baik kadang ngeleg,dan tiktok nya suka eror sendiri mohon perhatiannya"
Pengguna Google,5,2026-05-24 17:15:30,keren
Pengguna Google,3,2026-05-24 17:15:13,Tolong fiture stiker tuh dihilangkan aja deh soalnya banyak yang kirim stiker jorok dan 18+
Pengguna Google,1,2026-05-24 17:14:16,"ga jelas banget tiba tiba fitur vidio offline gada sebelumnya ada,padahal fitur berguna kalo ga ada kuota gajelas"
Pengguna Google,5,2026-05-24 17:13:23,bagus
Pengguna Google,5,2026-05-24 17:13:02,sya suka apk ini
Pengguna Google,4,2026-05-24 17:10:49,"kenapa ya fyp tik tok aku tu bukan yang terbaru tapi yang lama keluarnya , dan pas aku post vd gak ada yang nonton sama sekali"
Pengguna Google,1,2026-05-24 17:07:56,nge laq kali aplikasi mu tik tok. download aja lama x kau tik tok
Pengguna Google,1,2026-05-24 17:07:32,"pas buat api gd chatnya, bt hmph"
Pengguna Google,4,2026-05-24 17:07:25,"kenapa sih sering ngeleg' bgt? sampe kadang keluar sendiri gt, sebel deh...."
Pengguna Google,4,2026-05-24 17:06:26,bagus
Pengguna Google,5,2026-05-24 17:01:10,baik
Pengguna Google,5,2026-05-24 16:59:54,sangat berguna
Pengguna Google,4,2026-05-24 16:59:42,"tolong hilangkan ""anda mengetuk terlalu cepat. beristirahatlah"" itu mengganggu kenyamanan saya sebagai pengguna. itu membuat saya tidak leluasa menggunakannya,membuat saya bad mood"
Pengguna Google,4,2026-05-24 16:58:04,menurut saya tiktok seru dan berguna untuk para penjual online tapi terkadang ada masalah seperti anak 5-7 th sudah main tiktok tapi tau kan tiktok kebanyakan orang yang ada di tiktok gimana takut nya dapat pengaruh buruk dan terkadang tiktok sering bug seperti suara jadi hilang ataupun menjadi dua gitu jadi ku beri nilai 4 solusi 1.kasih batasan untuk anak 5-7th seperti batasan untuk menonton tiktok dan seharusnya video yang di bawah 5-7th gk boleh di nonton 2.benerin bug nya muak aku
Pengguna Google,1,2026-05-24 16:57:47,maaf knph Kok tiktok shop susah buat blanja .. tidak ada Shop nya .
Pengguna Google,4,2026-05-24 16:57:39,good 👍🏻
Pengguna Google,5,2026-05-24 16:57:35,sangat baguss
Pengguna Google,5,2026-05-24 16:57:31,mau pasang aja susah banget
Pengguna Google,4,2026-05-24 16:48:35,"bagus bangett saya sangat suka karenaa kita bisa banyak menonton berbagai video short random gitu, tapi yg saya kurang suka karena fitur video offline nya hilang dan tidak ada, saya mohon agar fitur video offline di kembali kan"
Pengguna Google,5,2026-05-24 16:46:35,ok
Pengguna Google,2,2026-05-24 16:41:42,semenjak update sering mengalami bug tolong di tingkatkan lagi...
Pengguna Google,1,2026-05-24 16:41:31,iklannya banyak sekali sangat mengganggu
Pengguna Google,5,2026-05-24 16:34:42,woi tik tok coba Adain fitur hapus pesan di tik tok shop nya. aku salah kirim pesan jadi mental ku agak was was nih
Pengguna Google,5,2026-05-24 16:34:26,ok
Pengguna Google,5,2026-05-24 16:34:21,Bagus
Pengguna Google,5,2026-05-24 16:32:17,baguss
Pengguna Google,4,2026-05-24 16:29:05,"tolong di bantu dong, saya kan bikin konten, terus ada yang komen waktu saya balas komen nya, komentar balasan saya tidak masuk ke orang yang saya balas komentar nya, sudah saya cek ke teman saya mereka bilang memang tidak masuk balasan komentar nya, sudah berusaha cari bantuan di pusat bantuan tiktok tidak ada hasilnya, tolong dong di bantu pihak tiktok,,,"
Pengguna Google,1,2026-05-24 16:25:18,saya tidak bisa update tiktok versi terbaru jadi tidak bisa live
Pengguna Google,5,2026-05-24 16:23:45,bgus
Pengguna Google,5,2026-05-24 16:21:34,pas banget
Pengguna Google,1,2026-05-24 16:17:01,Saya kecewa dengan aplikasi ini. Akun saya terus terkena pelanggaran dan pembatasan padahal saya merasa tidak melakukan kesalahan apa pun. Sistem moderasi terasa tidak jelas dan proses banding kurang membantu. Saya berharap pihak TikTok memperbaiki peninjauan pelanggaran agar lebih adil dan tidak merugikan pengguna yang tidak bersalah.
Pengguna Google,1,2026-05-24 16:16:11,"tolong tiktok knp akun akun tiktok saya di tangguhkan padahal dulu nggak kayak gini,tolong tiktok balikan seperti semula,udah berkali kali saya ganti akun tetap juga sama akun anda di blokir selama nya,dan di tangguhkan"
Pengguna Google,2,2026-05-24 16:10:53,tidak bisa foto live mohon di perbaiki
Pengguna Google,3,2026-05-24 16:06:20,cocok untuk menghibur
Pengguna Google,2,2026-05-24 16:05:34,menjadi gelek sekali tiktok
Pengguna Google,5,2026-05-24 16:04:19,bagus
Pengguna Google,5,2026-05-24 16:03:48,sangar terhibur nonton drama
Pengguna Google,5,2026-05-24 16:02:28,"sukaaa bangettttt sama apk nya,fitur'nyaaa,tapi plisss keluarin tiktok khusus perempuaaan🥹🥹❤️❤️"
Pengguna Google,5,2026-05-24 16:02:19,"bagus bgt tiktok na keyan cekali,tapi pa boye tiktok punya vitur call/vc,kalo boye tambahin ia tiktok cayangcu?"
Pengguna Google,3,2026-05-24 16:02:00,ko habis di update malah keluar keluar sendiri sihh
Pengguna Google,1,2026-05-24 15:58:31,"apknya bagus tapi syg tiap nglaporin konten atau komen yg sarkas ga pernah di apus sm pihak tiktok beberapa kali ngelaporin live yg isi livenya desah desahan tp status laporan ""tidak ada pelanggaran"" pernah laporin komen yg ngeledek agama pun sama status nya selalu ""tidak ada pelanggaran"" jadi buat apa ada fitur ""laporkan"" kalo semua muanya statusnya tidak ada pelanggaran!!!! sangat di sayangkan tolong di perbaiki ya min"
Pengguna Google,5,2026-05-24 15:55:47,"baguss cocok buat mukbang, scroll banyak lahh"
Pengguna Google,5,2026-05-24 15:52:40,bagus bgt.
Pengguna Google,1,2026-05-24 15:49:15,kenapa tiktonya tidak bisa dibuka😡😡😡😡tolong diperbaiki aplikasi nya ini tidak membuat ku nyaman
Pengguna Google,2,2026-05-24 15:48:59,fitur editnya ngebug mulu
Pengguna Google,5,2026-05-24 15:46:51,bgus tapi d aku ga terbaru
Pengguna Google,1,2026-05-24 15:45:50,aku tiba tiba akun nya ke blokir padahal aku gak bikin apa apa
Pengguna Google,5,2026-05-24 15:45:31,di kasii bintang 5 soal nyh sama kayak persib bintang 5
Pengguna Google,1,2026-05-24 15:43:43,ngelek ke hp
Pengguna Google,1,2026-05-24 15:42:57,"dikit "" update dikit update tolong pihak tiktok ini gimana menggangu aja dan tiktok sudah tidak bagus lgi ngk kaya dulu!"
Pengguna Google,5,2026-05-24 15:40:28,sangat baik jadi tolong jangan ada lag
Pengguna Google,1,2026-05-24 15:40:22,Aku rasakan saat ini kayak gini nih mau pesan apa
Pengguna Google,5,2026-05-24 15:39:52,bagus banget
Pengguna Google,5,2026-05-24 15:36:29,mantap
Pengguna Google,5,2026-05-24 15:35:14,Saya baru coba aplikasi Tik tok
Pengguna Google,5,2026-05-24 15:32:31,smoga tambah Good ok
Pengguna Google,5,2026-05-24 15:29:38,ini bagus untuk kepentingan
Pengguna Google,3,2026-05-24 15:28:55,kenapa apk nya gak bisa dibuka padahal sinyal bagus kok ada catatan jaringan tidak stabil aneh nihh
Pengguna Google,5,2026-05-24 15:28:51,semoga lebih bagus titoknya
Pengguna Google,5,2026-05-24 15:28:22,bagus aplikasi nya saya kasih 5 Bintang langsung
Pengguna Google,1,2026-05-24 15:27:35,"saya pengguna aktif tiktok dan pengguna aktif tiktok shop, saya sangat amat sering berbelanja menggunakan paylatter, dan saat ini saya sangat kecewa karena tidak bisa menggunakan metode pembayaran menggunakan paylatter saya, padahal saya aktif berbelanja dan tidak pernah lewat dari tempo. saya pedagang online dimana usaha saya akan terhambat oleh karena ini. mohon pihak Tiktok untuk menanggapi ini"
Pengguna Google,3,2026-05-24 15:27:16,mantap Loooo
Pengguna Google,2,2026-05-24 15:26:56,makin kesini makin burik ni tiktok ngk ada notifikasi orang komen di video gue terus gue bales komen orang lain ngk muncul di orang lainnya
Pengguna Google,5,2026-05-24 15:25:34,sangat bermanfaat
Pengguna Google,1,2026-05-24 15:24:11,"masaa cuma bilang kelas 5 di ngaji dikira dibawah umur yang padahal kelas 5 di ngaji aja Uda ada KTP ,apa lah sensitif Banget,mana api udaa 120"
Pengguna Google,5,2026-05-24 15:23:46,saya aneh cara mengatasi akun tiktok di tangguhkan
Pengguna Google,2,2026-05-24 15:15:22,makin eror semenjak di update gatau lagi aplikasi ini ampunn:(
Pengguna Google,5,2026-05-24 15:08:12,bagus
Pengguna Google,5,2026-05-24 15:07:02,stoknya udah rusak tik tok udah rusak atuh benerin lah Tik tok nya
Pengguna Google,3,2026-05-24 15:05:33,mau tanya aku download applk tiktok kok toko shopnya gak muncul itu gmna cara ngatasinnya gmna min plisss
Pengguna Google,5,2026-05-24 15:05:13,sangat bagusss
Pengguna Google,5,2026-05-24 15:03:51,"aplikasinya bagus,.tapi saya ga bisa masuk aplikasi,.ga bisa reset kata sandi..terlalu sering kunjungan katanya,.bingung"
Pengguna Google,2,2026-05-24 15:01:04,tidak bisa live
Pengguna Google,5,2026-05-24 15:00:55,dengan apk ini aku bisa ctingan SMA pacar akuu my bubub cintaa mra
Pengguna Google,3,2026-05-24 14:58:27,bug nya tolong di hapus saya sudah 10 kali hapus dan instal lagi
Pengguna Google,1,2026-05-24 14:57:38,"aplikasi nya rusak harusnya fitur stiker dan foto di komentar jangan di rilis, jadi banyak stiker dan foto tidak senonoh di tiktok, padahal bukan cuma orang dewasa yang menggunakan aplikasi ini. tolong di perbaiki lagi"
Pengguna Google,5,2026-05-24 14:55:46,sangat seru dan menarik setiap saat
Pengguna Google,3,2026-05-24 14:55:20,bagus ya bisa menghibur tapi tolong kasih fitur menemukan akun tiktok orang terdekat 🙏🏻🙏🏻🙏🏻🙏🏻
Pengguna Google,5,2026-05-24 14:54:29,Kurang yang dari tik tok itu udah bagus👍
Pengguna Google,1,2026-05-24 14:48:48,tolong ditingkatkan lagi performanya. tiktok yang sekarang lemot. tiktok tidak merespon maksudnya gimana?
Pengguna Google,1,2026-05-24 14:48:29,trafik menurun drastis
Pengguna Google,5,2026-05-24 14:48:02,Bantu saya agar banyk yg like vidio saya saya mohon
Pengguna Google,1,2026-05-24 14:46:30,24 mei tiktok nya ngelag gak bisa chatan ama my lope🥹💔
Pengguna Google,1,2026-05-24 14:44:17,tiktok sekarang gajelas gabisa kirim sticker lgi ga kayak dlu malas bet jdi ny liat tiktok gada sticker lucu lgi
Pengguna Google,3,2026-05-24 14:43:41,"j*l*k bngt suda di updt tapi situsnya Masi gak sama:) suka kezel kalau ada yang firal tapi di akun sendiri ga ada🙄ayodong mind. nih ulasan gua yang baru, meski fiturnya gasama kalau lagi ada event* tapi toktok gacor buat cari cuan sehari seribu dong mayanlaaa"
Pengguna Google,1,2026-05-24 14:43:15,"semakin di update, semakin rusak, ai nya juga dikasih pertanyaan apa yang dijawab apa, pokonya bagusan tiktok yang dulu daripada yang sekarang! dan sekarang akun saya ke blokir selamanya tanpa alasan yang jelas, katanya ke blokir karena alasan ""melanggar aturan komunitas kami"" tapi saya hanya bermain tiktok cuman untuk scroll² aja, tolong segera perbaiki bug ini dan kembalikan akun tiktok saya!"
Pengguna Google,5,2026-05-24 14:42:48,"aplikasi ini sangat berguna dan membantu, saya sangat berterimakasih kepada orang yang telah membuat aplikasi ini"
Pengguna Google,1,2026-05-24 14:39:57,tiktok sarana tempat membuang2 waktu dan ajang pamer kedunguan...
Pengguna Google,4,2026-05-24 14:38:45,"help banget inimah kalo bisaa apusin tuh notip ituuu yang kalo abiss Sharee trus muncull profil nyaa ,kalo bisa ilangin deh makasi🫸🏼"
Pengguna Google,1,2026-05-24 14:37:39,lagi scrol tiba tiba layar nya item harus di scrol lagi biar GK item layarnya
Pengguna Google,5,2026-05-24 14:37:30,tapi akun sy di blokir selamanya gak kok bisa di blokir sy gak ada ngapa ngapain padahall
Pengguna Google,3,2026-05-24 14:37:27,ini knpaa kok tiktokshop nya ilang mind😭
Pengguna Google,2,2026-05-24 14:36:35,eyy kanapa saya live kena pl terus padahal saya umur 18th
Pengguna Google,2,2026-05-24 14:36:16,"kenapa saat saya mau tambah akun muncul tulisa :maaf anda tidak memenuhi persyarata""maksud nya apa padahal sata sudah mengirimkan kode verivikasi,padahal saya sudah ber umur 12 tahun keatas,mohon untuk tiktom di perbaiki ya"
Pengguna Google,1,2026-05-24 14:35:39,"fiturnya makin burik ga ramah sama semua orang masa buka bentar langsung lag muncul notif tidak menanggapi,tolong di perbaiki yaa"
Pengguna Google,5,2026-05-24 14:33:38,baguss bangett
Pengguna Google,1,2026-05-24 14:32:56,gak bisa vn
Pengguna Google,5,2026-05-24 14:30:49,mantap penuh hiburan
Pengguna Google,1,2026-05-24 14:25:18,"GW BLM BSA FOTO LIVE, FITUR VN KOMEN, + FITUR SOROTAN!!!"
Pengguna Google,5,2026-05-24 14:24:04,"singkat padat seru,kalo gaada ni aplikasi ga seru bagaikan ikan asin tapi ga asin"
Pengguna Google,1,2026-05-24 14:22:26,buruk nengok tiktok membal keluar jadi aku beri rat bintang 1
Pengguna Google,4,2026-05-24 14:21:43,"bintang 4 solny vitur vn, sorotan, vc belum ada fi sebagian orang"
Pengguna Google,1,2026-05-24 14:20:42,jelek
Pengguna Google,5,2026-05-24 14:20:16,Postingan penjualan akurat amanah Musik bagus. Mengetahui kegiatan teman
Pengguna Google,5,2026-05-24 14:17:52,suka
Pengguna Google,5,2026-05-24 14:17:44,klo hp kentang tidak di saranin sihh nanti keluar sediri karena ram tidak sesuai standar tik tok
Pengguna Google,2,2026-05-24 14:17:34,aplikasi gak jelas makin lemot
Pengguna Google,1,2026-05-24 14:15:54,untuk di install lumayan lama
Pengguna Google,5,2026-05-24 14:15:51,ini bagus banget 👍 aplikasi ya
Pengguna Google,5,2026-05-24 14:15:34,👍💯%
Pengguna Google,5,2026-05-24 14:15:24,bagusssssssssss
Pengguna Google,5,2026-05-24 14:15:00,OK
Pengguna Google,5,2026-05-24 14:13:13,bagus
Pengguna Google,4,2026-05-24 14:12:06,Halo tiktok! Saya sangat menyukai aplikasi ini! Tapi saya ingin memberikan saran! Bolehkah tambahkan fitur seperti menghapus semua postingan ulang? Menghapus semua like? Dan menghapus semua simpan. Soalnya saya sudah kewalahan menghapus semua itu dan mungkin pengguna lain di tiktok merasakannya? saya hanya ingin memberikan saran! Semoga dengan ulasan ini bisa menambahkan fitur seperti itu! Terimakasih!❤
Pengguna Google,5,2026-05-24 14:12:03,apk ini bagus menghibur saat bosan dan ada juga yang nama nya tiktok shop murah dan berkualitas
Pengguna Google,2,2026-05-24 14:10:10,tiktok sekarang semakin hari semakin sensitif akun lebih mudah kenda banded
Pengguna Google,1,2026-05-24 14:09:54,boleh jelaskan kenapa Tik tok error tiba-tiba kebali sediri tida tau apa penyebab yah
Pengguna Google,4,2026-05-24 14:09:38,belum ada sorotan nya
Pengguna Google,5,2026-05-24 14:08:14,bagus aplikasi nya
Pengguna Google,1,2026-05-24 14:03:25,semenjak ada setiker komen orang gak jelas semua aneh
Pengguna Google,5,2026-05-24 14:02:57,"sya suka dengan Aplikasi Ini,karena aplikasi ini sangat berguna(bermanfaat)dan juga bisa berbelanja Seperti Shope Jika penuh ruangan download Saja Tiktok karena disana byk sekali yang bermanfaat seperti belanja online,melihat vidio itu juga dapat(menghibur)saya kasih lima bintang untuk aplikasi ini.D,bestt👍🏻👍🏻"
Pengguna Google,5,2026-05-24 14:02:06,aplikasi ini mudah digunakan dan dinavigasi? tiktok maaf ini ada beberapa maaf sadar
Pengguna Google,3,2026-05-24 14:01:02,jika lama digunakan aplikasi nya ngeleg
Pengguna Google,5,2026-05-24 14:00:55,"untuk aplikasi tiktok ini bagus kok, kita bisa tau banyak berita dan ngasih vidio"" yng menarik juga"
Pengguna Google,1,2026-05-24 13:59:45,tolong perbaiki kenapa saya tidak bisa live padhal umur sya sudah 22
Pengguna Google,1,2026-05-24 13:59:38,akun saya dah 5 ke blokir
Pengguna Google,5,2026-05-24 13:57:59,good
Pengguna Google,5,2026-05-24 13:56:23,Menyenangkan dan menghibur hati..l
Pengguna Google,3,2026-05-24 13:56:19,kenapa sih yang lain dapet potongan harga kok punya ku kagak sih plisss jawab dong bantu
Pengguna Google,3,2026-05-24 13:56:13,saat di instal lama banget
Pengguna Google,1,2026-05-24 13:54:17,ini husus buat hp bagus ya ko hp kentang aku gk bisa di instal ya
Pengguna Google,5,2026-05-24 13:53:30,"Sukak bangett , suka lag tapi mungkin itu karna hp ku aja yang kebanyakan apk , pokok nyaa sukaa bangett , bisa liat FURAB 💜 eak"
Pengguna Google,5,2026-05-24 13:51:18,sangat puas
Pengguna Google,4,2026-05-24 13:50:52,enak sih tapi pas menginstal nya lama
Pengguna Google,5,2026-05-24 13:49:48,mantappp bangetttt💙💙
Pengguna Google,5,2026-05-24 13:46:50,aku suka dan terhibur
Pengguna Google,1,2026-05-24 13:46:40,"Video editornya busuk! Lama ngedit, pas diupload item doang"
Pengguna Google,5,2026-05-24 13:46:17,hiburan lucu untuk orang dewasa
Pengguna Google,1,2026-05-24 13:45:55,ok
Pengguna Google,5,2026-05-24 13:45:05,bagus banget buat cari temen
Pengguna Google,4,2026-05-24 13:43:30,sangat senang dan menyenangkan live di TikTok karna cepat dan ngk ngelek
Pengguna Google,5,2026-05-24 13:43:13,Top lah
Pengguna Google,5,2026-05-24 13:42:33,mantp
Pengguna Google,5,2026-05-24 13:40:16,"apk ini betul²menghibur gw banget brei ,trus dengan cuma nonton tktk ajah dapat Cuan😘wah mantap pokok nya Makasih banyak KLO bisa tambah fitur²yg baik lgi babay"
Pengguna Google,1,2026-05-24 13:39:29,knp saya tidak bisa mengirim vidio ke orang² tapi kalo ke grup bisa
Pengguna Google,4,2026-05-24 13:39:28,biasa
Pengguna Google,1,2026-05-24 13:39:02,Tiktok semakin kesini makin parah dan selalu minta di perbaharui.... Tiktok payaaah
Pengguna Google,5,2026-05-24 13:36:02,bagus tapi mengubah tanggal lahir di tiktok nya susah
Pengguna Google,5,2026-05-24 13:35:29,sangat bagus
Pengguna Google,5,2026-05-24 13:34:55,seru
Pengguna Google,5,2026-05-24 13:34:46,sangat seru
Pengguna Google,3,2026-05-24 13:34:21,banyak banget Update nyah..
Pengguna Google,1,2026-05-24 13:33:51,aplikasi sering bug saya yg lagi scroll video yg di sukai untuk nostalgia malah sering bug dan balik ke halaman utama lagi padahal mau nostalgia video yg dlu di sukai
Pengguna Google,1,2026-05-24 13:32:55,aplikasi TOLOL
Pengguna Google,1,2026-05-24 13:32:22,ONGKIR MAHALLL
Pengguna Google,5,2026-05-24 13:32:05,bagus banget
Pengguna Google,5,2026-05-24 13:31:07,bagus
Pengguna Google,5,2026-05-24 13:30:36,Bagus cari teman dan bisa berkeasi
Pengguna Google,5,2026-05-24 13:30:34,bagus
Pengguna Google,5,2026-05-24 13:28:06,sikat abis
Pengguna Google,1,2026-05-24 13:26:15,gak punya fitur video offline
Pengguna Google,4,2026-05-24 13:23:23,"lumayan lah, tapi kayanya tiktok sirik deh, masa setiap gua foto terus hasilnya bagus fotonya malah cuma jadi layar item???"
Pengguna Google,1,2026-05-24 13:23:06,"aplikasi taik, makin di perbarui makin GK bisa di buka"
Pengguna Google,3,2026-05-24 13:22:22,mengapah tidak bisa mengirim kan saya kodenya ❓🤔
Pengguna Google,5,2026-05-24 13:21:27,mohonn di turun kan lagi menjadi 120 mb saja agar hp yng kapasitan ram nya kecil.bisa menikmati layanan tiktok tersebut memang ada tiktok lite namun tidak sama seperti tiktok asli yang banyak fitur yang bisa digunakan tidak seperti tiktok lite yang fitur nya terbatas mohon developer menindak lanjutin nya terimakasij
Pengguna Google,5,2026-05-24 13:20:50,"Bagus, bgttt"
Pengguna Google,2,2026-05-24 13:19:55,sering lemot
Pengguna Google,1,2026-05-24 13:19:11,"kenapa selesai saya mendownload aplikasi, aplikasinya tidak bisa di buka"
Pengguna Google,1,2026-05-24 13:18:16,suka keluar sendiri
Pengguna Google,5,2026-05-24 13:17:19,sukaa bangett ihhhh
Pengguna Google,5,2026-05-24 13:15:58,Terima kasih
Pengguna Google,5,2026-05-24 13:15:51,"tolong untuk tim tiktok untuk memperbaiki bug tidak bisa mengganti foto profil,saya sudah 2 minggu tidak bisa ganti foto profil,setiap saya sudah memilih foto dan memencet simpan muncul tulisan ""coba lagi"" dan sudah berkali-kali Dimohon segera diperbaiki terimakasih"
Pengguna Google,1,2026-05-24 13:13:50,sistem shop nya ribet kalau dibatalin toko refundnya tambah ribet
Pengguna Google,1,2026-05-24 13:13:43,benar-benar buruk ngelag terus gak bisa nonton pokoknya benar-benar hancur setiap mau nonton pasti ngelag 😡
Pengguna Google,5,2026-05-24 13:10:34,baguss coyy
Pengguna Google,1,2026-05-24 13:09:19,"top up koin malah gak masuk,penipuan"
Pengguna Google,5,2026-05-24 13:06:47,kenapa tiktok shoop di tiktok gw hilang trus gimana nanti bocil bocil beli
Pengguna Google,5,2026-05-24 13:05:25,bagus
Pengguna Google,5,2026-05-24 13:05:03,bagus
Pengguna Google,5,2026-05-24 13:04:23,i like
Pengguna Google,3,2026-05-24 12:59:55,mana ini pengembalian dana gwa kok belum masuk ke rekening...tiktok sat
Pengguna Google,5,2026-05-24 12:58:30,tiktok sangat menyenangkan
Pengguna Google,4,2026-05-24 12:57:52,terlalu banyak batasan
Pengguna Google,3,2026-05-24 12:57:42,"aneh bgt ni apk, msa setiap kali tmen ku bikin story selalu gaada di aku, pdhal dia gaada prvt atau block aku. jadi tolong ya tiktok di. perbaiki🙏"
Pengguna Google,3,2026-05-24 12:53:35,"sebenarnya tiktok bagus, cuma lama kelamaan jdi eror, buka tiktok aja keluar lagi, MOHON DIPERBAIKI 🙏🏼"
Pengguna Google,3,2026-05-24 12:53:23,"sekatn tee instal apk nikn lelahk ngantehhh gamakkn, arakan tee antehh mbg"
Pengguna Google,5,2026-05-24 12:53:10,bagus ko tapi harus buat akun
Pengguna Google,1,2026-05-24 12:52:43,"akun suka ke blok tiba"""
Pengguna Google,5,2026-05-24 12:52:21,bukanya agak berat
Pengguna Google,1,2026-05-24 12:51:00,Knp saya tidak bisa mendonwload aplikasi tiktok!?
Pengguna Google,1,2026-05-24 12:50:12,Karena ada hal tidak wajar di tik tok saya
Pengguna Google,1,2026-05-24 12:49:40,HALO TIKTOK APLIKASINYA BAGUS TAPI SAYA TIDAK BISA DM
Pengguna Google,1,2026-05-24 12:48:36,bikin brainrot
Pengguna Google,1,2026-05-24 12:40:27,"jelek bgt update nya, chat nya kayak Ig, trus vitur kamera nya hilang, profil nya jadi besar, saran saya kembalikan seperti semula kayak yg lama"
Pengguna Google,1,2026-05-24 12:40:12,gak ada toko
Pengguna Google,1,2026-05-24 12:36:55,"kacau, tiktok bikin kecewa, masa kita yang di tipu, kita juga yang di blokir gabisa ngirim atau nerima pesan. parah."
Pengguna Google,1,2026-05-24 12:35:25,tolong tambahkan fitur untuk menyimpan foto dari dm. Dari pengirim
Pengguna Google,1,2026-05-24 12:34:50,tiktok butut
Pengguna Google,5,2026-05-24 12:34:04,tiktok adain fitur privasi story dong pliss semoga di baca deh
Pengguna Google,5,2026-05-24 12:32:31,tiktok ga pernah ga bagussss
Pengguna Google,1,2026-05-24 12:28:12,crash terus!
Pengguna Google,5,2026-05-24 12:25:41,"ni apk bagus banget bisa ngesusaian perasaan aku, suka babgwt sama apk ini lop lop deh, terus mudah juga di pake nya walaupun kadang tu ketagihan scroll yh sampe lupa waktu tapi itu cara aku ngelupain kesedihan ku makasih yah tik tok lopyu, aku kasih bintang 5 💗🥰"
Pengguna Google,5,2026-05-24 12:25:17,"kenapa si tiktok makin di upgrade makin ngelag parah,mana draft nya suka hilang sendiri ga muncul²lagi,tolong di perbaiki lagi ya tiktok"
Pengguna Google,3,2026-05-24 12:24:52,kadang suka ngelag atau live tiba² terpencet aku kurang suka dengan aplikasi ini
Pengguna Google,5,2026-05-24 12:23:25,bagus
Pengguna Google,5,2026-05-24 12:23:16,mantapp
Pengguna Google,5,2026-05-24 12:23:02,"Apk yg bagus dan sangat membantu, Sukses s'llu Tiktok 🙏🙏😇😇"
Pengguna Google,5,2026-05-24 12:22:14,bagus banget tpi gk ada vn
Pengguna Google,2,2026-05-24 12:21:45,bagus tapi tolong hilangkan bug seperti kelas 6 jadi gak bisa chat dan lain sebagainya seperti sistem error dan tidak bisa digunakan
Pengguna Google,5,2026-05-24 12:21:34,tolong kalau bisa buat fitur hapus komen semua jangan di pilih satu satu ribet semoga admin tiktok dengar
Pengguna Google,1,2026-05-24 12:20:22,"Update terbaru, bug terbaru. Tiba² aja akun gw ke banned, padahal nggak ngelanggar apapun. Ini tiktok abis nyawit apa yak..? Akun gw udah 300 Followers sejak tahun 2023 mendadak ilang gitu aja, padahal banyak banget kenangannya..."
Pengguna Google,5,2026-05-24 12:18:27,kalo gua posting vidio harus rame terus
Pengguna Google,4,2026-05-24 12:15:09,sangat suka sekali
Pengguna Google,3,2026-05-24 12:12:37,"suka sih tapi....kenapa ya tik tok tuh update mulu jadi memo aku juga gampang penuh karna tik tok,ditambah lagi kalo masuk tik tok suka tiba tiba keluar sendiri,padahal lagi asik scrolling tik tok😔😔"
Pengguna Google,5,2026-05-24 12:10:55,"sukaa bangett sumpaaa, tapi kadang lagg, but its okayy, masih tipis kok lag nyaa, trs jugaa kalo update acc nya ga ilangg, enak banget, tapi malah bikin 2 jam scroll teruss, huhuu, sampai mata ku minus, tapi ini salah ku sih, tapi pokoknya bagusss, i love tiktok!"
Pengguna Google,3,2026-05-24 12:07:00,"tiktok saya tidak bisa liat story teman saya padahal teman saya tidak privat,di akun ke 2 saya bisa liat tapi di akun pertama tidak gimana ini"
Pengguna Google,5,2026-05-24 12:06:26,bagus bngt bisa liat orang bucin
Pengguna Google,5,2026-05-24 12:05:33,"kok saya ga bisa ganti photo profil ya coba lagi Mulu, saya sudah ganti akun tetap ga bisa"
Pengguna Google,2,2026-05-24 12:04:23,kok saya gak bisa kirim stiker ya? tolong dong perbaiki
Pengguna Google,1,2026-05-24 12:03:47,"GAMPANG NGELAG PDHL GA ADA YG BERMASALAH. JANGAN MUNCULIN GHUFRON SESAT ITU DI BERANDA GUE WOI, NYAMPAH BGT BIKIN IQ TURUN"
Pengguna Google,4,2026-05-24 12:02:48,tapi knapa baru download udah langsung bug lelet pdhl penyimpanan masih banyak
Pengguna Google,1,2026-05-24 12:02:44,TOLONG DONG KENAPA TIKTOK SAYA NGEBUG MULU KELUAR MULUUUU ???
Pengguna Google,5,2026-05-24 12:01:41,aku suka banget sama ini aplikasi 🥺🥺
Pengguna Google,3,2026-05-24 11:58:26,ngebug stuck logo anjing
Pengguna Google,1,2026-05-24 11:57:01,"tiktok nya beratt bnget, suka close sendiri"
Pengguna Google,3,2026-05-24 11:55:45,aplikasi ini cukup keren
Pengguna Google,5,2026-05-24 11:54:30,aku mau leve malah ke hapus😂
Pengguna Google,1,2026-05-24 11:54:16,"hallo tim tiktok kenapa nggak bisa buat akun pakai Gmail, udah pakai Gmail harus pakai nomor telepon juga ribet pokoknya mohon kerjasamanya apa ada solusi apa sudah nggak boleh jadi pengguna tiktok.terimakasih"
Pengguna Google,5,2026-05-24 11:54:02,bagus
Pengguna Google,1,2026-05-24 11:51:11,"tidak bisa membuka ikon yang lain hanya bisa untuk buka beranda, teman, dan profil"
Pengguna Google,5,2026-05-24 11:51:09,menyenangkan
Pengguna Google,5,2026-05-24 11:49:57,sangat menghibur
Pengguna Google,3,2026-05-24 11:49:44,"bagus si, tapi kok di aku ga ada toko ya? padahal update terus lohh"
Pengguna Google,5,2026-05-24 11:48:51,menarik aja
Pengguna Google,5,2026-05-24 11:47:53,gimana cara live
Pengguna Google,5,2026-05-24 11:46:54,bagus
Pengguna Google,2,2026-05-24 11:46:37,"suka sma apk ini,cuma gk dukung hp yg memo nya dikit"
Pengguna Google,1,2026-05-24 11:44:52,tidak bisa mengirim stiker dan foto
Pengguna Google,5,2026-05-24 11:44:37,Josss gandos 👍
Pengguna Google,5,2026-05-24 11:43:09,terkadang ada akun yang tidak bisa mengaktifkan sorotan
Pengguna Google,5,2026-05-24 11:41:51,Yakin
Pengguna Google,2,2026-05-24 11:41:45,"sama aja sih udah update tapi bagian mengikuti nya juga kagak perbaikan arhhh, kek gimana aku mau baca au anime dan K-pop mau juga scroll. tolong lah jangan batasin bagian mengikuti nya gimana mau aku reting 5 star kek gini caranya 😡🏃‍♀️💔"
Pengguna Google,2,2026-05-24 11:39:07,ini tiktok sering error waktu live pakai hp keluar masuk game pindah ke tiktok lagi gitu error
Pengguna Google,5,2026-05-24 11:39:03,Ya Aplikasi Ini Menghibur
Pengguna Google,3,2026-05-24 11:38:52,sering keluar sendiri dari apl tiktok 🙏
Pengguna Google,5,2026-05-24 11:38:49,"maaf kok akun saya di tangguhkan yak?padahal saya dah legal,kena batasan umur,aku jadi gabisa chat ama temen online ku,tolong diperbaiki,ini sengaja gw kasih lima biar di notice,aku udh ngajuin banding tapi ditolak juga"
Pengguna Google,5,2026-05-24 11:38:44,bguss
Pengguna Google,3,2026-05-24 11:38:20,"bagus si bagus, cuma pas live padahal umur sudah di atas 16 thn tetap kena pelanggaran, dan pelanggaran itu bikin gabisa ngirim vidio ke teman meski bisa buat chatan tapi udah gabisa bikin vidio, ubah dong fiturnya gapapa kalo cuma kena pelanggaran tapi setidaknya jangan bikin gabisa ngirim vidio ke temen."
Pengguna Google,5,2026-05-24 11:38:09,baguss
Pengguna Google,5,2026-05-24 11:37:30,Wawwww Sangat cocok untuk Anda yang ingin tidur dan yang lagi gabut bisa nonton video dari tiktok
Pengguna Google,5,2026-05-24 11:36:39,bagus untuk berbelanja menonton
Pengguna Google,1,2026-05-24 11:32:33,bikin ngeleg
Pengguna Google,1,2026-05-24 11:32:05,"aplikasi sampah,liat komentar aja loading terus padahal sinyal bagus vidio juga sering ngelag emang sampah"
Pengguna Google,5,2026-05-24 11:31:34,baguss kaliiii
Pengguna Google,5,2026-05-24 11:29:52,bagus bisa foto foto
Pengguna Google,5,2026-05-24 11:28:53,menurut saya aplikasi ini sangat membantu dalam meningkatkan kinerja dan performanya yang telah saya alami ketika menonton pertunjukan idolaku dan hiburan lainnya apa lagi ada kesempatan bisa dapat receh menurut saya saat ini sudah bagus
Pengguna Google,5,2026-05-24 11:26:52,baik
Pengguna Google,4,2026-05-24 11:22:57,memuaskan
Pengguna Google,5,2026-05-24 11:22:18,"gak bisa di update, edit: ternyata hp lama ku yang jelek"
Pengguna Google,5,2026-05-24 11:22:10,aplikasi opsional.
Pengguna Google,5,2026-05-24 11:18:47,assalamualaikum bawah saya konten operasional dan konten naik daun
Pengguna Google,1,2026-05-24 11:18:06,ngelag bgt apk ini di hp saya
Pengguna Google,5,2026-05-24 11:18:00,bagus bgt aku sampai setiap pulang sekolah dan bisa belanja juaga
Pengguna Google,2,2026-05-24 11:17:41,harus pake batas umur
Pengguna Google,1,2026-05-24 11:16:47,karna tidak bisa foto life di Vivo y15s
Pengguna Google,2,2026-05-24 11:16:38,karena meng donglot nya lama
Pengguna Google,2,2026-05-24 11:16:21,"setelah pembaruan terjadi banyak masalah seperti error,delay, gift tidak masuk, mudah kena peringatan/PL, bahkan tidak bisa mengambil harta karun, benar-benar konyol."
Pengguna Google,5,2026-05-24 11:16:04,suka buat api apian
Pengguna Google,1,2026-05-24 11:15:29,setelah di update tik tok nya tidak bisa masuk ke dalam tik tok nya
Pengguna Google,5,2026-05-24 11:14:18,mantap
Pengguna Google,5,2026-05-24 11:13:36,seru banget cuman patah patah nya jelek kaya nge lag gitu
Pengguna Google,4,2026-05-24 11:13:31,PLS AKUNNYA JGN AD YG DI BLOKIR
Pengguna Google,5,2026-05-24 11:13:15,sangat baik👌
Pengguna Google,1,2026-05-24 11:12:56,semakin lama aplikasinya semakin sering ngebug loading buat live lama banget makin lelet
Pengguna Google,1,2026-05-24 11:12:04,"apsi pdhl jaringan bagus kok sering lag n freeze sih, pas buka app lain lancar² aj ko"
Pengguna Google,5,2026-05-24 11:11:34,aman kan plakasi telepon saya
Pengguna Google,3,2026-05-24 11:10:49,tidak bisa menyimpan setiker di bagan komen
Pengguna Google,1,2026-05-24 11:07:39,tiktok saya sering mental follow
Pengguna Google,3,2026-05-24 11:06:35,kenapa habis diperbarui jadi ngelag waktu posting video
Pengguna Google,4,2026-05-24 11:05:33,seru tapi saya sering sekali diblokir
Pengguna Google,5,2026-05-24 11:04:03,sangat baguss
Pengguna Google,5,2026-05-24 11:02:29,bagus banget
Pengguna Google,1,2026-05-24 10:58:29,Lumayan
Pengguna Google,1,2026-05-24 10:57:38,tiktok asuuu kenapa dikit dikit pembatasan usia terus Ajeng males Gua asu
Pengguna Google,5,2026-05-24 10:57:02,bagus keren
Pengguna Google,1,2026-05-24 10:56:53,aku pesan kaus kaki nah di tulisan nya tidak lengkap alias tidak tau kaus yang panjang atau pun yang pendek karena di tulisan nya tidak lengkap tidak tertera ukuran panjang tau pun ya pendek 😡😡😡😡😡🤬🤬🤬🤬🤬🤬🤬
Pengguna Google,5,2026-05-24 10:55:52,tiktok bagus asalkan video yg fulgar2 hapus
Pengguna Google,1,2026-05-24 10:55:25,saya tidak bisa berkomunikasi dan live di tiktok saya sangat kecewa
Pengguna Google,5,2026-05-24 10:54:11,bisa mencari informasi
Pengguna Google,5,2026-05-24 10:53:45,seru banget apa lagi Tiktok udh bisa suara
Pengguna Google,1,2026-05-24 10:52:31,video tidak bisa te apolot padahal jaringan bagus
Pengguna Google,1,2026-05-24 10:51:13,"saya ga bisa komen padahal saya tidak melakukan spam atau berkata kasar, tolong di perbaiki"
Pengguna Google,1,2026-05-24 10:49:55,pas saya mau buka ga bisa ke buka
Pengguna Google,5,2026-05-24 10:48:07,tiktok tolok GK bisa apa apa mau pesen pake pakentnya GK datang terus seringbug GK bisa masuk gw untal dan dongloudlagi tapi GK bisa gw kasih bintang lima supaya di baca ya bukan suka
Pengguna Google,5,2026-05-24 10:48:02,Seru
Pengguna Google,5,2026-05-24 10:46:57,suka
Pengguna Google,5,2026-05-24 10:46:13,ok
Pengguna Google,1,2026-05-24 10:44:44,"ngga tau kenapa tiba-tiba tiktok error, padahal sinyal & wfi baik' ajatuh? sering ngelag, sampe' keluar dari aplikasinya. bukan 1× 2× TAPI BERKALI KALI. lain kali benerin bug yg ada di tiktok, terimakasih."
Pengguna Google,1,2026-05-24 10:42:35,tiktok segera perbaiki karna sering erorr
Pengguna Google,5,2026-05-24 10:42:26,posting sama temab
Pengguna Google,1,2026-05-24 10:41:26,"aplikasi sampah, aplikasi ngak jelas tiba² semua akun tiktok ku di blokir katanya di tangguhkan semua ternyata di blokir selamanya sekarang tiktok main² blokir akun orang wkwkwkkwkw sampah"
Pengguna Google,5,2026-05-24 10:41:25,sangat Bagus
Pengguna Google,5,2026-05-24 10:39:52,sering nge bug
Pengguna Google,1,2026-05-24 10:38:34,buat up vidio/foto sering restad sendiri
Pengguna Google,5,2026-05-24 10:34:26,aplikasi ini sangat bagus tapi ini mbnya besar
Pengguna Google,5,2026-05-24 10:33:57,saya sangat senang dan menikmati akun yang baru saja selesai di verifikasi ini
Pengguna Google,5,2026-05-24 10:33:36,belum dapat fitur vn
Pengguna Google,4,2026-05-24 10:32:42,aku belum bisa vn gimana niiiiihhhhh
Pengguna Google,5,2026-05-24 10:32:09,bagus
Pengguna Google,5,2026-05-24 10:32:00,apk yang menghibur
Pengguna Google,3,2026-05-24 10:31:16,bagus banget bisa belanja apa aja di situ tpi kadang up VT itu cuman 55% aja g naik naik jadi harus donlod apus 2× aja cape huh
Pengguna Google,4,2026-05-24 10:31:09,bagus
Pengguna Google,2,2026-05-24 10:30:28,Mohon diperbaiki kenapa akhir-akhir ini draf di tiktok selalu mengalami kesalahan teknis? Sehingga semua video saya menjadi rusak dan hilang. Ini sangat menganggu. Padahal ruang penyimpanan saya masih banyak dan sinyal bagus.
Pengguna Google,3,2026-05-24 10:29:51,ngeleg terus padahal jaringan lancar
Pengguna Google,5,2026-05-24 10:28:34,harus android yg punya penyimpanan ok buat mengunakan aplikasi ini . tp all bagus
Pengguna Google,1,2026-05-24 10:27:14,semenjak belanja di tik tok shop di kirim barang cod tanpa kita order coba dong data lebih di perketat jangan mudah di bobol sama oknum yang tidak bertanggung jawab
Pengguna Google,5,2026-05-24 10:25:18,Bagus bintang lima deh
Pengguna Google,5,2026-05-24 10:22:59,"yaaaaaa aku mau dapat vitur sorotan,vn,sama vc"
Pengguna Google,5,2026-05-24 10:22:19,makin bagus
Pengguna Google,4,2026-05-24 10:21:53,kenapa ga ada tempat keranjang kuning nya
Pengguna Google,5,2026-05-24 10:18:38,kenapa mb nya tiktok tambah berat
Pengguna Google,4,2026-05-24 10:17:59,bagus
Pengguna Google,3,2026-05-24 10:17:48,"halo tiktok! , saya izin komplain ya! 😀🙏, tidak bisa lagi ya apk ini dipakai buat fitur seperti jj capcut?"
Pengguna Google,5,2026-05-24 10:16:52,bagus banget apa lagi kalau gabutt IKHH SENENG tapi kadang kadang suka lag gitu mau cari suara ada bacaan Tidak bisa mencari suara mungkin lain kali mohon di perbaiki ya 🤏🤏😃😃😘😘
Pengguna Google,1,2026-05-24 10:13:34,Bikin Sampah
Pengguna Google,5,2026-05-24 10:12:29,bagus banget aplikasi nya tapi pas downlod nya lama
Pengguna Google,1,2026-05-24 10:09:44,disini tidak bisa di download
Pengguna Google,1,2026-05-24 10:09:20,"jeleq bat, tiktok semenjak update sering banget ngelag padahal semuanya lancar. trus juga suka keluar sendiri, apalagi klu lagi di tiktok shop pas mw ke beranda tiktok shop lagi malah ke beranda vt. Muak! Tolong perbaiki kembali!!!"
Pengguna Google,5,2026-05-24 10:08:33,bgus
Pengguna Google,5,2026-05-24 10:07:10,"BAGUS ENAQ BGT, YA KAYA BIASA NYA AJA SIH 🫰"
Pengguna Google,1,2026-05-24 10:07:02,tikdak bisa di download
Pengguna Google,5,2026-05-24 10:04:24,bagus bangettt suka 😭
Pengguna Google,1,2026-05-24 10:03:11,"Gimana sih? Aku yang cuma komen toxic dikit kena pelanggaran. Giliran org yg bikin konten 18+ ku laporkan hasilnya malah ""konten tidak melanggar komunitas kami"". Apaan banget sih? Hapus aja ges, ga rekomen 💔"
Pengguna Google,5,2026-05-24 10:01:01,coba dong kasih akses bisa menghapus semua vidio lama tanpa harus satu persatu dan DM juga kalo mau hapus pesan lama repot
Pengguna Google,4,2026-05-24 09:57:23,menurutku bisa tambahkan fitur telepon🤭
Pengguna Google,5,2026-05-24 09:57:22,sangat bagus
Pengguna Google,5,2026-05-24 09:57:13,sangat membantu
Pengguna Google,5,2026-05-24 09:56:42,saya sangat suka dengan aplikasi ini tapi sayang nya akun saya kena banded
Pengguna Google,3,2026-05-24 09:56:21,"lemot,bentar bentar keluar"
Pengguna Google,5,2026-05-24 09:55:53,sangat menghibur aku
Pengguna Google,4,2026-05-24 09:55:38,ngelag
Pengguna Google,1,2026-05-24 09:51:02,lama nginstalnya sampai setengah jam
Pengguna Google,1,2026-05-24 09:47:50,pas aku masuk Tiktok lama banget dan pasti apakah anda ingin tunggu atau keluar dari tiktok secara paksa? memang tiktok juga ngelek banget jelek👎😠 sekarang tiktoknya dah tak hapus
Pengguna Google,5,2026-05-24 09:47:25,"mntp, enak belanja² di tiktok ini, bisa pake e-wallet"
Pengguna Google,3,2026-05-24 09:47:24,"maaf baru segini soalnya, stiker di tiktok aku ilang semua pas apdet"
Pengguna Google,1,2026-05-24 09:45:25,memuaskan
Pengguna Google,4,2026-05-24 09:45:18,bagus tapi akun sering di banned
Pengguna Google,5,2026-05-24 09:43:56,enak aja
Pengguna Google,5,2026-05-24 09:43:27,Good aplikasi bung
Pengguna Google,2,2026-05-24 09:42:40,buruk karena saya sudah umur 18+ tp knp gak bisa live?
Pengguna Google,2,2026-05-24 09:42:36,live padahal usia sudah 20 tahun kok masih gakbisaa gjls fitur tiktok sekarang!!
Pengguna Google,1,2026-05-24 09:41:26,syang sekali tidak dapat diinstal
Pengguna Google,5,2026-05-24 09:40:20,bagus.
Pengguna Google,5,2026-05-24 09:39:30,bagus tapi saya live saya sepi
Pengguna Google,5,2026-05-24 09:37:22,app ter fav karna walaupun tidak ada sinyal tetap bisa nonton vidio online🤩
Pengguna Google,5,2026-05-24 09:37:15,tolong ya Tik Tok nya di perbaiki seharusnya sekali login gak usah login lagi Saya sangat kesal karena Tik Tok ini
Pengguna Google,5,2026-05-24 09:36:15,hebat
Pengguna Google,5,2026-05-24 09:33:53,sangat bagus
Pengguna Google,5,2026-05-24 09:32:59,minesnya pas saya mau tambah alamat rumah. alamat rumah saya tidak ada di peta
Pengguna Google,1,2026-05-24 09:29:40,malah iklannya judol asu asu
Pengguna Google,5,2026-05-24 09:28:08,mantabb
Pengguna Google,5,2026-05-24 09:27:44,buat ngilangin gbt
Pengguna Google,4,2026-05-24 09:26:31,tolong tambahin hastagnya agar bisa lebih dari 5 hastag saat ingin membuat vidio :)
Pengguna Google,5,2026-05-24 09:25:33,tik tok ini sangat bagus dan bisa membuat akun pokok nya seru banget deh juga yang kasih bintang 1 itu keterlaluan sih
Pengguna Google,5,2026-05-24 09:25:22,tolong kalo bikin vidio bisa pake 6 hastag jangan 5 hastag aja🙂
Pengguna Google,3,2026-05-24 09:24:57,aplikasinya tiba2 berhenti di HP vivo y21a 4/64
Pengguna Google,1,2026-05-24 09:24:39,"kesel bgt kalo sama tiktok , bagus si fitur² nya but ini lelet banget gila+penyimpanan gampang penuh"
Pengguna Google,5,2026-05-24 09:24:06,Mantap sihhhhh gak lemot
Pengguna Google,5,2026-05-24 09:23:52,bagus lah
Pengguna Google,5,2026-05-24 09:23:36,bagus bagus bagus bagsu
Pengguna Google,1,2026-05-24 09:21:27,dikit dikit di blokir akun nya
Pengguna Google,5,2026-05-24 09:18:57,Tik tok kmu bagus banget
Pengguna Google,1,2026-05-24 09:17:16,jelek
Pengguna Google,4,2026-05-24 09:16:41,lumayan
Pengguna Google,5,2026-05-24 09:16:27,sangat punya kawan
Pengguna Google,5,2026-05-24 09:15:58,"baguss, tapi fitur nya telat 😓"
Pengguna Google,1,2026-05-24 09:15:57,jelek gak bisa bikin akun 👎👎👎
Pengguna Google,5,2026-05-24 09:15:50,device terbaru resolusi 360 untuk live . tolong diperbaiki. utk hp Poco x8 pro max. terima kasih
Pengguna Google,1,2026-05-24 09:15:29,harus bintang 0
Pengguna Google,5,2026-05-24 09:15:16,Tidak bisa live
Pengguna Google,4,2026-05-24 09:13:11,jangan pake idx untuk jasa pengiriman nya klu bisa hps aja idx bikin nafsu
Pengguna Google,2,2026-05-24 09:10:33,apk gjls bgt suka tba' out sndri
Pengguna Google,5,2026-05-24 09:10:28,bagus saya duka
Pengguna Google,5,2026-05-24 09:06:50,bagus aplikasinya
Pengguna Google,4,2026-05-24 09:04:43,terlalu lama di domlod
Pengguna Google,5,2026-05-24 09:04:08,semoga berokah dan sukses selalu amin insyaallah Allahuakbar ⭐💫
Pengguna Google,1,2026-05-24 08:59:01,lama kali Cok Saldo saya hilang $837
Pengguna Google,5,2026-05-24 08:58:30,sangat seru dan menyenangkan
Pengguna Google,5,2026-05-24 08:58:26,seruuuu !!🤍🤭🙌🏼🙌🏼🙌🏼
Pengguna Google,1,2026-05-24 08:55:55,kenapa tiktok habis di update ko malah keluar² terus habis itu tutup aplikasi
Pengguna Google,5,2026-05-24 08:54:34,it's OK
Pengguna Google,5,2026-05-24 08:54:06,sangat baik tapi sayang nya aplikasi tiktok tidak bisaa live dan ga ada belanja atAu sulap
Pengguna Google,1,2026-05-24 08:52:26,verifikasi nya gak guna jir masak pas aku cuman nanyak kelas berapa langsung gak bisa nge chat terus akun ku di blokir permanen sama tiktok padahal itu akun udh banyak followers nya kocak lah memang tiktok
Pengguna Google,5,2026-05-24 08:51:45,mantap
Pengguna Google,5,2026-05-24 08:47:09,aplikasi nya bagus bisa nonton offline pula
Pengguna Google,5,2026-05-24 08:46:36,sangat bagus
Pengguna Google,5,2026-05-24 08:46:15,membantu
Pengguna Google,5,2026-05-24 08:45:01,tiktok berguna buat silaturahmi ke teman dalam mencari pekerjaan
Pengguna Google,5,2026-05-24 08:43:27,"Bagus kok cmn dia itu suka ngelag ajaa , tp sblm update malah gaada kendala ngelag,, gpp kok tetep aku kasih bintang lima karena bagus☺️🙏🏻"
Pengguna Google,5,2026-05-24 08:41:40,ok
Pengguna Google,4,2026-05-24 08:37:35,"seru kita jadi tau kegiatan yg lagi trend cm tiktok jan banyak banyak update lah masa hampir tiap hari update?? bisa bisa penyimpanan penuh jirr trus makin bnyk vt vt 18+ yg ga ke hapus sm tiktok, tpi giliran vt edukasi malah ke hapus, gimana nih tiktok?? tolong ya ☺️🫰🏻"
Pengguna Google,3,2026-05-24 08:35:17,bagus bisa curi akun Roblox orang🗿
Pengguna Google,4,2026-05-24 08:35:03,kok setiap aku nonton di perbarui mulu kesel ih
Pengguna Google,4,2026-05-24 08:34:15,aku ku nggk bisa sorotan and vn komen
Pengguna Google,3,2026-05-24 08:33:55,izin pihak tiktok saya sudah mencoba berkali kali untuk reset kata sandi saya tapi kenapa selalu gagal dan bacaan frekuensi kunjungan terlalu sering sementara saya sangat butuh akun itu dan sekarang tidak bisa lagi di pakai karena sudah tidak ada akses masuk ke akun tersebut saya sudah coba berbagai cara tetap gagal mohon di bantu pihak tiktok
Pengguna Google,1,2026-05-24 08:33:03,Video porno terlalu banyak
Pengguna Google,1,2026-05-24 08:32:03,"aplikasi terburuk sih menurut aku ya , setiap kali di buka eh nutup sendiri , nyesel download , padahal dulu bagus banget ga kaya skrng aplikasi ga bisa di pake"
Pengguna Google,5,2026-05-24 08:28:39,asikk
Pengguna Google,1,2026-05-24 08:24:38,tik tok ini abisin kauta
Pengguna Google,2,2026-05-24 08:23:36,"semenjak di update ko setiap masuk tiktok ga langsung muncul vid nya muter terus bacaan nya sering ""tidak ada koneksi"" padahal koneksi ku lancar² aja ke apk lain juga lancar tapi ke tiktok ko gabisa"
Pengguna Google,5,2026-05-24 08:21:05,aplikasi nya bagusss tpi tolong tambah in fitur fto live nya☺️
Pengguna Google,1,2026-05-24 08:18:36,"tiktok knp si. klo login selalu stuck dilogo nya, kdng kluar sndiri. masa hrs didownload ulang udh berkali kali gabisa dibuka. tolong diperbaiki"
Pengguna Google,5,2026-05-24 08:18:18,bagus
Pengguna Google,1,2026-05-24 08:18:07,sebenarnya aplikasinya bagus cuma usernya pada dongo dongo
Pengguna Google,3,2026-05-24 08:16:59,"tiktok shopnya gabisa,keranjang kuningnya gada logo shop juga gada belanja pun gabisa"
Pengguna Google,1,2026-05-24 08:13:33,saya tidak bisa live padahal pengikut ku sudah 52
Pengguna Google,5,2026-05-24 08:13:02,kenapa saya mau download tiktok shop tidak bisa?tolong di buka saya butuh...
Pengguna Google,5,2026-05-24 08:12:25,Menyenangkan 😁😁
Pengguna Google,5,2026-05-24 08:12:03,bagus bgt aplikasinya bisa buat edit foto video dan ada beberapa template
Pengguna Google,1,2026-05-24 08:11:23,Btw kenapa tiktok sering ngebug saat kembali dari pencarian video
Pengguna Google,2,2026-05-24 08:10:33,Pas mosting kadang ngelag. Sama pas posting foto teks nya malah ilang uda bikin Susah-susah juga. kan ngeselin
Pengguna Google,1,2026-05-24 08:10:26,tempat orang² plenger dan gw salah satunya 🥴🤪😵😴😪
Pengguna Google,2,2026-05-24 08:10:07,aneh yah setiap buka link tiktok kembali ke aplikasi dan harus isi Imel kembali. gimana sih ulasan ditiktok ini. setiap buka link tiktok harus isi Imel lagi 🫣
Pengguna Google,4,2026-05-24 08:09:41,bgus buanget
Pengguna Google,5,2026-05-24 08:08:53,tiktok memberi drama yg baguss dan enakk
Pengguna Google,1,2026-05-24 08:08:31,knp aku ngak bisa komteri orang tolong umpam balik
Pengguna Google,1,2026-05-24 08:08:22,"kenapa tik tok sekarang suka ngelag,keluar sendiri padahal jaringan bagus,ram jg msh banyak,makin hari tambah parah, dan setelah di apgrade tambah jelek apalikasinya keluar sendiri terus dan ngelagnya tambah parah"
Pengguna Google,3,2026-05-24 08:07:19,sering eror gak banget tiba tiba keluar sendiri
Pengguna Google,5,2026-05-24 08:06:16,cara vn nyaaa gimanaa yaa
Pengguna Google,4,2026-05-24 08:06:03,karena tidak ada logo livenya tolong munculin logo livenya yaa
Pengguna Google,5,2026-05-24 08:05:51,seru
Pengguna Google,5,2026-05-24 08:05:42,bagus banget aplikasi
Pengguna Google,2,2026-05-24 08:04:39,didak bisa di download ada tulisan data terbaru dari prankat serupa
Pengguna Google,5,2026-05-24 08:03:53,sangattttt bagusssss
Pengguna Google,1,2026-05-24 07:59:12,sering macet dan keluar sendiri
Pengguna Google,1,2026-05-24 07:59:11,"tiktok ini gimana ya aku kan sebagai afiliate,nah ada yang beli dishowcase aku udah sampe 7 hari lebih komisi aku belum masuk ke saldo ini gimana yaa tolongin dong masa harus nunggu ulasan dulu dari si customer, sayang banget aku udah efort bikin vt komisi aku belum masuk ke saldo,tolong dong jangan dikasih syarat harus nunggu ulasan dari customer nya,kasihan para afiliate lain yg nunggu komisi nya masuk."
Pengguna Google,5,2026-05-24 07:58:50,kok gak ISO vn inii😭
Pengguna Google,4,2026-05-24 07:57:51,Bagus sekalihs
Pengguna Google,5,2026-05-24 07:56:44,seru sekali aku langsung dapat 21 poin hasil pertama kali pemakaian pemula
Pengguna Google,5,2026-05-24 07:55:38,SUKAKK
Pengguna Google,5,2026-05-24 07:55:27,apk tiktok inih sangat bermanfaat buat di pakai dan kualitas menonton videoo juga kerenn .semuah perusaan sukses selaluu aminn
Pengguna Google,1,2026-05-24 07:51:50,"tidak menyenangkan, banyak sekali drama AI .setidak nya anda bisa mengasih opsi tiktok tanpa ai"
Pengguna Google,5,2026-05-24 07:50:53,"sangat bagus ya, iya"
Pengguna Google,3,2026-05-24 07:49:28,ada yang dungu ngaku bumi datar. sama ngesus cok. sama kayak game komfigi
Pengguna Google,5,2026-05-24 07:46:30,seru bgtt
Pengguna Google,5,2026-05-24 07:45:29,lumayan
Pengguna Google,5,2026-05-24 07:44:47,Mantap dan Nyama
Pengguna Google,3,2026-05-24 07:43:42,di aku ga ada sorotan nya di orang lain ada jadi aku reting 3 aja kalo mau di reting 5 kasih aku sorotan dong
Pengguna Google,5,2026-05-24 07:38:42,tiktok ini bagus buat nonton
Pengguna Google,1,2026-05-24 07:35:07,keranjang kuning tidak muncul
Pengguna Google,1,2026-05-24 07:34:48,mesen tiktok shop pihak kurir J&T selalu tidak tepat sampai 4 wa yang hubungi saya kaga sampai sampai
Pengguna Google,5,2026-05-24 07:34:28,sangat baik dan bagus tetapi banyak iklan
Pengguna Google,1,2026-05-24 07:33:33,bagus tidak lemot walau pun dikit lemot dan bagus
Pengguna Google,5,2026-05-24 07:33:17,sangat bagus★
Pengguna Google,1,2026-05-24 07:33:05,"live streaming gak ada suara in game nya,,, tolong di perbaiki dong"
Pengguna Google,5,2026-05-24 07:32:39,tiktok ini sangat di andalkan saat sedang gabut coyy👍😹
Pengguna Google,3,2026-05-24 07:32:24,seru tapi ada batasan umur
Pengguna Google,5,2026-05-24 07:30:51,bagus
Pengguna Google,5,2026-05-24 07:30:09,Aplikasi yang ok
Pengguna Google,1,2026-05-24 07:29:57,"akun saya ke blokir terus mau buat akun lagi ngak bisa, saya juga tidak tau salah apa tiba"" teeblokir tiktok taikk apk buruk"
Pengguna Google,1,2026-05-24 07:27:55,APASIH BARU AJA BUKA TT KOK NGELEG BANGET LAGI SAMA NOTIF NYA GAK GOTAK ANJ NOTIF NYA BANYAK
Pengguna Google,2,2026-05-24 07:27:30,Karna anak kecil ga bisa buat akun
Pengguna Google,1,2026-05-24 07:26:28,"apk kikir jier,bnyak fyp bowo dan owi"
Pengguna Google,5,2026-05-24 07:26:15,sngat bagus
Pengguna Google,5,2026-05-24 07:26:07,sangat bagus dan menghibur
Pengguna Google,5,2026-05-24 07:22:54,bagus
Pengguna Google,2,2026-05-24 07:17:26,"apa²an kadang² lag aplikasinya ga bisa di sentuh padahal hpnya lancar, pas mau login lagi lama banget masuknya. tolong diperbaiki lagi"
Pengguna Google,2,2026-05-24 07:17:21,"bagus sih Tpi Bkin kesel memo penuh mlu giliran udh di bersihin hpus apk yg lain udh gak penuh memo nya lagi, ini tiktok msih gbsa di install lagi ajaa Bkin kesell"
Pengguna Google,5,2026-05-24 07:16:22,baguss
Pengguna Google,5,2026-05-24 07:14:24,"apk buwagusssss,drrr yg duluu akk hobby tidurr, sekarang hobby scroll tiktokkkk,gadaaa berhentiii nyaa liat tiktok,kecanduan truss,kalian yg belum download tiktok,coba segera download,dan cobain semua trend2 yg lagi viral, seperti dc Brazil,dc Velocity,transisi make up,dll.suweruuu puolll rekssss,Monggo Ndang merapat download tiktok,biar nanti kalian tidak ketinggalan yg lagi nge trend sekarang"
Pengguna Google,5,2026-05-24 07:14:08,bagus 😎😎😎😎
Pengguna Google,5,2026-05-24 07:12:17,mantap
Pengguna Google,1,2026-05-24 07:12:08,"tiba"" akun saya keblokir selamanya, padahal saya ngga pernah ngelanggar apa"" di tiktok, paling cuma scroll aja, sekarang saya gabisa lagi login tiktok, kalo mau login harus pake perangkat baru, tolong diperbaiki lagii yaa pliss, ini saya bingung kalo ada tugas"" untuk upload ke tiktok gimana, pliss tolongg diperbaikii lagii kinerjanya!!!, sebelum keblokir juga baik"" saja saya buat scroll tiba"" ada pelanggaran dan keblokir selamanya, tolongg yaaa diperbaikii lagiiiii plisssss!!!!!!!"
Pengguna Google,4,2026-05-24 07:11:01,"tolong developer tiktok jangan terlalu sensi sm komentar orang, giliran video semi seneng"
Pengguna Google,5,2026-05-24 07:09:47,keren bisa buat epyepe tapi ga selalu
Pengguna Google,5,2026-05-24 07:06:53,gak seru
Pengguna Google,1,2026-05-24 07:06:27,saya tidak bisa membeli barang di tiktok saya kasih satu bintang Saja
Pengguna Google,5,2026-05-24 07:05:06,kok Tik tok gak bisa di download kak
Pengguna Google,5,2026-05-24 07:02:55,bagus
Pengguna Google,5,2026-05-24 07:02:41,video lucu lucu cocok buatt akuu
Pengguna Google,5,2026-05-24 07:00:39,aplikasih yg sangat baik dan terhibur
Pengguna Google,5,2026-05-24 06:58:09,terbaik
Pengguna Google,5,2026-05-24 06:57:28,mantap
Pengguna Google,1,2026-05-24 06:56:36,gabisa bikin sorotan
Pengguna Google,1,2026-05-24 06:54:53,Susah pokok nya
Pengguna Google,1,2026-05-24 06:53:17,"saya belom mempunyai fitur komen voice note di akun saya , mohon pihak tiktok semoga saya secepatnya akan mempunyai fitur tersebut, trima kasih"
Pengguna Google,4,2026-05-24 06:52:55,kena pembatasan usia
Pengguna Google,5,2026-05-24 06:51:45,sangat menghibur
Pengguna Google,3,2026-05-24 06:50:17,lelet bnget undate ya gak kayak kemarin
Pengguna Google,5,2026-05-24 06:49:38,aplikasi ini sangat bagus
Pengguna Google,2,2026-05-24 06:48:02,tiktok ku selalu di blokir
Pengguna Google,5,2026-05-24 06:47:13,gak bisa di download.... aseeeeek
Pengguna Google,5,2026-05-24 06:47:12,Saya bisa membuat video yang simpel tapi oke! ini keren sekali!
Pengguna Google,1,2026-05-24 06:42:52,saya sudah hapus tiktok lite untuk ganti ke tik tok biasa malah Gk bisa padahal pengikutku udah banyak sudah aku hapus tapi masih tidak bisa di install
Pengguna Google,5,2026-05-24 06:42:13,bagusss beangeeetttt
Pengguna Google,5,2026-05-24 06:41:41,aplikasi ini sangat berat dan selalu ngleg
Pengguna Google,5,2026-05-24 06:40:56,pokok nya tiktok yg terbaik soal nya bisa ngertiin perasaan sihh sama suka karna suka chat just friend aku di tiktok banyak kenangan cinta aku siee hehe _love you tiktok🫰🏻
Pengguna Google,5,2026-05-24 06:38:29,karena vanyak ritho
Pengguna Google,5,2026-05-24 06:38:28,"coba perbaiki lagi akun tiktok, kenapa setiap masuk tiktok harus verifikasi akun dan setiap masuk selalu ke akun jual beli barang"
Pengguna Google,5,2026-05-24 06:37:55,bagus
Pengguna Google,5,2026-05-24 06:35:10,padahal aplikasinya bagus tapi kenapa setiap kali mau install nga bisa harus ada pembelian kayanya
Pengguna Google,5,2026-05-24 06:34:30,sangat bagus
Pengguna Google,1,2026-05-24 06:34:13,"aplikasi paling g jelas, masa suka tiba' blokir akun pdhl tidak melakukan kesalahan."
Pengguna Google,1,2026-05-24 06:33:35,"tolong d perbaiki dong jangan bikin aplikasi ny aja, sering keluar terus"
Pengguna Google,5,2026-05-24 06:32:34,sangat bagus
Pengguna Google,5,2026-05-24 06:32:09,ok
Pengguna Google,5,2026-05-24 06:29:57,bagus
Pengguna Google,5,2026-05-24 06:29:26,tik tok sruh banget tapi banyak gak suka tik tok kamu punya otak gak sih orang yang gak sukah titkok kamu ini orang sudah bikin susah2kamu malah bilang gak bagus
Pengguna Google,5,2026-05-24 06:28:50,seru bgus bisa liat cowo berotot
Pengguna Google,4,2026-05-24 06:26:22,"di orang lain udh ada fitur vn, sorotan, vc ko aku belum ada ini nmny gk adil"
Pengguna Google,5,2026-05-24 06:26:18,sangat cocok untuk saat saat gabut atau rebahan
Pengguna Google,1,2026-05-24 06:26:02,"TOLONG DONG UNTUK KOLOM KOMENTAR ADAIN UNTUK EDIT...BIAR KITA GAK HAPUS KOMENTAR GEGARA SALAH KETIK,BIAR ENAK TINGGAL DI EDIT,TAPI GAK ADA KOLOM EDIT NYA PAYAAAAH KUNO,GAK UPDATE 👎👎👎👎👎👎👎👎👎👎👎👎👎👎....!!!!"
Pengguna Google,5,2026-05-24 06:25:09,cinta bgttt
Pengguna Google,1,2026-05-24 06:24:46,saya belum download
Pengguna Google,5,2026-05-24 06:24:17,seruu
Pengguna Google,5,2026-05-24 06:23:00,aku sangat suka dengan aplikasi tiktok
Pengguna Google,1,2026-05-24 06:22:50,kenapa sih harus bikin akun dan susah bikin akun nya
Pengguna Google,5,2026-05-24 06:22:27,bagus banget
Pengguna Google,1,2026-05-24 06:21:39,kenapa tiktok ku selalu ngebug
Pengguna Google,5,2026-05-24 06:21:04,"tik tok tolong jangan curang kpd pengguna, yg dg tiba2 mem baned akun secara sepihak atau membatasi akun secara permanen ini sangat merugikan pengguna. dan tolong iklan2 penipuan, konten dewasa, konten jualan yg tidak sesuai dg barang yg dikirim, yg merugikan pengguna agar diperingatkan dg keras."
Pengguna Google,5,2026-05-24 06:19:30,kadang ngeleg😆
Pengguna Google,5,2026-05-24 06:19:27,aku kok selalu di blokir sama tiktok sih
Pengguna Google,5,2026-05-24 06:18:11,bagus
Pengguna Google,5,2026-05-24 06:12:32,Good All
Pengguna Google,5,2026-05-24 06:09:23,TikTok is really this goosd
Pengguna Google,5,2026-05-24 06:07:31,bagus
Pengguna Google,3,2026-05-24 06:07:28,ora minat.
Pengguna Google,5,2026-05-24 06:06:20,luar biasa sangat bermanfaat 💛💛
Pengguna Google,5,2026-05-24 06:04:42,bagus
Pengguna Google,5,2026-05-24 06:04:23,ok
Pengguna Google,1,2026-05-24 06:03:10,gw nyari pubg suuuuu bukan nyari epep
Pengguna Google,5,2026-05-24 06:02:18,kenapa gak bisa download lagi
Pengguna Google,5,2026-05-24 06:01:39,mau bisa vn
Pengguna Google,4,2026-05-24 05:57:25,fitur tiktok shopnya nggak ada
Pengguna Google,1,2026-05-24 05:57:15,lost of bugs. crash etc
Pengguna Google,5,2026-05-24 05:57:13,bagus aplikasi nya cocok untuk yg lagi gabut tapi fitur fitur yg baru belum ada di saya
Pengguna Google,1,2026-05-24 05:55:25,"sekarang aplikasi ini buruk, sering nge bug atau apalah yang jelas sering lelet sampai ada tulisan ""tiktok tidak menanggapi"". tolong perbaiki sistemnya. sangat tidak berguna. aplikasi bobrok."
Pengguna Google,5,2026-05-24 05:54:35,senang bisa menemui aplikasi tt
Pengguna Google,4,2026-05-24 05:54:28,baguss sih cuman makin sini makin besar MB nya
Pengguna Google,5,2026-05-24 05:52:30,aplikasi keren bnget
Pengguna Google,5,2026-05-24 05:51:34,tolong akun saya dikasi pitur vn tolong dong
Pengguna Google,4,2026-05-24 05:50:46,not bad not good lah
Pengguna Google,1,2026-05-24 05:50:31,"makin kesini tiktok makin gak bagus datanya makin gede memorinya penuh terus, tolong di perbaiki min 🥲"
Pengguna Google,5,2026-05-24 05:48:31,karna bisa liat mpl
Pengguna Google,5,2026-05-24 05:47:30,para pengguna tiktok dulu smpet dihujat skrng semua pada download
Pengguna Google,2,2026-05-24 05:43:01,"aplikasi sering gagal merespon dan kenapa gue gak bisa berkomentar.. hilangin aja fitus komentarnya.. apa apa gak boleh. ngomong kasar dikit aja gak boleh.. ngirim komentar banyak gak boleh.. ngirim komentar sama berulang gak boleh aplikasi ampas.. dikit"" gak boleh. gonta ganti akun karna masalah pembatasan komentar."
Pengguna Google,1,2026-05-24 05:40:37,"kenapa ya tiktok ku ga bisa upload foto live, setiap mau upload foto live langsung mati"
Pengguna Google,5,2026-05-24 05:39:50,bagus sih aplikasi nya aku kasih bintang 5 lah
Pengguna Google,5,2026-05-24 05:37:49,"platform terbaik yang saya pakai saat ini, namun aturan yang berlaku sama sekali tidak fer, seolah olah memihak, setiap kali live streaming tu selalu ada saja alasan untuk diberi peringatan pelanggaran.. tolong perhatikan baik-baik 🙏"
Pengguna Google,5,2026-05-24 05:37:24,mantap
Pengguna Google,4,2026-05-24 05:37:24,-1 karna toxic
Pengguna Google,2,2026-05-24 05:37:11,macet macet dan kembali terus
Pengguna Google,5,2026-05-24 05:35:05,perbarui lg
Pengguna Google,5,2026-05-24 05:33:44,bagus banget ga ada iklan ga ngelag juga vidio aku langsung rame karna pake tiktok pokoknya bagus deh ❤️
Pengguna Google,1,2026-05-24 05:31:05,videonya buram
Pengguna Google,1,2026-05-24 05:30:22,suka ngelag anjirr apk gjls
Pengguna Google,5,2026-05-24 05:30:12,🅑🅐🅖🅤🅢 cepatan dowload
Pengguna Google,5,2026-05-24 05:29:33,seruu
Pengguna Google,5,2026-05-24 05:28:55,seru sekali jirrr gw suka bgt soal nya ada banyak yang sama pendapat nya
Pengguna Google,5,2026-05-24 05:28:43,kapan bisa vn di aku?😭
Pengguna Google,5,2026-05-24 05:28:35,Eror
Pengguna Google,3,2026-05-24 05:27:51,setelah di upgrade malah error trs
Pengguna Google,5,2026-05-24 05:27:50,baguss bgttt
Pengguna Google,3,2026-05-24 05:26:10,vidio tiktok sering patah patah padahal sinyal bagus dan lancar
Pengguna Google,1,2026-05-24 05:25:57,saya ingin merubah nomor yang tertaut tidak bisa dengan keterangan ADA MASALAH SILAHKAN COBA LAGI terus menerus seperti itu
Pengguna Google,5,2026-05-24 05:25:51,bagus
Pengguna Google,1,2026-05-24 05:25:47,sagat bagus 😘😘😘😘aku suka
Pengguna Google,4,2026-05-24 05:25:44,tidak ada vn di aku kesal
Pengguna Google,5,2026-05-24 05:23:47,Tik tok terima kasih 👋🏻💗
Pengguna Google,5,2026-05-24 05:21:04,aplikasi nya bagus tapi knp akun saya sering di blokir
Pengguna Google,5,2026-05-24 05:20:49,Embohh wess gak melo melok
Pengguna Google,5,2026-05-24 05:18:23,bagusss tapi kok GK ada fitur vn
Pengguna Google,5,2026-05-24 05:17:51,Tiktok susah dibuka dan tidak bisa live
Pengguna Google,1,2026-05-24 05:13:34,Masuk tik tok buka akun lama banget
Pengguna Google,1,2026-05-24 05:13:33,"update teruss, bug nya masih banyak, ga ada perubahan🤣"
Pengguna Google,5,2026-05-24 05:10:50,Top bgt
Pengguna Google,1,2026-05-24 05:08:50,"seru banget, sedih nya akun aku ke Ben jadi ngak bisa buka lagi"
Pengguna Google,4,2026-05-24 05:07:41,ok
Pengguna Google,5,2026-05-24 05:07:10,aplikasi mantap 👍
Pengguna Google,5,2026-05-24 05:06:18,Minus nyaaa sering ke banned 🙏🏻
Pengguna Google,5,2026-05-24 05:05:56,bagus
Pengguna Google,5,2026-05-24 05:04:27,seru banget
Pengguna Google,4,2026-05-24 05:04:25,enak sih tapi ada iklannya
Pengguna Google,5,2026-05-24 05:02:27,aplikasi ini bagus
Pengguna Google,1,2026-05-24 05:02:21,"aplikasi buruk sekali,, banyak bug"
Pengguna Google,1,2026-05-24 05:01:57,Semua apk sama aja
Pengguna Google,5,2026-05-24 05:00:19,seru tapi aku GK bisa live
Pengguna Google,5,2026-05-24 05:00:16,bgus si
Pengguna Google,5,2026-05-24 04:59:59,yah ini aplikasi yang bagus tetapi sering eror
Pengguna Google,5,2026-05-24 04:58:03,bagus sih tapi bikin memo penuh dikit sih tapii oke
Pengguna Google,1,2026-05-24 04:56:44,Sumpah masa harus didownold terus sih an
Pengguna Google,5,2026-05-24 04:56:41,sangat membantu
Pengguna Google,5,2026-05-24 04:56:29,bagus sekali aplikasi ini
Pengguna Google,5,2026-05-24 04:56:00,aplikasi nya sangat keren dan saya menyukainya di sana ada beberapa vidio yang sangat lucu dan membuat saya tertawa sampai terbahak bahak
Pengguna Google,3,2026-05-24 04:54:49,pas saya download tiktok hp saya jadi sedikit negeleg semakin di update tiktok ya semakin ngeleg tolong perbaiki tiktok nya 🙏🙏👇
Pengguna Google,1,2026-05-24 04:52:59,ada lagu gjelas yaitu jemvut
Pengguna Google,5,2026-05-24 04:52:56,karena seru untuk hiburan
Pengguna Google,5,2026-05-24 04:52:54,jujur bagus banget sih tapi bocil yang main tiktok pada gaje
Pengguna Google,5,2026-05-24 04:49:54,tambah fitur baru min
Pengguna Google,2,2026-05-24 04:49:30,"suka kena pembatas usia,gini gini gaboleh gini gini gaboleh"
Pengguna Google,2,2026-05-24 04:47:06,bagus
Pengguna Google,5,2026-05-24 04:43:21,top bgt
Pengguna Google,1,2026-05-24 04:42:13,"sampah, sering force close ga jelas tiba tiba berhenti perbaiki atau uninstal"
Pengguna Google,1,2026-05-24 04:37:24,jadi suka lag gimna nih?
Pengguna Google,3,2026-05-24 04:35:42,banyak iklan
Pengguna Google,5,2026-05-24 04:33:13,bagus banget😅🙏
Pengguna Google,5,2026-05-24 04:33:01,sangat menarik video o nya
Pengguna Google,5,2026-05-24 04:31:44,Aplikasinya bagus banget..
Pengguna Google,5,2026-05-24 04:31:44,Karana aku suka sama video video nya
Pengguna Google,1,2026-05-24 04:30:58,"Tiktok ini lama-lama sok yes juga dikit-dikit rating toko di turunin, nggak Pro penjual sama sekali semoga aja pada cabut semua seller dari Tiktok biar bangkrut apk sok Yes Noh liat rating lu aja di PS aja 4.1 mampus lu,"
Pengguna Google,1,2026-05-24 04:30:42,PADAHAL GK AKU DOWNLOAD TAPI MUNCUL TERUS TERUSAN UDAH DI UNINSTAL MASI AJA NONGOL TIKTOK INI DI BERANDA HP GUA CK CK CK
Pengguna Google,5,2026-05-24 04:29:54,menyenangkan banyak berita yg sedang viral di aplikasi ini sungguh sangat menyenangkan
Pengguna Google,5,2026-05-24 04:29:47,karena bisa ngonten dan banyak yang lain
Pengguna Google,5,2026-05-24 04:29:15,aplikasi miris dan penuh sexual😹😹😹😹
Pengguna Google,3,2026-05-24 04:29:11,tolong jangan berat2 apk nya
Pengguna Google,5,2026-05-24 04:23:41,"mantap.....,...,"
Pengguna Google,5,2026-05-24 04:21:29,bagus
Pengguna Google,5,2026-05-24 04:21:08,seru
Pengguna Google,1,2026-05-24 04:19:24,"kalo.mau update kenapa ga pas lagi di pakai live sih , kan bisa di update otomatis pas lg ga di pakai live"
Pengguna Google,5,2026-05-24 04:18:42,sangat bsikkkkkkkkkkkkkka
Pengguna Google,2,2026-05-24 04:17:35,"Assalamualaikum tiktok tolong kasi perbaiki aplikasi ini, aplikasi mau update jadi errror, tolong perbaiki"
Pengguna Google,1,2026-05-24 04:16:54,"apaan bet pencarianya, yg di cari apa yg dikeluarin apa"
Pengguna Google,1,2026-05-24 04:15:47,Akan ku jaga akun ini
Pengguna Google,5,2026-05-24 04:14:52,bgus bgt
Pengguna Google,5,2026-05-24 04:13:45,bagus aplikasinya dan ada pesanya
Pengguna Google,2,2026-05-24 04:13:42,sangat buruk semenjak udah apdet
Pengguna Google,2,2026-05-24 04:12:40,karna saya gak bisa live
Pengguna Google,1,2026-05-24 04:10:05,huft kecewa
Pengguna Google,2,2026-05-24 04:09:08,"di gua kok pas scrol tiktok tiba"" suaranya itu kayak delay bgt gtu beda sekitar beberapa detik ,tolong lah perbaiki kalian ngerasain juga ngak"
Pengguna Google,5,2026-05-24 04:07:47,seru bgt lihat tiktok dulu aq suka youtube tapi sekarang ketagihan main tiktok woyyyyyyyyy
Pengguna Google,2,2026-05-24 04:05:24,Aku setiap masuk live orang gak bisa gif orang padahal ada koin untuk gif tapi gak bisa tolong tiktok di benerin secepatnya terimakasih
Pengguna Google,5,2026-05-24 04:03:28,enak seru
Pengguna Google,5,2026-05-24 04:02:49,aku kasi bintang 5 gak papa tapi akun tiktok aku yang banyak follow like banyak 22.5 ribu follow 777 sayang tiktok mala blokir akun tiktok aku rawat sampai 1 tahun saya sangat kecewa sama tiktok dan aku juga gak bisa lagi main tiktok🥺🥺🥺 tolong kasi tau sama yang buat tiktok
Pengguna Google,5,2026-05-24 04:02:13,bagus baneget
Pengguna Google,1,2026-05-24 04:02:09,"maaf bintang satu, pengen dinotice aja. oke makasih, pengen deh rasanya di bio akun itu bisa terpasang voice note (sesuka hati maksimal 30 detik/1 menit) atau at least bisa ada musiknya kaya instagram. terimakasih untuk developer sudah menciptakan aplikasi yang bagus seperti ini, saya sebagai manusia biasa hanya ingin aplikasi ini dikembangkan sesuai yang saya harapkan. terimakasih, semoga developer sehat selalu dan dalam lindungan Tuhan, Aamiin. i love you."
Pengguna Google,5,2026-05-24 04:00:38,bagus
Pengguna Google,5,2026-05-24 03:58:50,bagus tpi gpp deh 🙊🙊
Pengguna Google,1,2026-05-24 03:57:16,tidak bisa daftar dan dihapus
Pengguna Google,5,2026-05-24 03:53:24,seruuuuuuuuu nonton ny
Pengguna Google,1,2026-05-24 03:53:10,kak mohon maaf baru saja melakukan pembayaran ke tik tok dan Saya tidak merasa punya pembayaran di tik tok tapi kenapa saldo Saya barusan kirim ke tik tok
Pengguna Google,1,2026-05-24 03:52:30,tolong tik tok jadikan aplikasi yang kedua sama satu lagi aplikasi tik tok yang ada dua bisa di jadikan satu gak
Pengguna Google,5,2026-05-24 03:50:47,seru banget 😊😊😊
Pengguna Google,5,2026-05-24 03:49:28,Pokoknya YTTA
Pengguna Google,5,2026-05-24 03:49:24,"aplikasi ini baguss,bangettt !!"
Pengguna Google,4,2026-05-24 03:47:44,bgus aplikasi nya
Pengguna Google,1,2026-05-24 03:47:18,berat banget apk nya size hampir 5gb pdhl nonton² doang GK pernah download video atau upload
Pengguna Google,3,2026-05-24 03:46:29,menarik
Pengguna Google,5,2026-05-24 03:46:01,aku suka banget sama tiktok🤍tp ada 1 yang aku ga suka yaitu pelanggarannya.terimakasih
Pengguna Google,5,2026-05-24 03:46:00,"udh bgs, tpi kdng ngelag bangtt aku di buat dm an, kdng juga tiba² keluar sendiri pdhl baru enak ² scroll + dm an, tpii oke laa"
Pengguna Google,1,2026-05-24 03:45:44,kenapa si sekarang tiktok banyak banget kendala nya
Pengguna Google,5,2026-05-24 03:45:26,bagus intinya😭😭🫶🫶
Pengguna Google,2,2026-05-24 03:44:24,"padahal penyimpanan ga penuh samsek pas mau di upgrade gabisa terus ini kenapa ya? kadang kalo lagi scroll tiba' keluar atau macet dan muncul tulisan ""tiktok tidak menanggapi"" tolong di perbaiki."
Pengguna Google,5,2026-05-24 03:42:11,👍👍👍
Pengguna Google,4,2026-05-24 03:40:05,agak lag kalo di perangkat my
Pengguna Google,1,2026-05-24 03:39:41,"uninstall aja aplikasi ini , masa buat akun tiktok ke blok"
Pengguna Google,5,2026-05-24 03:38:39,apk nya bagussss bangetttt
Pengguna Google,1,2026-05-24 03:38:05,"tolong perbaiki tiktok setiap kali buka tiktok pasti muncul ""tiktok tidak menanggapi""dan keluar sendiri dari apk pdhl cache udah saya hapus tapi tetap saja tidak bisa di buka."
Pengguna Google,1,2026-05-24 03:37:26,"tiktok error, selalu keluar notif TIKTOK TIDAK MENANGGAPI,setiap scroll ngelag disuruh update tapi tetep sama"
Pengguna Google,5,2026-05-24 03:36:41,yaudah gitu aja
Pengguna Google,1,2026-05-24 03:36:28,di tiktok gaada potong harga
Pengguna Google,5,2026-05-24 03:34:40,hiburan dan informasi sehari hari
Pengguna Google,1,2026-05-24 03:32:07,aplikasi rusak aplikasi rusak semua akun gw di bann tanpa sebab yang jelas
Pengguna Google,5,2026-05-24 03:29:44,bagus tapi tolong hapusin stiker stiker yang kasar
Pengguna Google,5,2026-05-24 03:28:29,gG mantap
Pengguna Google,4,2026-05-24 03:27:27,"bagus banget sebenernya, cuma kok aku belum dapet fitur voice note ya?? padahal bukan tiktok lite loh"
Pengguna Google,5,2026-05-24 03:26:29,ok
Pengguna Google,1,2026-05-24 03:24:28,"Aplikasi nya sangat seru dan banyak video video menarik di tiktok.dan banyak haks yang bisa membantu kesulitan kita,walaupun ada sedikit hal negatif dalam tiktok."
Pengguna Google,5,2026-05-24 03:16:51,Bagus sesuai mood kta
Pengguna Google,1,2026-05-24 03:16:36,"Trimakasih bila ini Amplikasi terbaik ,,,, perbaiki Tik tok,,,dan agar bisa cepat keterima dengan Baik olgaritmanya"
Pengguna Google,1,2026-05-24 03:16:07,tolong ya tiktok gak menanggapi saat mau buka aplikasinya padahal dulu bisa semenjak bulan mei masalah ini kejadian min kejadian lagi gimana ini teman sya juga gabisa dibuka tiktok nya padahal kami hp nya mampu tapi tiktok makin berat aja
Pengguna Google,1,2026-05-24 03:15:24,"konyol dah kagak bisa ngeclaim poin tiktok bonus, setiap mau mencapai 100000 poin pasti ada masalah akun dibatasi lah, apalah tiktok"
Pengguna Google,1,2026-05-24 03:14:46,kenapa orang lain bisa vn komen..sedangkan aku tidak ada fitur vn komen
Pengguna Google,5,2026-05-24 03:13:36,suka
Pengguna Google,1,2026-05-24 03:13:10,baguss
Pengguna Google,1,2026-05-24 03:13:07,min ini di tiktok saya bug. pas saya pencet pencaharian eh ada kotak putih di layar hp saya sebentar. perbaiki dong
Pengguna Google,5,2026-05-24 03:09:55,tauh ah cape
Pengguna Google,3,2026-05-24 03:08:32,kenapa akun tiktok saya tidak bisa di buka
Pengguna Google,4,2026-05-24 03:07:28,kalo bagus guwa tambahin
Pengguna Google,5,2026-05-24 03:05:03,"lagi buat dagang, jangan neko-neko peraturannya"
Pengguna Google,3,2026-05-24 03:04:35,bisa nonton sampai puas mantapp
Pengguna Google,1,2026-05-24 03:04:18,Sungguh buruk saya sudah capek-capek upelud video malah musik dari edit cacut hilang sunguh mengecewakan mohon di PERBAIKI SEKARANG!!!!!
Pengguna Google,1,2026-05-24 02:58:39,aplikasi ini sangat sangat buruk aplikasi ini sering keinsstal sendiri membuat hp saya ngelag dan susah buat main
Pengguna Google,5,2026-05-24 02:58:06,bagus banet tiktok ini tapi konen nya aneh ² banet
Pengguna Google,5,2026-05-24 02:56:13,bagus banget
Pengguna Google,5,2026-05-24 02:55:54,video nya bagus bagus
Pengguna Google,5,2026-05-24 02:50:44,senang dan suka
Pengguna Google,2,2026-05-24 02:50:40,aplikasi tolol gajelas gw mau beli pulsa di TIKTOK udh masukin nomor malah ada keterangan di suruh masukin nomor kan tolol padahal udh di masukin
Pengguna Google,5,2026-05-24 02:46:30,bagus
Pengguna Google,5,2026-05-24 02:46:00,terimakasih telah mengisi waktu gabut saya di tengah2 jam istirahat kerja🫰🏻💗
Pengguna Google,5,2026-05-24 02:45:51,seru kali
Pengguna Google,5,2026-05-24 02:45:33,Seru.
Pengguna Google,1,2026-05-24 02:44:58,tidak bisa aplod video
Pengguna Google,5,2026-05-24 02:37:45,fypkan akun aku @dragonfire_mc
Pengguna Google,4,2026-05-24 02:35:37,挺好的，但我的视频很少上热门，能让它们上热门吗？
Pengguna Google,1,2026-05-24 02:35:35,kenapa layanan COD saya gak bisa pesen kenapa d matiin orang mau pesen jadi susah😞😞😞😞😞..tlg donk di aktifin utk cod nya
Pengguna Google,4,2026-05-24 02:32:58,karena setiap kali suka bug kadang harus login ulang
Pengguna Google,3,2026-05-24 02:32:29,"halo tiktok, semoga dengan mendownload ulang aplikasi ini tidak sengelag dlu"
Pengguna Google,1,2026-05-24 02:31:49,ok
Pengguna Google,2,2026-05-24 02:31:32,gk bisa tiktokkan padahal udah daftar udah bisa terus beberapa hari gk bisa lagi buat tiktokkan terus udah aku mencoba mendaftar lagi masih tetep gk bisa padahal umur aku 14 ke atas jadi gak mood😣😖😭🥺😢
Pengguna Google,2,2026-05-24 02:25:59,"tiktok jelek bnget sih,baperan live di ban terus"
Pengguna Google,5,2026-05-24 02:24:05,baguss! karna udh bisa vn dan ada mini geme nya juga.
Pengguna Google,4,2026-05-24 02:23:33,lumayan bagus sih .. tapi banyak banget menghabiskan ruang di hp akuh
Pengguna Google,5,2026-05-24 02:22:37,lumayan baguss
Pengguna Google,5,2026-05-24 02:21:55,bagusss bangeet kk
Pengguna Google,5,2026-05-24 02:20:55,bagus
Pengguna Google,5,2026-05-24 02:20:32,memberi wawasan yang baik
Pengguna Google,1,2026-05-24 02:18:46,"fitur chat dan bagi profil di tiktok ku hilang,sayaaa mohon bantu saya,kenapa tiktok makin kesini makin nga jelas."
Pengguna Google,5,2026-05-24 02:15:26,aplikasi nya bagus banget
Pengguna Google,2,2026-05-24 02:14:58,"baru di download gak bisa masuk ke app nya, kadang juga error padahal jaringan sinyal bagus gaada tuh app yang error mending gak usah download aplikasi yang ini, gak guna🙄🙄🙄🙄🙄"
Pengguna Google,5,2026-05-24 02:11:21,bagus
Pengguna Google,5,2026-05-24 02:09:02,bagus
Pengguna Google,5,2026-05-24 02:08:20,terimakasih
Pengguna Google,5,2026-05-24 02:07:27,tiktok munculin vn di akun ku dong aku belum ada apalagi sorotan😭
Pengguna Google,2,2026-05-24 02:06:08,"setelah di update malah tambah rusak apk ini, setiap scroll gk jarang keluar sendiri bahkan sampai tidak bisa dibuka"
Pengguna Google,1,2026-05-24 02:05:07,lag parah apk nya
Pengguna Google,5,2026-05-24 02:02:05,tiktok boleh gak update jadi ada vitur voice note di komentar banyak yang bisa ada yang gak bisa termasuk saya
Pengguna Google,5,2026-05-24 01:59:11,seru
Pengguna Google,5,2026-05-24 01:57:31,bagus sih bagus tapi gk bisa VN woi
Pengguna Google,5,2026-05-24 01:52:33,baguss dan bermanfaat
Pengguna Google,4,2026-05-24 01:51:41,mantap lemot
Pengguna Google,5,2026-05-24 01:49:05,bagus banget
Pengguna Google,5,2026-05-24 01:47:13,Tiktok nya lag keluar masuk sendiri baik di perbarui aja deh saran aku ya tiktok nya
Pengguna Google,1,2026-05-24 01:46:26,bintang 1 aja capek banget berenti terus
Pengguna Google,5,2026-05-24 01:46:19,kenapa tiktok jadi erorr
Pengguna Google,5,2026-05-24 01:45:33,aplikasih ini sangat bagus
Pengguna Google,3,2026-05-24 01:45:20,aplikasi ini sangat cocok
Pengguna Google,5,2026-05-24 01:44:51,bagus
Pengguna Google,4,2026-05-24 01:44:27,Oke lah tapi di kitin lagi lah memori nya
Pengguna Google,5,2026-05-24 01:44:03,seruuuuu
Pengguna Google,1,2026-05-24 01:43:41,burukk
Pengguna Google,1,2026-05-24 01:40:23,ngetik kelas 6 aja ga boleh
Pengguna Google,5,2026-05-24 01:39:49,kpan ya fyp gitu
Pengguna Google,5,2026-05-24 01:36:00,p p apa Persib jadi bintang 5💙🔥🔥⭐⭐⭐⭐⭐
Pengguna Google,3,2026-05-24 01:35:25,"ko di ak gabisa update terus y, kayak kudet ni tiktok ak"
Pengguna Google,5,2026-05-24 01:33:47,Sangat bagus
Pengguna Google,5,2026-05-24 01:30:24,seru dan menyenangkan 😀👍🏻
Pengguna Google,5,2026-05-24 01:30:11,kok saya gak bisa live ya
Pengguna Google,1,2026-05-24 01:28:34,gak jelas
Pengguna Google,1,2026-05-24 01:25:04,kenapa reward koin saat nonton gak ada lagi malah suruh pencarian 18x saja bisa dpt 500koin saja.
Pengguna Google,5,2026-05-24 01:24:07,tiktok terbaik
Pengguna Google,1,2026-05-24 01:22:50,apalah ini fitur harta karun kok jadi error mulu
Pengguna Google,5,2026-05-24 01:21:59,★★★★★
Pengguna Google,5,2026-05-24 01:19:40,bagus
Pengguna Google,5,2026-05-24 01:19:28,adalah pokoknya
Pengguna Google,5,2026-05-24 01:17:53,bagus 🤗
Pengguna Google,5,2026-05-24 01:17:26,mines cma di pemakain data aj..
Pengguna Google,5,2026-05-24 01:15:51,biyar bisa vn
Pengguna Google,2,2026-05-24 01:15:11,"gajelas banget sih udah gw update malah jadi gabisa dibuka , setiap mau dibuka pasti jadi ke play store gajelas"
Pengguna Google,5,2026-05-24 01:13:47,jelek najis banget yg sekarang baperan gk kyk dulu durasi jg mentok nya cmn di 3 menit gk suka banget udh baperan gk ngertiin orng lagi huu jelek nge bug gk banget di updet malah lama jelekk jijiqq puqii 🤢
Pengguna Google,1,2026-05-24 01:12:00,TIDAK BISA DI DOWLOAD PADAHAL MEMORI ADA
Pengguna Google,1,2026-05-24 01:08:37,jangan up terus dong
Pengguna Google,4,2026-05-24 01:08:03,agak macet klau terlalu lama mainnya . tolong perbaiki
Pengguna Google,5,2026-05-24 01:07:30,"Tolong dong tambahin fitur wallpaper chat, biar ga bosen dan bisa di custom sesuai selera😀🙏"
Pengguna Google,5,2026-05-24 01:06:25,Bagus bangett..
Pengguna Google,4,2026-05-24 01:04:37,"bagus tapi kenapa setiap saya ingin masuk ke tiktok selalu lag,padahal jaringan sudah bagus..,tolong diperbaiki"
Pengguna Google,5,2026-05-24 01:02:43,Tiktok sangat berguna
Pengguna Google,1,2026-05-24 01:02:39,di pencet ra iso
Pengguna Google,5,2026-05-24 01:02:11,bagus asli Indonesia
Pengguna Google,1,2026-05-24 01:00:19,"Dikit² kena pelanggaran, padahal gak bikin konten negatif"
Pengguna Google,1,2026-05-24 00:59:03,aku gk bisa vn
Pengguna Google,1,2026-05-24 00:58:25,"event lo yang 100 perak tuh, kalo ga niat buat gausah dah kata gua mah. maksudnya kaya GIMANA BISA ORANG DAPET BARANG 100 PERAK KALO SEKALI TAP /AKUN CUMA DAPET UNDER 100PERAK. MANA BATAS TAP NYA CUMA 3KALI. SIAPA YANG BISAA GUE TANYA???"
Pengguna Google,1,2026-05-24 00:56:20,gada sorotan nya
Pengguna Google,2,2026-05-24 00:53:22,aplikasi memang sudah baik tapi pacar gw selingkuh 2 kali di apk ini hmm🙃
Pengguna Google,4,2026-05-24 00:52:14,citra 👅👅👅👅
Pengguna Google,1,2026-05-24 00:51:06,kenapa akun aku dua duanya ga dapet potongan harga min
Pengguna Google,1,2026-05-24 00:46:36,"ini gimana sih tiktok sekarang, ga bisa login dan cuma muter muter doang, dah lah males kalo gini"
Pengguna Google,5,2026-05-24 00:41:21,Dev tolong benerin kenapa views vidio saya mentok di 0-5 padahal kemaren views hampir ribuan kenapa sekarang nurun drastis? perbaiki pls
Pengguna Google,5,2026-05-24 00:38:25,karna aku sering nonton di sini
Pengguna Google,5,2026-05-24 00:37:46,"BAGUS BANGETTTTTT seru soalnya bisa bermain, belajar, mendapat info, dan lain-lain deh pokoknya TIKTOK the best!!!!!!!!!!!!!!!!!!!!!!! ."
Pengguna Google,2,2026-05-24 00:36:49,setiap mau masuk lama harus nggu sampai 1 jam buruk tolong di perbaiki🙏
Pengguna Google,5,2026-05-24 00:35:13,assalamualaikum semuanya semoga selalu berbuat baik amiin ❤️👍
Pengguna Google,3,2026-05-24 00:34:04,tiktok apk mu bagus lebih bagus lagi kasih fitur tip ke kurir di tiktok shop
Pengguna Google,1,2026-05-24 00:33:01,saya gapernah bisa bikin akun selalu di blokir tanpa alasan yang jelas bahkan bikin akun email dan hp barupun gak bisa kenappaa???????????????
Pengguna Google,4,2026-05-24 00:31:40,tiktok saya tidak ada fitur vn nya dan tidak bisa membuat sorotan seperti orang lain
Pengguna Google,5,2026-05-24 00:30:17,seru
Pengguna Google,5,2026-05-24 00:29:43,bagus bangett
Pengguna Google,5,2026-05-24 00:25:25,aku juga mau tiktok Beta
Pengguna Google,5,2026-05-24 00:22:51,sangat bagus
Pengguna Google,5,2026-05-24 00:21:57,aplikasinya kyk nya lelet kenapa ya
Pengguna Google,1,2026-05-24 00:21:18,pas ngupdate lama banget sampe ngulang 3 kali aplikasinya juga lemotnya minta ampun padahal penyimpanan masih banyak
Pengguna Google,5,2026-05-24 00:18:00,Woi tiktok kok gw masih kena batasan umur si padahal umurku udh umur 16 tahun gimana api gw dengan teman gw tiktokkkl
Pengguna Google,5,2026-05-24 00:16:54,seru dan gabikin ngelag aku jadi lupa nonton YouTube
Pengguna Google,1,2026-05-24 00:12:38,SANGAT SANGAT BURUK tiba-tiba suara dari video lain masih ada padahal saya sudah keluar dari aplikasi
Pengguna Google,5,2026-05-24 00:08:11,lumayan bagus cuyy
Pengguna Google,5,2026-05-24 00:06:56,Good
Pengguna Google,3,2026-05-24 00:05:36,kalo mau masuk tiktok dia nya keluar trus
Pengguna Google,5,2026-05-24 00:04:41,bagusss bgttt
Pengguna Google,5,2026-05-24 00:04:05,"mantabb obat bt,dapet cuan pula.."
Pengguna Google,1,2026-05-24 00:02:29,Kok Nggak ada aplikasi nya waktu did download?
Pengguna Google,1,2026-05-24 00:01:29,akun saya tidak fyp🤬😡🤬🤬😡😡😡🤬🤬🤬🤬🤬🤬
Pengguna Google,5,2026-05-24 00:01:10,gacor selalu
Pengguna Google,5,2026-05-24 00:00:05,"aplikasi kebanyakan bugnyaa,update setiap saat bug kaga dibenerin hadehhhhh sengaja gua kasih bintang 5 biar ni komen paling atas"
Pengguna Google,1,2026-05-23 23:57:49,"KEBANYAKAN TREN GA BERMUTU, GA MENDIDIK, YANG PAKAI BOCIL BOCIL PULA. TIDAK ADA BLOK/REPORT KONTEN ORANG LAIN, MASIH MENDING SCROLL DI APK MERAH DISEBELAH BISA PARENTING ADV."
Pengguna Google,5,2026-05-23 23:56:10,"tiktok bagus banget sih banyak video"" menghibur buat kita , pliss ya Fyp in akun aku"
Pengguna Google,5,2026-05-23 23:55:17,apk nya bagus tp mohon kalo update ratain semua dong
Pengguna Google,1,2026-05-23 23:55:05,"kebanyakan iklan dri aplikasi lain, lagi buka aplikasi lain tiba tiba masuk sendiri ke tiktok, bener bener bkin emosi. setelah update bukan makin bagus malah makin buruk."
Pengguna Google,4,2026-05-23 23:53:46,bagus tapi MB nya kebesaran
Pengguna Google,5,2026-05-23 23:48:39,bagus banget tik tok sukaaa krna bisa nonton eii ara putri pinilih
Pengguna Google,5,2026-05-23 23:46:11,akun ke apah ko tiktok ku ga bisa live
Pengguna Google,5,2026-05-23 23:44:10,menonton
Pengguna Google,5,2026-05-23 23:43:45,terimakasih tiktok menghemat waktuku di game beriklan
Pengguna Google,2,2026-05-23 23:42:37,"kok tiktok susah banget mau masuk trs pas udah masuk tiba tiba keluar sendiri, dan ini sering terjadi, ngelag parah lagi"
Pengguna Google,5,2026-05-23 23:41:45,okelah👍👍
Pengguna Google,5,2026-05-23 23:41:01,keren
Pengguna Google,5,2026-05-23 23:39:34,seru banget tapi aku kasih bintang 4 karena kalo Masuk langsung ke tiktokshop tapi seruu
Pengguna Google,5,2026-05-23 23:35:15,tiktok afk terbaik fitur pointnya bnyk gua sih like bngt
Pengguna Google,5,2026-05-23 23:34:10,sempurnaa🫰
Pengguna Google,5,2026-05-23 23:31:03,aplikasi ini bagus tapi cuma menguras aplikasi doang
Pengguna Google,5,2026-05-23 23:27:58,"pokoknya seru bgt kalau udh megang tiktok, bsa mempelajari hal² baru dll"
Pengguna Google,1,2026-05-23 23:26:02,kurang suka aja
Pengguna Google,5,2026-05-23 23:23:25,keren
Pengguna Google,5,2026-05-23 23:23:16,bagus👍
Pengguna Google,5,2026-05-23 23:19:45,sungguh bahagia dan sejahtera bersama tiktok bisa punya keluarga ygramah tamah apapun keinginan belanja cepat tepat pas barang yg di ingin kanya
Pengguna Google,4,2026-05-23 23:16:55,akun aku di blokir Mulu padahal umur aku udah 14 mending download tiktok lite walaupun masih di bawah umur ga bakal ke blokir akun aku udah 5 kali Cok di blokir 😭
Pengguna Google,4,2026-05-23 23:16:29,kadang ngeleg trus klo buka pasti langsu ng ke tiktok shop
Pengguna Google,1,2026-05-23 23:16:22,"kecewa sama tiktok ini ,masak GK bisa d buka trs"
Pengguna Google,2,2026-05-23 23:04:38,lag
Pengguna Google,5,2026-05-23 23:02:45,laku suka vn
Pengguna Google,3,2026-05-23 23:02:08,seru banget aja gitu
Pengguna Google,5,2026-05-23 22:55:42,bagus
Pengguna Google,5,2026-05-23 22:54:32,lumayan buat hiburan 😊
Pengguna Google,5,2026-05-23 22:47:54,Aplikasi ini sangat seru dan berguna untuk melihaat tutorial memasak kikil kan disitu ada tutorialnyaa aku juga senang .. btw cara update roblok gimna tips nya donk
Pengguna Google,2,2026-05-23 22:45:10,sekarang jadi erro sering bgt lelet
Pengguna Google,5,2026-05-23 22:41:41,seru banget banyak vidio
Pengguna Google,5,2026-05-23 22:35:52,baik selau oke
Pengguna Google,5,2026-05-23 22:31:21,bagus
Pengguna Google,2,2026-05-23 22:25:46,sering force close
Pengguna Google,1,2026-05-23 22:24:07,tiktok nya kok ga ada suaranya tolong diperbaiki
Pengguna Google,1,2026-05-23 22:23:35,tidak bisa dibuka
Pengguna Google,1,2026-05-23 22:22:10,Noh ambil tuh iklan sampah lu dimana mana nggak uninstall sekarang apk lu
Pengguna Google,5,2026-05-23 22:10:58,aplikasi bagus banget buruan kalian cobain oh iya jangan lupa kasih vitur vn dong mimin tiktok ni🤭
Pengguna Google,4,2026-05-23 22:09:48,suka tapi banyak yg prlu di tingkat kan..
Pengguna Google,5,2026-05-23 22:03:58,Untuk Poin tugasnya tolong di tambah lagi biar makin gede peroleh cuanya
Pengguna Google,1,2026-05-23 22:03:13,"tiktok aneh banget, banyak bug aneh, tiba² layarnya ngezoom gitu, padahal aku mau scroll bawah trus ke atas lgi"
Pengguna Google,5,2026-05-23 22:02:21,bagus jadi mengerti keadaan / suasana luar dan bermanfaat
Pengguna Google,5,2026-05-23 21:51:03,aku bisa punya pacar kenal dari aplikasi ini
Pengguna Google,3,2026-05-23 21:46:10,"tolong update lagi, kesulitan baca komentar dan upload video pun juga sangat lelet padahal jaringan stabil"
Pengguna Google,5,2026-05-23 21:37:57,Knp tiktok ku gak bisa apdet lagi
Pengguna Google,4,2026-05-23 21:31:08,aplikasi nya sih bagus tapi knp payleter saya nggk bisa di pke lgi padahal limit nya udah lumayan byar juga nggk pernah telat kecewa banget lah
Pengguna Google,5,2026-05-23 21:25:53,sangat menghibur
Pengguna Google,5,2026-05-23 21:23:47,bagus
Pengguna Google,3,2026-05-23 21:15:59,Sekarang titok eror suka keluar sendiri.
Pengguna Google,1,2026-05-23 21:08:58,tiktok aplikasi paling buruk orang orang yang live cuman taunya duduk berbaring gift di minta kalah sama live aplikasi sebelah
Pengguna Google,2,2026-05-23 21:08:41,sangat banyak bug nya saya kan lagi buka aplikasinya tiba tiba keluar lagi dan saat pencet pencarian layar tiba-tiba jadi putih tolong diperbaiki lagi
Pengguna Google,5,2026-05-23 21:05:43,top
Pengguna Google,5,2026-05-23 21:02:34,👍
Pengguna Google,5,2026-05-23 20:48:12,mengapa aku tidak bisa membalas komentar dengan dengan video
Pengguna Google,1,2026-05-23 20:41:43,"cara melihat kode rujukan sendiri tidak ada, bahkan halaman undangan tidak ada, sudah lapor dan tanya jawaban sama gak menyelesaikan Msalah, coba di perbaiki lagi app tiktoknya."
Pengguna Google,5,2026-05-23 20:40:02,bikin santay anjay
Pengguna Google,1,2026-05-23 20:36:00,kenapa setiap hari harus slalu login terus
Pengguna Google,3,2026-05-23 20:34:37,sangat bagus
Pengguna Google,5,2026-05-23 20:26:09,sangat baik
Pengguna Google,1,2026-05-23 20:24:51,sering error aplikasi tidak menanggapi
Pengguna Google,1,2026-05-23 20:19:33,knp tiktok nya kaya gini uyyyyyyy batal masuk lagi donlod
Pengguna Google,1,2026-05-23 20:18:56,banyak error nya saya cape klo harus hapus data atau cache
Pengguna Google,1,2026-05-23 20:16:53,"APIKASI PALING BUSUK DAN TIDAK BERGUNA, SEMAKIN HARI SEMAKIN ANEH, UDAH DI UPDATE KE VERSI YANG BARU MALAH SERING BUG DAN DELAY, RAM DAN CECEH MAKIN BERTAMABAH, APLIKASI SAMPAH KURANG BAGUS⭐️😡👎"
Pengguna Google,1,2026-05-23 20:16:13,buruk sekali
Pengguna Google,1,2026-05-23 20:10:35,"Jangan buang uang kalian untuk promosikan video kalian di tiktok, cukup saya yang sudah rugi besar waktu promosikan video tapi yang like dan komen cuma bot, itu adalah permainan tiktok, seakan-akan banyak yang nonton dan like tapi sebenarnya tidak. Sekali lagi jangan buang uang kalian untuk promosikan video di tiktok."
Pengguna Google,1,2026-05-23 20:01:09,sistem ai tiktok bobrok
Pengguna Google,5,2026-05-23 19:59:22,blokir langanan
Pengguna Google,5,2026-05-23 19:58:21,good
Pengguna Google,5,2026-05-23 19:52:05,sangat puas dengan aplikasi ini
Pengguna Google,5,2026-05-23 19:44:16,game ny baguss
Pengguna Google,1,2026-05-23 19:39:34,saya ga dapat notifikasi tiktok di kotak masuk saya kira kira kenapa ya padahal udh di update juga
Pengguna Google,5,2026-05-23 19:31:57,Tolong cek seperti ada spam....infinix x628 kenapa bisa....padahal ini samsung
Pengguna Google,2,2026-05-23 19:19:28,update lama ga serentak
Pengguna Google,5,2026-05-23 19:16:33,"tiktok sangat"" bagus"
Pengguna Google,5,2026-05-23 19:15:21,ok
Pengguna Google,1,2026-05-23 19:11:23,banned terus. AI anda yg rusak
Pengguna Google,5,2026-05-23 19:02:22,keren
Pengguna Google,2,2026-05-23 18:54:12,te k buka
Pengguna Google,4,2026-05-23 18:49:21,"hastag limit 5, age restrictions, but it's kinda fun ngl"
Pengguna Google,5,2026-05-23 18:39:00,memuaskan
Pengguna Google,5,2026-05-23 18:36:29,ok menyenangkan
Pengguna Google,5,2026-05-23 18:25:23,nonton tik tok dapat poin poin bisa dikumpul kan diganti IDR/uang.
Pengguna Google,5,2026-05-23 18:14:51,Sya suka menonton tiktok tiek
Pengguna Google,5,2026-05-23 18:06:25,enakk ajahh gitu
Pengguna Google,5,2026-05-23 18:05:30,sangat rekomendasi 👍 bagus
Pengguna Google,5,2026-05-23 18:05:22,good
Pengguna Google,5,2026-05-23 18:04:51,tik tok sudah kelas tinggi saya menghibur sekali
Pengguna Google,1,2026-05-23 17:51:41,"ga bisa liat komentar, ga bisa liat live,. ga bisa balas komentar., ga bisa liat foto., anjir guweh dibungkam sama tiktok kaga boleh bebas main tiktok"
Pengguna Google,3,2026-05-23 17:51:02,"tiktok lama"" kaya game ff agak anehh"
Pengguna Google,5,2026-05-23 17:43:49,sangat menghibur
Pengguna Google,5,2026-05-23 17:36:20,aku mau firn
Pengguna Google,5,2026-05-23 17:34:51,bagus
Pengguna Google,5,2026-05-23 17:33:30,keren
Pengguna Google,3,2026-05-23 17:28:13,lemot bgts ..selalu lok out sendiri.keluar dari aplikasi sendiri .pdhl udah d update .hps cace..ttp aja..memory q masih ull hadeh
Pengguna Google,5,2026-05-23 17:23:20,oke
Pengguna Google,5,2026-05-23 17:20:17,bagus
Pengguna Google,5,2026-05-23 17:19:55,apk yg sangat baik sekali di pakai hiburan nonton dan mencari penghasilan
Pengguna Google,5,2026-05-23 17:18:34,apk sangat membantu
Pengguna Google,1,2026-05-23 17:17:55,semakin di update semakin buruk
Pengguna Google,5,2026-05-23 17:16:05,bagus bnget
Pengguna Google,5,2026-05-23 17:15:42,bagus banget
Pengguna Google,1,2026-05-23 17:15:37,bug audio ketika live game.
Pengguna Google,3,2026-05-23 17:14:08,"kenapa live game mobile grafik nya buruk seperti 240p, sedangkan aku live itu selalu 1080p, device Xiaomi pad 6"
Pengguna Google,5,2026-05-23 17:13:43,"segala info ada semua disini, makasih ya."
Pengguna Google,1,2026-05-23 17:08:10,min tolong jangan di matikan foto yang ada di komentar
Pengguna Google,3,2026-05-23 17:06:39,kadang keluar sendiri
Pengguna Google,1,2026-05-23 17:04:33,"kenapa pas mau post foto itu selalu ke kompres dan jadi pecah' burik, mohon di perbaiki"
Pengguna Google,5,2026-05-23 17:01:16,sangat puas
Pengguna Google,2,2026-05-23 16:57:22,tidak tau mengapa apk tiktok sering membuat HP saya bug tapi saat membuka aplikasi lain tidak ada bug nya tapi kalau buka aplikasi tiktok ada saja bug nya
Pengguna Google,5,2026-05-23 16:54:46,sanggat puas.cuman terkadang kasah sedikit langsung kena spam
Pengguna Google,1,2026-05-23 16:54:31,gak bisa di update
Pengguna Google,5,2026-05-23 16:54:06,mantap
Pengguna Google,1,2026-05-23 16:53:01,sering eror..ada tulisan sistem tidak menanggapi.tolong di perbaiki yaa padahal jaringan bagus
Pengguna Google,1,2026-05-23 16:50:12,ayolah tiktok banyak juga yang komplain kenapa eror banget bikin bad mood ga bisa dibuka mulu harus hapus terus download lagi CEPATLAH PERBAIKI BIAR GA EROR
Pengguna Google,4,2026-05-23 16:48:54,saya pakai aman² saha gaada kendala
Pengguna Google,5,2026-05-23 16:46:15,apk ini sangat bagus
Pengguna Google,1,2026-05-23 16:45:29,apasi tiktok ini pas udah di update malah kembali¹ sendiri gitu
Pengguna Google,5,2026-05-23 16:40:20,👍👍👍
Pengguna Google,5,2026-05-23 16:34:25,ok
Pengguna Google,3,2026-05-23 16:33:11,sering muncul pl gajelas di aju banding malah kena score tidak bisa aju banding padahal sesuai live tiktok tidak melanggar panduan komunitas
Pengguna Google,5,2026-05-23 16:32:41,Terima kasik atas aplikasi tiktok
Pengguna Google,1,2026-05-23 16:32:12,tolong di perbaikiin aja nih tik tok soalnya suka tiba²error dan keluar sendiri padahal saya tidak ngapa²in
Pengguna Google,1,2026-05-23 16:26:07,karena banyak app ku terhapus gabisa di instal
Pengguna Google,5,2026-05-23 16:22:39,aplikasi ini terlalu bagus
Pengguna Google,3,2026-05-23 16:17:02,"kenapa setiap saya buka vidio suara nya duluan yg keluar tapi vidio nya lambat muncul makin kesini tiktok udah nyeleneh apk nya ,setiap mau scrol vidio pasti lambat dan terkadang lagi enak nonton vidio malah nutup /keluar sendiri dari aplikasi udh kacau banget ni tiktok udh GX seru tolong dong di perbaiki sistem nya biar GK lelet lagi respon nya kalo mau nonton vidio di tiktok sinyal udh kenceng terkadang udh pake wifi masih aj respon nya lamban kacau kacau"
Pengguna Google,5,2026-05-23 16:11:39,luar biasa
Pengguna Google,5,2026-05-23 16:09:34,mantap
Pengguna Google,5,2026-05-23 16:09:08,bagus
Pengguna Google,5,2026-05-23 15:59:27,apknya bagus
Pengguna Google,5,2026-05-23 15:58:25,sangat membantu sekali . untuk berkarya dengan semestinya didalam menjalankan berkreasi dengan baik. berkarya dengan baik selagi masih ada beberapa kesempatan ini.teruslah berkarya dan jangan lupa bersyukur akan kesempatan yang diberikan . untuk semua kreator kreator sukses selalu memberikan manfaat bagi semua orang. didalam menjalankan karya karya lewat aplikasi yang ada. semangat untuk berkarya dengan baik dan benar sesuai aturan yang ada.hindari pelanggaran yang agar selalu aman.jaga sikap.
Pengguna Google,5,2026-05-23 15:58:24,sangat membantu
Pengguna Google,4,2026-05-23 15:54:46,"aplikasi menunjang utk berdagang, sangat efisien"
Pengguna Google,5,2026-05-23 15:53:38,bagus sekali
Pengguna Google,5,2026-05-23 15:53:37,mantap
Pengguna Google,5,2026-05-23 15:52:14,banguss
Pengguna Google,1,2026-05-23 15:52:10,"kenapa makin lama makin aneh, masa setiap scroll tidak bisa kirim stiker, padahal orang lain bisa"
Pengguna Google,5,2026-05-23 15:50:20,rame
Pengguna Google,5,2026-05-23 15:47:22,aku suka sama apk nyaaaa
Pengguna Google,5,2026-05-23 15:46:09,sangat seru aku pengen aktif kan vn
Pengguna Google,5,2026-05-23 15:44:49,"aplikasi sgt menghibur banyak konten"" yg bikin orang terinspirasi mksh"
Pengguna Google,4,2026-05-23 15:41:26,"di aku belum ada fitur foto tata"" letak nya"
Pengguna Google,5,2026-05-23 15:37:20,bgus
Pengguna Google,5,2026-05-23 15:37:05,bagus lah
Pengguna Google,5,2026-05-23 15:35:51,well
Pengguna Google,5,2026-05-23 15:32:56,nyaman
Pengguna Google,1,2026-05-23 15:29:51,ini kenapa ya fidio gw dulu nya ratusan ribu yang nonton sekarang kok mentok 10 yang nonton ini tiktok kenapa dah
Pengguna Google,5,2026-05-23 15:25:08,sangat bagus 👍🏻👍🏻
Pengguna Google,5,2026-05-23 15:22:51,menarik
Pengguna Google,1,2026-05-23 15:21:43,"kenapa sih pas ngirim laporan penipuan meniru itu akun nya gada terjadi apa"" minimal kyak di blok permanen gtu lh ini gada respon tolong ya laporan nya di tanggapi cpt"
Pengguna Google,1,2026-05-23 15:20:54,"tolong ini kok aplikasinya aneh tiba tiba keluar sendiri terus ada tulisan ""aplikasi telah berhenti"" gimana pliss😭"
Pengguna Google,5,2026-05-23 15:15:55,ᥡᥲ ᑲᥲgᥙs
Pengguna Google,5,2026-05-23 15:15:46,kenapa sering kali tidak bisa digunakan dan login terus padahal jaringan internet aman. setelah di update jadi gak lancar lagi tiap scrool tiktok
Pengguna Google,5,2026-05-23 15:12:51,tiktok ak ga adasorotan vn telepon tolong perbarui (＾ｖ＾)
Pengguna Google,4,2026-05-23 15:08:28,aplikasi nya mengecewakan sudah berusaha cari followers tapi malah akun nya di blokir
Pengguna Google,5,2026-05-23 15:03:00,seru banget liat tiktok bisa juga live Tik tok
Pengguna Google,1,2026-05-23 15:02:39,"tampilan profile nya kenapa di ubah jadi jelek banget, tolong dikembalikan seperti semula"
Pengguna Google,5,2026-05-23 15:00:52,lumayan menarik
Pengguna Google,5,2026-05-23 14:55:56,good luck
Pengguna Google,5,2026-05-23 14:51:22,TikTok ini sangat bagus sekali buat saya.
Pengguna Google,5,2026-05-23 14:50:52,saya suka aja melihat berbagai acara di tiktok
Pengguna Google,1,2026-05-23 14:49:54,"iklannya maksa bngt, udah pencet silang ttep ke buka apknya."
Pengguna Google,5,2026-05-23 14:47:47,Bismillah semoga bermanfaat bagi kita semua. amin
Pengguna Google,4,2026-05-23 14:47:37,"kadang lemot bangett,tiba-tiba juga kembali sendiri"
Pengguna Google,4,2026-05-23 14:46:44,keren
Pengguna Google,5,2026-05-23 14:45:56,bagos
Pengguna Google,4,2026-05-23 14:45:54,gatau nih jadi sering patah patah video nya
Pengguna Google,2,2026-05-23 14:44:16,susah banget tambah lemot
Pengguna Google,5,2026-05-23 14:40:54,Baguusss
Pengguna Google,5,2026-05-23 14:39:15,bagus dan bisa menghasil kan uang
Pengguna Google,4,2026-05-23 14:38:30,gambar template ini kasian juga in sebelumnya
Pengguna Google,5,2026-05-23 14:37:47,Apk yang bagus.
Pengguna Google,5,2026-05-23 14:34:44,baik
Pengguna Google,1,2026-05-23 14:34:38,"Aplikasi dengan standar ganda yang buruk dalam moderasi. Sistem sangat sensitif mendeteksi hal sepele seperti asap atau api pada konten organik, tetapi sengaja meloloskan iklan berbayar dengan visual ekstrem yang memicu trypophobia (seperti ketombe parah, kulit mengelupas, dan tekstur tubuh yang rusak secara close-up). TikTok sengaja mengeksploitasi rasa jijik dan fobia pengguna demi mempertahankan watch time dan meraup keuntungan dari pengiklan komersial. Meresahkan dan merusak kenyamanan!"
Pengguna Google,1,2026-05-23 14:32:52,Gak pernah gagal aplukasi yg oaling di butuh kan semua umat
Pengguna Google,5,2026-05-23 14:31:34,ok
Pengguna Google,5,2026-05-23 14:31:29,bagus aplikasinya
Pengguna Google,5,2026-05-23 14:26:08,mantap sangat senang trmksh
Pengguna Google,5,2026-05-23 14:25:44,"tiktokk,akun basmalahgralind centang biru in donggg,dia udh bnyk loh followersnya"
Pengguna Google,3,2026-05-23 14:23:41,new features never exist in me
Pengguna Google,5,2026-05-23 14:21:25,ASELI ENAK MASUKAN TEKS
Pengguna Google,5,2026-05-23 14:20:50,Masih ada bug tolong di benerin
Pengguna Google,4,2026-05-23 14:20:49,tik tok kasih aku vitur vn nanti aku kasih bintang lima
Pengguna Google,5,2026-05-23 14:16:39,bagus karna ada tira love emip
Pengguna Google,3,2026-05-23 14:16:16,kenapa fitur reward nya gak bisaa tolong kasi tau sarannya
Pengguna Google,3,2026-05-23 14:12:03,kurang ramah untuk hp kentang seperti hp saya;) but ok la
Pengguna Google,5,2026-05-23 14:12:02,kerena aku banyak polower
Pengguna Google,5,2026-05-23 14:09:13,bagus naget
Pengguna Google,5,2026-05-23 14:09:05,hai tiktok ini kok gk ada gratis ongkir banyak yang mahal mahal ongkir nya saya mau beli barang tapi gapapa kok tiktok kamu membuat apkasi ini bagus sih
Pengguna Google,1,2026-05-23 14:06:31,"ga banget sekarang, kirain hp ku yang konslet soalnya tiap mau login ngeleg dan sering muncul TIKTOK TIDAK MENGAPI tapi fi apk yang lain lancar' saja"
Pengguna Google,1,2026-05-23 14:05:49,"kenapa akhir akhir ini tiktok suka mental keluar dari aplikasi sendiri, mengecewakan,tolong di perbaiki lagi"
Pengguna Google,5,2026-05-23 14:03:14,Ok
Pengguna Google,1,2026-05-23 14:03:05,di saya tidak muncul tiktok mall tidak bisa belanja aneh
Pengguna Google,3,2026-05-23 14:02:23,semakin jaya
Pengguna Google,5,2026-05-23 14:02:08,nanti follow akun tiktok aku ya namanya korizen Salma
Pengguna Google,1,2026-05-23 14:01:45,"kebanyakan update tapi makin parah apk.nya makin suka eror tb"" keluar sendiri live tb"" keluar"
Pengguna Google,4,2026-05-23 14:00:06,bagus
Pengguna Google,5,2026-05-23 13:59:34,mantap hidup jadi banyak warna
Pengguna Google,3,2026-05-23 13:58:23,istal nya sagat lama
Pengguna Google,1,2026-05-23 13:56:30,kenapa ya setiap buat akun selalu ke blok terus
Pengguna Google,5,2026-05-23 13:55:45,kok habis update tiktok saya endk bisa buka
Pengguna Google,5,2026-05-23 13:54:14,mengasyikkan
Pengguna Google,2,2026-05-23 13:53:52,"Jaringan jelek, masa baca au aja loading nya lama banget"
Pengguna Google,1,2026-05-23 13:53:25,"tiktok sekrang iklany banyak banget,makin lama makin lag juga tolongya lag nya di perbaiki,dan iklan nya juga tolong dikurangi"
Pengguna Google,5,2026-05-23 13:53:23,mmenghibur
Pengguna Google,1,2026-05-23 13:52:53,banyak bug
Pengguna Google,5,2026-05-23 13:52:30,saya sangat terhibur
Pengguna Google,5,2026-05-23 13:49:37,bagusss
Pengguna Google,5,2026-05-23 13:47:41,lumayan buat hiburan 👍
Pengguna Google,4,2026-05-23 13:47:00,sangat bagus
Pengguna Google,5,2026-05-23 13:46:46,wow walau ngeleg tapi bagu
Pengguna Google,5,2026-05-23 13:44:44,apk no iklan
Pengguna Google,5,2026-05-23 13:43:58,Bagus banget
Pengguna Google,5,2026-05-23 13:43:48,Mantap👍👍
Pengguna Google,5,2026-05-23 13:43:16,bagus banget apk nya
Pengguna Google,3,2026-05-23 13:40:30,sa sdh promosi kan tapi like nya nda naik' ngestak di 6 like itupun yg like tmn ku
Pengguna Google,5,2026-05-23 13:40:20,nice
Pengguna Google,5,2026-05-23 13:39:55,aplikasi paling bagus dan keren
Pengguna Google,1,2026-05-23 13:39:20,"upload video ga mauu,30%mulu dari tadi tolong di perbaiki buruk Banget tiktok sekarang"
Pengguna Google,1,2026-05-23 13:37:30,"Sedang live pro tiba""terkena pelanggaran. alasan pelanggaran nya,, pelanggaran posting ulang video, kan tidak masuk akal..! sedangkan saya itu live.."
Pengguna Google,3,2026-05-23 13:35:20,"gw bakal kritik tiktok lagi nih, nah misalnya gw lagi pencet akun orang atau lagi lihat video yang gw simpan terus gw mau pencet tanda yang di kiri atas buat keluar, malahan balik lagi ke menu fyp aneh"
Pengguna Google,5,2026-05-23 13:34:11,bagus
Pengguna Google,5,2026-05-23 13:33:52,GOOD
Pengguna Google,5,2026-05-23 13:32:07,Sangattttttttt berguna
Pengguna Google,5,2026-05-23 13:27:31,seharusnya kalo kita mengirim vidio bisa didownload lewat DM man
Pengguna Google,4,2026-05-23 13:27:00,"setiap mau bagiin vt ke teman ku di tiktok tuh selalu ga bisa,ga bisa kenapa? gabisa kirim vt nya, soalnya yang bisa di kirim vt tuh ke akun ku dan salah satu grup (di tiktok),tetapi waktu dulu tuh tidak seperti itu,ga tau kenapa tiba"" seperti itu, padahal jaringan ku lancar"" saja, tidak ngelag😮‍💨"
Pengguna Google,1,2026-05-23 13:25:48,ini gimana tiktok ? saya upload vt stuck di 30% terus sampe gabisa upload
Pengguna Google,5,2026-05-23 13:25:07,tiktok ini bagus dan menarik saya senang sekali
Pengguna Google,5,2026-05-23 13:21:27,mantap
Pengguna Google,1,2026-05-23 13:21:19,jangan sok asik plis pas lagi baca wattpad
Pengguna Google,1,2026-05-23 13:19:15,nyien apk teh nu baleg atuh kalah kah loba nu te parantes ngewa kitu teh
Pengguna Google,4,2026-05-23 13:18:50,Untuk tiktok proses download di percepat ys
Pengguna Google,5,2026-05-23 13:17:36,bagus dribell💜🥰
Pengguna Google,1,2026-05-23 13:17:05,banyak SDM rendah
Pengguna Google,1,2026-05-23 13:16:47,gk bisa kirim chat
Pengguna Google,5,2026-05-23 13:16:12,wow keren singkat kan
Pengguna Google,5,2026-05-23 13:13:50,konten seru seru
Pengguna Google,5,2026-05-23 13:13:33,mantap
Pengguna Google,5,2026-05-23 13:09:27,mantapppp
Pengguna Google,3,2026-05-23 13:09:25,"efek sulap slowmo nya jadi patah"" jadi males buat velocity"
Pengguna Google,3,2026-05-23 13:06:21,tolongg fix akun yang belum punya fitur terbarunya tik tok seperti vn dan fitur sorotan.
Pengguna Google,5,2026-05-23 13:06:17,sangat rekomendasi buat kalian yang mau download
Pengguna Google,3,2026-05-23 13:04:28,baru nyoba
Pengguna Google,5,2026-05-23 13:04:14,"emang bagus banget nih apk pokoknya debes,tapi bikin lh semua tiktok bisaaa vn"
Pengguna Google,4,2026-05-23 13:04:07,👍🏻👍🏻👍🏻👍🏻
Pengguna Google,5,2026-05-23 13:03:17,"Keren keren banget keren banget seru seru banget bagi buat scroll tik tokkeren mau ngomong apa lagi ya aku bingung ...................................................................................,..........................,.,.,.,.,.,.,.,.,.,.,.,.,.,.,.,.,.,.,.,.,.,.,.,.,.,.,.,.,.,.,.,.,.,.,.,.,.,.,.,.,.,.,aku gabut 1 tahun gak main hp aku ingin banget jadi drummer ............................,.,.,..,.,.,.,.,.,.,..,.,.,.,.bay bay"
Pengguna Google,5,2026-05-23 13:01:26,tiktok bagus dan banyak teman dan hiburan
Pengguna Google,5,2026-05-23 13:01:01,bagussss
Pengguna Google,5,2026-05-23 13:00:41,kenapa sering gabisa dibuka keuntungan pihak pembuat kah?
Pengguna Google,2,2026-05-23 12:58:39,"udah capek capek bikin konten malah views nya malah nge stuck di 0,ini eror apa gimana"
Pengguna Google,1,2026-05-23 12:58:20,ngAbisin paket sehari 20-35Gb apaan Padahal Scrol jarang!!
Pengguna Google,5,2026-05-23 12:56:38,bisa menonton apa saja
Pengguna Google,5,2026-05-23 12:56:26,buagus pollll
Pengguna Google,1,2026-05-23 12:52:43,saldo kurang sendiri padahal gak beli coin tiktok di transaksi pembelian coin
Pengguna Google,5,2026-05-23 12:50:38,assalamualaikum warahmatullahi wabarakatuh saya ingin memberikan sara tolong kalau aku aku yang terbengkalan seperti Nurita Diana aku saya yang lama bisa di hapus karna seperti tidak berguna lewat selalu di fyp tiktok padahal saya sudah gak perlu lagi dan gak pernah login lagi sekian modon kebersamaannya. assalamualaikum warahmatullahi wabarakatuh 🙏🏼🙏🏼🙏🏼
Pengguna Google,5,2026-05-23 12:50:08,oke
Pengguna Google,5,2026-05-23 12:47:47,bagus sekLi
Pengguna Google,5,2026-05-23 12:45:37,bagus
Pengguna Google,5,2026-05-23 12:45:02,sukaa
Pengguna Google,1,2026-05-23 12:44:24,"ngelag pke banget, sering tiba"" kluar apk sendiri bikin ga mood wktu lgi scroll"
Pengguna Google,3,2026-05-23 12:43:52,Baik
Pengguna Google,3,2026-05-23 12:43:04,"tiktok akhir² ini bikin kesel sumpah, udh hampir 1 bulan nih tiktok ngeleg mulu ga bisa di scroll dan keluar sendiri, bahkan saya jadi mls buat liatnya, tolong dong di tanggepin kritik dan saran dari pengguna nya agar di perbaiki, supaya pengguna bisa puas. Jadinya saya ga buka² tiktok selama hampir 1 bulan mana streak yg udh banyak hangus semua lagi😭, saya tunggu kabar baiknya 🙏🏼"
Pengguna Google,5,2026-05-23 12:42:10,good
Pengguna Google,5,2026-05-23 12:42:03,bagus banget mantap banget pokoknya mantap deh🤩😘
Pengguna Google,1,2026-05-23 12:41:33,Acara pakai tiktok live
Pengguna Google,3,2026-05-23 12:40:58,KESELLL MASA BUG TERUSSS IHH
Pengguna Google,5,2026-05-23 12:38:17,singkat saja aplikasi ini bagus🗿👍
Pengguna Google,1,2026-05-23 12:36:06,Karena ada pembatasan umur 16 THN kebawah tidak boleh dm teman beli alat pancing dan lainnya
Pengguna Google,5,2026-05-23 12:35:39,"saran untuk DEVELOPER TIKTOK, untuk vidio yg kita simpan mungkin bisa di buatkan fitur koleksi biar vidio yg kita simpan tidak ""kecampur - campur"". misalnya, kita suka musik,olahraga,otomotif,motivasi,bisnis dll..., jadi saat kita klik ikon simpan langsung masuk ke kategori koleksi. kalau bisa sih yg otomatis saat kita klik ikon save, lansung masuk ke misalnya koleksi musik..."
Pengguna Google,2,2026-05-23 12:35:36,saya sudah aju bangding live tapi tidak di verifikasi ada masalah apa ini padahal usia saya sudah cukup untuk live
Pengguna Google,5,2026-05-23 12:34:16,aplikasi nya bagusss ....
Pengguna Google,5,2026-05-23 12:33:30,menarik
Pengguna Google,1,2026-05-23 12:32:48,"tik tok taiii,pasti baru scroll beberapa vidio langsung keluar dan ada tulisan TIK TOK TIDAK MENANGGAPI gathellllll"
Pengguna Google,3,2026-05-23 12:32:22,masukkan akun tiktok saya terhubung dengan Facebook
Pengguna Google,5,2026-05-23 12:32:08,seru
Pengguna Google,5,2026-05-23 12:31:22,bagus
Pengguna Google,1,2026-05-23 12:31:01,sya suak asama aplikasi nya tapi karena aku tidak bisa buat akun saya Kalinga bitang 4 saja ya terimakasih
Pengguna Google,5,2026-05-23 12:30:36,bagus
Pengguna Google,5,2026-05-23 12:22:59,mbg mas Bahlil ganteng🤣🤣
Pengguna Google,5,2026-05-23 12:21:35,akun saya tidak bisa live
Pengguna Google,4,2026-05-23 12:21:00,kenapa setiap baru masuk keluar lagi semacam nge lag gituu mungkin ada kesalahan dalam membuat aplikasi tolong di perbaiki 🙏🏻
Pengguna Google,1,2026-05-23 12:20:07,abisin paket
Pengguna Google,3,2026-05-23 12:18:23,"knp video offline isinya beda jauh banget sama beranda utama? yg muncul malah konten normie random yg ga sesuai minat sama algoritma akun😭, tlong rekomendasi offline dibuat lebih sesuai dengan histori tontonan pengguna🙏. overall udh bgus"
Pengguna Google,5,2026-05-23 12:18:09,apk nya bagus bgt bisa tau ada apa aja yang viral dan kekinian aku suka
Pengguna Google,1,2026-05-23 12:13:55,pembaruan menjadi lama
Pengguna Google,5,2026-05-23 12:13:14,mantap bangga😘🥰🤪👍👍👍🏻👍🏻👍🏻👍🏻👍🏻
Pengguna Google,1,2026-05-23 12:12:45,TIKTOK SHOP HILANG GAK MUNCUL !!!
Pengguna Google,4,2026-05-23 12:09:24,good
Pengguna Google,5,2026-05-23 12:08:42,bgus
Pengguna Google,3,2026-05-23 12:06:42,"inii tiktokk,,kenapaa yah aku semnjak repost ulang postingan vidio,,kok malahh jadii ngeleggggg sihh,,dan lama bnget kalau saya mau ke tiktokk nyaa intinya tiktok ini ngelegggg sihh parah tidak seperti biasaa nyaa sihhh tolonggg untukk kesalahann sayaa tolonggg di perbaikiiii lagii yahh jangann sampaii ngelegg lagi kalauu sya bukaa tiktokk tolonggg di bantuuu,,dan di bacaaa"
Pengguna Google,5,2026-05-23 12:04:58,baguss banget
Pengguna Google,5,2026-05-23 12:03:43,Aku beri bintang 5 yah karna bagus
Pengguna Google,5,2026-05-23 12:03:27,seru aja
Pengguna Google,4,2026-05-23 12:02:35,"bagus,cuma agak bosenin KLO di aku"
Pengguna Google,5,2026-05-23 12:01:42,favorit aku
Pengguna Google,4,2026-05-23 11:59:23,pencarian nya error trus tolong ya tik tok ini diperbaiki biar sy bisa cari2 lagi
Pengguna Google,5,2026-05-23 11:57:39,Persib Bandung juara
Pengguna Google,1,2026-05-23 11:56:42,kurang suka sama aplikasinya kadang suka mencet sendiri sama lag padahal gak ada memori tapi suka lag
Pengguna Google,5,2026-05-23 11:55:47,bagus
Pengguna Google,1,2026-05-23 11:54:36,"fitur potongan harga gaada keterangan,pilih kasih ga sama rata muncul di akun nga"
Pengguna Google,1,2026-05-23 11:52:53,kembalikan fitur chatku atau tidak aku akan berhenti main tiktok seumur hidup. nama akunku tyrano 🦖 dan
Pengguna Google,1,2026-05-23 11:52:47,tolong hilangkan kalo secroling jangan ada notifikasi putih itu
Pengguna Google,5,2026-05-23 11:50:30,yeeeeeeeeeah
Pengguna Google,5,2026-05-23 11:42:59,thanks you
Pengguna Google,2,2026-05-23 11:35:35,makin kesini makin lemot😭
Pengguna Google,4,2026-05-23 11:34:44,ok lah
Pengguna Google,5,2026-05-23 11:32:55,di aku ga ada sorotan tiktok 😭😭
Pengguna Google,5,2026-05-23 11:31:37,bagus kalo gabut tinggal buka ini
Pengguna Google,5,2026-05-23 11:31:37,𝕖𝕟𝕒𝕜 𝕒𝕛𝕒
Pengguna Google,1,2026-05-23 11:31:15,data latar belakang nya besar bet
Pengguna Google,4,2026-05-23 11:31:13,sering menjebapkan penuh memori
Pengguna Google,1,2026-05-23 11:30:54,jelek
Pengguna Google,2,2026-05-23 11:30:49,saya baru aja update kok pas mau post gabisa mode foto slide ya?
Pengguna Google,4,2026-05-23 11:30:42,bgs tapi ak blm BS vn
Pengguna Google,5,2026-05-23 11:29:58,bagus bisa buat chat dan banyak video video menarik nya
Pengguna Google,5,2026-05-23 11:28:51,keren
Pengguna Google,5,2026-05-23 11:28:30,tutorial vn gmn caranya?
Pengguna Google,4,2026-05-23 11:27:40,"Saya Sangat terganggu karena fitur pencarian tidak berfungsi normal. Saat saya mengeklik thumbnail video dari hasil pencarian, video tidak terbuka. Layar hanya menampilkan gambar statis tanpa fitur interaksi/overlay (Like, Share, Komentar) & konten tidak berputar. Padahal area tombol tetap bisa dipencet, seolah-olah videonya ada tapi tidak muncul. Masalah ini tetap ada walau sudah update aplikasi."
Pengguna Google,4,2026-05-23 11:27:18,kalau saya mendaftar akun aku saya hilang
Pengguna Google,1,2026-05-23 11:25:27,"pls dh, knp stuck di logo ny lama bgttt bjirrrr"
Pengguna Google,1,2026-05-23 11:25:27,pls tiktok kenapa tidak cukup umur
Pengguna Google,5,2026-05-23 11:20:50,Emang ok
Pengguna Google,2,2026-05-23 11:19:14,ini kenapa ya aku mau ngechat temanku dari tiktok tapi gak bisa sedang kan orang lain bisa nge chat
Pengguna Google,5,2026-05-23 11:18:33,bgus bnget aplikasinya tanpa ada gangguan
Pengguna Google,4,2026-05-23 11:18:18,seruu tapi tidak bisa gratis ongkir
Pengguna Google,5,2026-05-23 11:17:30,bagus bgt
Pengguna Google,5,2026-05-23 11:17:14,bagus bisa scroll scroll sepuasnya tapi aku gaada fitur vn gimana caranya ya
Pengguna Google,5,2026-05-23 11:16:33,"bagus, untuk menonton dan vidio nya jelas pokoknya wort it bangett"
Pengguna Google,1,2026-05-23 11:16:01,"akun tiba' dihapus, dan tidak jelas alasannya"
Pengguna Google,1,2026-05-23 11:13:34,"sering patah² gak jelas. Padahal memori masi full, sering kena pelanggaran GAK JELAS juga. aneh"
Pengguna Google,4,2026-05-23 11:12:00,bgus TPI kadang suka tiktok tidak menanggapi gitu doang sih
Pengguna Google,2,2026-05-23 11:05:12,"aplikasi ini sudah bagus ada tiktok shop nya yang bergabung dengan tokped, sayang nya di HP saya (Vivo y12s) saat membuka tiktok sangat lemot banget bahkan nge freeze macet kadang keluar sendiri... ternyata bukan hanya terjadi pada HP saya di HP teman dan istri saya juga mengalami hal yang sama... tolong lah diperbaiki masalah tersebut.. agar pelanggan puas , semoga segera diproses"
Pengguna Google,1,2026-05-23 11:02:49,"kenapa setelah update versi terbaru sering lag dan freeze sendiri terus sering muncul ""tiktok tidak menanggapi"" sebel banget udah nggak menanggapi lag pula padahal sinyal bagus 5G ram hp saya kapasitas 6GP masih sisa banyak banget bug sinyal nya meresahkan banget"
Pengguna Google,5,2026-05-23 11:02:41,kok ga ada keranjang kuning mohon di perbaiki ya admin
Pengguna Google,5,2026-05-23 11:02:31,gamenya bagus ya bagus bagus bagus tapi ..
Pengguna Google,1,2026-05-23 11:01:42,tololl ngapa harus bisa di pake di 2 hp sih anj gak ada jadinya privasi gua di liatin trus (chat chat vidio buatan gua)
Pengguna Google,3,2026-05-23 11:00:12,"ini aplikasi konsepnya bagus, tapi moderator tiktok kayak tidak saya bisa melihat video tidak ramah dan di repot membutuhkan waktu yang lama pls moderator atau pengawasan video di tingkat kan."
Pengguna Google,5,2026-05-23 10:56:20,bagus penontonnya n banyak tapi sering eror atau ke blokir sendiri
Pengguna Google,3,2026-05-23 10:56:03,"Tolong di perbaiki Saya Kalau mau lihat tiktok akun selalu kepental, Mohon di perbaiki🙏"
Pengguna Google,5,2026-05-23 10:55:56,seting facebook sulit
Pengguna Google,2,2026-05-23 10:53:02,"ini tiktok kenapa yaa aku ga ngelakuin pelanggaran apapun tapi langsung di blokir permanen terus ga bisa buat akun lagi malah ""AKUN ANDA SEDANG Di TANGGUHKAN"" jadi gabisa buka tiktok lagii tolongg perbaiki"
Pengguna Google,1,2026-05-23 10:51:28,"tiktok, kenapa tiktok aku ga ada foto live nya, cuma ad di beberapa hp doang aku kga ada,gmna ni tiktok Adain di hp Vivo y20, dll yng blm ad vitur foto live nya donggg males banget ih"
Pengguna Google,5,2026-05-23 10:50:18,Bagus
Pengguna Google,1,2026-05-23 10:48:49,"ini tiktok shop saya menghilang, gimana cara balikinnya???"
Pengguna Google,5,2026-05-23 10:47:50,seruuuu aplikasi sejuta umat
Pengguna Google,1,2026-05-23 10:44:30,aplikasi tiktok nya kok ga ada live nya padahal pengikut aku udah 101
Pengguna Google,5,2026-05-23 10:42:00,top
Pengguna Google,5,2026-05-23 10:41:54,lemot
Pengguna Google,1,2026-05-23 10:41:18,I've updated my TikTok but there's no live photo feature. Please help TikTok even though my phone supports live photos. What should I do?
Pengguna Google,1,2026-05-23 10:39:23,tiap kalo buka tik tok harus updet trus
Pengguna Google,2,2026-05-23 10:37:44,"ini tiktok kenapa coba?di buka apknya malah lag gajelas padahal memo masih luas,cache udah dihapus masih aja lag,giliran mau didownload ulang malah gabisa,tolong dong tiktok kasih kejelasan"
Pengguna Google,1,2026-05-23 10:37:25,fitur shadowban itu mesti dihapus.
Pengguna Google,5,2026-05-23 10:34:47,bagus
Pengguna Google,3,2026-05-23 10:33:47,"ui nya jangan diubah Mulu dong min tiap update, berasa aneh aja lihat ui nya ganti², apalagi pas liat profil kita berasa aneh"
Pengguna Google,5,2026-05-23 10:33:11,Knp ga mendownload ya
Pengguna Google,5,2026-05-23 10:33:00,sangat baik
Pengguna Google,5,2026-05-23 10:32:27,menyala tiktok ku
Pengguna Google,3,2026-05-23 10:31:39,"kalo bisa di satuin aja, misalnya mode lite animasi nya di hapus kek tiktok lite, cuma sekedar saran, dari pada mengembangkan 2 aplikasi, tapi ya kalo bisa tiktok litenya bisa liat stiker ya"
Pengguna Google,5,2026-05-23 10:31:27,sangat baik
Pengguna Google,5,2026-05-23 10:30:26,apsi ni tiktok? DARI TADI SAYA MAU UPDATE KEULANG JADI 01 LAGI. TD UDAH 69% MALAH KEULANG
Pengguna Google,5,2026-05-23 10:29:26,"aplikasi ini sering patah patah dan juga sering nge bug, dan tapi kalau tiktok bisa offline bisa semakin banyak pengguna nya😀"
Pengguna Google,1,2026-05-23 10:29:17,"di update malah kebanyakan iklan slot nya dari pada video tiktok video Viral, bahkan sering muncul ""anda tidak terhubung ke internet"" makin ke sini makin aneh tiktok sekarang"
Pengguna Google,5,2026-05-23 10:29:10,aplikasi ini bisa kita jadikan usaha kecil
Pengguna Google,5,2026-05-23 10:23:32,sangatt bagus tapi saya tidak mendapatkan fitur grup
Pengguna Google,5,2026-05-23 10:23:17,"tiktok kenapa sih??udah upload vidio yang menarik,bagus,hd,kok gak fyp,udah bosen tiap hari upload tapi gak fyp,ini algoritma tiktok nya yang salah,atau gimana??,tolong perbaiki lagi,sering terjadi juga lagi asik asik nonton malah keluar,pas mau kembali malah ulang,kesel banget,tolong ya fitur-fitur nya diperbaiki,itu aja makasih! kenapa saya tidak bisa komen 😭"
Pengguna Google,5,2026-05-23 10:20:53,kenpa yaa di aku sering ngelagg? plis jngn kasih ak yg ngelag🙏
Pengguna Google,5,2026-05-23 10:20:51,Banyak netizen ga beretika
Pengguna Google,1,2026-05-23 10:19:44,"tiktok kenapa akun ku di blokir yaa padahal aku udah diatas umur 16 kan aku pernah denger kalo komdigi nge blokir ya akun tiktok diatas 16 dan aku gak ngapa ngapain mohon dibaca tiktok itu adekku punya temen temen di bawah 16 tahun ga di blokir tuh kok aku kena ban? hebat tiktok giliran konten sensitif aja gak di blokir 😜🤭 di blokir loh yaaa lucu😹 kalo di baca si gokil😹 maksud ku akun kek gitu di GK ban, gw akun yang menggambar aja kena?🥀✌️ hahh kenapa ya aplikasi Ireng satu ini. udahlah"
Pengguna Google,5,2026-05-23 10:19:41,best
Pengguna Google,1,2026-05-23 10:16:39,terkadang sering keluar sendiri dari aplikasi tiktok dan layar saya tidak bisa digerakkan.. saya jadi sering mendownload ulang tiktok dan itu melelahkan tolong ditindak lanjuti...
Pengguna Google,5,2026-05-23 10:16:03,ngeleg tiba-tiba tapi aku kasi 5 bintang karna AKUU SUKAA BANGEET🥰 MAKASI KALO GAADA TIKTOK AKU NONTON apa dongg??...
Pengguna Google,5,2026-05-23 10:15:08,"Woy Suw Napa Gw Gk Bisa Like Post Ulng Orang Sih Woy TT Jawab, Gk Jawab Join Circle No Bpk, Gw Pen Like Post Ulng Keyla Suw"
Pengguna Google,5,2026-05-23 10:13:51,bagus
Pengguna Google,1,2026-05-23 10:10:43,buruk sekali aplikasi ini apa apa salah kena banned apalah busuk
Pengguna Google,5,2026-05-23 10:09:48,menghiburr bgtttt SUKAAAA😘🤟🏻
Pengguna Google,1,2026-05-23 10:09:33,Tiktok ank anjjj sering keluar sendiri
Pengguna Google,3,2026-05-23 10:09:03,kena batasan padahal cuma ngaploud foto anak kecil
Pengguna Google,1,2026-05-23 10:06:28,gk bisa VN NAMA AKUN AKU D DOANG
Pengguna Google,5,2026-05-23 10:05:27,plis viral kan vidio tik tok saya
Pengguna Google,2,2026-05-23 10:05:12,kenapah Di Redmi Pad 2 ngeleg yah? Padahal Sinyal WiFi bagus???
Pengguna Google,3,2026-05-23 10:04:27,"kenapa mo login ribet bgt ya, perasaan kemarin² pake username sama paswordnya gampang2 aja knp skrg rada ribet, padahal udah bener"
Pengguna Google,3,2026-05-23 10:04:11,tik tok sekarang seminggu 2x harus update.bukannya tambah bagus malah tambah susah.tolong dong di perbaiki lagi supaya para pengguna bisa lebih nyaman lagi 🙏
Pengguna Google,4,2026-05-23 10:03:47,tolong iklannya dikurangi ketika lagi mencari produk jadi tidak fokus
Pengguna Google,5,2026-05-23 10:00:58,sebagai pengguna tiktok. yang ingin saya sampaikan masalah kotak masuk yang tidak bisa di hapus sekaligus. ini membuat pesan tidak penting menumpuk. dan yang kedua data aplikasi terlalu berat menurut saya. semoga kedepannya lebih baik lagi makasih.
Pengguna Google,3,2026-05-23 09:58:47,so bad
Pengguna Google,1,2026-05-23 09:58:45,tiktok SHOPnya ga ada LIVE orang lain juga GA ADA
Pengguna Google,5,2026-05-23 09:56:45,sangat memuaskan dan bisa untuk cari soal-soal dari tugas sekolah
Pengguna Google,5,2026-05-23 09:54:40,aplikasi ini sangat bagus dan menyenangkan bayak hal baru yang terdapat diaplikasi ini dan aku sering memgunkan yah untuk berbisnis sangat enak untuk mengunakan yah dan banyak cuwan aku dapat kan dari hasil berbinsin di aplikasin ini😆🫶
Pengguna Google,1,2026-05-23 09:53:24,"akun saya tidak bisa mengikuti akun orang, saat saya lagi asik scrool tiba tiba akun saya hilang"
Pengguna Google,5,2026-05-23 09:52:48,josss
Pengguna Google,1,2026-05-23 09:52:09,"selalu saja ada kata tiktok tidak menanggapi menurut ku itu harus segara diperbaiki, sangat mengganggu setiap kali masuk ke tiktok bahkan error terus setiap scroll, apa ini tidak bisa diperbaiki?"
Pengguna Google,5,2026-05-23 09:49:29,TAMBAH FITUR VOICE NOT
Pengguna Google,4,2026-05-23 09:46:48,"JUJUR MAIN TIKTOK TU BIKIN BETAH SEHARIAN, TAPI PLS KENAPA SUKA NGELAG DI AKU? TIKTOK TOLONG DONG DI PERBAIKI LAGI💔"
Pengguna Google,3,2026-05-23 09:46:08,sangat mantap
Pengguna Google,5,2026-05-23 09:45:30,iya
Pengguna Google,1,2026-05-23 09:44:45,tik tok ajg masa aku di blokir padahal postingan ku ada pelanggaran knp
Pengguna Google,5,2026-05-23 09:43:23,"tiktok tolong stiap kali saya masuk ke aplikasi pasti selalu mengalami ngelag, stiap saya mencet beberapa fitur jyga kadang eror, saya gatau apkah hp saya yng tdk mendukung ato tktk nya yg lg msa prbaikn"
Pengguna Google,5,2026-05-23 09:42:39,bagus dan bagus dan aku cinta apa lu mau ngapain😹😹😹
Pengguna Google,5,2026-05-23 09:41:46,buagusss polll mantepp pokonya
Pengguna Google,5,2026-05-23 09:41:38,aplikasi yang sangat menarik
Pengguna Google,5,2026-05-23 09:41:23,sangat bagus
Pengguna Google,5,2026-05-23 09:36:58,bagus
Pengguna Google,5,2026-05-23 09:36:35,bagus sekali .cuma sering lambat kalau mau buka aplikasi tik tok ini.
Pengguna Google,1,2026-05-23 09:29:45,Tiktok makin kesini makin aneh apk nya jadi berat untuk hp low seperti saya dulu padahal tiktok masih kuat tapi sekarang masih kesini makin berat makin aneh makin ngaco
Pengguna Google,2,2026-05-23 09:29:01,"akhir"" ini sering keluar sendiri tiktok.dengan keterangan apk tidak menggapai 🪳"
Pengguna Google,5,2026-05-23 09:29:00,bagus banget dan sangat membantu..
Pengguna Google,5,2026-05-23 09:28:17,bagus ada juga vidio offline nya bagus yang penting bagus kirim uang 100 k
Pengguna Google,1,2026-05-23 09:26:07,tiktok saya macet macet saat menonton video
Pengguna Google,5,2026-05-23 09:20:40,Enak nonton
Pengguna Google,5,2026-05-23 09:19:48,tiktok apk terbaik penarikan uang nya langsung cair... gapake lama
Pengguna Google,5,2026-05-23 09:19:14,apk ini sgt seru
Pengguna Google,3,2026-05-23 09:18:36,kok saya gk bisa masuk lagi padahal sama.keluar sementara buat ganti akun+umur ya
Pengguna Google,2,2026-05-23 09:18:19,udah instal tapi kembali
Pengguna Google,5,2026-05-23 09:16:26,enak sih tapi knp filter ny gk bisa di pakek sumpa
Pengguna Google,5,2026-05-23 09:12:36,apk berguna luarbiasa
Pengguna Google,1,2026-05-23 09:12:26,"tiktok ngapain sih, aku mau upload foto pas mau upload malah ke restart sendiri, padahal penyimpanan masih penuh terus hp lancar, tapi kok ga bisa ke upload"
Pengguna Google,5,2026-05-23 09:11:47,wow
Pengguna Google,1,2026-05-23 09:10:48,"Tolong developer Tiktok Masa aku mau masukin video Hd 4k ke kompres mulu,tolong dong jangan gitu lah"
Pengguna Google,1,2026-05-23 09:09:04,"Pengaturan privasi saya dibatasi, orang lain tidak bisa komen ke postingan saya dan akun saya tidak bisa menerima pesan dari akun lain!! padahal akun saya sudah lama dan tidak underage!!!!!! tolong dibenarkan secepatnya!!!!!!!!!!!!!!!!!!!"
Pengguna Google,5,2026-05-23 09:08:30,suka banget sama tiktok!
Pengguna Google,5,2026-05-23 09:06:04,Bikin candu
Pengguna Google,5,2026-05-23 09:04:17,saya sangat senang menggunakan aplikasi ini dapat membantu meningkatkan kualitas hidup ku
Pengguna Google,4,2026-05-23 09:02:37,"min tolong dong akun tiktok @kittyadoptid di banned, soalnya itu penipuan min, karna saya korbannya suruh TF abis itu dia ngilang"
Pengguna Google,1,2026-05-23 08:58:58,terlalu banyak mb nya
Pengguna Google,4,2026-05-23 08:57:52,belom bisa vn
Pengguna Google,2,2026-05-23 08:56:53,apa a😥🙄tr.n.agm🫂. mi dulu
Pengguna Google,5,2026-05-23 08:55:48,aplikasi yang mudah dan sangat membantu
Pengguna Google,5,2026-05-23 08:54:40,"gw capek sama apk lain bosen,, gw dowload lu aja deh buat pelampiasan sementara... Kali² nyenengin anak orang"
Pengguna Google,5,2026-05-23 08:51:23,lumayan
Pengguna Google,4,2026-05-23 08:48:45,"asik bgt, bisa nonton banyak video² editan idola akuuu. sayangnya banyak yg kasar², jorok, dan ga seru penggunanya 🥺🥺"
Pengguna Google,5,2026-05-23 08:47:57,gpp sih
Pengguna Google,5,2026-05-23 08:45:07,Sarange tiktok love love deh sama tiktok suka bangettttttttt😝
Pengguna Google,5,2026-05-23 08:44:30,sangat bagus
Pengguna Google,1,2026-05-23 08:43:53,"cuma ngefollow 34 orang tapi kok total followingku 138 orang. nyari nyari ternyata banyak juga yang masalahnya sama. bukannya dibenerin malah diem aja, udah update berkali kali tapi cuma fokus ke fitur doang bukan bug annoying kaya gini."
Pengguna Google,5,2026-05-23 08:43:12,kenapa akun saya tidak bisa menghapus riwayat tontonan.. akhir2ini HP jd lemot
Pengguna Google,1,2026-05-23 08:42:27,"knp?,gw kok cek apk tiktok terus Nemu virus 70%🥹"
Pengguna Google,5,2026-05-23 08:41:38,aplikasih ini bagus tapi kalo data habis gak bisa nonton
Pengguna Google,5,2026-05-23 08:40:40,di ativ kan dulu
Pengguna Google,5,2026-05-23 08:39:57,bagus
Pengguna Google,5,2026-05-23 08:37:55,mantap dan tidak mengecewakan pelanggan amiin
Pengguna Google,2,2026-05-23 08:37:55,"efek nya tidak bisa di pakai sellau ada ""perangkat ini tidak tersedia"" suka keluar sendiri"
Pengguna Google,5,2026-05-23 08:34:56,beuh beuh beuhhhh
Pengguna Google,5,2026-05-23 08:34:16,ok
Pengguna Google,5,2026-05-23 08:33:59,tiktok sekarang sering eror
Pengguna Google,5,2026-05-23 08:33:50,cepat dan lugas
Pengguna Google,5,2026-05-23 08:28:41,kok waktu buat video nya gak ada suara nya sih...bantu jawab ya
Pengguna Google,2,2026-05-23 08:27:49,aplikasi selalu diapdep
Pengguna Google,4,2026-05-23 08:25:31,Lumayan buat hiburan
Pengguna Google,5,2026-05-23 08:24:25,seru menyenangkan
Pengguna Google,2,2026-05-23 08:23:26,"untuk posting video aja stcuk 30% dalam 2 hari, tolong dong dari pihak tiktok udah diusahain semua berbagai cara tetep gabisa"
Pengguna Google,3,2026-05-23 08:22:29,"kenapaa siii tiktok akuu selalu ketinggalan zaman, org org udah bisa naroh sorotan sedangkan akuu belum, udah di update tetep g adaa malah fitur ngirim foto sama stiker di tiktok yg hilang, plss perbaiki lagii"
Pengguna Google,1,2026-05-23 08:21:22,"kenapa tik tok saya tidak bisa di download, saya berkali kali buat download nya tapi tidak bisa bisa di download"
Pengguna Google,1,2026-05-23 08:20:25,"kenapa akun ku tidak bisa post streak, sedangkan orang lain bisa, buruk!!!!"
Pengguna Google,1,2026-05-23 08:19:46,"Tolong tiktok shop nya di perjelas,itu paket saya sudah 1 bulan lebih tidak di proses²"
Pengguna Google,4,2026-05-23 08:17:32,knp sya tidk punya fitur sorotan padahal udah update
Pengguna Google,5,2026-05-23 08:13:33,lumayan
Pengguna Google,1,2026-05-23 08:11:53,TOLONG LAH DIBENERIN. KOMENTAR DISEMBUNYIKAN MULU PADAHAL KOMENTAR BAIK BAIK. INI AI NYA SALAH MENDETEKSI ATAU GIMANA ?
Pengguna Google,5,2026-05-23 08:11:53,kurang telfonan aja
Pengguna Google,5,2026-05-23 08:10:23,Mantap
Pengguna Google,4,2026-05-23 08:08:15,Sangat nguawurrrrrrrr
Pengguna Google,5,2026-05-23 08:08:06,seru pokoknya teh
Pengguna Google,5,2026-05-23 08:07:45,seru
Pengguna Google,2,2026-05-23 08:05:01,nggk bisa di update
Pengguna Google,1,2026-05-23 08:03:56,"kenapa tik tok eroorr mulu, ups bug belanja di tiktok ongkirnya edann melebihi harga produkk"
Pengguna Google,4,2026-05-23 08:03:21,masa pas orang ngirim pesan ke kita gak ada notifikasi nya? pokoknya semua yang ada di tiktok itu gak ada notif nya di aku. kok bisa gak ada nih?
Pengguna Google,5,2026-05-23 08:02:44,good
Pengguna Google,5,2026-05-23 08:02:10,ok
Pengguna Google,5,2026-05-23 08:00:16,sangatt okeee
Pengguna Google,1,2026-05-23 08:00:12,gabisa komen vn😭😭
Pengguna Google,3,2026-05-23 07:56:57,Gak bisa vn dawg
Pengguna Google,5,2026-05-23 07:52:44,bgus
Pengguna Google,2,2026-05-23 07:51:06,"pls kenapa ngelag bgt? tiap buka tiktok pasti stuck di satu vid gabisa di scroll. awalnya ngira emg device nya, tapi buka app lain bahkan game lancar cuma tiktok doang yg stuck bahkan buka komen aja lama banget. tolong di perbaiki dong"
Pengguna Google,1,2026-05-23 07:50:26,aplikasi semakin upgrade tp sering eror
Pengguna Google,5,2026-05-23 07:49:36,sangat bagus menghibur keseharian ku
Pengguna Google,2,2026-05-23 07:47:30,"Uda update masi z bug, ngclosed sendiri, perbaiki lahh min...."
Pengguna Google,4,2026-05-23 07:47:03,kenapa tik tok ga bisa belanja
Pengguna Google,5,2026-05-23 07:45:50,aplikasi yang sangat menarik banyak sekali yang bisa kita lihat dan kita plajari tapi kurang fitur yaitu telpon dan iya selalu banyak sekali larangan dan semua di blokir saya jamin yang lain senang sekali dengan aplikasi ini🙏🏻🙏🏻terimakasih🙏🏻
Pengguna Google,5,2026-05-23 07:44:38,keren
Pengguna Google,5,2026-05-23 07:43:42,terimakasih
Pengguna Google,1,2026-05-23 07:43:24,gak bisa gulir otomatis
Pengguna Google,4,2026-05-23 07:42:11,"makin kesini makin kurang jelas ini aplikasi,"
Pengguna Google,1,2026-05-23 07:40:54,gak bisa kembali dana ku
Pengguna Google,3,2026-05-23 07:37:56,tiktoknya sering ngelag gak lancar!!
Pengguna Google,5,2026-05-23 07:37:54,favourit umat manusia si ini
Pengguna Google,5,2026-05-23 07:33:34,seru aja sih
Pengguna Google,5,2026-05-23 07:32:39,bagus
Pengguna Google,4,2026-05-23 07:31:50,banyak video yang gak sopan
Pengguna Google,5,2026-05-23 07:31:04,saya jadi lebih mudah selama ada apk tiktok ini
Pengguna Google,5,2026-05-23 07:29:10,Tambahin vitur vn
Pengguna Google,1,2026-05-23 07:27:43,sering ngelag sumpah
Pengguna Google,4,2026-05-23 07:27:42,tiktok saya eror vidio nya semuanya ngefreeze 🙏
Pengguna Google,1,2026-05-23 07:27:07,woyy lu tiktok shop aneh ihhh katanya gw belum bayar pesanan padahal gw gak pesen paket
Pengguna Google,5,2026-05-23 07:26:21,good
Pengguna Google,5,2026-05-23 07:24:02,bagus
Pengguna Google,5,2026-05-23 07:20:07,baik saja terimakasih
Pengguna Google,5,2026-05-23 07:19:24,mengisi kegabutan ku
Pengguna Google,1,2026-05-23 07:19:24,tiktok Sekang bikin rugi banyak PL poin habis tiba tiba
Pengguna Google,5,2026-05-23 07:17:03,seneng banget
Pengguna Google,1,2026-05-23 07:14:26,nge lag Banget ✌️ tiktok anj
Pengguna Google,2,2026-05-23 07:13:49,setiap saya main tiktok selama sejam knp ada tanda istirahat sebentar.itu yang membuat saya kesal
Pengguna Google,3,2026-05-23 07:12:15,tidak bisa vn
Pengguna Google,5,2026-05-23 07:12:01,aplikasi ini sangat bermanfaat
Pengguna Google,5,2026-05-23 07:11:34,b aja
Pengguna Google,1,2026-05-23 07:11:07,lemott skrg yaaa
Pengguna Google,5,2026-05-23 07:08:55,bagus
Pengguna Google,5,2026-05-23 07:08:49,kembalikan tiktok tri New
Pengguna Google,1,2026-05-23 07:05:53,2 AKUN GW TIBA2 DIBAN GAJELAS BGT
Pengguna Google,1,2026-05-23 07:04:31,Boros kuota pemeran nih namanya
Pengguna Google,5,2026-05-23 07:02:37,tidak aplikasi si ini ba8k
Pengguna Google,1,2026-05-23 07:01:02,MB NYA TERLALU BESAR
Pengguna Google,5,2026-05-23 06:59:41,seru
Pengguna Google,2,2026-05-23 06:58:29,akun saya hilang gara gara update
Pengguna Google,5,2026-05-23 06:58:29,gak bisa vn
Pengguna Google,5,2026-05-23 06:54:22,kok punya ku paylater nya gk ada
Pengguna Google,3,2026-05-23 06:54:06,kenapa tik tok masih bug karena di akun saya yang satu ada fitur sorotan mengapa akun yang satu saya tidak ada
Pengguna Google,1,2026-05-23 06:54:00,"hallo, kenapa ya tiktok saya gak bisa live"
Pengguna Google,1,2026-05-23 06:50:40,lama menginstal nya
Pengguna Google,1,2026-05-23 06:49:01,terlalu lama mengistal
Pengguna Google,4,2026-05-23 06:48:49,apik
Pengguna Google,5,2026-05-23 06:45:06,bagus sih cuma punya saya kenapa gak ada tiktok shop nyaa
Pengguna Google,5,2026-05-23 06:44:24,seru seruan aja senang lihat postingan teman bisa tambah kreatif
Pengguna Google,4,2026-05-23 06:43:11,aplikasi kasih nya bagus tapi sayang nya banyak kali masalah di tik tok salah satu nya sering keluar sendiri tanpa di kli keluar dan ada vidio fulgar yang tidak pantas di liga oleh anak anak di bawah 18 tahun
Pengguna Google,5,2026-05-23 06:43:01,bagus sih aplikasi tiktok bisa seruan live dan dapat cuan juga...sipp pokoke..👍😁
Pengguna Google,5,2026-05-23 06:42:04,bagus cocok nya pas lagi gabut
Pengguna Google,1,2026-05-23 06:39:00,"update mulu bener kagak pliss padahal udah di update tapi gada yg berubah,malah nambah banyak ruang penyimpanan"
Pengguna Google,5,2026-05-23 06:38:21,NAIKAN PEMBUAT TIKTOK JADI PRESIDEN😹🥶
Pengguna Google,1,2026-05-23 06:36:50,kurang bagus sih
Pengguna Google,1,2026-05-23 06:32:12,"semakin di update semakin buruk, udah keluar dari tik tok tapi suara masih jalan terus, kecuali hp di matiin baru suara mati.... tetap tambah burrrukkkk"
Pengguna Google,5,2026-05-23 06:29:01,aku suka aplikasi ini
Pengguna Google,1,2026-05-23 06:28:46,saya tidak bisa memperbarui aplikasi ini karna gak ada tik tok shop nya
Pengguna Google,5,2026-05-23 06:26:33,bagus
Pengguna Google,4,2026-05-23 06:25:14,ini Mayan bagus tapi tolong setiap sudah menginstal di itu masuk ke beranda hp lama bet gw aja nunggu satu jam JADI TOLONG DI PERBAIKI!!!
Pengguna Google,1,2026-05-23 06:24:02,"tolong lah tiktok, jangan kasih pembatasan usia, masak iya karna orang yang iseng ngelapor minim usia, udah kena akun ku"
Pengguna Google,3,2026-05-23 06:23:20,"tiktok ini kenapa gabisa masuk ke akun tiktok tiba tiba gabisa kaya syaratnya tidak cukup tolong perbaiki lagi, dan pas masukin umur tidak bisa, padahal umur udah cocok"
Pengguna Google,4,2026-05-23 06:21:51,tolong di perbaiki lagi dong karna selalu ngebug ini lama lama-_-
Pengguna Google,1,2026-05-23 06:20:56,Kenapa sih ini aplikasi tiktok ga bisa di apdet
Pengguna Google,3,2026-05-23 06:20:55,semangat 🎉🎉😅
Pengguna Google,5,2026-05-23 06:20:11,bagus
Pengguna Google,5,2026-05-23 06:19:38,bagus sih tapi aku gak bisa buat akun
Pengguna Google,5,2026-05-23 06:19:26,"di aku masih banyak fitur yng blum ada,semoga cepat update ke aku"
Pengguna Google,1,2026-05-23 06:19:04,"balikin velocity nya plis makin update mala jelek bgt patah"", dulu smooth bgt sekarang malah gajelas sumpah balikin VELOCITY DULUUU"
Pengguna Google,2,2026-05-23 06:18:31,"tolong dong untuk pihak tiktok secepatnya mengatasi bug atau error pada aplikasi tiktok, soalnya saya sering banget dapat bug atau semacam error gitu seperti saat aplikasi nya dibuka dan hanya stuck di logo hitam tiktok itu saja dan tidak bisa memutar video, kepada pihak tiktok mohon perhatiannya ya supaya tidak mengecewakan banyak orang"
Pengguna Google,1,2026-05-23 06:17:32,gw udah 18 tahun woi kenapa fiturnya blm lengkap
Pengguna Google,4,2026-05-23 06:16:42,kurang
Pengguna Google,5,2026-05-23 06:15:39,bagus dan juga banyak informasi‽
Pengguna Google,4,2026-05-23 06:15:09,"bagus banget sih, bikin nyaman banget, tapi sayangnya sih aku mau bikin akun tiktok eh gabisa, karna tanggal banding nya udah kelewatan, padahal dulu suruh tunggu beberapa tahun, eh malah gabisa sekarang, padahal baru aja, dan aku gak nampilin wajah ku, itu minusnya tapi aku suka kok⚡⚡⚡"
Pengguna Google,1,2026-05-23 06:11:48,Tiktok mohon kalo video lebih satu plis aku susah buat akun plis aku kasih bintang lima dan tolong anak di bawah umur boleh aku 9 thn plis tiktok aku folower udah banyak tapi di banned aku sedih gak bisa live plis tiktok 😞😞😞😞 tiktok kembaliin akun aku plis aku kasih lima kalo di balikin 🙏🙏🙏
Pengguna Google,2,2026-05-23 06:11:18,update mulu
Pengguna Google,5,2026-05-23 06:11:09,bisa jadi pilihan buat masyarakat belajar ngedit video atau foto dengan bagus dan menarik
Pengguna Google,1,2026-05-23 06:10:43,udh lama pake tapi keranjang nya tiba2 hilang
Pengguna Google,4,2026-05-23 06:07:22,"min bagus, tapi kok punya aku gaada fitur sorotan nyaa kata orng2 di upgrade tapi gaada tulisan upgrade nya aneh kan?"
Pengguna Google,1,2026-05-23 06:06:26,karena tba tba kehapus mlu kesell
Pengguna Google,1,2026-05-23 06:02:55,"yaampun mau nautkan link aja sekarang susah banget, mau diubah ke akun bisnis lebay banget harus isi dokumen apalah apalah gimana dengan pebisnis kecil? Instagram emang paling terbaek dan manusiawi."
Pengguna Google,5,2026-05-23 06:00:20,ko ga ada tiktok shop nya sih ka
Pengguna Google,1,2026-05-23 06:00:05,jangan dikit dikit kena pelanggaran pliss ini ga ngapa ngapain cuma di dm org kena pelanggaran mati semua streak gw skit bgt streak mati udh lama lama mati juga mana gabisa dm org
Pengguna Google,1,2026-05-23 05:59:39,boross Velocity nya udh ga smots lgi ketika dh di update
Pengguna Google,1,2026-05-23 05:59:17,login ya lama dan sering tidak bisa di buka aplikasi ya mohon di perbaiki
Pengguna Google,5,2026-05-23 05:58:16,"sekarang tik tok semakin susah digunakan di hp ram kecil, selalu berhenti di logonya, dan buat hp jadi ngelag parah, padahal apl ig sama yang lainnya biasa-biasa aja. Saya harus Mendownload ulang untuk bisa lagi, itupun sudah 10x lebih. tolong banget ya pihak tik tok untuk diperbaiki, terima kasih"
Pengguna Google,5,2026-05-23 05:54:34,seru banget jujur banyak banget fitur baru di aplikasi ini
Pengguna Google,5,2026-05-23 05:51:19,adain foto live di semua jenis hp dong
Pengguna Google,1,2026-05-23 05:50:49,"aplikasi tidak ramah,sarang judol,ntah itu di komen ataupun video,iklan dll judol semua,brengshek,muak gua liatnya, tolong di fix setelah permasalahan ini terselesaikan,saya akan mengubah menjadi 5 bintang"
Pengguna Google,5,2026-05-23 05:50:10,ini bagus
Pengguna Google,5,2026-05-23 05:47:19,sangat bagus 👍👍👍👍👍👍👍👍👍👍👍👍👍👍
Pengguna Google,5,2026-05-23 05:47:00,"Saya sangat berharap TikTok menambahkan fitur Music Note untuk memudahkan berbagi cuplikan lagu favorit di profil atau story."""
Pengguna Google,1,2026-05-23 05:46:06,"Setelah update malah sering force close, plese help team tciktcok, sok gera di hadean nyah,"
Pengguna Google,5,2026-05-23 05:42:32,aku suka sama aplikasi tiktok ini
Pengguna Google,1,2026-05-23 05:42:07,"Percuma ada fitur ""Banding"" kalau akhirnya ditolak tanpa diperiksa manusia. Video normal dibilang melanggar, sementara konten yang benar-benar aneh malah lewat. Standar gandanya luar biasa."
Pengguna Google,5,2026-05-23 05:41:32,tapi kenapa saya ngelek ga dapet vitur vn dll
Pengguna Google,5,2026-05-23 05:40:59,mantap
Pengguna Google,4,2026-05-23 05:39:55,not bad
Pengguna Google,5,2026-05-23 05:38:50,tiktok saya gabisa dibuat live
Pengguna Google,1,2026-05-23 05:38:23,"""Saya pakai TikTok versi 45.2.3, dan ternyata versi ini yang bikin masalah. Aplikasi selalu macet, gabisa ditekan, terus muncul tulisan 'TikTok tidak merespon'. Pas saya cek ulasan, banyak banget yang ngalamin hal sama persis, HP beda-beda tapi masalahnya sama. Yang bikin kesel: di Google Play Store TIDAK ADA pembaruan sama sekali, jadi terpaksa pakai versi rusak ini terus. Padahal semua cara udah dicoba: hapus data, hapus cache, pasang ulang, tetep aja rusak. Ini jelas bug dari sistem kalian"
Pengguna Google,1,2026-05-23 05:33:12,"ini gimana kok gak bisa buka vidio yang di simpan padahal internet saya lancar lancar aja buat nyekrol rell nya,tapi pas mau bukak vidio yang udah disimpan Mala tidak ada internet.tolong developer nya masalah ini di perbaiki."
Pengguna Google,2,2026-05-23 05:29:21,error terus sistemnya harus hapus apk tiap hari
Pengguna Google,4,2026-05-23 05:28:55,Aplikasi tidak muncul
Pengguna Google,3,2026-05-23 05:27:25,"tolong kembalikan kecepatan yg sebelum nya, ini tdk smooth seperti sebelum nya"
Pengguna Google,1,2026-05-23 05:27:10,kena pelanggaran tapi di tahu apa pelanggarannya..dan sadowban live sepi tiba2 tapi tidak tahu apa sebab nya..
Pengguna Google,5,2026-05-23 05:22:54,enakk jirr nontonnya cokkk
Pengguna Google,5,2026-05-23 05:21:24,bagus sih tp
Pengguna Google,5,2026-05-23 05:21:13,"apk in nemenin aku setiap hari, kalo gada apk in gatau mau buka apa selain apk in, intinya apk in tuh ngehibur kta smua"
Pengguna Google,2,2026-05-23 05:20:20,aku tidak bisa vn katanya udah apdet
Pengguna Google,5,2026-05-23 05:19:57,ok
Pengguna Google,5,2026-05-23 05:17:39,sukaa bagett samaa tiktok inii diaa bisaa oflen jugaa
Pengguna Google,1,2026-05-23 05:17:02,tidak bisa vn di tiktok
Pengguna Google,5,2026-05-23 05:15:27,aplikasi ini bagus untuk orang lagi gangapa ngpain
Pengguna Google,5,2026-05-23 05:14:37,cukup oke kadang suka keluar mulu
Pengguna Google,1,2026-05-23 05:10:45,"APLIKASI RUSAKKK!!!. KEMAREN MASALAH UMUR PADAHAL UDH ADA KTP TAPI MASIK KENAK PELANGGARAN DI BAWAH UMUR KARENA HANYA BAHAS MASA LALU SAAT KECIL, SYSTEM RUSAK GAK GUNA NI APLIKASI!!!. DAN SEKARANG AKUN UTAMA GUA GAK TIBA-TIBA SEMUA PENGIKUT KE UNFOLL SENDIRI DAN GAK BISA DI FOLLBACK LAGI!!!, DAN GAK ADA KEJELASAN TENTANG APA MASALAHNYA. AJU BINDING MALAH DI TOLAK! MAU KALIAN APA SIH!? KOK MAKIN LAMA SYSTEM KALIAN MAKIN GAK BERES!!!"
Pengguna Google,5,2026-05-23 05:06:30,bagus
Pengguna Google,5,2026-05-23 05:05:58,I like
Pengguna Google,1,2026-05-23 05:05:40,kok sering keluar sendiri lelet bngt!
Pengguna Google,3,2026-05-23 05:05:11,keren
Pengguna Google,2,2026-05-23 05:04:55,kadang itu ngeleg males banget 👊🏻
Pengguna Google,1,2026-05-23 05:03:12,akun gua gakbisa login dah berapa kali gua masuk login 😡😡😡😡
Pengguna Google,1,2026-05-23 04:58:55,"tiktok nya sering kena batasan umur,padahal saya diatas 16 tahun."
Pengguna Google,5,2026-05-23 04:58:23,aku sangat menyukai tiktok
Pengguna Google,1,2026-05-23 04:57:48,Bagus
Pengguna Google,5,2026-05-23 04:56:57,mantap 👍
Pengguna Google,1,2026-05-23 04:53:01,parah iklan vulgar anak anak lihat
Pengguna Google,4,2026-05-23 04:52:05,sangat bagus tetapi kalo nonton pasti keluar sendiri
Pengguna Google,5,2026-05-23 04:51:56,sip mantap
Pengguna Google,2,2026-05-23 04:51:37,kenapa aku ga dapet event 100 perakkkkkkkkk.
Pengguna Google,5,2026-05-23 04:48:12,aplikasi tiktok sangat seru di tonton
Pengguna Google,3,2026-05-23 04:39:45,tolong di optimalin lagi aplikasi nya
Pengguna Google,1,2026-05-23 04:39:26,banyak bug dan eror dan saya kalo buka aplikasi tiktok malah di arahin ke chrome dulu abis itu ke tt shop selalu begitu
Pengguna Google,2,2026-05-23 04:39:14,belum update sampe skrg
Pengguna Google,1,2026-05-23 04:39:04,sering ada tulisan tiktok tidak menanggapi
Pengguna Google,1,2026-05-23 04:38:56,tiktok lelet
Pengguna Google,5,2026-05-23 04:38:25,bagus sekali
Pengguna Google,1,2026-05-23 04:37:41,aplikasi apa didownload nya lama
Pengguna Google,4,2026-05-23 04:36:44,"Jujur,applikasi ini ok ok aja tapi saya rate 4 karna kadang pas baru masuk nge crash tiba tiba,terus saat saya chat di suatu live ke filter terus dan saat ganti akunpun juga tetap sama saja.di salah satu akun ada fitur follow yg harusnya sudah ga ada lagi kecuali kalau unfollow. sampe saya harus hapus tiktok saking aga bermasalah :/"
Pengguna Google,5,2026-05-23 04:36:35,Saya akan pelajari
Pengguna Google,5,2026-05-23 04:36:33,sangat bagus
Pengguna Google,5,2026-05-23 04:36:07,bagus ajakok
Pengguna Google,1,2026-05-23 04:35:21,kenapa saya mau main tik tok ndk bisa
Pengguna Google,5,2026-05-23 04:35:08,bagus tapi elor
Pengguna Google,4,2026-05-23 04:34:47,"ini tiktok kenapa ya? saya masuk selalu muncul tidak ada koneksi internet padahal internet saya baik-baik saja dan aplikasi lain bisa dibuka tpi tiktok ngk bisa? padahal vocher makanan dan minuman saya belum saya tukar, mohon tiktok bantu saya"
Pengguna Google,4,2026-05-23 04:34:37,aku suka
Pengguna Google,5,2026-05-23 04:31:09,bagus tapi akun aku ke blok padahal aku ga ngapa ngapain mungkin bug ya?
Pengguna Google,5,2026-05-23 04:27:35,"halo tiktok,akun saya saat ini diblokir,saya minta tolong untuk pulihkan akun tiktok saya,saya tidak melanggar atau meniru identitas,saya memohon agar akun tiktok saya dipulihkan kembali,saat ini saya benar-benar sedih,menangis tanpa henti karena akun tiktok saya diblokir 😭😭😭😭😭"
Pengguna Google,5,2026-05-23 04:26:49,tolong fitur tenangkan diri tu dihapus
Pengguna Google,1,2026-05-23 04:26:10,jelek gak jelas
Pengguna Google,5,2026-05-23 04:24:00,mantap untuk tiktok Joss👍👍👍👍👍👍
Pengguna Google,1,2026-05-23 04:23:05,ini kenapa sih tik tok gak mau kebuka aplikasi nya gak jelas
Pengguna Google,1,2026-05-23 04:22:13,g tau cara mainnya
Pengguna Google,2,2026-05-23 04:21:53,"GK BISA NONTON SEMUA VIDEONYA, ADA YG ERROR PADAHAL ORANG LAIN BISA AKU GK BISA 🐒"
Pengguna Google,5,2026-05-23 04:21:17,bagus
Pengguna Google,3,2026-05-23 04:17:59,"foto dan video di draft hilang waktu ganti perangkat, harusnya nggak akan hilang walau ganti hp karena pakai akun yg sama, aneh banget, ke pusat bantuan katanya nggak bisa balik kalau ganti perangkat, nggak logis aja gitu dengan akun yg sama masa bisa hilang, perbaiki aplikasinya deh."
Pengguna Google,5,2026-05-23 04:17:54,baguss☺☺
Pengguna Google,5,2026-05-23 04:14:41,seruu
Pengguna Google,5,2026-05-23 04:12:42,enak video yah bagus
Pengguna Google,5,2026-05-23 04:12:25,bagus cuy karna ada pacar ku
Pengguna Google,3,2026-05-23 04:10:47,tolong iklan judi online nya di take down dong masa aplikasi segede tiktok tidak bisa
Pengguna Google,1,2026-05-23 04:10:19,buruk
Pengguna Google,5,2026-05-23 04:10:06,mantap
Pengguna Google,1,2026-05-23 04:07:40,apk DANCOK BUAT IKLAN KEPENCET TEROS BAHKAN SAMPAI BIKIN CLOSE PASU JEMBOD BUKANNYA PROSMOSI BAGUS MALAH MAKSA.
Pengguna Google,5,2026-05-23 04:07:30,bagus banget tapi kalau ada drama muncul dan gak sengaja ke scrol harus liat dari awal lagi deh
Pengguna Google,1,2026-05-23 04:07:12,Sangat semenjak di update
Pengguna Google,1,2026-05-23 04:07:11,Ok
Pengguna Google,5,2026-05-23 04:06:28,Bagus Sekali
Pengguna Google,5,2026-05-23 04:04:05,saya tidak bisa login
Pengguna Google,1,2026-05-23 04:02:23,"Call center tidak ada, email cust center tidak ada. jelas lepas tangan dari komplain."
Pengguna Google,5,2026-05-23 04:01:21,bagus
Pengguna Google,5,2026-05-23 04:01:00,mantap lansung cair ni gaess sekarang aplikasi tiktok makin maju ni udah cair 500 rupiah nanti kedepannya bisa cair 50.ribu mantep oke saya mau lanjut cari coin
Pengguna Google,4,2026-05-23 04:00:38,"Untuk konten harus Login dulu ke nomor yang ini saya mau langsung bisa membuat konten saja begitu dikarenakan tiktok kali ini memang turun drastis,Miris lu tiktok👊🏼😹"
Pengguna Google,5,2026-05-23 03:59:42,akun saya selalu di blokir
Pengguna Google,5,2026-05-23 03:59:07,sebenarnya aplikasinya sudah bagus cuman kalo update tolong beritahu ya
Pengguna Google,5,2026-05-23 03:58:47,bagus banget tadinya saya bosan tapi saya bisa terhibur gara gara tiktok saya sangat kagum
Pengguna Google,3,2026-05-23 03:57:10,aplikasi ini bagus tapi tolong komentar sama iklan judol itu kok tidak di band ya
Pengguna Google,5,2026-05-23 03:57:03,bagus sekali aku bisa dapat uang
Pengguna Google,5,2026-05-23 03:55:51,lahh emang bagus
Pengguna Google,5,2026-05-23 03:55:41,aplikasi yg saya suka
Pengguna Google,1,2026-05-23 03:54:14,"APLIKASI bangke, nilep duit pengguna. saya narik saldo tanggal 15 mei sampek detik ini saldo sy belum masuk​​​​​​ dan itu uang bukan hasil main ini apk tapi uang pribadi saya 2x g jd checkout brg, hati2 utk semua pengguna karena tiktok bisa ambil duit kalian n g bisa cair, cs nya di chat cuma muter2 intinya uang mereka tilep sampek kita jengkel tiap chat"
Pengguna Google,1,2026-05-23 03:53:34,keluar masuk keluar masuk terus baru nonton satu video langsung keluar padahal memo aku ga penuh dan di aplikasi lain nya juga ga keluar masuk cuman di tiktok yang keluar masuk² terus jadi bikin aku bm marah marah sendiri!!!!!
Pengguna Google,5,2026-05-23 03:50:14,tik tok nya bagus
Pengguna Google,2,2026-05-23 03:40:23,"update bukan nya jadi bagus malah jadi makin berat, memori data nya tiba² membengkak. gk download apa² juga.. trus kenapa jadi susah dapetin koin dari kotak harta karun. tolong d perbaiki."
Pengguna Google,5,2026-05-23 03:38:49,bagus
Pengguna Google,5,2026-05-23 03:37:11,bagus deh bisa beli online disini
Pengguna Google,1,2026-05-23 03:35:39,"lemot tiktok, wifi gua kencang asli gk guna tiktok ini"
Pengguna Google,3,2026-05-23 03:34:07,"Kenapa ya skrg tiktok sering ng lag, padahal wifi juga aman, tp fyp nya gamau ke refresh, gabisa liat komen, trs gabisa ng load profil, ga bisa ng search jugaa, anehhh. Tolong diperbaiki dong"
Pengguna Google,1,2026-05-23 03:31:57,aplikasinya tiktokk sekarang gak bagus lagi pas masuk apk suka kembali lagi padahal penyimpanan Masi aman 😏
Pengguna Google,5,2026-05-23 03:30:21,biar bisa live
Pengguna Google,2,2026-05-23 03:26:30,"sangat tidak menanggapi, saya baru saja download tiktok, langsung muncul notif ""tiktok tidak menanggapi"""
Pengguna Google,5,2026-05-23 03:26:07,tiktok ini bagus banget cocok buat aku tersenyum
Pengguna Google,5,2026-05-23 03:25:31,mantap
Pengguna Google,5,2026-05-23 03:23:49,good
Pengguna Google,5,2026-05-23 03:22:09,aplikasi ini sangat bagus 👍👍
Pengguna Google,5,2026-05-23 03:21:52,bagus bgt aplikasih nya
Pengguna Google,5,2026-05-23 03:20:52,sangat baik
Pengguna Google,5,2026-05-23 03:19:47,lambat
Pengguna Google,5,2026-05-23 03:14:27,bagus
Pengguna Google,5,2026-05-23 03:12:29,bagus banger un
Pengguna Google,1,2026-05-23 03:12:02,parah bgt trus juga lag nya tuh parah padahal aku udah bikin akun eh malah di band gajelas pokoknya gajelas bgt tiktok mendingan pake tiktok lite daripada tiktok biasa gini
Pengguna Google,5,2026-05-23 03:10:52,oke
Pengguna Google,5,2026-05-23 03:10:40,suka ajah jual beli lewat apk TT semua lancar
Pengguna Google,1,2026-05-23 03:08:24,lemot banget...
Pengguna Google,1,2026-05-23 03:07:20,"cacat bnget akun ga ngelakuin pelanggaran ke ban, malah gabisa login sama skali, alhasil pakek apk tambahan/clone apk nya, eh malah 3 akun ikutan ke blok juga, gajelas"
Pengguna Google,5,2026-05-23 03:07:00,ok
Pengguna Google,4,2026-05-23 03:06:05,akun ku ke blokir terus males
Pengguna Google,5,2026-05-23 03:03:55,"baguss tapi sayangnya di saya blum ada fitur sorotan, mungkin boleh di bantu dari tiktok nya ya tolong 😭🙏🏻"
Pengguna Google,1,2026-05-23 03:03:51,masih terlalu banyak bug yang meresahkan
Pengguna Google,4,2026-05-23 03:03:16,aku tidak punya fitur vn
Pengguna Google,2,2026-05-23 03:02:24,kenapa sih kalau nonton vt harus nyendat nyendat vidionya? jaringan aman Speedtest juga lancar tp ketika lihat vt gini mulu
Pengguna Google,5,2026-05-23 03:02:21,udah bener ni skrg tiktok
Pengguna Google,5,2026-05-23 03:00:58,Kren banget appl tiktok ini the best bisa untuk konten bisa menghasilkan uang
Pengguna Google,4,2026-05-23 02:56:03,Bagus banget bisa dapat temen baru
Pengguna Google,5,2026-05-23 02:55:24,"fyp in sih akun tik tok aku,"
Pengguna Google,5,2026-05-23 02:52:48,ok lah
Pengguna Google,2,2026-05-23 02:52:37,akun saya di blokir saya tidak suka
Pengguna Google,5,2026-05-23 02:52:05,sangat mambantu
Pengguna Google,3,2026-05-23 02:51:44,tidak bisa on mic tidak bisa aktiv kan fitur sorotan
Pengguna Google,1,2026-05-23 02:50:05,tik tok asu lock out sendiri
Pengguna Google,1,2026-05-23 02:47:40,kalo udah ke blokir permanen cara mulihin lgi nya gmna ya?
Pengguna Google,4,2026-05-23 02:45:42,"kenapa sekarang setelah update tiktok saya tidak bisa mengedit video dengan benar? i mean like, saya menggunakan filter kecepatan di opsi sulap malah tidak terjadi apa-apa pada video saya? seperti tidak ada yang diedit"
Pengguna Google,5,2026-05-23 02:43:03,bagus banget aku suka banget 😻😍🫶😖
Pengguna Google,1,2026-05-23 02:42:52,"tiktok nya lebih banyak ilan,mau gunakan kata2 kasar tapi, yaudah ku kasi 1 bintang aja padahal , bagus yang dulu, tiktok nya 😡🤬"
Pengguna Google,5,2026-05-23 02:40:35,senang banget ada aplikasi tiktok bisa buat hiburan pokok nya is the best lah makasih aplikasi nya bisa membatu aku juga
Pengguna Google,5,2026-05-23 02:38:00,sangat bagus
Pengguna Google,5,2026-05-23 02:31:28,bagus kali
Pengguna Google,1,2026-05-23 02:29:51,gara² tiktok ak jadi marah² sendiri karna GK bisa masuk udh di ulang² tetep GK bisa masuk emng tiktok bego
Pengguna Google,2,2026-05-23 02:26:56,"aplikasi makin berat, banyak bug dan sring eror kualitas video kurang jernih tidak seperti dulu."
Pengguna Google,1,2026-05-23 02:26:07,Aneh bet ni aplikasi tidak ada tanggapan terus pas masuk diarahin ke toko Mulu aku gak mau belanja cok
Pengguna Google,5,2026-05-23 02:24:18,semoga gak kebanyakan iklan
Pengguna Google,1,2026-05-23 02:20:30,tolong di hp samsung kadang ni tiktok suka nge crash terus keluar sendiri tolong di fix
Pengguna Google,2,2026-05-23 02:16:37,gajelas masa report orang yang usn rasis ditolak
Pengguna Google,3,2026-05-23 02:16:20,sering error
Pengguna Google,1,2026-05-23 02:14:08,sangat buruk
Pengguna Google,2,2026-05-23 02:13:17,buruk saya mendonlot menginstal doang
Pengguna Google,4,2026-05-23 02:11:27,terlalu memakai banyak ruang dan Susah untuk di buka
Pengguna Google,5,2026-05-23 02:11:20,bagus
Pengguna Google,1,2026-05-23 02:10:44,tolong hapus undang teman di tiktok
Pengguna Google,1,2026-05-23 02:09:17,sangat baik
Pengguna Google,5,2026-05-23 02:07:55,bagus banget
Pengguna Google,1,2026-05-23 02:07:02,"potongan harga dihapus aja broo, kalau mau lanjut jangan pelit"
Pengguna Google,5,2026-05-23 02:06:02,mantap dah
Pengguna Google,5,2026-05-23 02:05:59,"Terserah dah orang mau bilang tiktok gmn, but pengiriman disini sangat profesional bahkan sangat cepat sesuai standar ga kek apl sebelah inisial S belakangnya E langsung saja shope, apl belanja no1 wkwk bener no1, no1 leletnya wkwk, kalo tiktok udah gak udah diragukan, pertahankan tiktok!!! bila perlu jadi lebih baik lagi!!!"
Pengguna Google,2,2026-05-23 02:01:11,maaf tolng aplikasi nya di perbaiki. cekarang kok malah nambah parah lemotnya. padahal hpnnya ram besar internal besar. lemotnya ga kira2
Pengguna Google,5,2026-05-23 01:58:12,puas
Pengguna Google,4,2026-05-23 01:53:59,"baguss bngt tapi, sering muncul pengiklanan dola nyaa jadi sebel, tapi ttp baguss kokk aku sukaaa"
Pengguna Google,5,2026-05-23 01:52:12,sangat seru
Pengguna Google,4,2026-05-23 01:52:03,ini Tik tok kenapa kalau saya mau buka Tik tok kok ngelag tolong beresin ini Tik tok yang 😤
Pengguna Google,1,2026-05-23 01:52:02,pokoknya jelek banget
Pengguna Google,1,2026-05-23 01:50:10,"tiktok 7 semua ke band,pdhl ga pernah bikin konten yg jelek"
Pengguna Google,1,2026-05-23 01:48:47,"setiap saya buka tiktok, saya lihat malah ngeleg ngeleg, dan saat upgrate malah penyimpanan penuh"
Pengguna Google,5,2026-05-23 01:48:46,sukaaa
Pengguna Google,5,2026-05-23 01:47:43,"The application is very good, you can shop, you can enjoy the content, there are even many that can motivate you."
Pengguna Google,5,2026-05-23 01:47:08,Bgus
Pengguna Google,1,2026-05-23 01:46:02,"tidak lama buka tiktik, stuck, muncul tulisan tiktok tidak menanggapi, close app.. selalu begitu, saya kira cuma saya saja yang mengalami ternyata hampir semua orang, akhir2 ini. tolong perbaiki"
Pengguna Google,5,2026-05-23 01:45:45,keren
Pengguna Google,5,2026-05-23 01:39:11,menurut saya apk tiktok ini menarik dan kita juga bisa bikin video pokoknya apk tiktok ini keren banget makanya aku kasih bintang 5😁.
Pengguna Google,1,2026-05-23 01:37:11,"tiktok gajelas,caper,sok asik ngeleg mulu,mana serem lagi,udah keluar dari aplikasinya masih ada suara tiktok,benerin gak!"
Pengguna Google,5,2026-05-23 01:32:33,buka tiktok ngeleg trus kluar trus
Pengguna Google,4,2026-05-23 01:32:21,enak
Pengguna Google,5,2026-05-23 01:31:08,belanja di tiktok lebih murah
Pengguna Google,5,2026-05-23 01:29:36,𝑠𝑒𝑟𝑢
Pengguna Google,5,2026-05-23 01:27:49,yaa gituuu lahhh
Pengguna Google,1,2026-05-23 01:27:04,"apk kocak, sinyal pake 5G masih muter² doang gilaaa"
Pengguna Google,2,2026-05-23 01:26:07,"setelah di update semakin buruk,lag parah,tukar saldo ke koin "" tidak ada koneksi internet"" padahal jaringan bagus,untuk goodybag sama harta karun juga udah limitnya berhari hari"
Pengguna Google,1,2026-05-23 01:25:48,kenapa saldo saya yang di rek kesedot pembelian koin tiktok padahal saya tidak pernah membeli koin
Pengguna Google,1,2026-05-23 01:23:59,ga ngomong kasar tiba' kena pembatasan make bgt tiktoknya
Pengguna Google,5,2026-05-23 01:22:19,"jujur sihh,agak ngelek pas baru mau masuk apl nya tapi..bagus kok apl nya...kita dapat hiburan,pelajaran,dan cerita sebelum tidur"
Pengguna Google,1,2026-05-23 01:21:55,tiktok nya saya hapus tapi kok masih ada video nama nya juga aku bingung cara ngilangin nyaa gimana tolong dibenerin lagi ya🥹
Pengguna Google,5,2026-05-23 01:20:16,saya senang menggunakan tiktok karna dgn adanya aplikasi ini membatu masyarakat berkomunikasi secara jarak jauh.
Pengguna Google,2,2026-05-23 01:16:45,terlalu banyak iklannn pluss kok punya ku ga ada event potong harga sihhhhhhhh pliss jangan pilihh kasihhh
Pengguna Google,4,2026-05-23 01:12:01,MAYAN MENGHIBUR
Pengguna Google,5,2026-05-23 01:10:24,makasi tiktok
Pengguna Google,5,2026-05-23 01:09:53,sangat bagus
Pengguna Google,5,2026-05-23 01:08:22,senang
Pengguna Google,1,2026-05-23 01:07:46,"ga suka, sekarang rekam layar aplikasi tiktok ga ada suaranya"
Pengguna Google,3,2026-05-23 01:03:02,makan penyimpanan bnyk bgtt
Pengguna Google,2,2026-05-23 01:01:14,"tolong dong tiktok kenapa aplikasi saya, jika teman yg sudah saya follow itu tiba' tiktok meng unfoll otomatis ya udah 2 Minggu tiktok saya begitu tolong di perbaiki lagi"
Pengguna Google,3,2026-05-23 00:58:32,setelah di update tiktok saya tidak ada keranjang kuning nya
Pengguna Google,2,2026-05-23 00:57:08,"ngbug mulu benci, setiap hbis search vt trs banyak scroll2 nya tiba tiba balik ke beranda utama pas mau cari vt yang sama (msih di search yg sm)"
Pengguna Google,2,2026-05-23 00:55:35,aku gak bisa masuk tiktok padahal udah di coba semua cara tetep gak bisa nonton! #!
Pengguna Google,1,2026-05-23 00:51:24,sangat buruk untuk seller
Pengguna Google,5,2026-05-23 00:48:18,bagus
Pengguna Google,5,2026-05-23 00:47:58,plss kembalikan akun ku di banned
Pengguna Google,5,2026-05-23 00:46:56,bagus
Pengguna Google,2,2026-05-23 00:45:18,tiktok bkin lag di hp
Pengguna Google,5,2026-05-23 00:43:51,wah seruu bnget nih aplikasi apa lagi kalo kita nonton live
Pengguna Google,1,2026-05-23 00:42:24,ni tiktok di apdate bukannya bagus Mala semakin gaguna
Pengguna Google,5,2026-05-23 00:42:15,aplikasi ini bagus banget ini ji penghasil uang yg banyak kita bisa kaya pake aplikasi ini
Pengguna Google,5,2026-05-23 00:26:32,seruuu bgt apk ini
Pengguna Google,5,2026-05-23 00:24:50,"kalau ada fitur baru, lambat banget ke akun, bahkan hampir gak ada muncul tuh fitur baru🥹🥹🥹, tapi gapapa tetap bintang 5🙂‍↔️"
Pengguna Google,5,2026-05-23 00:22:34,saya suka menonton
Pengguna Google,5,2026-05-23 00:15:26,halo tim tiktok mohon kiranya pihak tiktok untuk meninjau ulang mengenai kebijakan dari tiktok agar kami pengguna tiktok tidak kecewa banyak sekali kebijakan tiktok yang tidak masuk akal seperti konten yang seharusnya kena pelanggaran tapi aman aman saja tapi konten yang menurut saya tidak melakukan pelanggaran malah kena blokir mohon kerjasamanya kepada pihak tiktok saya sangat kecewa! Terimakasih
Pengguna Google,1,2026-05-23 00:14:44,karna akun saya tiba tiba suka hilang update tiktok sekarang jelek bgt apalagi kalau saya mau buka tiktok ngelag
Pengguna Google,5,2026-05-23 00:14:11,"menghibur diriku karena banyak vidio lucu dan asik, saya mendapatkan teman di aplikasi ini, POKOK NYA TOP DEHH"
Pengguna Google,5,2026-05-23 00:12:08,menurut saya aplikasi nya bagus
Pengguna Google,3,2026-05-23 00:05:54,"trllu srng update. mna mter"" doang"
Pengguna Google,5,2026-05-23 00:00:03,bagus banget aku suka semenjak ada lagu yang baru akun aku jadi naik terus tapi... tolong dong akun anak ku naikin jadi 500jt kalo bisa mah min ☺🙏🏻Terima kasihh
Pengguna Google,5,2026-05-22 23:59:39,terima kasih koin rupiahnya..moga bisa ditambah banyak lagi...
Pengguna Google,1,2026-05-22 23:57:26,"bug pengambilan goody bag,,,limit nya sudah tidak sampai 40kali per hari"
Pengguna Google,2,2026-05-22 23:55:31,kenapa tiktok saya tidak ada fitur postingan ulangnya udah beberapa kali di update juga tetap gak ada?
Pengguna Google,3,2026-05-22 23:53:28,"setiap bikin photo live ngeleg mulu anjf, bugnya kg dibenerin, ditambah loading mulu setiap habis ganti akun, pdhl sinyal internet juga lancar, gaada kendala, tiba' loading trs"
Pengguna Google,4,2026-05-22 23:50:46,"kebanyakan iklan min coba kurangin lgi iklannya maaf minn, selain itu kenapa setiap kali baru buka tiktok lngsung keluar sendiri tiba-tiba tidak tidak menanggapi itu gmna sii sebel aku"
Pengguna Google,3,2026-05-22 23:48:22,"Ini tiktok lagi kenapa yaa, setelah sekarang up konten jadi suka ngelag gitu, sebelum up konten gak pernah gini🥲"
Pengguna Google,5,2026-05-22 23:45:27,Bagus.. menghibur.. sekarang ada nonton drama nya jadi lebih seru
Pengguna Google,1,2026-05-22 23:41:52,tiktok melarang komentar spam 🤣 . lalu bagaimana dengan yg berprofesi sebagai makelar / berniat menawarkan barang daganganny dikolom komentar orang lain 🤣 . ( aturan yg sangat rawan pelanggaran @tiktok.id di luar ga ada tuh aturan gini 😏 tebak iq yg buat aturan. )
Pengguna Google,4,2026-05-22 23:41:31,Darii aplikasi nya bagus dan menarik di tonton mau pun anak usia dini dan remaja
Pengguna Google,1,2026-05-22 23:40:32,"setiap mau posting video pasti ada tulisan""tiktok tidak menanggapi"" terus diulangi lagi dan lagi tetap gitu jadi gabisa posting foto atau video!!!!!!!!!!!!!!!!!"
Pengguna Google,5,2026-05-22 23:40:19,sangat bagus aplikasinya tapi tolong itu suka muncul iklan cina yang ga di sensor mohon di perbaiki
Pengguna Google,5,2026-05-22 23:38:29,on the best
Pengguna Google,5,2026-05-22 23:36:34,bagus
Pengguna Google,5,2026-05-22 23:29:58,menghibur
Pengguna Google,3,2026-05-22 23:29:52,aku udah update tapi fitur voice chat nya tidak muncul² terus aku udah hapus download lagi tetap tidak muncul
Pengguna Google,1,2026-05-22 23:23:22,kenapa ya akun aku tiba-tiba di hapus Tampa alasan
Pengguna Google,5,2026-05-22 23:23:14,good
Pengguna Google,2,2026-05-22 23:19:01,setiap kali scrol Video tik tok Knp selalu berhenti ud selalu update tapi keluhan ny masih sama tolong lekas di perbaiki
Pengguna Google,5,2026-05-22 23:15:32,bagus
Pengguna Google,1,2026-05-22 23:13:32,"LU LAGI ATU TOKKKK, KEMAREN KEMAREN KAGAK ADA TUH LU MUNCUL DI SHOPPE. INI KOK BELAKANGAN MALAH KESERINGAN MUNCULL. LU DAH MASUK CIRCLE NYA WATTPAD AND SHOPPE NIH CERITANYEEE??? TAPI PLIS LAH YAAA, JANGAN KARNA KEBESTIE AN KALIAN INI MALAH MENGGANGGU KESENANGAN ORANG WOIIII. DUNIA KAGAK BERPUSAT KE ELU BERTIGA AJA KOCAKKKKK. NANGIS NIH GUEEEE😭😭. PLIS JANGAN KESERINGAN MUNCUL DI WATTPAD LAGI. LU PADA BUAT HUBUNGAN GUE AND WATTPAD RETAK TAU GAKKKKKK!!!"
Pengguna Google,5,2026-05-22 23:12:11,semangat mengembangkan ini aplikasi!
Pengguna Google,2,2026-05-22 23:04:40,tiba tiba nanti keluar sendiri padahal saya nonton nya belum habis.
Pengguna Google,5,2026-05-22 23:04:33,"Hai, tiktok punya saya kok belum ada keranjang kuning nya woi"
Pengguna Google,1,2026-05-22 22:54:37,"tiap hari di update, di update malah jdi tambah berat tmpik"
Pengguna Google,3,2026-05-22 22:44:50,ada apa dengan tiktok yang aku ikuti jadi berubah sendiri kadang orang luar kadang juga ngeunfol yang aku ikuti
Pengguna Google,5,2026-05-22 22:41:56,titok ku nggak bisa setiap masuk titok lemot bangat 😭😭😭😭😭😭😭😭😭
Pengguna Google,5,2026-05-22 22:40:10,sudah lama pakai tiktok .Masi tetap suka..semoga bisa dapet cuan dari tiktok.. Aamiin
Pengguna Google,5,2026-05-22 22:36:39,sangatlah bagus
Pengguna Google,3,2026-05-22 22:25:06,nggak ada fitur posting ulang padahal udah update
Pengguna Google,3,2026-05-22 22:24:52,kenapa saat masuk menggunakan akun google sudah dipindah gmailnya tapi gmailnya harus memakai yang sebelumnya apakah ini bug?
Pengguna Google,3,2026-05-22 22:19:42,"tolong tiktok saya mau beli voucher makanan/minuman kog GK bisa,loading trus..giliran beli baju dll langsung bisa..kenapa ya?"
Pengguna Google,5,2026-05-22 22:05:22,saya nyaman dengan aplikasi tiktok ini
Pengguna Google,3,2026-05-22 22:04:56,"diperbaikilah systemnya.. habis upgrade kok malah kluar masuk terus kek macam ngehank, tiba2 kluar sendiri niih apk"
Pengguna Google,5,2026-05-22 21:56:42,baguss
Pengguna Google,5,2026-05-22 21:51:55,"bagus, cuman sy belum punya sorotan tiktok"
Pengguna Google,1,2026-05-22 21:46:16,"benci bgt batiba diban akun ku pas live ktnya aku di bawah umur pdhl kelahiran 2004, ajukan pakai kartu identitas pun ttp aja ga percaya, gasuka bgt sm tiktok jd kaya gtu"
Pengguna Google,1,2026-05-22 21:31:16,banya iklan judolnya gasuka
Pengguna Google,5,2026-05-22 21:15:21,bagus sekali buat nonton vb²orang
Pengguna Google,1,2026-05-22 21:14:40,aplikasinya gabisa dm
Pengguna Google,5,2026-05-22 21:11:33,bagus
Pengguna Google,1,2026-05-22 21:06:37,kok fitur video offline malah hilang?
Pengguna Google,5,2026-05-22 21:06:21,Good
Pengguna Google,3,2026-05-22 20:52:49,mantap
Pengguna Google,5,2026-05-22 20:32:27,aplikasi yang mengedukasi dan memberikan jaringan luas hanya dalam genggaman
Pengguna Google,5,2026-05-22 20:22:44,Terbaik tiktok bisa menghasilkan buat jajan bakso mantap pokoknya tiktok
Pengguna Google,1,2026-05-22 20:10:01,👍
Pengguna Google,5,2026-05-22 20:01:03,bgus
Pengguna Google,5,2026-05-22 19:40:36,bagus
Pengguna Google,5,2026-05-22 19:34:43,"good,tontonan paling menghibur"
Pengguna Google,5,2026-05-22 19:33:54,"sangat baik sekali ya tiktok ini saya sangat suka tapi tolong kalo menginstal tu jangan lama "" saya kan jadi nggak sabar buat nonton fidio tiktok nya tau nggak sih 😂 dan kalo masuk loding nya jangan lama"""
Pengguna Google,1,2026-05-22 19:20:25,GOODYBAG kenapa gamang limit.. kalau terus kayak gitu mending haus aja sekalian
Pengguna Google,1,2026-05-22 19:20:02,udah gabisa ambil korun atou godybag ..udah males main toktok
Pengguna Google,1,2026-05-22 19:20:02,godybagg nya sering ngebug dan limit nya cepet
Pengguna Google,5,2026-05-22 19:17:51,okayy
Pengguna Google,2,2026-05-22 19:13:28,kenapa gada sorotan
Pengguna Google,3,2026-05-22 18:40:41,bagus apk sehari¹ buat scrol tapi bikin kesel nya knp kalo mau posting kalo udah 1% itu susah di batalin sih bikin emosi udah di kasih cara udah di coba masa tetep ga bisa gimana sih tolong bantu jadi ga bisa ke akun utama ini
Pengguna Google,5,2026-05-22 18:39:11,tidak bisa download memori penuh terus tapi memori saya tidak penuh
Pengguna Google,1,2026-05-22 18:35:00,eror
Pengguna Google,5,2026-05-22 18:27:43,good...
Pengguna Google,1,2026-05-22 18:25:02,ngeleg mllu
Pengguna Google,5,2026-05-22 18:22:27,keren
Pengguna Google,5,2026-05-22 18:19:21,tik tok emng menghibur
Pengguna Google,5,2026-05-22 18:18:41,Terbaik dan sangat memuaskan
Pengguna Google,5,2026-05-22 18:18:03,mantap 👍
Pengguna Google,1,2026-05-22 18:12:33,"aplikasi sampah coba benerin, pas mau masuk aplikasinya malah di alihkan Mulu ke crome aplikasi sampah emang"
Pengguna Google,5,2026-05-22 18:11:07,bagus banget
Pengguna Google,5,2026-05-22 18:03:54,kerna baguss bangetttt🤪
Pengguna Google,5,2026-05-22 17:50:19,"yoo, good"
Pengguna Google,5,2026-05-22 17:42:28,okee deh asik
Pengguna Google,1,2026-05-22 17:38:50,"benci sama tiktok karna akun si hapus gara gara anak upload mukanya pake efek game kocak sih,trus coba uji banding di tolak dan gak bisa uji banding lagi kocak kocak toktok taikotok"
Pengguna Google,1,2026-05-22 17:37:28,"tiap buka kamera tiktok langsung jreng kecerahannya ningkat poll, ini tolong dikasih solusi biar kecerahannya tiba-tiba ga terang otomatis, atau lebih baik matikan fitur kecerahan otomatis tinggi pada aplikasi kamera tiktok, dan suara saat menonton video agak sember, padahal aplikasi lain aman saja, tolong diperbaiki juga."
Pengguna Google,3,2026-05-22 17:30:12,lumayan ada perkembangan tapi sekarang kalau setiap mau buka tik tok harus login ulang knp yh
Pengguna Google,5,2026-05-22 17:28:36,mantap
Pengguna Google,5,2026-05-22 17:21:01,keren abis
Pengguna Google,2,2026-05-22 17:18:59,buset makin berat aja ni tiktok coba mohon di kecilkan lagi ukuran size tiktok ... kasian yng hp kentang ram 4 makin ke siksa
Pengguna Google,5,2026-05-22 17:18:06,apknya bgus tpi terlalu banyak iklan slotnya🤦🏻‍♂️
Pengguna Google,5,2026-05-22 17:17:19,ok
Pengguna Google,5,2026-05-22 17:09:56,baik
Pengguna Google,1,2026-05-22 17:09:21,"tolong diperbaiki bug sensornya, ai sensornya gaje"
Pengguna Google,1,2026-05-22 17:08:18,"teman yang melanggar, tapi aku juga yang kena pelanggaran. gak adil >:("
Pengguna Google,2,2026-05-22 16:56:38,tiktok ku ngga ada fitur foto live nya
Pengguna Google,1,2026-05-22 16:55:55,tidak ada orang telanjangnya
Pengguna Google,1,2026-05-22 16:51:25,gabisa masuk ke tiktok e ndadak login dulu pas dicoba gbisa👎
Pengguna Google,1,2026-05-22 16:50:39,"ko ceweku pesen barang, paylater udah di bayar tapi barangnya kok di batalin ya? kok tll ya?"
Pengguna Google,4,2026-05-22 16:49:41,kenapasi aku di bilang ga cukup umur sebenarnya aku tau umurku 14 thn emang mukaku SE bocil itu😭😭
Pengguna Google,5,2026-05-22 16:48:49,bagus aku sangat menyukai nyata
Pengguna Google,5,2026-05-22 16:48:48,sangat bagus
Pengguna Google,5,2026-05-22 16:44:53,Bagus'
Pengguna Google,1,2026-05-22 16:38:37,"kenapa tiktok saya sering ""maaf aplikasi sedang tidak menanggapi "" dan komentar selalu kpencet sendiri ny"
Pengguna Google,1,2026-05-22 16:35:25,"MAKIN LAMAA TIKTOK MB NYAA MAKIN GEDE MAKIN GA BENER.MAKIN SERING NGELAG. TOLONG DIBENERIN ,JANGAN CUMA MAU CUAN AJAA NIHHH.TOLONG DI PERBAIKI 0!!!!!!!!!!!"
Pengguna Google,2,2026-05-22 16:31:27,"tiktok sekarang jelek bangget tiba"" apk nya sering berhenti ga jelas masa harus di uinstal ulang terus"
Pengguna Google,4,2026-05-22 16:29:11,kenapa Akun saya kalau dibuka selalu tidak Ada layanan diwilayah anda mohon solusinya
Pengguna Google,5,2026-05-22 16:26:33,"kena punyaku tidak ada fitur bagikan 100 perak, tolong di perbaiki"
Pengguna Google,5,2026-05-22 16:25:28,baik
Pengguna Google,1,2026-05-22 16:15:39,terlalu banyak iklan sangatt mengganggu..tolong dikurangi
Pengguna Google,5,2026-05-22 16:14:20,mantap
Pengguna Google,1,2026-05-22 16:11:47,lemot
Pengguna Google,2,2026-05-22 16:08:10,kenapa tiktok aku tidak bisa masuk pakai akun Facebook mohon di bantu
Pengguna Google,5,2026-05-22 16:07:28,Bangus tetapi kenapa fitur livenya harus bersyarat
Pengguna Google,1,2026-05-22 16:07:00,tiktok membuak hp Hank ..gak bagus lagi.....dan update sedikit dikit hah
Pengguna Google,5,2026-05-22 16:05:47,baguss bnget
Pengguna Google,5,2026-05-22 16:03:00,lumayan tapi terkadang aplikasi membuat saya tidak nyaman karena terkadang suka keluar sendiri.™
Pengguna Google,2,2026-05-22 16:02:56,akun nya di blok mulu aku udah bikin sampe 5 akun di blok semua
Pengguna Google,5,2026-05-22 15:58:38,seru
Pengguna Google,2,2026-05-22 15:55:23,"SENSITIF BANGET!!! saya gabisa ngirim pesan!!, teman saya juga gabisa ngirim pesan ke saya!!, padahal usia sudah diatas 16thn!! saya memakai fitur nya yg ""pusat bantuan"" lalu disuruh pencet cache untuk dihapus, eh malah dm an saya HILANG SEMUA, dan GABISA NGIRIM PESAN!! TIKTOK SHOP NYA JUGA HILANG!!! perbaiki deh!!!"
Pengguna Google,5,2026-05-22 15:52:18,banyak yg bilang mereka dpet notif tiktok tidak menanggapi padahal mah itu karena ruang penyimpanan nya penuh aku juga pernah dpet notif begitu karena ruang penyimpanan ku penuh setelah di hapus yg gak berguna jadi normal lagi tiktok ku lain kali jangan sembarangan kasih bintang 1
Pengguna Google,1,2026-05-22 15:50:44,ada tulisan aplikasi tidak menangapi
Pengguna Google,5,2026-05-22 15:50:12,butuh 2gb an buat instal tiktok update jgn banyak² lah
Pengguna Google,1,2026-05-22 15:49:28,lama di download
Pengguna Google,3,2026-05-22 15:42:20,kamera nya ngelag mulu
Pengguna Google,5,2026-05-22 15:39:18,tapi ada kendala gak mau masuk aplnya
Pengguna Google,4,2026-05-22 15:39:10,kenapa tiktok setiap mau login lama bgt + lag pas scroll nyaa??
Pengguna Google,5,2026-05-22 15:38:08,bagus top
Pengguna Google,4,2026-05-22 15:36:51,"bagus, videonya lucu lucu juga jadi sumber informasi, tapi kenapa ya disaya sering kali lag parah sampai mental melulu, padahal memori masih longgar hmm"
Pengguna Google,1,2026-05-22 15:36:30,aplikasi gajelas aku nonton LlVE orang komennya gak muncul padahal cuma komen halo tidak toxic
Pengguna Google,2,2026-05-22 15:34:54,"skrang tiktok gw gbisa komen di VT orng, komen gw kekirim tpi ntah knp komen gw gbisa diliat ama orng lain jirr, risih bgt gw"
Pengguna Google,5,2026-05-22 15:25:11,bagus bangett jujurrr mau nonton vidio mau kerja avilate mau beli barang pokoknya bisa semuaaaaa apalagi kalo beli di tiktok shop bisa dapet banyak diakonnn sukaaaa mwaahhh
Pengguna Google,1,2026-05-22 15:23:15,parah aplikasi lemot tingkat dewa
Pengguna Google,5,2026-05-22 15:21:45,Hiburan namun bisa menghasilkan cuan bagi temen2 yg paham penggunanya..tks
Pengguna Google,5,2026-05-22 15:20:18,"semua bagus dll, mohon yang menila bintang 1 ataupun bintang 4 itu bukan berati tt nya yan eror ttp hp and"
Pengguna Google,3,2026-05-22 15:17:45,ok
Pengguna Google,5,2026-05-22 15:17:07,ok
Pengguna Google,5,2026-05-22 15:14:21,"bagus sih tapi jangan lebay bet dikit dikit di pl, tapi tetap bagus"
Pengguna Google,1,2026-05-22 15:13:56,semenjak update banyak lag erorr notif tidak merespon🙏🏻
Pengguna Google,5,2026-05-22 15:13:28,"minta tolong admin tt api streak nya di ubah jadi nailong, soalnya lucu jane,ganti naliong aja deh ya☺️"
Pengguna Google,5,2026-05-22 15:13:02,bagus
Pengguna Google,5,2026-05-22 15:10:00,bagus lahh
Pengguna Google,5,2026-05-22 15:09:43,bagus tapi tiktok sya tehapus
Pengguna Google,2,2026-05-22 15:07:48,"tolong tiktok adain fitur nyimpan draft yg ga bakal hilang meskipun reset penyimpanan tiktok. ribet klo memo lagi penuh dan reset penyimpanan draft ikut hilang. trus tolong jgn suka hapus chat dgn alasan pelanggaran dalam kata-katanya pdhl itu hanya chat biasa, ga ada unsur sensitif yg pantas untuk dihapus, sgt mengganggu. klopun iya, cukup dikasih peringatan ke pengirim dan penerima, tidak perlu sampai dihapus sepihak oleh pihak tiktok."
Pengguna Google,2,2026-05-22 15:07:46,"q kash bintang 2 dulu soalnya tiap mau live pasty keluar amplikasi...,!!! msa setiap mau live keluar amplikasi terus....tolong diperbaiki lagi apknya"
Pengguna Google,5,2026-05-22 15:06:44,Bagus
Pengguna Google,1,2026-05-22 15:06:28,masuk ya lama hampir 20 menit aku tunggu masuk gak masuk masuk
Pengguna Google,2,2026-05-22 15:05:55,ada pornografi di aplikasi ini lewat filter atau biasanya di repostan akun aneh
Pengguna Google,1,2026-05-22 15:03:46,ini kenapa dah tiktok bisa keluar sendiri dari apk nya woy hadeh rusak rusak
Pengguna Google,2,2026-05-22 15:02:48,"apakah event potongan harga 100 perak hanya untuk akun tertentu? akun saya 4 tidak ada yang mendapat event tersebut, sedangkan teman teman saya rata rata mendapatkann event tersebut, mohon brrikan jawabannya dong"
Pengguna Google,5,2026-05-22 15:02:46,bagus saya sudah tidak memakai youtube karna tiktok youtube sepi aku Tonton kalo tiktok paling enak ditonton terima kasih tiktok
Pengguna Google,1,2026-05-22 15:02:22,aplikasinya jelek jangan diinstal nge-lag nge-lag terus buang aja ini aplikasi
Pengguna Google,5,2026-05-22 15:01:32,mantap banget
Pengguna Google,5,2026-05-22 15:00:05,Sangat memuaskan
Pengguna Google,5,2026-05-22 14:58:44,asiiik
Pengguna Google,5,2026-05-22 14:56:38,sangat berguna dengan aplikasi ini
Pengguna Google,5,2026-05-22 14:51:20,sangat membantu
Pengguna Google,1,2026-05-22 14:49:16,gak ada vitur suara
Pengguna Google,5,2026-05-22 14:48:00,mantap
Pengguna Google,5,2026-05-22 14:46:50,seru juga ya tik tok
Pengguna Google,5,2026-05-22 14:41:37,ihhh sukaa dengan tiktok ini udah canggih sekarang mah ya
Pengguna Google,3,2026-05-22 14:41:27,saya tidak dapat sorotan
Pengguna Google,1,2026-05-22 14:39:43,sekarang sudah sangat jelek karena tidak boleh untuk anak anak dan
Pengguna Google,1,2026-05-22 14:38:35,kalau macettt biasanya GK bisa ap apa jeleqqq
Pengguna Google,2,2026-05-22 14:36:52,"tau,baru kemarin di upgrade dah minta lg"
Pengguna Google,4,2026-05-22 14:34:33,mantafffff
Pengguna Google,4,2026-05-22 14:33:24,iya
Pengguna Google,5,2026-05-22 14:31:39,👍👍👍
Pengguna Google,1,2026-05-22 14:30:05,tolong di perbaik banyak bug sangat kecewa
Pengguna Google,5,2026-05-22 14:26:11,lag
Pengguna Google,1,2026-05-22 14:25:44,saya tidak bisa mengedit menggunakan foto
Pengguna Google,5,2026-05-22 14:23:23,saya sangat senang bisa gunakan tik tok
Pengguna Google,1,2026-05-22 14:22:37,kebanyakan erorr
Pengguna Google,2,2026-05-22 14:22:16,JELEK BANGETTTT KALO MAU FOTO BERASA BUKA CAHAYA ILAHIII
Pengguna Google,5,2026-05-22 14:20:48,sangat cocok untuk anak jaman sekarang
Pengguna Google,5,2026-05-22 14:20:44,Sanga menghibur
Pengguna Google,5,2026-05-22 14:20:04,tiktok memang mantap
Pengguna Google,4,2026-05-22 14:19:09,beri mb nya sedikit aja biar yang ram 2 gb bisa download
Pengguna Google,5,2026-05-22 14:18:55,Bagus sih tapi please jangan blokir kan akun tanpa sebab
Pengguna Google,5,2026-05-22 14:18:55,"saya kasih bintang 5 supaya di baca setiap kali saya buka tiktok gabisa ke buka apk tiktok nya kadang"" suka muncul tiktok bermasalah tolong di perbaiki🙏🙏"
Pengguna Google,1,2026-05-22 14:17:57,aasi gabisa top up koin
Pengguna Google,3,2026-05-22 14:17:50,"apk nya bagus, cuma kenapa pas saya mau bales komentardi vidio tuh ga bisa di lihat oleh orang lain, plus dia sering nge lag, kadang keluar sendiri"
Pengguna Google,1,2026-05-22 14:17:19,tik tok saya selalu stak dilogo aja dan ngebenerin nya juga harus diinstal ulang dan login akun lagi
Pengguna Google,5,2026-05-22 14:12:50,Ini sngt bagus
Pengguna Google,4,2026-05-22 14:12:09,"saya GK tau kenapa tiba² akun saya jadi GK bisa dm karena belum 18+, aneh sekali padahal aku tidak melanggar peraturan tiktok, apk nya bagus jadi saya kasih bintang 4, karena telah membatasi saya melakukan DM dan hal² lain yg tidak ada di tiktok saya"
Pengguna Google,1,2026-05-22 14:12:05,tiktok lelet padahal udah update dan pas aku vc tiktok tidak merespon dengan cepat seperti tiktok lawas
Pengguna Google,3,2026-05-22 14:11:35,kpooo di hqt
Pengguna Google,1,2026-05-22 14:10:45,"makin ga jelas aja ni tiktok, duhhh gusti"
Pengguna Google,5,2026-05-22 14:09:42,Bagus
Pengguna Google,1,2026-05-22 14:09:36,"kenapa setelah update jadi lemot,pas aku Velocity itu kayak ngelag gitu tolong lah perbaiki,soal nya aku kira itu hp aku yang lemot ternyata tiktok nya yang lemot,mohon untuk di perbaiki,trimakasi🙏"
Pengguna Google,1,2026-05-22 14:05:22,"aku mohon tiktok jangan izin kan konten sensitif masuk ke tiktok seperti wanita berpakaian sexi atau kata kata yang mengandung porno grafi,plis hapus konten wanita wanita yang memakai baju sexi dan telanjang karna itu dapat memicu para lelaki,mohon di perbaiki,saya mohon banyak rumah tangga yang rusak perkara suami nya suka nonton cewek begitu di tiktok"
Pengguna Google,3,2026-05-22 14:02:07,kenapa sekarang lemot banget bikin hp sering relok patah patah pdahal ram hp udah besar dan ruang penyimpanan masih banyak.
Pengguna Google,1,2026-05-22 14:01:42,akun ku gak bisaa kembali
Pengguna Google,5,2026-05-22 14:00:15,mantap
Pengguna Google,2,2026-05-22 13:59:59,kenapa jadi gabisa beralih akun mengecewakan bgt sih
Pengguna Google,1,2026-05-22 13:58:37,"jelak apknya ketai, kehapus sendiri, agak laen, becus dikit lah"
Pengguna Google,5,2026-05-22 13:58:31,"kenapa setiap mau login tiktok lelet ya,,,,"
Pengguna Google,3,2026-05-22 13:53:23,aplikasi kandang monyet
Pengguna Google,1,2026-05-22 13:51:25,tolong ya min ku punya ku blm kebagian fitur vn 😭🙏
Pengguna Google,5,2026-05-22 13:51:04,"sgt mnghibur,, tp kalo bisa perifikasi pakai wajah.. aja biar mudah kalo hp sblum ny rusak.. kaya saya hp saya rusak mati total.. gnti hp baru msukin akun tiktok tp gk bisa.. mana punya tagihan paylater tp akun tiktok saya tdak bsa d buka.. perifikasi dkrim k hp lama.. sedangkn hp lama udah rusak mati total.."
Pengguna Google,3,2026-05-22 13:50:59,"ini knapa tiktok saya kadang nge stuck/nge crash gitu, gabisa diapa apain stuck di layar, kalo buka aplikasi yg lain ga kaya gitu cuma tiktok doang"
Pengguna Google,2,2026-05-22 13:49:43,INI GA SEMUA ORG DPT FITUR BARU
Pengguna Google,5,2026-05-22 13:46:54,Mempuaskan
Pengguna Google,5,2026-05-22 13:46:37,sagat banyak bugg aplikasi macet 🥴
Pengguna Google,5,2026-05-22 13:45:38,sangat membantu kehidupan saya
Pengguna Google,5,2026-05-22 13:42:48,wellll.....
Pengguna Google,5,2026-05-22 13:41:22,baguss bangettt dan sangat menghibur
Pengguna Google,5,2026-05-22 13:41:22,bagus
Pengguna Google,4,2026-05-22 13:41:22,semoga kita semua sukses ya di sini
Pengguna Google,5,2026-05-22 13:41:09,menghilangkan stres dari tugas kuliah sama tugas kerjaan
Pengguna Google,4,2026-05-22 13:39:58,ini aplikasinya lumayan bagus👍👍 tapi mohon maaf ada fidio yg harus tidak boleh ditonton anak yg dibawah umur terima kasih 🤗🤗
Pengguna Google,2,2026-05-22 13:38:55,saya gak tau kenapa awal awal pas saya download lancar aja tapi gak tau kenapa pas sudah agak lama di pake Katanya ada masalah jaringan internet padahal jaringan saya bagus aja loh
Pengguna Google,1,2026-05-22 13:37:09,"akun kena pl, pdahal ga ngapa ngapain, pdhal akun nya udah lama, dan udah bikin streak beberapa kali, tiba tiba kena pl, apk gajelas"
Pengguna Google,1,2026-05-22 13:36:49,gabisa update padahal udah ngehapus banyak aplikasi
Pengguna Google,1,2026-05-22 13:36:01,"gabisa balikin akun yg ke blokir, padahal ga ngapa'in, stres"
Pengguna Google,5,2026-05-22 13:35:45,kok bagus amat
Pengguna Google,5,2026-05-22 13:35:35,ya karena saya kalau gabut skrol toiktok
Pengguna Google,1,2026-05-22 13:33:50,"lebih nyaman tiktok lama percuma di upraged mulu, mau nambah keranjang gak bebas mau pake sound apa aja"
Pengguna Google,2,2026-05-22 13:30:28,"MAKIN GAK JELAS, SUKA TIBA TIBA KELUAR SENDIRI, MANA KALO LIAT"" TOKO SERING LELET MACET"
Pengguna Google,5,2026-05-22 13:29:48,sangat memuaskan
Pengguna Google,2,2026-05-22 13:29:29,"bisa gasi ini tiktok di perbaiki slny dikit² pas nonton ada bug bersuara Lh terganggu cok, saya kasi 2 bintang dulu kalo udh gaada bug leg bkl ku ksh 5 tlng di perbaiki gk puas sedikit kecewa masa biar gk bersuara di instal lg udh sering loh ak instal tiktok mulu mkny kesal perbaiki apa"
Pengguna Google,4,2026-05-22 13:29:11,"kok di gw gabisa vn si co?,atau akunnya yg bermasalah? tpi tik tok bgs kok"
Pengguna Google,1,2026-05-22 13:28:47,LEMOT! DI HP MAHAL NTAH LAH RIBET
Pengguna Google,5,2026-05-22 13:28:35,kok akun ku ilang
Pengguna Google,3,2026-05-22 13:27:46,"ini gimana sih... kenapa korun berubah bentuk, padahal korun yg dulu lebih bagus dan lebih gampang di mengerti, tolong di ubah lagi korun nya, ubah seperti dulu lagi saja"
Pengguna Google,4,2026-05-22 13:25:05,kalau bisa lebih sopan lagi kalau mau ngomong suka pada kasar soalnya
Pengguna Google,1,2026-05-22 13:24:47,"Upload video speedpaint art dihapus videonya karena dibilang pelanggaran panduan komunitas, dibilang scam sama penipuan. sama orang yang bikin kontesnya yang join disuruh pake soundnya dia. kecewa sama TikTok, minimal diliat dulu la videonya jangan asal asalan hapus, kerja yang bener jangan makan gaji buta"
Pengguna Google,5,2026-05-22 13:23:45,assalamualaikum
Pengguna Google,5,2026-05-22 13:22:40,good
Pengguna Google,5,2026-05-22 13:22:26,Bermanfaat untuk hiburan san juga ada toko untuk beli kebutuhan pembayaran mudah dan proses juga relatif cepat
Pengguna Google,1,2026-05-22 13:21:53,setelah update kenapa malah tidak bisa dibuka???
Pengguna Google,2,2026-05-22 13:19:59,aplikasi kok ada nya update trus
Pengguna Google,1,2026-05-22 13:19:23,"jelek. makin lama makin rusak, tolong di perbaiki atau nggak hapus aja ngga usah update' klo makin di update makin nggak guna!"
Pengguna Google,5,2026-05-22 13:19:11,good👍🙊
Pengguna Google,3,2026-05-22 13:18:44,kenapa akun tiktok aku yang dulu hilang gimana cara mengendalikannya
Pengguna Google,1,2026-05-22 13:18:34,kebanyakan iklan ny ganggu trus lama login nya
Pengguna Google,5,2026-05-22 13:18:16,BaGussssss
Pengguna Google,1,2026-05-22 13:16:45,ga ada fitur vn di akun ku
Pengguna Google,5,2026-05-22 13:16:10,wow
Pengguna Google,4,2026-05-22 13:14:54,beta sudah penuh
Pengguna Google,1,2026-05-22 13:13:59,ini sangat buruk setiap hari harus login gara gara diblokir
Pengguna Google,3,2026-05-22 13:12:24,aplikasi brat jelek
Pengguna Google,3,2026-05-22 13:12:21,"jangan ngelag mulu lah cape saya, perbaiki aplikasinya."
Pengguna Google,2,2026-05-22 13:11:22,"tiktok tolong dong kurangin pemakaian datanya,aku gamau streak ku ilang gr"" tiktok ku kl dibuka keluar keluar mlu,trus muncul notif ""tiktok tidak menanggapi"",aku kesel bgt baru buka apk udh ngelag bgt,padahal sebelum ada fitur fitur baru, aku ga pernah kejadian kyk gini,jdi mohon ya dev tiktok"
Pengguna Google,5,2026-05-22 13:09:27,bagus
Pengguna Google,5,2026-05-22 13:09:01,baguss sukakkkkkkk
Pengguna Google,2,2026-05-22 13:08:59,selalu memberikan contoh terlalu sulit
Pengguna Google,1,2026-05-22 13:08:35,benar benar buruk tolong perbaiki masa gak bisa buat akun bener bener sangat buruk
Pengguna Google,1,2026-05-22 13:08:35,udah GK ada tiktok yang biasa kah yang fiturnya lengkap
Pengguna Google,5,2026-05-22 13:05:17,bagus
Pengguna Google,5,2026-05-22 13:05:13,the best
Pengguna Google,5,2026-05-22 13:01:54,sangat baik untuk
Pengguna Google,1,2026-05-22 13:00:36,knp akun awal nya 35 followers jadi 0 benar² buruk
Pengguna Google,5,2026-05-22 12:59:06,live seru livee
Pengguna Google,5,2026-05-22 12:58:58,mantap
Pengguna Google,5,2026-05-22 12:58:55,bgus
Pengguna Google,2,2026-05-22 12:57:52,"saya kirim feedback panjang ke email tiktok tentang keluhan,tapi tidak dikerjakan,maaf."
Pengguna Google,1,2026-05-22 12:56:03,AKU DOWNLOAD APK NYA PADAHAL UDAH 99% MALAH DI BALIK JADI 66%
Pengguna Google,5,2026-05-22 12:55:39,oke
Pengguna Google,4,2026-05-22 12:53:57,bagus
Pengguna Google,5,2026-05-22 12:53:48,aplikasinya mohon di perbaiki selalu tidak menangapi
Pengguna Google,5,2026-05-22 12:50:48,Bagusss
Pengguna Google,1,2026-05-22 12:48:21,"kenapa banyak pemulihan sih dan selalu buat login lagi ,"
Pengguna Google,2,2026-05-22 12:48:18,buat sistem pengembalian dana saldo ribet mau tarik ke dana di suruh verifikasi KTP sudah tak kasih foto KTP tapi masih gagal nunggu umur 18 thn padahal umur buat KTP 17 thn
Pengguna Google,5,2026-05-22 12:48:05,"seru, asik apa lagi bisa bikin streak"
Pengguna Google,5,2026-05-22 12:48:03,bagus
Pengguna Google,1,2026-05-22 12:47:57,drama Cina muncul terus padahal GK suka
Pengguna Google,1,2026-05-22 12:44:59,suka eror
Pengguna Google,5,2026-05-22 12:43:49,enak scorll
Pengguna Google,3,2026-05-22 12:41:11,bagus deh
Pengguna Google,1,2026-05-22 12:39:44,jelek
Pengguna Google,5,2026-05-22 12:39:39,seruuu bengettttt sumpahhh liatt tiktok tuhh jadi kaga bosenn ajahh🫰🏻🫰🏻
Pengguna Google,5,2026-05-22 12:39:37,bagus tapi sayang paylaternya ada limit GK bisa dipakek
Pengguna Google,1,2026-05-22 12:37:48,"Aplikasinya sangat buruk, setiap masuk selalu keluar dengan sendirinya, udah gitu bikin hp berat,. padahal penyimpanan saya masih banyak"
Pengguna Google,5,2026-05-22 12:37:28,seru banget coy ada fitur sorotan dan vn dan vc sama PS panggil suara waw lah
Pengguna Google,5,2026-05-22 12:36:55,tolong akun adakan vitur vn plisss
Pengguna Google,5,2026-05-22 12:34:42,seru
Pengguna Google,2,2026-05-22 12:34:30,saya tag temen di story knp gk bs direpost min!!!!!
Pengguna Google,5,2026-05-22 12:33:20,Baik
Pengguna Google,4,2026-05-22 12:32:40,oke lah buat aplikasinya CMN knpa tiktok sensi bnget ya gabisa salah nulis dikit langsung kena pelanggaran ga nyaman banget harus cari cara biar akun balik lagi kadang ke blok sndiri gajelas sensitif banget salah nulis dikit langsung kena pelanggaran anehh
Pengguna Google,5,2026-05-22 12:32:28,kenapa di hp saya ngelek vidio buram
Pengguna Google,5,2026-05-22 12:29:09,Naha aing te bisa vn ajig
Pengguna Google,5,2026-05-22 12:28:40,sangat bagus sekali
Pengguna Google,5,2026-05-22 12:26:02,sangat bagus👍👍👍
Pengguna Google,3,2026-05-22 12:24:58,banyak bug nya
Pengguna Google,1,2026-05-22 12:23:59,"masih banyak bug, seperti tidak bisa ganti PP, bio, dll."
Pengguna Google,1,2026-05-22 12:23:58,"✍️ **""Wahai Sobatku yang bijaksana! 😂🔥** Hahaha... 'Asik baru seorang ibu' katanya? 😏 Nah lho, videonya malah raib tak berbekas! Bukan dihapus lho Bosku... tapi KEBAGUSANNYA KEBANYAKAN, sampai langit pun malu menampungnya, akhirnya diangkat dewa ke surga biar jadi kenangan abadi! 🚀✨ **Ibarat BUNGA MELATI di tengah kebun kaktus... satu saja sudah cukup bikin harum semerbak seisi dunia! 😍 Sama kayak 'seorang ibu' itu... cukup satu, tapi nilainya MELEBIHI SEGALA GALAKSI, melebihi ribuan bi"
Pengguna Google,1,2026-05-22 12:23:00,bagus banget
Pengguna Google,5,2026-05-22 12:19:44,menurut saya aplikasi ini wortit banget dan juga berguna bagi yang males dounlod shopi tetap tetep bisa belanja
Pengguna Google,5,2026-05-22 12:19:15,bagus apa ya yang viral video ini dibuat dengan menggunakan metode apa saja fotonya yg asli Indonesia tuh enggak sampai rame seperti saat ini paket lengkap dengan gambar yang di dalamnya terdapat pada bagian bawah
Pengguna Google,5,2026-05-22 12:17:33,𝒎𝒂𝒌𝒂𝒔𝒊𝒉 𝒚𝒂 𝒕𝒊𝒌𝒕𝒐𝒌 𝒌𝒂𝒓𝒏𝒂 𝒋𝒂𝒓𝒊𝒏𝒈𝒂𝒏 𝒌𝒖 𝒋𝒆𝒍𝒆𝒌 𝒘𝒂𝒌𝒕𝒖 𝒌𝒖 𝒐𝒕𝒂𝒌 𝒂𝒕𝒊𝒌 𝒕𝒆𝒓𝒏𝒚𝒂𝒕𝒂 𝒂𝒅𝒂 𝒗𝒊𝒅𝒆𝒐 𝒐𝒇𝒇𝒍𝒊𝒏𝒆 𝒊𝒏𝒊 𝒌𝒖 𝒌𝒂𝒔𝒊𝒉 𝒃𝒊𝒏𝒕𝒂𝒏𝒈 𝟓
Pengguna Google,5,2026-05-22 12:16:22,baguss sii tapii biasanyaaa adalahh pokoknya
Pengguna Google,1,2026-05-22 12:16:00,tik tok nya sering macet padahal jaringan lancar
Pengguna Google,1,2026-05-22 12:15:41,semoga akun saya kebuka dari blokir
Pengguna Google,5,2026-05-22 12:15:21,sangat cocok
Pengguna Google,1,2026-05-22 12:14:30,"akun diblokir selamanya, ketika mencoba ganti ke akun lain. masih saja diblokir. Tolong diperbaiki. terimakasih"
Pengguna Google,5,2026-05-22 12:14:00,ini aplikasi sangat membantu dan bagus
Pengguna Google,5,2026-05-22 12:13:32,I love it in tiktok my is into family Ken YouTube mix vidio in English
Pengguna Google,5,2026-05-22 12:08:34,aplikasinya seru dan menyenangkan tapi ngga bisa DM orang
Pengguna Google,3,2026-05-22 12:08:10,"bagus tapi kok,punya saya updatenya lebih lama tambah GK bisa ikut trend"
Pengguna Google,1,2026-05-22 12:07:07,tolong di perbaiki lagi
Pengguna Google,1,2026-05-22 12:05:15,sangat-sangat pintar pintar sekali IQ nggak ada
Pengguna Google,3,2026-05-22 12:04:40,"kenapa tiktok ak ngga bisa buat posting video soal nya % an nya di angka 1% terus bisa berhari"" begitu"
Pengguna Google,5,2026-05-22 12:00:28,Ok
Pengguna Google,3,2026-05-22 12:00:23,kenapa setelah di update jadi susah masuk akun??????
Pengguna Google,5,2026-05-22 11:58:21,kenapa orang udah bisa voice note kalo aku enggak ya??
Pengguna Google,5,2026-05-22 11:56:49,masalahnya seRing di perbaharui
Pengguna Google,5,2026-05-22 11:56:11,ممتاز
Pengguna Google,1,2026-05-22 11:55:39,tidak bisa di buka aplikasi tiktok nyaaa suka legg
Pengguna Google,1,2026-05-22 11:55:26,"aplikasi ini doang yang tiap UPDATE selalu gabsa, udh gtu tiap buka tiktok pasti ada kata TIKTOK TIDAK MENANGGAPI, MOHON PERBAIKI, SEMAKIN UPDATE SEMAKIN BURUK"
Pengguna Google,1,2026-05-22 11:53:17,"tiktok makin hari makin ngeleg, Sama kadang suka bug sinyal pas mau liat hasil vidio favorit, Percuma mode lite di pengaturan tiktok ini enggak ngaruh banget, plis update yang lebih baik lagi."
Pengguna Google,1,2026-05-22 11:53:04,banyak bocil sdm rendah
Pengguna Google,4,2026-05-22 11:52:50,tolong Tik tok kasih fitur VN sekarang soalnya aku mau komen di vt nya orang please Tik tok sekarang dong i love you muah 😙🫶
Pengguna Google,1,2026-05-22 11:51:49,Mantap
Pengguna Google,5,2026-05-22 11:51:45,harus ada vn-nya
Pengguna Google,5,2026-05-22 11:49:53,"bagus, tapi tolong fyp kan video saya, sama adakan sorotan 🙏🏻"
Pengguna Google,5,2026-05-22 11:47:32,aplikasi ini sangat bagus dan seru!
Pengguna Google,3,2026-05-22 11:47:16,ini Tiktok nya kok lemot?
Pengguna Google,5,2026-05-22 11:47:11,mentang mentang peminat tiktok makin banyak tiktok malah semena menaaa
Pengguna Google,5,2026-05-22 11:46:41,"minn caraa adain bintang buat buat sorotan gimanaa di aku gaada, pliss jawab munn"
Pengguna Google,5,2026-05-22 11:46:35,bagus
Pengguna Google,4,2026-05-22 11:44:12,lumayan bagus
Pengguna Google,4,2026-05-22 11:43:58,kenapa buka aplikasi tiktok seperti jaringan susah buka komentar loding lama padahal wifi 75 Mbps aplikasi lain juga normal jaya
Pengguna Google,5,2026-05-22 11:43:07,ᥲkᥙ ȷᥲძі sᥱrіᥒg ᥒgᥲkᥲk ᥣіᥲ𝗍 ᥎іძі᥆ ᥴ᥆rᥱ ku kasih bintang lima ya
Pengguna Google,1,2026-05-22 11:41:45,sangat tidak ramah untuk keharmonisan rumah tangga.adalah sarana penunjang kaum penikmat bawah
Pengguna Google,5,2026-05-22 11:39:01,"enak,dpt dri hasil ngonten"
Pengguna Google,5,2026-05-22 11:38:29,alasan saya suka tiktok karena melihat honda beat deluxe gen ✌style kt
Pengguna Google,2,2026-05-22 11:37:35,efek pada tik tok menghilang
Pengguna Google,4,2026-05-22 11:35:46,kalau ada bisa nelpon yaa
Pengguna Google,1,2026-05-22 11:35:38,saya juga kena mejemen kaya pake kode soal nya jadi gabisa nonton tolong perbaiki ya
Pengguna Google,5,2026-05-22 11:34:16,sangat bagus😎👍
Pengguna Google,1,2026-05-22 11:34:13,pas gua update lama banget cok
Pengguna Google,5,2026-05-22 11:33:17,min aktivin fitur vn
Pengguna Google,5,2026-05-22 11:31:56,bgus aplikasi nya
Pengguna Google,1,2026-05-22 11:31:37,"banyak kali lag lag nya, betul kan dl tiktok"
Pengguna Google,5,2026-05-22 11:29:31,kenapah tidak bisa muncul lagi
Pengguna Google,1,2026-05-22 11:28:48,kok aku nggak bisa kenapa aku nggak bisa download Tik tok lagi kenapanya
Pengguna Google,1,2026-05-22 11:26:38,"woyy TikTok Kenap akun pada ngk stabil dapat koin dari Goody bag padahal akun saya aktif,harusnya luu bassmi akun akun yg baru di buat itu supaya ngk bisa ngambil koin bukan akun lama yg aktif pengguna woyy , seperti negara Vietnam banyak sekali bot itu mau ngambil koin aja zonk di tambah ngk normal ampas akun tiktok anj sekarang"
Pengguna Google,4,2026-05-22 11:25:58,Menyenangkan
Pengguna Google,5,2026-05-22 11:25:44,Wow
Pengguna Google,3,2026-05-22 11:23:15,kenapa saya tidak bisa komentar vn
Pengguna Google,1,2026-05-22 11:21:47,"aplikasi ini kenapa akun akun sekarang dapat koin tidak normal dari hadiah tas , harusnyabuntuk tiktok yg di bassmi akun² yg baru di buat oleh negara Vietnam bot itu dia bikin terus kenapa pengguna pengguna aktif yg kena dampaknya woyy"
Pengguna Google,5,2026-05-22 11:19:58,keren
Pengguna Google,5,2026-05-22 11:19:18,siiip mantap
Pengguna Google,5,2026-05-22 11:15:30,"Baru sj sy update, semoga di saat di gunakan di tiktok, camerax bisa on"
Pengguna Google,1,2026-05-22 11:14:15,"tolong di perbaiki kenapa akun tiktok sekarang dapat goody bag tidak normal dan ngk jelas' aneh ni apk, tolong lah woy tiktok saya mencari makan di apk ini buat mulung koin ,koin yg di dapat pun cuman dikit 🥲"
Pengguna Google,1,2026-05-22 11:13:55,"gk bagus bgttt, gk bisa di dowload setiap hari aku harus dowload malah disuruh dowload lagii benr bener gk worth it mending diperbaiki deh, ini dari Google Play atau tiktoknya sihh 😡"
Pengguna Google,5,2026-05-22 11:12:56,bagus buat scrool kalp gabutyttt
Pengguna Google,5,2026-05-22 11:12:32,sukaaaaaaaaaaaa cari ide bisa di sini bagus
Pengguna Google,5,2026-05-22 11:11:37,bagus.
Pengguna Google,1,2026-05-22 11:11:13,"kok gua gk kedapatan fitur baru,padahal kan udah update"
Pengguna Google,5,2026-05-22 11:11:02,ini sangat bagus semuanya ada!
Pengguna Google,5,2026-05-22 11:10:55,Bisa ngga Tik Tok nya MBnya di kecilin
Pengguna Google,5,2026-05-22 11:10:07,cuma sayang setiap ada pitur baru suka telat dapet nya
Pengguna Google,1,2026-05-22 11:07:05,"aplikasi banyak bug dapat goody bag ngk jelas kadang dapat kadang ngk anehh ni ,kalo dapat stabil normal saya kasih bintang 5, tolong di perbaiki"
Pengguna Google,1,2026-05-22 11:06:11,aplikasi banyak bug Tolong di perbaiki kenapa dapat koin dari goody bag ngk jelas ngk normal apa eror ni apk anj
Pengguna Google,5,2026-05-22 11:03:30,mantap
Pengguna Google,5,2026-05-22 11:03:22,Bingung mau kasih ulasan apa
Pengguna Google,3,2026-05-22 11:02:11,gk bisa kirim VN -_-
Pengguna Google,5,2026-05-22 11:01:55,bangus dan canggih
Pengguna Google,5,2026-05-22 11:01:28,mantaaap......
Pengguna Google,5,2026-05-22 10:59:06,bagus banget cok
Pengguna Google,5,2026-05-22 10:55:26,sukaaa bngetttt
Pengguna Google,5,2026-05-22 10:55:06,akun ku rame aj
Pengguna Google,3,2026-05-22 10:52:48,tiktok fiturnya aneh aku udah masukin nomer telpon bener tapi malah salah
Pengguna Google,5,2026-05-22 10:50:12,bagus banget sumpah
Pengguna Google,2,2026-05-22 10:49:58,akun saya kena blokir 😭😭😭😭
Pengguna Google,5,2026-05-22 10:49:55,bagus tapi habissin data
Pengguna Google,5,2026-05-22 10:49:11,sangat membantu
Pengguna Google,5,2026-05-22 10:49:07,seruu buat nonton
Pengguna Google,5,2026-05-22 10:47:38,lumayan buat hiburan
Pengguna Google,5,2026-05-22 10:46:28,GOOD APLICATION
Pengguna Google,5,2026-05-22 10:44:55,asik dan menyenangkan
Pengguna Google,5,2026-05-22 10:43:18,allhamdulilah bagus jaga akun smoga sukses buat kita semua amin
Pengguna Google,4,2026-05-22 10:41:54,sangat seru
Pengguna Google,5,2026-05-22 10:39:47,saya sangat terhibur
Pengguna Google,1,2026-05-22 10:38:37,tiap mau bikin video tiktok malah ga bisa gerak malah jadi foto
Pengguna Google,3,2026-05-22 10:36:52,kenapa akun saya tidak bisa mengecek akun temen saya dan profil mereka jadi polos
Pengguna Google,5,2026-05-22 10:36:05,sorotan
Pengguna Google,2,2026-05-22 10:34:18,kak kenapa ada masukan kode rujukan tapi kode rujukankanya Tidak ada
Pengguna Google,5,2026-05-22 10:33:30,seru banget bisa dance sama Velocity
Pengguna Google,5,2026-05-22 10:33:17,aplikasi tiktok ini sangat bagus untuk media hiburan
Pengguna Google,5,2026-05-22 10:31:47,sangat bagus
Pengguna Google,5,2026-05-22 10:30:17,gak bisa di abdet
Pengguna Google,2,2026-05-22 10:29:24,"benerin lah masa jaringan stabil tapi gak bisa di buka nih aplikasi,"
Pengguna Google,5,2026-05-22 10:29:16,sukses selalu dan jaya
Pengguna Google,4,2026-05-22 10:28:38,karena vitur vitur nya belum lengkap di semua hp
Pengguna Google,5,2026-05-22 10:27:30,bagus bgt
Pengguna Google,5,2026-05-22 10:27:30,Karan bisa liat akun Crush😋
Pengguna Google,5,2026-05-22 10:24:12,anjay
Pengguna Google,1,2026-05-22 10:23:52,akun saya hilang bagaimana
Pengguna Google,3,2026-05-22 10:22:21,bagus bngt cuma jangan sering updet deh apalagi butuh memo banyak
Pengguna Google,5,2026-05-22 10:21:30,hey why can't I vn 😫
Pengguna Google,1,2026-05-22 10:21:13,kenapa apk tidak dapat terinstal
Pengguna Google,5,2026-05-22 10:19:12,tiktok aplikasi paling praktis cepat padat dan berisi paling bagus
Pengguna Google,5,2026-05-22 10:17:30,membantu keuangan saya
Pengguna Google,5,2026-05-22 10:16:57,i like tuluss karna lagu tulus ada di tiktok
Pengguna Google,4,2026-05-22 10:16:48,aku kasih bintang 4 aja karna kok aku gk ada vn nya tolong
Pengguna Google,1,2026-05-22 10:12:29,saat lagi nonton film suka keluar sendiri dan sering tidak mau masuk ke tik tok
Pengguna Google,3,2026-05-22 10:09:57,"tidak tau kenapa tapi sekali buka tik tok langsung keluar kayak eror gitu padahal hp saya baik baik saja tidak rusak, apa ini memang dari tik tok ya????"
Pengguna Google,5,2026-05-22 10:05:11,sangan bagus
Pengguna Google,5,2026-05-22 10:04:58,apk Tolol
Pengguna Google,2,2026-05-22 10:03:24,"saya kurang suka karena mudah terkena pelanggaran padahal usia sudah memenuhi persyaratan dan saya tidak melakukan apa-apa tapi masih terkena pelanggaran terus menerus dan tik tok terkadang sering lag hal tersebut membuat saya kurang suka dengan tik tok saran saya segera diperbaiki.tentang akun saya yang terkena pelanggaran itu bagaimana ya padahal sudah memenuhi persyaratan usia,dan kenapa fitur pesan dihilangkan begitu saja padahal saya tidak merasa melakukan hal-hal yang tidak pantas."
Pengguna Google,5,2026-05-22 10:02:34,"bagus ,"
Pengguna Google,4,2026-05-22 09:57:07,seru
Pengguna Google,5,2026-05-22 09:56:47,itu dia lohh
Pengguna Google,5,2026-05-22 09:55:59,mantap tapi
Pengguna Google,1,2026-05-22 09:55:48,"Baperan.. upload konten telolet doang malah kena pelanggaran, biasanya juga gak pelanggaran🗿"
Pengguna Google,3,2026-05-22 09:53:25,kenapa dengan tiktok ku ini kok gak bisa di apdet ya
Pengguna Google,1,2026-05-22 09:51:06,gabisa tata letak
Pengguna Google,5,2026-05-22 09:50:05,terima kasih Tik tok yang kusayang
Pengguna Google,5,2026-05-22 09:50:03,ok banget fiturenya lengkap
Pengguna Google,1,2026-05-22 09:49:59,"tolong di perbaiki, ini sangat tidak normal, sistem banyak yang tidak bekerja, dan banyak yang dihapus, tolong saran saya di perbaiki dengan baik dan benar, dan beberapa fitur pun ada yang kurang menurut saya, dan saya beritahu lagi, banyak eror tentang aplikasi ini, tolong segera di perbaiki , kalau bisa SECEPATNYA, karena saya rasa terganggu dan kesal dengan banyak fitur fitur tersebut, jadi tolong di kembali kan ke awal dan semula, dan jangan ubah ubah fitur yang benar benar perlu dan bagus"
Pengguna Google,5,2026-05-22 09:49:34,"napa tiktok sekarang musti di perbaruin terus,kadang baru dua hari musti di upgrade lagi"
Pengguna Google,1,2026-05-22 09:45:47,aplikasinya bagus tapi banyak bug nya dan ada notifikasi yang menganggu
Pengguna Google,5,2026-05-22 09:45:28,asik pol lah intinya
Pengguna Google,5,2026-05-22 09:44:57,sangat puas
Pengguna Google,5,2026-05-22 09:44:21,sangat bagus konten nya bayak dan sangat menarik terus ada vitur bagus seperti vn dan yg lain nya😁👍
Pengguna Google,5,2026-05-22 09:44:02,saya suka
Pengguna Google,1,2026-05-22 09:42:47,"optimalisasi aplikasi sangat buruk, ini adalah aplikasi sosial media terberat dibandingkan dengan aplikasi sosial media yang lain. tolong untuk dioptimalisasikan lagi supaya bisa kompatibel di perangkat yang mempunyai spek standar."
Pengguna Google,5,2026-05-22 09:42:14,Susah
Pengguna Google,5,2026-05-22 09:42:03,BAGUS BANGETTT!!tapi sayangnya pas di update katanya udh ada sorotan di tiktok tapi pas ku update ga muncul
Pengguna Google,4,2026-05-22 09:41:19,"bagus, tapi kenapa tema bubble chat saya hilang ya? kemarin suda ada tapi cuma sebentar kemudian menghilang gitu aja, uda saya un instal trus download ulang tapi tetep aja tida ada, fitur sorotan diakun saya juga tidak terlihat diakun lain, tolong bantuannya"
Pengguna Google,1,2026-05-22 09:39:23,pls speed i need this plsss my mama kinda homeless tiktok bego
Pengguna Google,5,2026-05-22 09:37:29,dyaa sukaa
Pengguna Google,3,2026-05-22 09:37:05,tiktok niat gak sih buat aplikasi buat nonton vidio emang buat apa sih pembatas umur cuma lihat video saja kalo ada vidio 18+ boleh di hapus atau akun yang posting di blokir ini akun saya nggak kenapa kenapa tiba tiba kena pembatasan umur
Pengguna Google,1,2026-05-22 09:37:00,banyakan iklan mana gabisa di skip
Pengguna Google,5,2026-05-22 09:36:29,itu adalah aplikasi tersayang ku
Pengguna Google,1,2026-05-22 09:35:32,karna tidak bisa di download
Pengguna Google,3,2026-05-22 09:34:51,tolong lah tiktok kalau saya buka jangan keluar sendiri saya tuh pengen liat info2 makin lama makin parah di buka aplikasi langsung keluar padahal jaringan saya bagus
Pengguna Google,5,2026-05-22 09:28:36,bagus
Pengguna Google,5,2026-05-22 09:28:27,gw suka aja
Pengguna Google,5,2026-05-22 09:28:13,baguus
Pengguna Google,5,2026-05-22 09:27:27,bagus banget deh
Pengguna Google,2,2026-05-22 09:26:52,kok ga isa vn
Pengguna Google,5,2026-05-22 09:25:18,"aplikasi ini sangat bagus,tapi saya iri sama orang karena mereka bisa vn dan semoga di hp aku di tiktok ada vn semoga kalin bisa bikin tiktok ku ada vn nya"
Pengguna Google,5,2026-05-22 09:23:40,Atut 🙏
Pengguna Google,5,2026-05-22 09:21:44,bagussssssss🤩🤩🤩🤩🤩🤩 beet helek dikit itu pun salah hp ku karna udah dari 2022😐
Pengguna Google,1,2026-05-22 09:21:40,"HAPUS MINI DRAMA! tolong hapus fitur mini drama karena ini bnr2 mangganggu dan membuat resah. pdhl sdh sering dilaporkan dan dibuat tidak tertarik tetap aja masih muncul. udah capek juga selalu blokir tapi mkin banyak muncul. ketika dilaporkan malah laporan dikembalikan dgn alasan kl konten yg dilaporkan tdk melanggar komunitas kami. apa2an kayak gitu,pdhl jls2 kontennya berisi konten seks&ketelanjangan. bahaya juga kl sempat lwt di beranda ank2 dbwh umur. hps fitur itu/tiadakan apk tiktok!😡"
Pengguna Google,5,2026-05-22 09:19:55,bagus bisa mencari film atau hal lain yang ingin kita tonton
Pengguna Google,5,2026-05-22 09:19:31,halah bgus
Pengguna Google,5,2026-05-22 09:17:48,Scroling tiktok bikin cuan
Pengguna Google,5,2026-05-22 09:17:41,mantap
Pengguna Google,5,2026-05-22 09:16:50,gw dari YouTube ke tiktok nyaman banget 😭😭😭😭😭😭
Pengguna Google,1,2026-05-22 09:14:40,"tolong, jangan keluar aplikasi nya ,ini saya meng update bukannya ber tambah bagus dan tidak ngelaig malah tambah ngelaig tolong di perbaiki ya jadi cape balik ke aplikasi nya terus karena keluar dari aplikasi tolong perbaiki yaa"
Pengguna Google,5,2026-05-22 09:13:55,sangat bagus
Pengguna Google,1,2026-05-22 09:11:45,"kok lama lama tambah ga jelas gini tik tok hah,bikin emosi trus dah,padahal kuota masih banyak kenapa liat live slalu ga bisa kocak"
Pengguna Google,4,2026-05-22 09:09:15,aplikasinya bagus si tapi penggunanya yang kayak hewan
Pengguna Google,1,2026-05-22 09:08:17,lemot sekali padahal kuota lancar penyimpanan masih banyak
Pengguna Google,4,2026-05-22 08:59:37,"suka sih tapi kenapa sih akun ku ke band?,jngn di band lah min aku mau live jadi gk bisaa"
Pengguna Google,1,2026-05-22 08:59:13,saya gak pesen apa apa dari tiktok shop tiba tiba ada notif pesanan dikirim saya minta penjelasan dan saya merasa sangat dirugikan karena hal tersebut
Pengguna Google,5,2026-05-22 08:58:57,"keren, penarikan gak pakai lama"
Pengguna Google,5,2026-05-22 08:56:08,Apl toll
Pengguna Google,4,2026-05-22 08:51:07,"bagus tapi kenapa setiap saya membuka aplikasi ini keluar lagi keluar lagi padahal memori saya sudah saya bersihkan, dan memori saya pun tidak penuh"
Pengguna Google,5,2026-05-22 08:49:54,good
Pengguna Google,1,2026-05-22 08:49:23,GIMANA NYA INI TIKTOK MASAK PAS CARI DI PENCARIAN TIKTOK SUARA NYA DOBLE SIHH😡
Pengguna Google,5,2026-05-22 08:48:17,seru dan bisa lev dan tiktok kan 😊👍
Pengguna Google,5,2026-05-22 08:47:12,aplikasi kasi TikTok ini sangat bagus
Pengguna Google,5,2026-05-22 08:46:35,aplikasinya bagusss
Pengguna Google,1,2026-05-22 08:43:42,aplikasi kandang monyet
Pengguna Google,4,2026-05-22 08:42:50,"bagus si, tapi pembatasan usia nya kalo gķ ada anak kecil gk bakal bisa vb ke orang dewasa hu tiktok gk mau apus pembatasan umur minimal 10 keatas kalo gk 12 th"
Pengguna Google,5,2026-05-22 08:39:54,tiktok ini seruh tapi ada yang kurang tolong perbaiki ya
Pengguna Google,2,2026-05-22 08:39:00,kasih bintang 2 dlu nnti klw udh bisa vn baru ku kasih bintang 5🗿🤣
Pengguna Google,1,2026-05-22 08:36:23,"kecewa banget sama tiktok shop kenapa pake Xpedisi goib IDX di tiktok, paket penting ngga di kirim nungguin saldo balik lamaaa, udah bener pake jnt sm si cepat sgala nambah pake Xpedisi sialan!"
Pengguna Google,5,2026-05-22 08:35:10,ini baguss bangett sukakk
Pengguna Google,1,2026-05-22 08:31:37,aneh padahal bagus tapi pas masuk nya sering lama sama tiba tiba keluar sendiri
Pengguna Google,1,2026-05-22 08:26:49,FC mulu di Xioami 15
Pengguna Google,5,2026-05-22 08:26:41,bagus
Pengguna Google,1,2026-05-22 08:23:24,jujur aja ya makin jelek
Pengguna Google,5,2026-05-22 08:21:53,"tolong akun yg sudh tidak akfti 3thn di privasiii,disitu ad aib sayaa bahkan dijdikan lelucon."
Pengguna Google,1,2026-05-22 08:21:50,saya sudah lebih 50 pengikut tapi belum bisa life ini namanya pembohong kita semua yang terkena begini akan melapor ke pihak berwajib
Pengguna Google,5,2026-05-22 08:18:41,cara vn di tiktok
Pengguna Google,5,2026-05-22 08:16:33,bagus
Pengguna Google,1,2026-05-22 08:15:55,"saya kecewa sama pihak tiktok shop dan kenapa setiap saya pesen paket selalu lama datangnya, yang keterangannya misalnya dateng 21-05-2026 kok gak sampai"" tolong di jelaskan gimana kinerja pada gak bener, sebelumnya tepat waktu kok sekarang telat datengnya tolong di tindak lanjuti ya😒😠"
Pengguna Google,1,2026-05-22 08:15:45,"ribet, mau masuk tiktok aja hrus segala wajib pake nomor telepon, padahal dulu bisa dilewatin. gini deh maksud ku tuh, harus banget pakai nomor telepon?, kalo org gapunya nomor gimana? kalau nomor cuma punya satu gimana? lagian kan buat keamanan, ga harus pake nomor telepon, bisa nyantumin pake email."
Pengguna Google,5,2026-05-22 08:15:08,aplikasi sangat bagus👍
Pengguna Google,5,2026-05-22 08:14:34,aplikasi nya bagus tapi kenapa aku suka kena pelanggaran umur
Pengguna Google,4,2026-05-22 08:14:03,tolong muncul kan vitur skrol
Pengguna Google,5,2026-05-22 08:13:26,video nya seru seru
Pengguna Google,5,2026-05-22 08:12:11,sangat bagus ⭐⭐⭐⭐⭐⭐⭐⭐⭐⭐💫
Pengguna Google,5,2026-05-22 08:11:59,pokonyamah🫰🏼🫰🏼
Pengguna Google,1,2026-05-22 08:11:58,banyak bocil ga jelas
Pengguna Google,5,2026-05-22 08:11:05,bagus
Pengguna Google,5,2026-05-22 08:10:50,aplikasiny bagus dan tidak ngelag
Pengguna Google,2,2026-05-22 08:08:42,payah
Pengguna Google,1,2026-05-22 08:08:28,"bingung banget padahal paketanku penuh, sinyalnya bagus, tapi pas buka nih apk malah notifnya tidak ada jaringan internet😓😵 kadang waktu aku klik link postingan tiktok yang dikirimin temen aku dari WA pas dibuka ga sesuai link yang dikirim videonya. mengecewakan banget."
Pengguna Google,4,2026-05-22 08:07:27,aku jadinya banyak fens
Pengguna Google,5,2026-05-22 08:07:18,sadar diri aja hp kalian yang kentang
Pengguna Google,5,2026-05-22 08:05:00,saya mau ada Keranjang
Pengguna Google,5,2026-05-22 08:03:06,aplikasi ini sangat bagus .seingga banyak pengalaman dan sangat terhibur.pokonya good ok
Pengguna Google,5,2026-05-22 08:02:28,sangat memuaskan
Pengguna Google,1,2026-05-22 08:01:23,tidak bisa masuk aplikasi
Pengguna Google,3,2026-05-22 07:59:50,susah di pake
Pengguna Google,5,2026-05-22 07:59:42,bagus banget kita bisa cari apa aja loh mantap mimin tiktok ❤
Pengguna Google,1,2026-05-22 07:59:12,"cape cape edit video, eh malah suara kena hak cipta dan dibisukan, kocakkkk. ini aku bukan pertama kalinya kaya gini, waktu kebuang cuman buat audio dibisukan. udah ga perlu di fix, udah aku uninstall juga nih apk sampah"
Pengguna Google,1,2026-05-22 07:59:12,nggk bisaa ngerekam diam fidionya
Pengguna Google,2,2026-05-22 07:58:44,banyak peraturann
Pengguna Google,5,2026-05-22 07:58:35,sediakan segera booktok^^
Pengguna Google,5,2026-05-22 07:58:27,mntp tok
Pengguna Google,3,2026-05-22 07:58:26,mengapa di tik tok saya tidak bisa uplode foto live padahal di hp vivo saya ini sudah di dukung foto live
Pengguna Google,5,2026-05-22 07:57:44,seruu dan bisa membuat kita terhibur
Pengguna Google,1,2026-05-22 07:55:17,akun saya di di blokir selamanya padahal saya tidk melakukan apa pun
Pengguna Google,5,2026-05-22 07:55:15,ok mantap
Pengguna Google,1,2026-05-22 07:53:45,aplikasi nya jlk
Pengguna Google,1,2026-05-22 07:51:12,sumpah ini tiktok kenapa kagak bisa di buka coba? udah coba berapa kali tetep gabisa
Pengguna Google,3,2026-05-22 07:50:22,makin hari tiktonya makin lemot kurang bagus Masi sering suka eror
Pengguna Google,1,2026-05-22 07:49:05,"apk gajelas, masa kalo wifinya mati ga bisa di pake, apk busuk ini"
Pengguna Google,1,2026-05-22 07:48:25,Bnyak eror nya skrang kadang gk bisa d buka juga tolong lah d perbaiki Banyak iklan gk seru!!!!!!!!
Pengguna Google,5,2026-05-22 07:48:19,tapi aku gak bisa lev sama gak bisa ngecet sama pacar aku di tiktok gimana nih perbaruin dunggg
Pengguna Google,1,2026-05-22 07:47:47,salah tulis umur langsung mau hilang akun aku padahal mau apa umurku lahiran umur 2009 belum dapat kartu entah apalah itu Tah apa aja nyet sudah capek capek followers 9.108k hilang cuma mau ganti umur emang tiktok longor
Pengguna Google,5,2026-05-22 07:47:25,sukaaa bangett sama aplikasi inii!!!! lupo pokoknyaaa🩷
Pengguna Google,5,2026-05-22 07:47:18,bagus tapi kasih saya fitur VN boleh
Pengguna Google,4,2026-05-22 07:46:48,lumayan
Pengguna Google,1,2026-05-22 07:45:00,apaan sih ini aplikasi terjelek di tahun 2026 bikjn pusing bikin akun baru GK di terima sistemnya eror banget padahal saya bukan di bawah umur 18
Pengguna Google,5,2026-05-22 07:43:47,bagus
Pengguna Google,2,2026-05-22 07:43:10,knp TikTok ini lelet kali dan setiap mau download pasti ad aj masalah nyaa tolong laaa di perbaiki lagi tiktok nyaa dan klo udh di download pasti di pos ulng lagi jdi di perbaiki lagi yaa tiktok nya soalnya bolak balik terhapus🙏
Pengguna Google,5,2026-05-22 07:41:53,keren
Pengguna Google,5,2026-05-22 07:40:59,bagus
Pengguna Google,1,2026-05-22 07:39:27,"tolong perbaiki bugnya, masa ini aku mau update tiktoknya gabisa mulu? malah ngestuck di 96% an, padahal udh aku restart tetep aja loading terus, trus tentang updatean fitur fitur gitu tolong dong kalo ngeluarin fitur baru semua pengguna tiktok bisa pake juga, masa orang orang udh ada fiturnya tapi ada juga beberapa yang gaada fiturnya?? ini sering kejadian banget, mana muncul fiturnya lama lagi 💔"
Pengguna Google,5,2026-05-22 07:38:16,tolong band orang mesum sama live yang tidak pantas
Pengguna Google,5,2026-05-22 07:37:59,bagus banget bisa buat konten
Pengguna Google,3,2026-05-22 07:37:31,gacor
Pengguna Google,4,2026-05-22 07:35:35,keseringan di suruh update
Pengguna Google,2,2026-05-22 07:34:47,"jujur yah, dulu bisa dipake tapi sekarang stuck di logo tiktok doang"
Pengguna Google,5,2026-05-22 07:34:10,"bagusss sih cumaa terkadang eror udah dibuka tiktok nya tapi ga muncul muncul vd nya, jadi stuck di logo tiktok nyaa jadi harus instal ulang lagii"
Pengguna Google,5,2026-05-22 07:33:49,tiktok memang debes banget
Pengguna Google,1,2026-05-22 07:28:40,update mulu msk tiktok nya lemut
Pengguna Google,5,2026-05-22 07:28:20,kenapa di hp ku tidak bisa di download ini tiktok
Pengguna Google,1,2026-05-22 07:25:54,butut asw buka ig bisa buka tiktok ga bisa anh padahal jaringan saya bagus
Pengguna Google,5,2026-05-22 07:24:32,bagus
Pengguna Google,1,2026-05-22 07:23:42,anj ni aplikasi setiap hari gw Nemu Vidio sus bahkan lainnya padahal gw gak ketik apa apa
Pengguna Google,5,2026-05-22 07:23:27,bagus banget aku nonton sampai 24jam ga berhenti henti karna tidak ada yang bisa membuat ku bahagia hanya tiktok yang membuat ku bahagia
Pengguna Google,1,2026-05-22 07:20:51,aplikasi hancur ini tiktok ngkk beress aja smkin buruk😭ko instal melulu giliran d instal lemot 99 %doank sulit kebuka 😭
Pengguna Google,5,2026-05-22 07:20:01,woy tiktok tidak ada fitur memulihkan VT woy minimal permanen
Pengguna Google,5,2026-05-22 07:19:47,Ok
Pengguna Google,1,2026-05-22 07:19:11,udah diinstal tapi ga bisa dibuka
Pengguna Google,1,2026-05-22 07:18:54,"jujur aja ya, ini tiktok kenapa sih. Padahal aku sebut kelas ku yang dulu. Kenapa tetep di banned? gak semua kelas itu kelas/umur kita yang sekarang 🙏🏻"
Pengguna Google,5,2026-05-22 07:17:48,saya sangat senang dengan apk inii karna membantu saya untuk punya teman jauh lebih banyakk 💗
Pengguna Google,2,2026-05-22 07:17:33,tiktok plis usianya jangan 18+ jadinya akun ku nggak bisa login😠😠
Pengguna Google,1,2026-05-22 07:14:43,"knpa apk nya ngebug ya? pdhl udh update, perbaiki lagi"
Pengguna Google,1,2026-05-22 07:13:25,Sdah di hapus apk lain spya bisa update pas di update ktanya ruang tidak mncukupi🤦🤦
Pengguna Google,5,2026-05-22 07:13:23,aplikasi ini saat s Di pakai sanggat membuat hepyy Apalagi aku seleb
Pengguna Google,2,2026-05-22 07:10:41,aneh bgt lagi Asik scroll tiba tiba keluar dari aplikasinya sendiri
Pengguna Google,1,2026-05-22 07:09:13,"loading jadi lambat, gampang balik keberanda secara tiba-tiba. padahal jaringan aman dan jenis ponsel juga mendukung"
Pengguna Google,5,2026-05-22 07:08:07,sukaaaaa
Pengguna Google,2,2026-05-22 07:06:54,"kartu no wa sama tapi tidak menerima kode verifikasi makin di update makin ribet, mau upload video ga bisa"
Pengguna Google,5,2026-05-22 07:06:27,sangat baik
Pengguna Google,5,2026-05-22 07:05:57,terimakasih
Pengguna Google,3,2026-05-22 07:05:47,"nge lag plc ini ajah Ampe ke download lagi udh sebelll plc suka keluar"" sendiri klo lagi nge lag😀💔"
Pengguna Google,3,2026-05-22 07:05:42,tolong di perbaiki apelikasi nya setiap aku login ke luar terus kenapa ya tolong...
Pengguna Google,1,2026-05-22 07:05:30,"tolong tiadakan iklan drama cina dan iklan film dewasa di tiktok,risih lihat nya,tolong di respon.kalo nggak aku uninstall aja n ih aplikasi,semoga di jawab"
Pengguna Google,4,2026-05-22 07:04:42,belum ada fitur sorotan
Pengguna Google,1,2026-05-22 07:04:10,"pas baru download malah gaada aplikasinya pas mau dihapus muter teruss,,plisss sedikit ada kenyamanan"
Pengguna Google,5,2026-05-22 07:04:04,sangat bagus
Pengguna Google,5,2026-05-22 07:00:56,bagus
Pengguna Google,2,2026-05-22 07:00:34,kenapa si aplikasi tik tok ini tidak bisa buka dan selalu aja biangnya banding atau lewati kalau kita tekan lewat sekarang akun kita kalau di buka lagi akan terbelokir sendiri
Pengguna Google,3,2026-05-22 07:00:19,pembayaran berhasil koin tidak masuk
Pengguna Google,1,2026-05-22 06:59:09,Setelah di-update sering muncul iklan
Pengguna Google,5,2026-05-22 06:57:39,sangat terhibur
Pengguna Google,5,2026-05-22 06:57:22,Kenapa kok gk bisa didowlod ya
Pengguna Google,1,2026-05-22 06:56:45,matikan konten ai
Pengguna Google,1,2026-05-22 06:55:08,kenapa tiktok saya tidak bisa nge chet sama teman juga kalo saya mau ngirim vidio tidak bisaa apakah itu bug atauu bukann.......
Pengguna Google,1,2026-05-22 06:54:39,menurut all til tok baik
Pengguna Google,5,2026-05-22 06:53:25,bagus
Pengguna Google,1,2026-05-22 06:52:41,perkecil ram tiktok nya
Pengguna Google,5,2026-05-22 06:50:46,bagus banget
Pengguna Google,1,2026-05-22 06:50:44,"gara2 ke update sendiri lagi enk2 dengerin khodam eh malah ketutup, koin gw ilang hadehhhh"
Pengguna Google,4,2026-05-22 06:49:47,bagus banget cuma males kalo fyp nya itu kya ada ship nya itu plg males plz😣
Pengguna Google,5,2026-05-22 06:49:22,ulasan pada 🙂🙁
Pengguna Google,3,2026-05-22 06:48:47,hot yang
Pengguna Google,1,2026-05-22 06:48:44,HP saya ngelag kenapa ya mohon tolong Tik tok
Pengguna Google,1,2026-05-22 06:47:58,kenapa susah sekali di download
Pengguna Google,5,2026-05-22 06:46:35,Aplikasi nya baguss APK nya juga pada bagus
Pengguna Google,1,2026-05-22 06:44:29,"ini kenapa dah padahal internet lancar ,tapi pas buka malah dibilang ga ada internet,terus ga bisa ngapa ngapain selain nonton video offline"
Pengguna Google,1,2026-05-22 06:42:21,tiap posting pasti nol penayangan dan pas di cek di akun orang ternyata video na tidak terposting padahal sudah jelas terposting di akun saya
Pengguna Google,5,2026-05-22 06:38:14,menghibur sekali
Pengguna Google,5,2026-05-22 06:37:47,GK bisa msuk tolong dibntu login
Pengguna Google,3,2026-05-22 06:35:42,apasih setelah ku update ga bisa di buka anjirrr yang bener aja deh
Pengguna Google,5,2026-05-22 06:32:26,bagus
Pengguna Google,3,2026-05-22 06:30:34,Bagus banget
Pengguna Google,5,2026-05-22 06:30:24,aplikasi nya bagus tapi kok kalo di but vidio gak bisa padahal udh di daftar
Pengguna Google,5,2026-05-22 06:28:37,bagus.
Pengguna Google,5,2026-05-22 06:28:11,keren aku puas
Pengguna Google,4,2026-05-22 06:27:14,bagus kok tapi menurut saya ada yang kurang
Pengguna Google,5,2026-05-22 06:27:00,bagus polll🫰✌️
Pengguna Google,5,2026-05-22 06:25:23,Karna terkenal nya banyak tontonan seruu😄
Pengguna Google,5,2026-05-22 06:23:44,"saya suka, karena bisa terhubung dengan keluarga & teman². 🙏🙏🙏"
Pengguna Google,4,2026-05-22 06:22:08,Akun saya tidak muncul tambahkan tautan di story tiktok
Pengguna Google,1,2026-05-22 06:21:04,pengembalian dana sangak lama bukan kontan sedang pembayar harus segera di bayar
Pengguna Google,5,2026-05-22 06:20:48,apik
Pengguna Google,1,2026-05-22 06:20:28,tiktok jelek akun saya tidak bisa mendapat kan notifikasi dari komentar
Pengguna Google,5,2026-05-22 06:19:11,sangat baik dan bagus
Pengguna Google,1,2026-05-22 06:18:12,"berhenti berfungsi, buka apk cuman sampai di logo aja"
Pengguna Google,5,2026-05-22 06:17:40,seru aja liat squisy
Pengguna Google,3,2026-05-22 06:15:48,bagus sieh tapi balikin akun kuuu!!!!
Pengguna Google,5,2026-05-22 06:15:06,sangat bagus
Pengguna Google,2,2026-05-22 06:14:51,woy kapan gw dapat fitur vn
Pengguna Google,5,2026-05-22 06:14:41,aplikasi mantab
Pengguna Google,4,2026-05-22 06:12:56,semoga aku gak gitu
Pengguna Google,1,2026-05-22 06:10:06,iklan tiktok Sangat mengganggu
Pengguna Google,5,2026-05-22 06:07:27,ka. mana fitur vn nya ko aku ga ada
Pengguna Google,5,2026-05-22 06:07:21,mantap
Pengguna Google,5,2026-05-22 06:07:09,bagus banget aplikasinya
Pengguna Google,4,2026-05-22 06:06:46,hahahhaha
Pengguna Google,5,2026-05-22 06:05:50,bagus
Pengguna Google,5,2026-05-22 06:05:13,bgus bgt
Pengguna Google,5,2026-05-22 06:04:00,seru bgt buat klo gabut
Pengguna Google,5,2026-05-22 06:03:24,bagus banget
Pengguna Google,5,2026-05-22 06:02:53,stop update tiktok 🤬🤬🤬🤬🤬
Pengguna Google,2,2026-05-22 06:02:16,"akhir akhir ini sering banget log iut dari akun, kenapa?"
Pengguna Google,5,2026-05-22 06:00:26,wah wah bagus tarnyata
Pengguna Google,1,2026-05-22 05:57:25,pas aku masuk itu error loh membuat hp ku jadi rusak untungnya aku punya hp 2 yaudah lh aku gak akan pernah mendownload tiktok lagi takut rusak dan itu muncul: ANDA TIDAK MEMENUHI SYARAT APAPUN. kenapa sih selalu gitu
Pengguna Google,5,2026-05-22 05:56:59,seru
Pengguna Google,5,2026-05-22 05:56:12,tiktok sangat bagus
Pengguna Google,5,2026-05-22 05:55:24,Aplikasi yang sungguh² membuat hari² menjadi menyenangkan
Pengguna Google,5,2026-05-22 05:52:27,pling suka bnget sama apk ini
Pengguna Google,3,2026-05-22 05:49:11,"TIKTOKKK, KNP FITUR KAYAKK HIGHLIGHT IG GTUU SUKA ILANG² DI AKUNNN AKUU 🙂🙂🥀🥀"
Pengguna Google,5,2026-05-22 05:48:33,Bagus banget di sini bisa buat foto foto yang cantik
Pengguna Google,5,2026-05-22 05:47:32,bagus sih tapi bikin hp ngelag
Pengguna Google,2,2026-05-22 05:45:42,fitur apknya kadang ngilang ngilang kayak sticker atau tmea bubble chat
Pengguna Google,2,2026-05-22 05:44:47,setelah di update tiktok ku mlah sering pelanggaran.. padahal gk jelas pelanggaran nya apa..
Pengguna Google,5,2026-05-22 05:44:20,tambahin koinnya jangan diturunkan
Pengguna Google,5,2026-05-22 05:44:19,nonton tiktok seru sambil rebahan
Pengguna Google,5,2026-05-22 05:43:09,I like tik tok
Pengguna Google,5,2026-05-22 05:42:23,seru
Pengguna Google,5,2026-05-22 05:41:41,"seru,bisa membuat konten yg keren lainnya,ada fitur filter,live dll"
Pengguna Google,2,2026-05-22 05:41:34,kenapa ngedonlod nya harus ulang ulang dari awal nya 81 jadi balik lagi ke 34 mohon penjelasan nya
Pengguna Google,1,2026-05-22 05:41:12,ngelag terus
Pengguna Google,5,2026-05-22 05:40:35,aplikasi ini sangat bagus saya auka dengan aplikasi ini bisa untuk hiburan dan juga bisa untuk kegabutan saya suka sekaliiiiiii dengan aplikasi iniiii👍👍👍👍👍👍👍👍👍👍👍
Pengguna Google,5,2026-05-22 05:40:35,seru tapi aku pengen bisa di update
Pengguna Google,1,2026-05-22 05:40:08,sistem paylater tiktok ga jelas pengembalian dana sudah hampir 10 hari saya masih belum menrima dana tersebut bahkan saat saya meminta bantuan ke CS selalu di arahkan berulang-ulang dan tidak mendapat kan hasil sama sekali padahal saha sudah mengikuti arah tapii ujung² nya hanya mengulang arahan yang di berikan terus menerus
Pengguna Google,1,2026-05-22 05:39:04,di HP ku ngak ada foto live geser tapi di hp temenku ada emang anj tiktok
Pengguna Google,5,2026-05-22 05:38:38,sangat menarik
Pengguna Google,4,2026-05-22 05:37:35,tolong lagi tiktok.. kisi tata letak kamera saya saat live komal hilang... jadi gak bisa di rubah2 lagi.. gimana itu ..
Pengguna Google,4,2026-05-22 05:36:02,GK bisa download
Pengguna Google,2,2026-05-22 05:31:55,apalah tiktok ku di blok 😹
Pengguna Google,5,2026-05-22 05:29:03,bagus banget aplikasi dan seruu
Pengguna Google,1,2026-05-22 05:26:44,saya tidak bisa mengati foto profil
Pengguna Google,3,2026-05-22 05:26:20,aplikasi perusak mental
Pengguna Google,4,2026-05-22 05:25:58,tempek
Pengguna Google,4,2026-05-22 05:21:59,apk bgus tpi akunnya suga ke block block trs pdhal ga ngapangain dan ulang lagi dari 0 padahal folowers udah 600+ tpi ke block
Pengguna Google,1,2026-05-22 05:19:22,tidak bisa
Pengguna Google,5,2026-05-22 05:19:04,bagus saya suka
Pengguna Google,2,2026-05-22 05:19:03,"ini buat admin nya tolong yya kak iklan/promosi yang tidak jelas atau yang kurang enak di lihat di kurangi,soal nya kebanyakan iklan nya itu yang tidak enak di lihat"
Pengguna Google,5,2026-05-22 05:18:35,bagus banget
Pengguna Google,1,2026-05-22 05:18:19,apasal tiba-tiba ada iklan 10 saat dan knp kau masukkan iklan dadah
Pengguna Google,5,2026-05-22 05:17:15,bgus cuma ada filter yg gw bisa aiu pake
Pengguna Google,1,2026-05-22 05:16:06,apk nyaa sekarang makin gampangan kena blokir akun
Pengguna Google,5,2026-05-22 05:12:18,🤗☺️☺️☺️
Pengguna Google,1,2026-05-22 05:11:05,knp loading nya lama padahal kan saya koneksi bagus cache juga baru 700mb knp si
Pengguna Google,5,2026-05-22 05:08:09,sangat menyenangkan
Pengguna Google,3,2026-05-22 05:04:11,"Untuk hiburan saya suka dgn aplikasi ini, sangat menghibur dan banyak jg yg menyajikan ilmu baru. Tapi kemarin saya berbelanja dan saya batalkan karena barangnya lama hampir 1 bulan baru mau dikirim, bisa di batalkan tapi kenapa dana pengembalian tidak bisa langsung masuk ke rekening awal saya bayar. saya byr pakai OVO. trus ribet jg pakai foto ktp lah segala macam. infonya dana pengembalian sudah masuk ke saldo, saldo mana maksudnya di OVO blm ada, saldo di tiktok jg GK ada. sdh 2 hari lho ini"
Pengguna Google,5,2026-05-22 05:02:15,"Aplikasi ini membuat pengalaman menonton yg sangat menyenangkan dan jaringan yg sangat stabil, Terimakasih"
Pengguna Google,1,2026-05-22 05:01:44,"apa apaan ini, semua foto fito saya di tiktok juga ada streak yang udah 2 tahun malau ngehang dan loading setiap di buka, di update juga gabisa kenapasih, segera perbaiki skrg jg!!!!!!!!"
Pengguna Google,1,2026-05-22 04:59:09,ini knpa gabisa di buka tiktoknya udah donwload ulang berkali kali tetep aja gabisa di buka tiktok tidak menanggapi gajelas tolong ini gimna mau live juga ini malah gabisa di buka
Pengguna Google,5,2026-05-22 04:57:16,apk ini sngat bgus
Pengguna Google,5,2026-05-22 04:57:09,"Sering mendapatkan hal yang seru, menarik, bermanfaat dari video-video yang saya tonton"
Pengguna Google,1,2026-05-22 04:53:44,tiktok saya patah patah kenapa badmood banget setiap liat video videonya patah² makin kesini makin kesana tiktok. manta tolong di perbaiki lagi ya🙏
Pengguna Google,5,2026-05-22 04:53:21,seruuuuuuuu bangettttttttty lohhhhhh bisaaaa nontonnnnn seblangggggggh dllllll pokoknyaaaaaa seruuuuuuuu bangetttttttty lohhhhhhh bisaaaa bangettttt buattttttt yangggggg lagiiiiiiii galauuuuu POKOKNYA TIKTOK TOP 5 BUAT AKU YANG SEDIH AND BAHAGIA👌🏻
Pengguna Google,2,2026-05-22 04:52:59,"buat scroll lancar , buat CO lancar tapi ketika dibuat buka pesanan langsung ngadat gak ada koneksi tolong diperbaiki"
Pengguna Google,1,2026-05-22 04:50:39,minta tolong diperbaiki sering keluar tiktok tidak menanggapi
Pengguna Google,4,2026-05-22 04:48:22,"kenapa velocity nya makin ngeleg"" ga smooth lagi sedihh kembaliin velocity seperti awal dong min😕kok tetep ga bisa gabisa ya min"
Pengguna Google,5,2026-05-22 04:48:17,karna tiktok itu membantu banget saya suka banget jadinya saya kasih retingnya 5
Pengguna Google,2,2026-05-22 04:46:08,"bagus si, banyak vid yang menarik dan bagus, tapi ya, coba tanggepin pas seseorang tuh ngelapor, malah dibilang ga ada apa apa di video itu, dongo banget, lihat dulu itu, bahkan ada yang melecehkan agama orang lain loh? kaya, situ gapunya agama kah? pinter dikit, bahkan vid 18+ pun lolos dari sana, apa apaan coba? suka video gituan hah?"
Pengguna Google,4,2026-05-22 04:45:10,👍
Pengguna Google,5,2026-05-22 04:42:55,seru sekali
Pengguna Google,5,2026-05-22 04:42:31,bagus sekarang banyak hadiah
Pengguna Google,5,2026-05-22 04:42:22,bagus nemenin aku tapi ada kesalahan kenapa aku gak bisa Voice not/vn
Pengguna Google,5,2026-05-22 04:42:02,busuk bayak vidio GK jls
Pengguna Google,5,2026-05-22 04:40:44,yang tidak❌
Pengguna Google,1,2026-05-22 04:39:47,"percuma tiktok ga seketat ini, laporan udah ditemukan live pelecehan, tapi masih aja diberi kesempatan berkali-kali buat live lagi orang yang suka pelecahan,atau suka melanggar aturan tiktok, seriuss nih TikTok ga seketat ini, semua memang seru tapi masalah laporannya masih lemah dari pada aplikasi lain cepat bisa kena ban ini ga kenapa ya??padahal orang itu udah kena 3 kali pelanggaran tapi tetap bisa live?? aneh Tiktok??mau lingkungan aman tapi,suka lengah dan beri kesempatan,mohon kerjasamany"
Pengguna Google,5,2026-05-22 04:39:10,jelek bgt GK pernah update 🤮🤮🤢🤮🤮
Pengguna Google,1,2026-05-22 04:38:44,tiktok makin kesini makin ngadi ngadi apk ga bisa di bukak
Pengguna Google,5,2026-05-22 04:38:14,bagus x suer
Pengguna Google,3,2026-05-22 04:38:05,kenapa saat live sering di jeda sendiri tolong perbaiki katanya selesaikan misi harus live tapi kalau di jeda Mulu gimana dong perbaikiiiii
Pengguna Google,1,2026-05-22 04:35:44,"ini kenapa ya konten-konten vulgar di laporin malah, tidak terdeteksi, jadi males kalo yg fyp itu itu terus😒"
Pengguna Google,1,2026-05-22 04:35:33,aplikasi ini tidak bisa di dawlond di hp saya saya ingin sekali aplikasi ini bisa di dawlond
Pengguna Google,5,2026-05-22 04:35:09,bagus
Pengguna Google,4,2026-05-22 04:32:04,cuma dikitt bug
Myraa Ckv,4,2026-05-22 04:31:27,"hllo tiktok, ini kenapa ya diakun aku semua pada ada fitur sorotan punya aku ngga ada pdhl udh update, dan ini lagi ada fitur vn punya aku jga ga ada"
Musrofah,5,2026-05-22 04:30:42,keseharian ku cuma tiktok suka deh sama tik tok🥰
Wildan Adynata,1,2026-05-22 04:30:34,gak jelas banget tadinya ngikutin 52 orang tiba tiba jadi tinggal 17 orang mana gak bisa follow lagi benerin dong
Lia Lia,5,2026-05-22 04:26:57,bagus bagus saja gitu
Ahmad Satiri,2,2026-05-22 04:26:31,suka ngelek
Jennaira JR,4,2026-05-22 04:22:05,ayolah tiktok iki gimna sih mau bayar tagihan kok mlh gk bisa di buka paylater nya nanti kalo telat saya juga yg harus byr dendanya gtu aneh bgt dah..
IJN HIBIKI,5,2026-05-22 04:21:56,aplikasi bagus tapi tolong hilangkan fitur/bug yang langsung masuk ke tiktok shop ketika buka tiktok ganggu banget sumpah sering Lo kaya gitu.
Davanka Ganesh,1,2026-05-22 04:21:20,Aku gak tau tiba² tik tok nya jadi gak bisa
Reza Faydhollah,1,2026-05-22 04:20:46,jangan download tiktok lagi saya akun diblokir 2 kali
Pekalongan,1,2026-05-22 04:20:03,ngeleg bagusan ig
HERO 01 GAMING,5,2026-05-22 04:18:20,Bagus bisa buat belajar nari
mіftᥲ yap yap,3,2026-05-22 04:17:23,ngelag
Dedek Prayogi,2,2026-05-22 04:12:37,upgade nya cukup melamakan
Ahmad abdi Maulana,1,2026-05-22 04:12:11,selalu keluar
DIK Aja,4,2026-05-22 04:10:15,"min,gimana ini apk-nya,udah aku update masih belum bisa posting sorotan,tapi ada logonya,pas gua mau bikin sorotan malah ada tulisan ""sorotan tidak bisa dibuat,mohon dicoba nanti"" pas aku coba malah gak ada fiturnya,ini bug apa gimana ya min. ""TOLONG DIPERBAIKI YA MIN""👌🏻"
Andri Andika,5,2026-05-22 04:09:03,"Min knp tik tok aku ngk bisa di buka min, harus di hapus dlu, terus di download lagi baru bisa di buka lagi minn😭😭"
Rachel,2,2026-05-22 04:06:11,ngelek gak bisa ngepost dan juga akun aku ke band padahal umur ku 20 tahun
Muh Iqshan,5,2026-05-22 04:03:20,mantap aja dah
Iskan dar (is),4,2026-05-22 04:03:14,aplikasinya ada masalah lagi sedang nonton berhenti sendiri.
Bilqis Isah,5,2026-05-22 04:03:07,"bagussss tapi GK bisa oflenn,seru tapi siii bagus"
Alliya Vivo,1,2026-05-22 04:02:36,tolong tiktok di abaikan dulu soalnya tiktok saya 3/4 kali ke blok terus terusan
ujangkoswara koswara,5,2026-05-22 04:02:07,ok
Wardatn Asfiyah,1,2026-05-22 04:01:30,Buruk
Amim Hidayahbatubara,2,2026-05-22 04:00:54,aplikasi makin di updte makin lola jirr sering : tiktok tidak menanggapi anda padah sinyal ok2 aja. udah di uptude lagi hadehhh bebenah deh ku tiktok kimakkk
Najwa Khansa,2,2026-05-22 03:55:52,kurangin bug
Salmaaa Salmaa,5,2026-05-22 03:54:30,bagus
alifa putri ramadhani,1,2026-05-22 03:54:13,ngelek
Neng Eka,4,2026-05-22 03:54:05,sangat bagus
Nisa Izzul,5,2026-05-22 03:53:28,cara voice note
Indra irawan,1,2026-05-22 03:50:50,"tik tok terlalu jelek,mau kita login tau2 mental keluar, mungkin direktur tik tok yg baru sekarang, belum pengalaman"
came punya,2,2026-05-22 03:50:27,sering nerhenti mendadak
ilham septiansyah,5,2026-05-22 03:49:02,keren
Anisah Ismail,1,2026-05-22 03:48:55,aplikasi nya banyak eror aku tidak bisa Menganti tanggal lahir ku dasar aplikasi jelek tak berguna jelek huhuhu
Made Murda,5,2026-05-22 03:48:07,bagusss sekalii
Fajar Anto,5,2026-05-22 03:45:59,bagus
Saepul Anwar,1,2026-05-22 03:44:52,"setiap video yg saya puter menyebabkan kan ngeleg, padahal jaringan bagus apk nya tolong perbaiki lagi dong kesel saya kalo kaya gini terus!!!!!!"
Dwi Vano,1,2026-05-22 03:42:57,"aplikasi nya ngeleg padahal jaringannya bagus juga penyimpanan HP masih banyak vidio yang sudah di buat saat melihat lagi vidionya menjadi warna hitam semua, tolong di perbaiki"
Dika saputra,1,2026-05-22 03:42:55,"aplikasi jelek,kenapa akun saya bisa nge unfoll pertemanan sendiri tanpa saya apa apain,tolong perbaiki lagi tik tok nya biar gak jelek.tandain akun saya @dikontol54"
Zimazuma Imaa,2,2026-05-22 03:42:51,suka ngelak waktu ngepost
RioZ Aja,5,2026-05-22 03:40:05,mantap
Agung Agung,2,2026-05-22 03:39:51,"cuma kata ""kelas""aja diban,coba sekarang jelas kan kenapa kok kata ""kelas"" dianggap sensitif?"
Sandi We ya,5,2026-05-22 03:39:24,bagus sekali
Nabilasiti Humaira,3,2026-05-22 03:38:34,aku kok gak bisa DM ya padahal aku gak ngelanggar apa apa
Dafir Realme,1,2026-05-22 03:38:30,sungguh mengecewakan
Sahala Simanjuntak,1,2026-05-22 03:38:11,aplikasi erorr
Ayumutiara12,5,2026-05-22 03:38:05,Aplikasi ini bisa membuat aku Happy terima kasih
Arjuna Penggawa,1,2026-05-22 03:37:12,jelek buruk tidak bisa digunakan
ibron al lail,5,2026-05-22 03:36:47,top
Joni Sakim,5,2026-05-22 03:34:55,Bagus bikin gak bosen setiap hari pas siang pas malam udah gitu aja
Alik Gamer,1,2026-05-22 03:33:23,tiktok gimana gw GK ada sorotan
Guess Gucci,1,2026-05-22 03:32:53,kenapa stiap saya masuk dan up video apk tiktok slalu mental mulu kembali secara tiba² padahal udah di perbarui jelek bngtt siih sekarang titkok
AriWibowo 93,1,2026-05-22 03:31:51,benar benar banyak damage
Dadan Suherli,3,2026-05-22 03:31:23,"udah lama banget ga buka tiktok karna sering ' tiktok tidak menanggapi 'entah kenapa padahal memori ga penuh,udah di upgrade jug ,sudah di restart tetep aja"
Serpis Serpishp,5,2026-05-22 03:30:54,kenapa y aplikasi in terlalu banyak pelanggaran
Egha David,5,2026-05-22 03:30:53,plisss tiktok kasih fitur bisa nonton live replay supaya yg telat nonton live bisa lihat live replay nya trimakasih
Priyo Hadi Hadi,1,2026-05-22 03:30:36,tidak ada buat pesan suara+ bangikan foto
Patma Padopil,2,2026-05-22 03:25:59,"banyak iklan, jadi terganggu dalam menonton"
Nini Dedi,5,2026-05-22 03:25:51,mantap
Ibnu Rohman,5,2026-05-22 03:25:44,mantap jiwa
Rahman Hafiz,2,2026-05-22 03:24:32,"maaf tpi ini knp ya? tiktok saya jdi begini, saya mau chat teman saya tapi kok error?! trus pas sy mau bls chat tmn saya malah ada gambar ⬤! merah kyk gini, mohon ya aplikasi nya diperbaiki sy mau chat jdi gk bisa gr gr masalah ini"
Anak Sehat,5,2026-05-22 03:23:38,suka banget soalnya ada pilihan yg namanya seni
Indh Prnmalm,2,2026-05-22 03:23:27,"ada bug, kok mau ngefollow orng mlh ga ke follow"
Abdul Jabbar,5,2026-05-22 03:22:44,bagus
duga silalahi,5,2026-05-22 03:15:06,bagus
Sepsanto,3,2026-05-22 03:11:55,aplikasi nya bagus tapi logo toko saya jadi teman tolong di perbaiki di update terbaru
Arkanza Zafran Purwandi,1,2026-05-22 03:10:28,boros kuota. mau pake data seluler atau pun wifi tambahkan fitur setting kualitas video. ini ada fitur buat nurunin resolusi video cuma untuk data seluler TPI ga berlaku yg menggunakan wifi.ga semua pake wifi rumahan blok
Muhamad Ilham,3,2026-05-22 03:08:54,kenapa harus ada iklanya
syarif syarif,5,2026-05-22 03:06:44,tolong aktifin fitur vn nya pliccc
Aldric Aldric,3,2026-05-22 03:04:16,kenapa tiktok tidak bisa di buka ya cuman stuck di logo nya doang
Naufal Tio,5,2026-05-22 03:01:10,bagus sekali
Pundi Asmara,3,2026-05-22 03:00:05,"𝗸𝗲𝗻𝗮𝗽𝗮 𝘁𝗶𝗸𝘁𝗼𝗸 𝗸𝘂 𝗴𝗮 𝗯𝗶𝘀𝗮 𝘂𝗽𝗹𝗼𝗮𝗱 𝗸𝗼𝗻𝘁𝗲𝗻 𝘆𝗮....𝗯𝗲𝗻𝗲𝗿""𝗸𝗲𝗰𝗲𝘄𝗮,𝗯𝗶𝗮𝘀𝗮𝗻𝘆𝗮 𝗯𝗶𝘀𝗮 𝘁𝗽𝗶 𝗸𝗮𝗹𝗶 𝗶𝗻𝗶 𝗴𝗮 𝗯𝗶𝘀𝗮 𝘀𝗮𝗺𝗮 𝘀𝗲𝗸𝗮𝗹𝗶!!!!𝗣𝗘𝗥𝗕𝗔𝗜𝗞𝗜 𝗧𝗢𝗟𝗢𝗡𝗚."
ikhwan irsyadi,1,2026-05-22 02:57:22,"berat bgt sekarang tiktok, pas keluar apk masi berjalan lagunya aneh bgt fitur ga guna kadang mau pergi masi idup lagunya aneh bgt"
Ani Mariani,5,2026-05-22 02:56:17,sangat baguss
Agung Agung,1,2026-05-22 02:49:55,aplikasi yang lebih baik di hapus karna membebani hp saya ketika bermain game sampai sampai sistem hp saya menyarankan saya untuk menghapus aplikasi ini dan lagi ketika saya membuka aplikasi ini selalu bermasalah
Syaiful Rizal,3,2026-05-22 02:49:25,"tik tok saya tidak bisa di buka malah ttp keluar bacaan tik tok layar hitam gk bisa di buka,minta tolong dong perbaiki"
Icis inarsya97,1,2026-05-22 02:48:16,plis adain fitur kunjungan profil
Suyuo Tiktok,1,2026-05-22 02:47:14,kenapa saya susah download nya padahal memori kagak penuh dan koneksi stabil
Kartina,5,2026-05-22 02:44:34,mantap cun banget aplikasi ini
M.gibran Adriansyah,2,2026-05-22 02:44:20,tidak ada vn
Sodung Regar,5,2026-05-22 02:41:47,lebay dan terus maju berkembang
Rpg Blox,5,2026-05-22 02:41:24,"bagus tapi ngeleg,"
Rtg Snt,5,2026-05-22 02:40:07,nice apk broadcast
Firzi kirana,1,2026-05-22 02:35:15,gara gara nih aplikasi gua di putusin sama cewe gua
Ahmad Khanafi,5,2026-05-22 02:28:18,bisa menghasilkan uang beneran sangat rekomen pokoknya
Afar Akar,4,2026-05-22 02:27:53,ini seru dan bisa bikin video bagus saat saya gabut tinggal tulis apa yang ada di pikiran ku dan ini lumayan berbahaya untuk anak kecil misal nya di komentar ada omongan kasar/kotor untung nya ada perlindungan kreator dan aman untuk anak kecil tapi tetap berbahaya untuk anak kecil seumuran 4/3 dan hmmmmm dahlah segitu aja iya
Riswandi Riswandi,5,2026-05-22 02:27:38,"Coba ditinjau kembali regulasi untuk Akun Tiktok Yang dipakai /ditautkan ke akun seller, tampaknya mudah sekali Banned dilakukan atas hal ini seller sangat dirugikan karena 1 pelanggaran produk tapi sangsi baned untuk 1 akun, bagai mana dengan produk lain yg tidak melanggar diakun yg sama mengingat iklannya sudah lama berjalan. ini menghilangkan traffic secara keseluruhan produk , bukan hanya produk kontennya yg dianggap melanggar, mohon penjelasan pihak terkait."
tyong fairy,1,2026-05-22 02:27:27,"makin kesini aplikasinya kayak sampah. akun organik dituduh ai, pake bot buat naikin angagment, komentar dibatasi. banding ditolak, tiket dukungan gak guna. UDAH HAMPIR 2 BULAN KOMENTAR GUE DI HIDE DARI PUBLIK, yang bikin angagment akun gue jadi anjlok parah karena gak ada interaksi. makin kesini bukannya makin bagus malah makin kayak sampah, gak guna banget"
Ki Suprapto,5,2026-05-22 02:24:46,bagus
Whotty,1,2026-05-22 02:24:08,"optimasi buruk, ke depan nya tolong di optimalkan dengan baik aplikasi ini, saya tau aplikasi ini masif dan sifat nya real time tapi kenapa aplikasi ini sangat berat sekedar untuk menonton video? berbeda dengan youtube meskipun juga masif dan real time tapi tidak seberat tiktok"
DIARY MIKHA,5,2026-05-22 02:23:04,ini bagus bgt kek kaya ada id id yang bagus
ikhsan zulkarnain,1,2026-05-22 02:22:49,"tolong atasi masalah di live TikTok, saya live game cuma bisa mentok resolusi 360p sedangkan hp saya pake d9500s tolong di perbaiki secepatnya percuma beli hp terbaru ga bisa live resolusi sini, masalah ini byk orang ngeluh tolong di update secepatnya"
Mesak Senamuara,5,2026-05-22 02:18:41,coba
Ifa Ifah,5,2026-05-22 02:17:23,bagusn't
Sofie Arvionanda,5,2026-05-22 02:13:52,membuat kita jadi keenakan dan Aman dimainkan juga aku happy karena semua yang kita cari atau kita tonton ada semuanya disituu😁👍🏻
Alfi Anwari,2,2026-05-22 02:11:11,"aplikasi ngawur, kemarin sudah di update sekarang malah update lagi 😒"
Samsung J3,5,2026-05-22 02:10:02,Aku tidak bisa megintal
Sri Astutik,1,2026-05-22 02:07:12,knp seh tiktok ini... masak aq masuk tiktok katanya aplikasi sdg diinstal?? nah kan aq udah instal... sampek aq un instal trus aq instal lg
Ahmad rifal Riyadi,1,2026-05-22 02:05:20,kadang suka leg dan kembali sendiri mohon di perbaiki setelah di update malah ga bisa di buka kocak
Masrulaidi Masrul,5,2026-05-22 02:04:50,mantap
SIKLUS _RJT76,5,2026-05-22 02:01:34,sangat bagus dan bermanfaat
Hidayatullah Hidayatullah,5,2026-05-22 02:00:50,ok
Refan Adrian,5,2026-05-22 02:00:21,bagus
Pengguna Google,5,2026-05-22 02:00:00,sayang lagi
Dendri Anggahuni,5,2026-05-22 01:56:52,bisa menghasilkan cuan
Vina Anggraeni,1,2026-05-22 01:56:01,sering bangen minta update napa yah
Putri Borupudan,3,2026-05-22 01:52:28,"bagus,tapi kok aku daftar gk bisa"
Putra Pradita,1,2026-05-22 01:51:52,"buat kalian yg pake paylater tiktok mending buru2 lunasin atau GK usah pake lagi tuh paylater. Krn gue pake paylater mmng awalnya gue pikir ngebantun, ternyata berisik paylater nya tuh dari PT akulaku tau dong akulaku seberisik apa tuh DC nya neleponin pake beda2 nomer. gue selama ini ya bayar selalu tepat waktu, nah tepat waktu aja masih di berisikin mereka bakal neleponin seribu kali sblm lu angkat pdhl jatuh tempo masih seminggu lagi ibaratnya bayar sehari sblm jth tempo aja msh bisa kan."
Elzhafif Onse,1,2026-05-22 01:51:05,kenapa setiap buka tiktok langsung keluar
N'dar simpatigrafika,5,2026-05-22 01:44:55,👍👍👍
Nia Kurniawati,3,2026-05-22 01:42:38,lama nunggu apk tiktok nya sampai 1 jam
Dedy Heru Susilo,2,2026-05-22 01:35:27,"kak kenapa event mu ga bisa aku ikutin, gimana caranya bisa ikut potong harga 100perak itu, padahal udah ku update, pengaturan juga umurku dah legall 19+ loh harusnya umurku, trs kenapa tiap ada potong harga di tiktok ku malah tulisan ""anda tidak memenuhi syarat untuk ikut acara ini"" MAKSUDNYA GIMANAA PLISS GA ADIL BANGETT SUMPAH 😭"
Siti Mamluatul,1,2026-05-22 01:28:49,Haduh padahal itu ada titok SOP nya tapi eh gak ada sih pas didonlout sebel
SUTRA DEWANGGA,1,2026-05-22 01:27:59,"untuk pihak developer tolong perbaiki sistem nya, tiktok sering eror : tidak menanggapi, video tidak muncul, dan sistem live yg ambigu dan tidak profesional karena sering asal memberikan pelanggaran dengan alasan yang tidak jelas. sebagai pengguna saya merasa sangat kecewa dengan permasalahan ini."
Tambenk 73,5,2026-05-22 01:25:58,Mantap
Nyai Wati,4,2026-05-22 01:23:50,bagus untuk menghilangkan
Fakih Doank,5,2026-05-22 01:20:59,Apk Bagus minus di lag
Rafa AL,1,2026-05-22 01:15:57,tiktok stabilkan dulu aplikasi mu cuma di pakai scroll video tiba tiba HP naik suhunya dan kalau untuk nge game suhu biasa aja tapi cuma pakai aplikasi tiktok tiba tiba suhu bisa naik drastis ini aplikasi nya pasti belum stabil tolong pihak tiktok aplikasi nya di stabilkan dulu biasanya juga ngak pernah kek gini🙏🏻
Ama Jo Wadu,5,2026-05-22 01:14:38,sangat menghibur
Arga Pio,5,2026-05-22 01:12:16,belum ada fitur vn nya
Zhak Mlbb,1,2026-05-22 01:10:55,Sangat buruk setiap kalo login vidio tidak dapat di putar sedang kan internet dalam kondisi normal sudah hapus data masih sama saja
billa shifa,4,2026-05-22 01:08:22,"aku cuma pngen adain fitur hapus smua repost,an gtuu"
Bakso Bakar mercon tusuk,1,2026-05-22 01:06:14,cerita kemarin MLM buka tiktok baik aja lancar sampe jam 11 MLM bangun tidur jam 3/4 subuh buka hp langsung nonton tiktok kok keluar sendiri akun ditanggung diotak Atik sendiri smpe sekarang blm bisa buka blm bisa digunakan sampe sekarang
Saprida Nur,5,2026-05-22 01:03:04,alhmdulillah semenjak ada tiktok ini dapat beli jajan anak anak terimakasih
Usman,5,2026-05-22 01:03:04,bagus
Sabar Id,3,2026-05-22 01:01:05,"Minimal kalo jual promosi sesuai hari, itu kam tertera ketika mau beli promosikan video ada yg harga 40 ribu 1h, knpa ga sampe 24jam?? saya beli ga ada 24jam dah habis"
Afrt Gy,5,2026-05-22 01:00:30,ape k klu Nye belancik
Kang Purwa,3,2026-05-22 00:57:53,"ada aturan vt 10 jam 0 viewer , tiktok ini gimna sih"
Gita Risyana,3,2026-05-22 00:57:07,"NGE CRASH TERUSSSS, pdhl hp ga panas, scroll app lain lancar, bru 5 vt lngsng nge crash, aneh."
ENDANG Setiawan,5,2026-05-22 00:55:34,Aplikasi media online masa kini yang sangat berfaedah dan banyak manfaatnya.Is the best.
Aldebaran2201,5,2026-05-22 00:54:16,oke oke oke saja
Ahmad Yani,5,2026-05-22 00:49:39,ok lahh
Enji Enji,5,2026-05-22 00:46:34,aku blm pernah dapet seratus perak di akun tiktok ini😭😭
Ubaidillah,5,2026-05-22 00:43:49,baguss
177_Fauzi,1,2026-05-22 00:34:49,"tolong team tiktok yang terhormat, sepertinya sistem anda salah dalam mendeteksi pelanggaran, saya tidak pernah mengarahkan pembelian diluar tiktok namun saya mendapatkan pelanggaran etalase diblokir permanen"
adibah ken,5,2026-05-22 00:33:59,bagus
Taufik Hidayat,1,2026-05-22 00:29:32,makin parah aja ga bisa di buka aplikasi nya
Neng nia Supriadi,1,2026-05-22 00:21:22,makin kesini sering belanja bukannya mkin murah.. masa biaya penanganan sm biaya admin bs nympe 16rb klo beli bju 200 rb lbh.. gila parah.. percuma grtis ongkir jg toh biaya penanganan aja gede.. mending d Shopee... bagusnya tiktok itu d tiadakan d indo mana byk hal yg tdk pantas dliat ank ank kcl... kyk org org live sexy sexy.. klo dlporin tdk dtmukan pelanggaran heran sdh jls asusila.. buka buka aurat hadeuh..
Ratna Fatma (Bunda vany),3,2026-05-22 00:05:22,bismillah nga bisa bergabung lagi
Rahmat Japrot,5,2026-05-22 00:04:48,sangat bermanfaat
Riski Usman,4,2026-05-21 23:55:22,kenapa saya live game tiktok di keluar sendiri setiap live game tiktok ngga bisa padahal followers saya sangat cukup saya sering live biasa dlu juga bisa live game tidak keluar sendiri TPI skrng live game langsung keluar sendiri tolong perbaiki kak
Cv. Bhadra pratama Lestari BPL,4,2026-05-21 23:54:06,kenapa udah login disuruh login lagi
Rizky Fadlil,1,2026-05-21 23:53:31,"kirain hp gue yang gbsa login tik tok,sllunya ""tik tok tidak menanggapinya"",lama2 gjlas nih apk"
Rifda Anwar,1,2026-05-21 23:52:26,jelekkkk!!!!
SRI RAHAYU,5,2026-05-21 23:49:05,Ok
A.MOH.RAYYAN AZFAR,5,2026-05-21 23:48:51,bagusss
Mas Slamet,5,2026-05-21 23:44:05,Bagus
Diah Kurniawati,3,2026-05-21 23:35:25,sedih coi draf aku tiba² GK ad semuaa mana udh banyak banget lagii
Habibie 060,1,2026-05-21 23:29:30,The ads are still making your app and MY phone freezes. Fix it
Nizam Alhabsy,1,2026-05-21 23:29:23,gimana gua udah umur 19 kenapa gak bisa live
Fanny Azahra,5,2026-05-21 23:26:33,suka banget aplikasi ini
adit rnt,2,2026-05-21 23:25:49,sering keluar sendiri
dimas fani golly,1,2026-05-21 23:21:10,"burik lama2 tiktok,makin parah nih aplikasi.mana koin nye pelit banget"
Raka Ya,1,2026-05-21 23:21:02,masak iya gk bisa masuk ke tiktok nya
Fatah Ramadani,2,2026-05-21 23:13:53,gak bisa buat belanja online
Rahmadcandra Suseno,5,2026-05-21 23:13:00,dapat menghibur
Safina Kelasia,5,2026-05-21 23:11:03,bagus tiktok pertahan kan ya
Siska kotabumi,5,2026-05-21 23:06:20,"bagus,dan bisa mengeditt video"
Ali Gengge,4,2026-05-21 23:04:10,saya lumayan menyukai nya tapi ada yg saya tidak suka ( plecehan)
Bpk Rozzak,5,2026-05-21 23:03:53,bisa cat bareng teman
Jajat Pribadi,5,2026-05-21 23:03:28,good
Wulandari Wulandari,5,2026-05-21 22:57:21,sangat puas
Andra Armando,5,2026-05-21 22:53:03,mantap
Siapa Yarian,3,2026-05-21 22:50:55,tolong perbaiki lagi ko tiktok tiba tiba gabisa di buka harus donload ulang dan saya terus tarulang seperti itu tolong bgt di perbaiki ya!
Haekal Saputra,5,2026-05-21 22:48:41,Seru bagus bangat
Saifu Din99,4,2026-05-21 22:41:56,aplikasi nya bagus tpi pas ngelive biasanya kena pelanggaran dibawah umur pdhl umur ku udh 34 thun😭
Firdaus J,4,2026-05-21 22:41:22,ya seru aja
Nabil Musaffa,4,2026-05-21 22:41:15,bagus tapi bikin hp ngelek
Doni Ae,5,2026-05-21 22:40:40,😁😁😁
Gianis septiana,5,2026-05-21 22:34:12,favorit deh
Mega Kusumawati,3,2026-05-21 22:31:42,"kenapa ngga bisa dibuka sih, padahal wifi juga lancar² aja"
Muhammad ilham,5,2026-05-21 22:28:13,Enak ontok nontok kalau lagi galau
Mika bintang Febriyani,2,2026-05-21 22:22:36,gua ke Napa ga bisa ngirim pesan kecewa sama tiktok
fenfen,1,2026-05-21 22:22:14,"g jls bgt tiktok sekarang, bnyk notif g jls dan suka loding klu masuk ke aplikasi pdhl internet masih ok"
Dzhafira Putriwidi,5,2026-05-21 22:21:34,"bagus sih aplikasi nya bisa juga cari"" video yg sesuai dipencarian tapi jangan kasih kayak fitur usia""gitu nnti pas mau buat streak atau lihat live orang jadi nggak bisa, smoga fitur yg baru""inii lebih canggih dan juga bagus. 👍🏻👍🏻"
Ilham Kusuma,5,2026-05-21 22:18:06,bagus
Juwartini Akbar,3,2026-05-21 22:09:44,meyenangkan
Rizki,5,2026-05-21 21:57:29,bagus
Jalaludin Doang,5,2026-05-21 21:48:15,"udah beberapa kali uninstal , download lg cape lho . kenapa dgn Tiktok ini sekarang baru juga 2 hari yg lalu saya uninstal kemufian kemudian download lg ,eh sekarang gt lg gk bisa dibuka . padahal saya udah hapus beberapa apk takutnya berat tp tetep saja kayak gt .. perbaiki ya sistemnya ,"
Ardi Anto,5,2026-05-21 21:38:55,Oke
Delta Rama,5,2026-05-21 21:37:17,apk bagus sekali saya suka
Indah Dwicahyani,5,2026-05-21 21:35:20,Seru
Puspa Mustika,5,2026-05-21 21:31:41,bagus
Siti aminah,5,2026-05-21 21:27:49,baik
Wahyu Natius,5,2026-05-21 21:26:08,ok
Anto Iyan,5,2026-05-21 21:23:10,sangat bagus
Sudiono Solet,3,2026-05-21 21:21:10,tidak bisa di upgrade
Azka Dwi putri,3,2026-05-21 21:05:34,apasih aku kemarin hapus tiktok trs aku download lagi pas aku buka tampilan nya jelek banget kata aku ga ada tiktok shop nya kesel banget
Hazel Najwa,1,2026-05-21 19:41:41,"ngelag mulu dah, aneh bgt. apk lain ga ngelag."
Herman Syah,5,2026-05-21 19:41:39,"karna aplikasi pintar ini,saya bertemu pasangan saya,debes emang 👍"
Wasdirah Udin,5,2026-05-21 19:36:59,Oke
puput cimoute,5,2026-05-21 19:24:23,lope yu full dah keren
Susanto Santo,2,2026-05-21 18:23:30,tiba2kluar di pncet gabsa²hdeh
rahma nopiana14,1,2026-05-21 18:21:44,"burukk, postingan di proses sampe berhari hari padahal akun sedang tidak dalam peringatan, giliran posting vidio langsung ke posting sedangkan foto pasti selalu di proses doangg ga bisa di liat pake akun lain"
stok,1,2026-05-21 18:10:08,HP saya di blokir tanpa ada bukti keaalahan
Paman Icon (isron),5,2026-05-21 18:06:47,sangat bagus
Nadira Mr,5,2026-05-21 18:06:18,apk bagus
Adibah Adibah khodijah,5,2026-05-21 17:59:25,terlalu banyak perlanggara
Dnc Cuk,5,2026-05-21 17:55:38,Alhamdulillah bisa narik walaupun Receh.
Ade Hardiyansyah,1,2026-05-21 17:52:25,binatang la tt ini
Muh Fatir,2,2026-05-21 17:51:14,ini gimna min saya bikin story TPI story saya GK bisa di liat oleh orang padahal saya Suda alihkan ke publik sama ajah biar temen juga gak bisa nonton story saya tolong di lerbaiki
Rifatul Ummah,5,2026-05-21 17:50:16,"reward nya ada tulisan "" anda harus berusia setidaknya 18 Thun"" padahal aku mutunya udah di atas 20 wee, mana udah dapet 7 RB 😭minta tolong lah kembalikan , dapetin segitu lama loh"
Hariyanto Sulaeman,1,2026-05-21 17:47:59,kata gua mah mending hapus aja tiktok mentang mentang udh rame tapi sistemnya buruk lag lag parah lah kadang vidionya ga jalan apk busuk ngabisin ruang penyimpanan doang tapi sistemnya buruk daripada apdetan baru mending perbaikin masalah dulu
Fitriyah Alhusain,3,2026-05-21 17:47:56,Kenapa sekarang apk tiktokku kerap selalu gak bisa di buka nya?padahal sudah aku updetnya?
Rambo Gimbal,1,2026-05-21 17:47:28,banyak bug kepental dri apl ny trs
dila xyz,5,2026-05-21 17:44:01,BAGUS BANGET SEKARANG
asfah fadillah,1,2026-05-21 17:41:52,gada perubahan an apapun di update an nya bulan ini.
Mar Diah,1,2026-05-21 17:41:01,Kenapa aplikasi tik tok tidak bisa dibuka dan tidak bisa di donwlod Tolong saya donwlod terus menerus tidak bisa dibuka aplikasi nya tolong diaktip kan tik tok saya
Rasid Teguh,1,2026-05-21 17:40:23,kenapa akun tiktoknya hilang padahal sudah disambungkan akun google loh
Aziz,2,2026-05-21 17:34:44,kenapa selalu eror terus stiap buka tiktok selalu tiktok tida menanggapi terus
Kendy official,5,2026-05-21 17:29:22,tiktok adalah hiburan yang no 1 SE Indonesia
M.Y Nasution (YSS TV),5,2026-05-21 17:26:16,Good luck
M hafiz Muzaki m hafiz Muzaki,4,2026-05-21 17:23:54,kenapa video offline saya tidak ada ya?
Huda Saputra,3,2026-05-21 17:19:30,sangat bagus
boroboro Kali,5,2026-05-21 17:17:47,bagus
khosi yah,1,2026-05-21 17:15:30,oi tiktok saya tidak bisa voice note padahal udah update tapi tetap GK bisa
Moto Sround,5,2026-05-21 17:11:51,"bagus terinspirasi, semoga ada kejutan hadiah untuk ku 🥰"
AHMAD DIMYATI,5,2026-05-21 17:06:30,mantul..
sharil tajuddin,5,2026-05-21 17:06:17,BAGUS SEKALI
PD SRG,3,2026-05-21 17:01:45,kontolo
Ali Safar Zunaedi,5,2026-05-21 17:01:37,top 1
Disa Florist,5,2026-05-21 16:59:48,👍 good
Doli Siregar,5,2026-05-21 16:59:21,asik
Eldira PARAS AURORA,5,2026-05-21 16:57:56,akun ku di blokir
Sang Prabu,5,2026-05-21 16:55:54,maaf kami hanya pembeli bukan untuk berjualan tidak pelu kirim2 data trmksih 🙏
beban asmara,5,2026-05-21 16:55:25,sangat baik
Adrian Adriansyah,5,2026-05-21 16:51:06,mantap
Anggreini Kharisma,1,2026-05-21 16:49:51,tetep kasih bintang satu ga bakal gue rubah. habis di update malah proses rekam gada suaranya! makin jelek aplikasinya. tetep menjadi aplikasi terburuk
zm pratama,1,2026-05-21 16:49:03,tambah gak jelas ini aplikasi setiap mau login keluar sendri
Kiko Ejdjj,5,2026-05-21 16:45:29,Klen bgt aku bisa jadi kalcer
Aan Nurjannah,3,2026-05-21 16:41:41,"WOI TIKTOK, GUA MAU NGEPOST STORY GABISA YA!! BERHASIK SIH NGEPOST NYA MAH, TAPI PAS DI POSTING ITU GA ADA YANG BISA NGELIHAT! NI APK TAMBAH UPDATE TAMBAH GAJELAS PULAAAAAA!! okelah, sy naikin jdi bintang 3"
Riski Setiawan,5,2026-05-21 16:38:59,TOLONG ADAIN FITUR LIVE 1080P 60 FPS BUAT IQOO 15 😭😭😭😭😭😭😭😭😭😭
Atha Fauzi,1,2026-05-21 16:38:06,gabisa buat story
Rismaa Amelia,2,2026-05-21 16:36:07,"sumpah kesel banget sama tiktok.aku jarang komen tiba-tiba komen aku dibatasi dan kalau mau buka tiktok selalu keluar sendiri,tolong diperbaiki lagi"
MelodiAyuma,1,2026-05-21 16:34:40,"apasih, Pas up VT malah ga muncul diorang lain"
hanifa Alya ulfa,5,2026-05-21 16:31:01,BAGUSSSS
Adrian Thafarafid,1,2026-05-21 16:28:52,"limit live resolution only 360p, please fix it for device Poco x8 pro"
Yusnita Ilham,5,2026-05-21 16:28:10,Not good
infinix Bae,1,2026-05-21 16:26:32,borok nian pacak t4iiiii
Jaja Jaroh,1,2026-05-21 16:26:01,tambah kesini tambah ke sini tambah ga jelas ini..buka aplikasi ko banyak capcha nya..buka live capcha bukan yg lain capcha..ribet bangettt
gammajaki,1,2026-05-21 16:25:26,"parah bug 2 tahun masih saja tidak diperbaiki, draf video lama edit upload auto jadi kaset rusak, responsif aplikasi suka kabur, android 14"
Radit Bocilfreefire,2,2026-05-21 16:25:10,kalo di pakai ngelek
Mawang Duar,5,2026-05-21 16:25:08,bagus
Gitya Vanny Ananda Putri,1,2026-05-21 16:24:10,"kenapa tiktok ngga bisa upload video si elah, ngga biasa ny begini, balikin tiktok dulu, klau upload video harus muncul video, pantes 30menit upload eh malah ngga ada, pas cek akun satu ny, pokoknya balikin tiktok"
najem _jem,2,2026-05-21 16:23:48,"saya kecewa berat,tolong di respon ya komentar saya, setiap masuk selalu close sendiri padahal sdh dibersihkan chacenya tapi tetap saja sya uninstall lagi instal lagi tetap sama,apaan kok kaya gitu, tolong direspon ya komentar saya, diperbaiki lagi sistemnya"
Ysf Rosyid,5,2026-05-21 16:18:15,bagus
Widya Bna,2,2026-05-21 16:17:42,"semua orang gabisa liat ketika aku upload story foto padahal udah di setting bisa dilihat semua orang, bisanya liat kalau text doang kenapa kalo yang foto ngga bisa udah cape bgt di upload ngulang² ttep aja gbisa diliat sm orang lain"
Jafies Haikal Latief,3,2026-05-21 16:17:12,gabisa komen foto
Fanny F,3,2026-05-21 16:14:57,tiktok tu bagus bagus aja tpi kdng tu suka ngelag tiba² gitu
muhammad putra,5,2026-05-21 16:13:01,mantap
Muhammad Verrel,5,2026-05-21 16:09:08,tiktok sangat bagus sekali
Syamsul Hilal,5,2026-05-21 16:01:24,lestari
farhanmaulana,1,2026-05-21 15:59:27,"BANYAK IKLAN, ngebuat hp jadi ada notifikasi ""tiktok tidak menanggapi"" setiap masuk aplikasi selalu ngelag harus masuk keluar aplikasi 2sampe 4 kali sampe bener bener ga ngelag"
Nanang Saputra,1,2026-05-21 15:56:14,setelah di update tiktok saya rusak
Jaja Saefudin,1,2026-05-21 15:54:47,bagus hd banget
Mustabsirah,5,2026-05-21 15:53:51,Tidak bisa di update
Naufal akmal Siregar,1,2026-05-21 15:44:46,"kok gak bisa buka link di bio, nge dm orang"
Seppta Intan,5,2026-05-21 15:43:15,tolong banget ya anak anak yang berusian 11atau12 plis dok belehin mereka tiktokan plissss
Andre Bayuand,1,2026-05-21 15:42:53,buruk udah update instal berulang kali sama aja ttep gada opsi toko
Mifta Cutat,5,2026-05-21 15:42:00,"tiktok saya keblokir selamanya,dan saya gk tahu penyebabnya apa,minimal kalo mblokir akun kasih tahu alasannya biar nanti gak keulang lagi,ganti akun gabisa,buat akun baru juga gabisa,semua akun tiktok saya juga di tangguhkan,mau aju banding juga gak di respon,mohon kerja samanya pihak tiktok,saya juga ingin bermain tiktok lagi,saya sengaja kasih bintang 5 agar komentar saya paling atas dan bisa di baca semua org"
Sarrah Alayya,1,2026-05-21 15:41:54,jelek kenapa pas refund masuk s saldo sih gak langsung ke wq allet asalnya
Alkas Creator,1,2026-05-21 15:41:03,sering terhenti tik tok tidak menanggapi
Onny St 75,5,2026-05-21 15:40:34,Bagus dan menghibur
Supri Yanto,3,2026-05-21 15:38:56,gak bisa ngechat di live orang
Mz Khenduy,2,2026-05-21 15:35:49,saat tiktok di update aku sungguh ke hilang Roblox dan capcut karena harus rela hapus demi bisa update
Putri,2,2026-05-21 15:34:40,"kapasitas nya terlalu, gedee"
Rohmad Fauzi,5,2026-05-21 15:33:40,tiktok makin mantap
Joko Dalu,5,2026-05-21 15:30:38,tolong untuk penyebaran vidio Laka jika keluarga dari pihak korban keberatan. mohon pihak tiktok ambil tindakan tegas. tolong di gubris..saya dari pihak korban. mohon ambil tindakan tegas...semata mata FYP cuma mencari celah dalam musibah
Sidi Harianto,2,2026-05-21 15:29:48,bolak-balik ke blokir kena pembatasan usia pdhl udah scan ktp tetep gbsa.
Adnan Dg nai,5,2026-05-21 15:29:09,baguss
Yadi Yahya,5,2026-05-21 15:24:59,lama banget nginstal nya
Aisyah cholidya,2,2026-05-21 15:22:54,TOLONGGG JGN DIBATASII AKU MAU NGE SS SECARA BEBASSS. SCREENSHOT JGN DI BATASIN TOLONG
Prio Wibowo,5,2026-05-21 15:22:34,Bagus
Liana Liana,1,2026-05-21 15:19:33,"untuk developer nya tolong, perbaiki tiktok, saya yg asik nonton tb² keluar sendiri, tolong bgt ya perbaiki tiktok nya"
RIO PRIANGGA,5,2026-05-21 15:19:26,beberapa fitur tidak bisa
bima putra,1,2026-05-21 15:18:15,"shadow ban nya lengket habis, tolong hilang orang yang suka spam like, gw bikin konten capek capek pas liat yang nonton ga ada, ngeselin banget😡"
Alex Ander Utuma kp,1,2026-05-21 15:13:06,trimakasih
Wijaya Kusuma,5,2026-05-21 15:12:29,Bagus
Anisa Sitorus,5,2026-05-21 15:12:02,bagus
Yuli Gemini,5,2026-05-21 15:11:37,tiktok saya pelanggarn apa yg saya buat ko sampe di ban ..dn kalo masalh anak sy maaf sy tidak bermaksud mengaploitasi .itu hanya kebetulan dia menonton
Muhamad Haikal,1,2026-05-21 15:09:10,apaan dah ko pas mau ngepost vidio vidio nya ga muncul di beranda orang lain -bintang 1
Aqila Aqilarawwrr,5,2026-05-21 15:08:17,bagusss banget saya sukaaa
Ramadwi Safitri,2,2026-05-21 15:08:15,"ini knp tiap gua post video tapi malah ga ke publish? bahkan udah post berulang kali, tetap aja gitu, padahal sebelum nya baik-baik aja. tolong di perbaiki lagi"
Fajrin Majid,3,2026-05-21 15:04:59,kenapa tempat untuk chat atau mengirim video ke taman tidak bisa?
Jon Jon,3,2026-05-21 15:04:47,"bagus sih,tapi masih banyak bug di dalam aplikasi ini, seperti keluar sendiri padahal dibuat scroll masih lancar, terus pas masuk lagi ke dalam aplikasi nya, ada tulisan ""Tiktok Tidak Menanggapi"" jadi tolong ya pihak tiktok, diperbaiki lagi aplikasi nya"
Firda Aja,1,2026-05-21 15:04:11,tadi di update eh malah harus di update lagi bug kah?
RYAN PRATAMA,1,2026-05-21 15:02:35,AKUN SAYA KENA PEMBATASAN USIA PAS LIVE PADAHAL SUDAH VERIFIKASI KTP !!!
Asti Mara,3,2026-05-21 15:02:30,"knp suka ngelag gt yaa apk nya, suka ngefreeze sndiri, tolong di perbaiki ya min."
Puguh Juley,5,2026-05-21 15:01:06,aplikasi nya lumayan bagus cuma akun ku hilang terus 🤬🤬
Suandi Berak,2,2026-05-21 14:59:23,aplikasi berat selalu berhenti di android 6.1
Abraham Alexi,4,2026-05-21 14:59:09,Karena ngelek walaupun wifi nya ful
Maheswara Abrar,1,2026-05-21 14:57:48,"aplikasi sangat buruk,terlalu lama meninjau postingan video"
Arif Yuhdiyanto,1,2026-05-21 14:55:49,uplod konten biasa enggak ada unsur yang ameh aneh enggak lagi pelanggaran tiba tiba kena shadow baned hadeh tiktok
Sg Sinapur,3,2026-05-21 14:55:34,aplikasi banyak bug!!!
Parjiyo Parjiyo,4,2026-05-21 14:55:08,bagus
Reess Setya,1,2026-05-21 14:54:42,kok setelah di install tik tok ini tidak bisa buat belanja sih
Rico,5,2026-05-21 14:54:30,mantap
Adam Adan,5,2026-05-21 14:53:46,okelah
Aldi Aldi,4,2026-05-21 14:53:38,tapi bos Rano kurang-kurang
Meisya Sinkia Khumairah,3,2026-05-21 14:52:36,bagus si tp akun saya sering diblokir
Qori Syathira,1,2026-05-21 14:52:22,vidio beranda video ny berulang ulang itu aja
Has bi,5,2026-05-21 14:52:13,sangat suka untuk hiburan di kala waktu santai
Gey Haki,4,2026-05-21 14:52:07,aplikasi tik tok sangat memuaskan
Rahmat,1,2026-05-21 14:52:06,buruk
Putra Tama,5,2026-05-21 14:51:54,pokoknya kalo tiktok debest lahhh
Ndutt X SoL,5,2026-05-21 14:51:08,"aku berikan 5 bintang agar muncul, tolong segera diatasin dong tiktok saat aku menggungah atau mengupload video sudh 1 jam an lebih kh tunggu tapi masih blm ke publik sudh banyak orang yang terkena bugg ini tolong di perbaikin"
Kambali,1,2026-05-21 14:50:57,"kenapa saya memberi bintang satu. karena saya pas donlod terus saya bukan pencarian eeh malah yang keluar sedikit kayak ada "" tidak ada vidio lagi "" itu apaan sih kayak gak sesuai espektasi saya karena saya suka banget dengan lagh lagu. jadi misal nya ada dj yang viral langsung ke fyp aku gitu oke"
Lutfi Rahmatfatir,5,2026-05-21 14:49:50,mantap👍
Gus Niarti,5,2026-05-21 14:47:11,aplikasi sangat bagus
Rochma Cahyani,5,2026-05-21 14:47:06,saya bisa menghasilkan uang di tiktok
amiradwi15,5,2026-05-21 14:46:47,aplikasinyaa tuhh seru bgt sihhh
Iyan,2,2026-05-21 14:46:28,kenapa sih semenjak di update tiktok nya jadi gak bisa mengikuti orang lain terus gak bisa liat postingan ulang
Joni Nasution,4,2026-05-21 14:45:02,Secepatnya perbaiki low di musik untuk live streaming...
Dimas Edisigit,1,2026-05-21 14:44:23,"tiktok gak jelas, pesan yang gk melanggar jdi melanggar pesan teks pribadi, tolong di perbaiki, di ralat tuu peraturan, jngn cman 1 kata yang di kira pelecehan pdhl bukan"
Nha nha,5,2026-05-21 14:43:06,tolong donk ini kenapa kok tik tok video drama pendek nya di next chapter ngga bisa ...
Kenzie Alsaki Prawira,5,2026-05-21 14:42:59,baguss
JibrilxLuxxz,5,2026-05-21 14:42:42,Spread kindness
Supriadi Adi,1,2026-05-21 14:42:39,cih kalau HP nya bukan I-Phone gak akan fyp camkan itu baik baik
Sry K4pt3ndirga202,1,2026-05-21 14:42:27,super lmot
RIP_cadimels,1,2026-05-21 14:42:09,"fyp berulang Mulu,fyp gajelas,udh kasih saran kekeh aja masuk beranda promosi,kont-"
akbariqbal. ismail,1,2026-05-21 14:41:51,benerin dlu tuh apk meg
Wulan Anggraini,5,2026-05-21 14:41:44,bgusss
Yuly Aruan,2,2026-05-21 14:41:30,"kok saya dh download berkali-kali tetap g bisa, penyimpanan saya juga udah kosong tetap g bisa, tolong y tiktok."
Rismanto Ris,5,2026-05-21 14:40:33,sangat menarik🥇
Atta Can,3,2026-05-21 14:40:32,"like di vt lama yg ku sukai selalu hilang padahal sampai sudah repost vt itu tp likenya tetap hilang, itu terjadi berulang2 di device berbeda tapi di akun yg sama"
Khaeron Khaeron,5,2026-05-21 14:40:24,mulung koin ga pernah dapet.. tolong jangan pelit tik tok..
Hardiantiko Djae,5,2026-05-21 14:40:18,Lebih memudahkan
Walter Sinurat batu Mama Tercinta,5,2026-05-21 14:39:26,Aplikasinya bagus banget deh.. Aku suka sekali Mantul😘
keisha nur fauziah,5,2026-05-21 14:37:54,Seru!!
Imanpaluh Paluh,5,2026-05-21 14:36:09,"kebanyakan buq tolol perbaiki TikTok nya fitur"" nya"
Ro Hama,5,2026-05-21 14:36:03,bagus untuk belanja online nya
Satriamas Krobokan,5,2026-05-21 14:34:35,bagus
Seadi,5,2026-05-21 14:34:23,mantap
Dliya'ulmuttaqien Dliya'ulmuttaqien,5,2026-05-21 14:34:22,tiktok is the best
Ami Ami,1,2026-05-21 14:33:07,tiktok nya ga bisa di downdlod
Angga Putra Nugroho,3,2026-05-21 14:32:53,semenjak update jadi lemot pdhal device ok² aja. mau scroll repostan selalu koneksi eror pdhal scroll beranda lancar
Fabian Farel,2,2026-05-21 14:32:28,story bisa di lihat diri sendiri tapi gabisa dilihat org lain
Roni Walangadi,5,2026-05-21 14:32:26,sangat bagus
Alviona Bedu,1,2026-05-21 14:32:01,kenapa ya tik tok sekarang ngelag gitu ?
Derzz,1,2026-05-21 14:31:23,jelek karna jelek
Vin Eldyano,1,2026-05-21 14:31:21,ini kenapa bisa terjadi setiap ingin mengunggah video di tiktok terjadi masalah video tidak ada padahal udh di posting dan kenapa pas update malah nurun bukan naik ini play store apa memang apk nya yg gini🤬
Anin anin,5,2026-05-21 14:30:59,ok
Nazwa Azzahra,5,2026-05-21 14:28:59,sangat menarik
Samji 70,1,2026-05-21 14:28:39,"daftar riwayat mini drama tiba"" ilang semua padahal lagi enak"" nonton,mau lanjut nonton malah gk bisa"
Moch Saril abror,5,2026-05-21 14:27:59,menurut ku tiktok sekarang makin parah masa aku liat vidio abis itu ngebug kan terus aku keluar dari tiktok login lagi tiba vidio nya sama melulu seperti yg ku tonton sebelum ngebug
nawang sari,1,2026-05-21 14:27:19,aplikasi tolol
Miku Dev,1,2026-05-21 14:26:53,tiktok sudah tamat wkwk server nya udah gak di urus
Arsen,1,2026-05-21 14:25:40,"bonus di tiktok sop-nya ga bisa di pake semuah cuman dapet.beberapa persen,, mau cekot segituu malah dapat bonusnya cuman 500 perak mana kadaluarsa nyaa cepet lagi kecewa saya"
Saif Rudin05,1,2026-05-21 14:23:59,kenapa vidio Drakor tidak bisa d tonton lagi d tiktok kecewa bnget sii 😭
Risa Sanada,5,2026-05-21 14:22:58,aplikasi ini sangat bagus
Andrean 1,1,2026-05-21 14:21:12,"tidak bisa login terus ,niat bikin apk tidak sih"
jogot onlyy,5,2026-05-21 14:21:01,ga bagus banyak bkp ny
pass yzxx,5,2026-05-21 14:20:56,tolongg tambahin fitur call yaaa plissssss di tiktokk
renawa O,1,2026-05-21 14:20:50,suara komersial hilang????
Ayu Virnanda,3,2026-05-21 14:20:01,"lagi gangguan ya? tadi mau login tulisan nya ""frekuensi kunjungan sudsh terlalu sering"""
Rini Komala,5,2026-05-21 14:19:57,it's ok tapi aku mau per baik ki atau update gabisa
Muhamad Daffa,5,2026-05-21 14:19:48,bagus banget bintang 🌟🌟🌟🌟🌟🌟🌟🌟🌟🌟🌟🌟🌟🌟🌟🌟🌟🌟🌟🌟🌟🌟🌟🌟🌟🌟🌟🌟🌟🌟🌟🌟🌟🌟🌟🌟🌟🌟🌟
apu ajjah,3,2026-05-21 14:19:30,makin update makin bnyak bug
Numa Dasha,1,2026-05-21 14:19:02,woi tiktok gausah gitu soalnya baru buka tiktok kok malah diulang sama mirip perbaikin lagi tiktok soalnya seulang sampe marah besar lu jelek banget sih ish😹😹😹
Har mini,5,2026-05-21 14:18:49,mantan👍👍👍
Julia NurFatimah,2,2026-05-21 14:17:54,WOY Tik tok ini kenapa semenjak ada fitur baru baru kok malah makin ERROR entah ini aku-nya yang jarang buka tik tok atau aplikasimu ini????
Nurul Latifah,4,2026-05-21 14:17:45,saya ga bisa masuk live orang lain kenapa yahh tolong admin di jawab dan tolong di perbaiki lgi
Oppoa54semin,3,2026-05-21 14:17:39,"tiktok kenapa sekarang velocity jadi ga patah"" , balikin fitur velocity yang dulu, dan Kenap akun saya tidak bisa untuk memposting vt, tolong di perbaiki ya"
Hiraa,1,2026-05-21 14:17:36,"butut 👎🏻, vidio yg muncul itu itu aj ga bejus 👎🏻"
Ryzan,1,2026-05-21 14:17:01,saya sudh berumur 20 tahun cuman kenapa masih terkena pembatasan usia dan tidak bisa merubah ke tanggal lahir asliku tolong jangan bikin aku kesel karena sudh banyak orang yang saya dukung di live
Alief Anugerah,5,2026-05-21 14:16:27,vidionya kocak wkwkwkwk
Ikhsan Nur Febriansyah,1,2026-05-21 14:15:27,buruk aplikasi buruk saat mau nyari video atau akun Selalu nge lag padahal udah 5G hp Mayan tapi masih lag
Rudi Di,1,2026-05-21 14:14:31,pengalaman saya buruk tidak bisa mengirim pesan langsung
Jalim Jalim,1,2026-05-21 14:13:27,yang mau belanja di aplikasi tik tok shop pikir dulu pengiriman itu satu bulang baru sampai mending belanja di lazada daripada di tik tok shop karna pengiriman lewat J&T pengiriman itu lelet kalau J&T apalagi di kolah Tokopedia🤣🤣
Wingky Sandy,1,2026-05-21 14:13:08,"apasih tiktok nii, dikit dikit kena pelanggaran dikit dikit kena blokir, gajelas banget wakk. Giliran orang lain buat konten/ngirim pesan yang melanggar panduan komunitas dan aturan ga kenapa kenapa. BUSUK BANGET MEMANG"
M. Fikri Aljundi,1,2026-05-21 14:11:28,"aplikasi sarang monyet, mending kalian baca buku dari pada lihat apk ini"
Eva Heryani,5,2026-05-21 14:11:21,keren
Alfieto,1,2026-05-21 14:11:19,"kok gada subtitle indo untuk drama, dan kok gadak daftar episode drama nya ilang"
Arif Maulana,5,2026-05-21 14:11:17,kocak
Okky Dwi Cahyono,1,2026-05-21 14:10:58,"bruh, cuman sekali ke bangladesh kenapa fyp nya muncul nya video bangladesh terus? padahal udah balik ke indo juga, terus gabisa liat live juga, lokasi juga ke daftar di indonesia. ini balikinnya gimana ya?? kalo ga becus bikin apk mending gausah bikin apk jing 👿"
Mohammed Nassr,3,2026-05-21 14:08:53,knp tiktok gw kayak gini dah
Hotmian Malau,2,2026-05-21 14:08:43,kalau ada video Live Pas liat foto malah ikut yang Live yang terlihat wajah yang tolong dong di perbaiki 🗿tiktok
Rendy Khairy,1,2026-05-21 14:08:25,bug mulu
Dikas Kunci,5,2026-05-21 14:07:34,good
Aris Setiawan,5,2026-05-21 14:07:30,apk yang sangat bagus
Nunut Sihombing,5,2026-05-21 14:07:28,bagus dan menghibur
Surya Lumbanraja,1,2026-05-21 14:06:42,"parah ,, tidak bisa nonton live tiba2 , semua live hitam , gak bsa masuk atau menonton, makin parah semenjak orang indonesia yang megang tiktok ,, bukan makin bagus malah makin buruk , lag , bug , bisa2 nya pembatasan usia , padahal sudah saya terapkan kontrol penonton 18+ tapi malah gak bisa juga"
Tompel indra,1,2026-05-21 14:06:06,kenapa saya tidak bisa mendonlowd eror ga bisa
Rama,1,2026-05-21 14:05:37,tiktok ampas gw baru post story sung ke band ampas gw bikin. down server lu nih
Krisnaa,1,2026-05-21 14:05:15,saya selalu mengalami tidak ada jaringan padahal jaringan sangat lancar saat saya membuka aplikasi lain tolong di benarkan
Jihan,5,2026-05-21 14:04:42,aplikasi ini sangat bagus dan memberikan pengalaman baru
엔하이펜 ୨ৎ.,3,2026-05-21 14:04:38,"ngelag bngt kalo baru masuk. kadang' keluar sendiri. terus, pas hapus tiktok terus download buat mau login lagi, dibilangnya gak bisa masuk karna terlalu sering login. kayak? baru juga sekali hapus masa gabisa login lagi? makin update makin aja macetnya. hadeh"
hmdnzll,2,2026-05-21 14:04:20,"sering macet, ada tulisan tiktok tidak dapat merespon, mohon segera diperbaiki demi kenyamanan pengguna. tidak bisa buka profil kita, stuck di logo"
Nurtamsiroh Nurtamsiroh,2,2026-05-21 14:03:51,saya sampe download ulang karna setiap saya buka tiktok fyp nya video yang udah pernah saya tonton semua
Amonica Tamara,1,2026-05-21 14:02:45,di instal tidak bisa di daftarkan
UGI Channel,1,2026-05-21 14:02:11,sering ada bug
Azzu Ron,1,2026-05-21 14:01:55,padahal internetku sih sebenernya gak lancar bgt tapi gabisa buka tiktok ini aja aku mau download game aja bisa sama nonton video di platfrom lain tapi malah di tiktok gambar nya gabisa di load mau chat malah ke sending trus mau up video loadnya cuma 0% mau nonton malah load mulu jadi gabisa nonton padahal lancar internet ku di platfrom lain males bgt deh klo ada begitu ga lancar lancar
Hafizh 2020,2,2026-05-21 14:01:49,saya baru download apps nya karna lg bosen mau ngapain pas mau daftar dan masuk tanggal lahir katanya parameter tidak valid dan maksudnya apa aku cuma pengen daftar tapi kok gagal jadi tolong kasih tau
Melati Zulfa,5,2026-05-21 14:01:18,bagus sekali lancar aplikasi ny
Virgiawan Ganteng,2,2026-05-21 14:01:02,video Uda di rifrash tetep sama ang
Gizzelsy Azka,1,2026-05-21 14:00:02,tiktok tolong ini kenapa saya gabisa login ke akun saya? bahkan saya menambahkan tanggal lahir tulisan parameter tidak valid. tolong perbaiki segera
fiona fiona nadia putri,5,2026-05-21 13:58:50,aplikasi nya sangatt bagus
Adelia NH,4,2026-05-21 13:57:54,fitur yg ada di orng orng mah ada kok aku gak ada
Jinan Azreena,4,2026-05-21 13:55:33,tolong aplikasi ini di perbaiki lagi karena kadang tidak bisa caht dan saya juga tidak bisa bagi video saya paling suka ada caht nya terimakasih
Yogi Saputra,5,2026-05-21 13:54:43,biar buntang berbicara
fadli fadli,5,2026-05-21 13:54:24,sangat membantu
Fitri rania,5,2026-05-21 13:54:20,"ini aplikasi nya udah bagus tp bsa ga di turunin mb nya karena di hp saya aplikasi ini mb nya paling besar,tolong di kecilin ya tiktok"
ilham yuhamzz,5,2026-05-21 13:53:47,apk b aja
Tureegaming,5,2026-05-21 13:53:34,sangat baik juga tidak ngelek
Acep Priyanggodo,1,2026-05-21 13:53:26,tiktok sekarang parah banyak video dewasanya ngeri buat anak
Sahar Udin,1,2026-05-21 13:53:06,Satu bintang dulu
Mhd Taufik,5,2026-05-21 13:52:52,bagus sekali
Felicia Feli,3,2026-05-21 13:52:36,sya download ulang karna sya putar 1 video malah keluar video lain trs pernah keluar suara lain jadi sya download ulang sekarang lgi download ulang lama banget gk selesai - selesai
Riski Aditya,1,2026-05-21 13:52:13,dasar tiktok hama gak jelas
Malikha 31,5,2026-05-21 13:50:41,seru njirrr 😙😙
Andre Oke,2,2026-05-21 13:48:53,min knapa akun saya tidak bisa di publikasikan min tolong benerin
Anwar Dasuki,3,2026-05-21 13:48:44,"Hai tiktok kenapa ya akun ku jadi ngeleg ?,pdahal wifi aman aman aja tapi gabisa buat liat video yang ada di apk nya, tolong di perbaiki apk nya🙏"
Evan Evann,4,2026-05-21 13:48:01,boleh boleh
Siti Nazwa,1,2026-05-21 13:47:52,knp selalu pas live kadang tidak ada shop logo nya tolong di perbaiki dlu
Yuningsih Yuyun,4,2026-05-21 13:47:35,buat tidak bosan di rumah 👍
Ryuíchí,5,2026-05-21 13:47:35,"worth it bngt gyss wajib download,klo gk ad aplikasi ini tuh sepi bngtt"
Fajar Rbc,5,2026-05-21 13:47:35,aplikasi yang sangat bagus
areyni 443,1,2026-05-21 13:46:33,"kalo bisa 0 sekalian,banyak banget bug ny"
Bahruddin Bjm,1,2026-05-21 13:45:39,terlalu banyak bug
Faris Bimaa,1,2026-05-21 13:43:06,jelek GK bisa bantu in apk
Ayulia H,5,2026-05-21 13:43:03,kasih fitur sorotan lah min
Ariez Chanel,5,2026-05-21 13:42:11,Alhamdulilah tiktok makin banyak ruwdnya kenapa itiktok ini dinstal kok gk bisa
Fita Chan,5,2026-05-21 13:41:50,tolong tiktok nya di perbaikin soal nya kalo masuk aplikasi keluar melulu
亗RɎUẔȺ,1,2026-05-21 13:39:42,"apa ini? saya ter ban tanpa alasan? dan juga bug nya terlalu banyak seperti komen yang tiba tiba ter salin dan tak bisa di kirim padahal jaringan bagus, dan juga mengapa apk ini selalu banyak konten dewasa?"
Go Preng,5,2026-05-21 13:38:30,tidak bisa top up pakai uang indonesia
aming ok,5,2026-05-21 13:38:05,"kok agak ngeleg ya di gw? padahal buka aplikasi lain lancar' aja, udah restart hp ganti sinyal tetep aja ngeleg, jujur kesel padahal penyimpanan gw masih luass banget gak pernah gw pake simpen buat foto"
Nur Ahmad1404,4,2026-05-21 13:37:54,"saryang monyedd jir 😹 btw bagus lah,apalagi kan mayoritas pake nih apk"
abah derpi,3,2026-05-21 13:37:23,"lumayan sangat bagus,"
Dede Hanisah,1,2026-05-21 13:36:38,Saya tidak suka
Rokim,2,2026-05-21 13:36:05,"2 bintang sudahh pass bintang 1:karenaa baguss menghiburr aesthetic lucuu dehh pkonyaa bintang 2:karena suka bangett nge lagg ""tiktok tidak menanggapi"" tauu sih hp aku yang jelek tpiee ya gitu okeii trimakasiii💗🤍"
Siti Nira,1,2026-05-21 13:35:24,Tolong dong pihak tiktok saya tidak bisa mengirim pesan udah setahun pdhl sudah punya KTP tolong pengajuan saya dipercepat
adalah pokoknya Icha puspita,4,2026-05-21 13:35:02,sering ngelag
Resti Maulinda,2,2026-05-21 13:34:41,kembalikan tiktok seperti dulu
tarudin chenel,1,2026-05-21 13:33:25,saya benar² kecewa dengan kebijakan tiktok setiap update akun saya di keluarkan secara otomatis👎
Rusdin Hari,4,2026-05-21 13:33:06,sangat bagus aplikasny
Nur Indah,5,2026-05-21 13:33:06,sangat bergunaa
Ali Edi rusman,5,2026-05-21 13:33:02,penggunaan baru
Paijo Londo,5,2026-05-21 13:33:02,bagus
rika md,4,2026-05-21 13:31:30,Lumayan enak
Teras Aufa_Musyaffa'Colection Tuk Karangsuwung,1,2026-05-21 13:31:05,iklan ini jangan di munculkan lagi mengganggu
Surip Kanthi,5,2026-05-21 13:30:17,sangat baik aplikasi nya sangat membantu sangat baik
Farhan,1,2026-05-21 13:27:00,kenapa aplikasi tiktok sekarang semenjak update jadi aneh saya sama sekali tidak bisa masuk.aplikasi tiktok ini tolong di perbaiki!!
Ramadan Madan,5,2026-05-21 13:25:51,sangat bagus
Kristyan Candra,5,2026-05-21 13:24:15,woe tik tok gue selalu tidak merespon gimana sih lo bikin aplikasi kok kek gini lama lama
Bian Aja,1,2026-05-21 13:24:14,"tiktok skrg sangat buruk, lemot dan suka nge lag sendiri"
Siti Nur rahmah,3,2026-05-21 13:23:43,lag
Anah Vivo,5,2026-05-21 13:21:08,tik tok nya bagus bangetttttttttttt aku suka
Nopaldo Nopaldo,1,2026-05-21 13:20:02,kok kaga bisa kena ban trus males gw
Hermanto Damanik,5,2026-05-21 13:19:39,tolong mikrofon nya bisa diaktfi kan
Gpsp_ariel0857 Ariel,4,2026-05-21 13:18:04,bagus
aira pati,5,2026-05-21 13:16:53,sukakk🤍🫶🫰🫰🫰
Yadi,5,2026-05-21 13:16:19,oke banget
Zein Abdullah,5,2026-05-21 13:15:41,enak kali nonton tiktok
Rizki Aja,3,2026-05-21 13:15:11,"tiktok ini kenapa ya, padahal kemarin aman-aman aja tapi sekarang bug nya ngebug banget padahal penyimpan masih sedikit sinyal WiFi pun lancar, dimulai dari saat masuk tiktok, menonton live-nya pun tidak bisa, tolong dong tiktok berikan solusi masalah saya. terimakasih"
gabriella anabelle,5,2026-05-21 13:14:15,"Saya belum mendapatkan fitur baru, highlight dan VN"
Faris Ali maulana,5,2026-05-21 13:13:55,tolong tiktok bisa vien
user kuncirab,5,2026-05-21 13:12:47,akuh gabi sa vn
Ammar Kanz,5,2026-05-21 13:12:27,good
kiki alex,1,2026-05-21 13:11:21,Jelek Karna lama untuk pendwloda lama
Naa Cip,2,2026-05-21 13:10:22,kok di saya GX ada kranjang atau tiktok shop nya ya
Khalid Kerinci,4,2026-05-21 13:10:21,kenapa setiap dihapus tujuannya menghapus sampah setelah masuk kembali ke akun balik lagi bnyak kemakan memori.mohon penjelasannya🙏
Nurul Fatimah,2,2026-05-21 13:09:49,"susah bgt tiktok lemot, kenapa tiktok lemot? ga seperti dulu waktu tiktok ga lemot sekarang tiktok lemot sih, tolong tiktok perbaiki aja"
Ibnu Husain,1,2026-05-21 13:09:41,"semakin update bukan semakin bagus malah semakin busuk, sering tidak ada tanggapan."
Nurul Sabrina,1,2026-05-21 13:08:28,"memo nya kebanyakan, tiap hari naik terus. jadi gabisa di download, tolong memorinya di perkecil 🙏🏻"
fariz project,1,2026-05-21 13:07:40,terlalu banyak ilkan pinadrama yg membosankan
vasyaceria 04,5,2026-05-21 13:06:15,tolong kasih bab sukanya ada acaa nyaa
Khaia Cantika,2,2026-05-21 13:04:30,"beberapa kali saya ngirim pesan selalu ada peringatan katanya melanggar panduan komunitas dsb, padahal saya ga ngomongin yang aneh-aneh, bermaksud begitu juga ngga. daripada ngurusin pesan-pesan yang bahkan ga ngerugiin ga tertampil di tempat umum, mendingan urusin aja postingan2 ga pantes (18+ dll) yang masih sliweran di aplikasi"
Samsuri Firdaus,5,2026-05-21 13:02:54,sangat baik
Kevin Manalu,5,2026-05-21 13:01:44,"Bagus juga sih aplikasi ini, soalnya banyak video² seru dan juga tolong tiktok menanggapi pesan atau pun kritikan yang diberikan oleh orang² yg minta perbaikan supaya bug nya di kurangi😊😊😊😘"
Nimah Nimah,5,2026-05-21 13:01:41,bagus tapi ngga ada vn
Dedi Mulyadi,1,2026-05-21 13:01:02,tik tok saya lemot
Rihan,2,2026-05-21 13:00:25,"MOHON BENERIN TIKTOK , SOAL NYA NGELEG TERUS , TERUS ADA BACAAN , MOHON MAAF. TIKTOK TIDAK MENANGGAPI"
Kusmawati,5,2026-05-21 12:58:33,suka dengan aplikasi tiktok yg bisa memberikan banyak inspirasi
Yudi Nur,5,2026-05-21 12:57:44,sangat bagus udah gitu doang
Regita Kejora,5,2026-05-21 12:57:34,good
Revana Eka aqila,5,2026-05-21 12:57:26,sanggat seru
Sis Riwayadi,5,2026-05-21 12:56:19,SIS Omphong Blitar hanya butuh teman dekat dan bekerja bukan nonton film drama pendek gratis ini juga.sangat mengganggu penampilan iklan drama pendek gratis ini
Assalwa Jasmine,5,2026-05-21 12:56:00,bagus
Dadang Sasmita,5,2026-05-21 12:54:37,Kami siap kerja sama
zack jdf,3,2026-05-21 12:53:50,"terlalu sering adanya pelanggaran, saya sebagai konten live tiktok kecewa karna terlalu sensitive, padahal saya menjual barang barang yang legal dan resmi, tetapi sering terkena pelanggaran, semoga kedepannya bisa lebih pinter kalau membuat robot buat mengawasi akun tiktok"
Salsa Liyani,1,2026-05-21 12:52:48,"tolong di perbaiki lagii buggg nyaa, msaa setiap masukk tiktok ke ga ada jaringan sii, padahal pas buka apk lagin jaringan nya stabill, gaje bngt tolong di perbaiki lagiii!!!!!"
sirodj sodium,5,2026-05-21 12:51:30,Tiktok aplikasi paling menarik yg pernah saya dapatkan
Desmi Mardiyanti,2,2026-05-21 12:46:16,aku ga mau fyp nya itu
Agus,5,2026-05-21 12:44:39,top pkoknya
Nesa Ktp,5,2026-05-21 12:43:49,bagus🤩
Jihan Talita ulpa,5,2026-05-21 12:39:16,bagus tapi kalo di aku kalo udah masuk suka keluar lagi kenapa kaya gitu ya
Mermaid,1,2026-05-21 12:38:51,"JELEKKKK, AKUN AKU TBTB DI BLOKIRRRR!!!!!!!!"
Muhammad Syafiq Ar Rafif,5,2026-05-21 12:38:27,bagus sekali
Gaghy Wandhy,5,2026-05-21 12:34:00,"bagus aja, bisa jadi bahan dapat cuan"
Anisa Sufiani,5,2026-05-21 12:33:40,suka
Zakwan Tri Gunawan,5,2026-05-21 12:32:57,sangat bagus
Siti Rohana,1,2026-05-21 12:32:56,saya sangat senang dengan aplikasi ini
Surono Raharjo,5,2026-05-21 12:32:41,berita akurat
Teguh Prayogo,1,2026-05-21 12:32:35,mengecewakan
putri kekey,2,2026-05-21 12:29:08,lma bgt download nya
Candi Saputra,3,2026-05-21 12:28:08,tolong lah kok smakin lemot ga jelas sih.. enakn sebelum update
Pima Andira,1,2026-05-21 12:27:59,"tiktok semakin lama semakin gak jelas, di-update banyak fitur yang hilang,apalagi pas mau menyapa pengikut baru malah dianggap melanggar komunitas, padahal cuma ngirim 👋 dianggap melanggar komunitas, memang aplikasi cacat sumpah,coba update masih gak bisa,coba hapus dan download ulang masih sama"
Bicmasta,1,2026-05-21 12:27:45,klo gua mau upload foto malah jadi burik !!!!
Titin Sundari,1,2026-05-21 12:27:20,apa apaan ini oiiii ngelek terus eror terus hapus aplikasi ini
Elsiperiani Yani,5,2026-05-21 12:26:01,enakkk
Sari Sampel,1,2026-05-21 12:25:53,saya tidak bisa membuat akun tiktok
centahhh kamuuu,5,2026-05-21 12:25:48,"udh make tiktok dari lama, baru mau update. kt orng orng ada fitur sorotan sm vn, lagi update."
Annaffiu Noval,5,2026-05-21 12:25:45,belum ada vn
Ahmad Saefulloh,1,2026-05-21 12:25:04,Karena tidak ada keranjang kuning nya masa jadi teman yang di pojok kiri
ahmad ariyan,2,2026-05-21 12:24:44,terlalu banyak spam filter komen pdhal tidak melampaui batas... dan tidak ada pemberitahuan kapan normal kembali
BANG OJOL internasional,5,2026-05-21 12:23:49,luar biasa tiktok ini
Sherly Renata,1,2026-05-21 12:23:20,"tiktok makin lama makin gk jelas,uang penghasilan affiliate gak bisa ditarik + mau sambungkan metode pembayaran ke dana gak bisa error teruss ""internet anda tidak stabil"" padahal pada saat itu sinyal ku full. Menuh² i memori pulak.UANG KU GAK BISA DITARIKKK WOYY. JANGAN DI DOWNLOAD GUYS BIAR SEPIII BANGKRUTTT MAMPUS"
Nadila s.a anak bungsu,4,2026-05-21 12:18:04,aku bertanya sebernanyasi bagus ya vidio nya tapi kenapa anak kecil tidak boleh bikin vidio
Pt Sir,5,2026-05-21 12:15:13,mantap
Aprilia Chuby,5,2026-05-21 12:15:04,puas
amsyar,5,2026-05-21 12:13:41,ok
Elsa ca,5,2026-05-21 12:13:36,bagus banget
Marvin Nubatonis,4,2026-05-21 12:12:46,sangat suka tapi masih kurang rasanya belum ada fitur sorotannya dan belum ada fitur life nya
Yosua Gea,5,2026-05-21 12:11:50,Lov to
Nafisah My life,5,2026-05-21 12:10:12,"Aplikasinya sangat bagus,,cuma sayang banget,,kadang2 suka lemot."
Fitrah 27,5,2026-05-21 12:09:56,mantap
Ademasturi02,3,2026-05-21 12:06:19,"Tolong di perbaiki soalnya di hp saya tiktok nya itu suka lag terus padahal baru scroll beberapa video tapi malah muncul tulisan ""TikTok tidak menanggapi anda ingin menutup nya"" dan menurutku MB nya di kurangin jadi 100MB sampai 135MB aja jangan di atas itu"
Alia Azra,1,2026-05-21 12:05:15,kok sekarang vn g ada trs mode offline g ad
Muhamad fadli Perdiyansah,5,2026-05-21 12:05:01,apk ya bagus tidak seperti tiktok lite sampah
Dede Wardianto,1,2026-05-21 12:04:41,tiktok keluar sendiri tolong cepat perbaiki support tiktok perbaiki segera min 😠😠😠😠
Naira Naira,5,2026-05-21 12:04:32,bagus walaupun agak ngelag
Euis Nurhayati,1,2026-05-21 12:03:24,aplikasi banyak bacot jadi tambah berat dan ngelag
Samsul 0430,5,2026-05-21 12:02:41,ok
Didik Prestiyo,1,2026-05-21 12:02:36,terlalu berat untuk hp yg berkapasitas kecil
Veronica Vero,5,2026-05-21 12:01:08,sangat baggus?
deymaccc,5,2026-05-21 12:01:07,apik
Mul Yana,5,2026-05-21 12:01:03,kren
Silviatul Musallamah,2,2026-05-21 11:58:37,lemot makin di upgrade
Ties W,1,2026-05-21 11:55:19,"updat terus,,ga abisa buat tap tap live"
azra thafana,3,2026-05-21 11:54:30,bagus tapi terlalu ketat
Rahmi Aina Mufti,5,2026-05-21 11:53:29,bagus bgt aku setiap hari nonton tiktok
P Silitonga,1,2026-05-21 11:52:43,update mulu astaga
Rizal Fajriyah,1,2026-05-21 11:52:37,perbaiki min servernya lemot
Alwi Rasyid,1,2026-05-21 11:52:35,knp setelah menginstal malah gk jadi menginstal
Fauzan Ocan,1,2026-05-21 11:52:32,"benar benar buruk sistem tiktok Skrang,tiang di buka selalu muncul TIKTOK TIDAK MENANGGAPI,,belum ada 1 menit di buka aplikasinya,lgsg keluar sendiri,baru berat klau mau buka awal aplikasi nya,,tolong di perbaiki sistemnya"
Elena Nigella Giranda,5,2026-05-21 11:51:10,(@★•★@)/my senju ada disana💗
Muhammad Mukhlas,5,2026-05-21 11:50:16,bagus
Man sila,5,2026-05-21 11:48:26,terhibur
Ririn Anyjani,5,2026-05-21 11:46:33,apk favorit aku sih ini💗💗
Syah Rial,5,2026-05-21 11:45:40,tiktok pe gemar mu terlu mu poto banyak tiap saya dolot banyak tika
Umar Said,5,2026-05-21 11:45:34,halo gaes .
AMELIA SYAFITRI,2,2026-05-21 11:44:36,"sumpah ini aplikasi tik tok nya sering keluar saat lagi scroll tik tok aku nya dan saat scroll vidio nya rada"" patah"" pas scroll nya di tambah saat like vidio nya gitu juga mohon di perbaiki yaa"
Maisya Izzatunnisa,5,2026-05-21 11:44:19,tiltol serakang sangat kering
Erik Susanto185,4,2026-05-21 11:44:18,bagus buat hiburan yang menghasilkan
ddasrun ddasrun,5,2026-05-21 11:43:59,"terlalu banyak bug, suka eror tiba tiba, gak bisa mencet filter"
Acoy 111,1,2026-05-21 11:43:46,"aplikasi ini TDK jelas selalu keluar"" 😡👎🤬 aplikasi ini TDK bagus"
santri_salafiyah,5,2026-05-21 11:43:34,Karana seru
Fifi Rahmania,5,2026-05-21 11:42:21,ʙᴀɢᴜs ᴛᴀᴘɪ ɢᴀᴋ ʙɪsᴀ ᴠɴ ᴛᴏʟᴏɴɢ ᴍᴜɴᴄᴜʟɪɴ ᴠɴ ɴʏᴀ ya🤍
Azizah Iza,5,2026-05-21 11:42:03,kenapa tiktok saya di blokir
Egi Fitriansyah,5,2026-05-21 11:41:20,kenapa tiktok saya fitur komen foto nya jadi hilang
Putri Pirdawati,1,2026-05-21 11:39:21,ko semenjak di update tiktok lemot bangett ya kadang ga muncul vidio terus tolong perbaiki lagii
M. Rizqi Al Aqso,5,2026-05-21 11:38:19,"Banyak orang yang nyatirin ak, jadi saya kasi bintang 5"
Nona Maulina,1,2026-05-21 11:38:12,knpa tidak ada tiktok shop nya ya
Dominggus Ligaleta,5,2026-05-21 11:38:01,Bisa mengapresiasikan karya
ayrin Putri,5,2026-05-21 11:37:33,sepertiii ge sukasssssssss
Ahmad Yahya,4,2026-05-21 11:31:00,tolong kasian yang hp masii ram 2-3 yang memo hanya 32 kalo buka tik tok pasti ngeleg' tolong kasian nya
Dwi Linda,5,2026-05-21 11:28:07,Sekarang susah di buka
Alifa Kayla,3,2026-05-21 11:28:01,efeknya ada yg gabisa dipake padahal mw buat foto
dika permna,3,2026-05-21 11:27:42,tiktok plenger😹
Ismail Yusuf,1,2026-05-21 11:25:09,aplikasi sampah terlalu banyak penyimpanan nya
Jon Robert,5,2026-05-21 11:21:26,terimakasih banyak tik tok
Eko Budianto,2,2026-05-21 11:21:03,"makin parah...saldo paylater hilang, uang pengembalian batal beli hilang, habis byr paylater 250rb, tpi di saldo tinggal 40rb, habis lunasi sisabpaylater mau kuhapus aplikasi ini"
Amin Muhaimin,5,2026-05-21 11:20:43,kadang sering gak respon
Ki Petir,1,2026-05-21 11:12:47,mantaaaaap anjiiiiing
Yuliani 1707,1,2026-05-21 11:07:21,INI KENAPA YAH?? WAKTU SAYA BUKAK TIKTOK NYA PASTI LAG SUKA KELUAR SENDIRI JUGA PADAHAL JARINGAN HANDPHONE SAYA BAIK² SAJA JADI TOLONG BANGET INI DIPERBAIKI TOLONG YAH DIPERBAIKI!!
Soto dan sop betawi Bamg ze,1,2026-05-21 11:07:10,semakin di update bukannya makin bagus tp malah bikin lemot dan loading lama bgt .. percumakebanyakan bug
Ai Nurhamidah,2,2026-05-21 11:02:58,plis lah knp tiktok w gda tiktok shop nya woii!!
Otho Faidiban,5,2026-05-21 11:02:11,mntap
deri nopaldi,1,2026-05-21 11:00:15,"Parah semenjak update jangankan buka story atau live, baru buka aja ngelagnya mnt ampun. pdhl ram 8gb, belum ngapa²in udh keluar dluan. PARAH PARAH. ini bukan bug tapi update yang ga mikirin kinerja"
Sampeu Tutung,5,2026-05-21 10:55:03,siiip
bsk gared,5,2026-05-21 10:54:52,kenapa saya tidak bisa buat akun tiktok
Aqila Arfani,4,2026-05-21 10:51:06,kurang vn di akuuuu 😡😡😡
Anindita Bestari,4,2026-05-21 10:49:18,"idk, kurang aja"
Ria,1,2026-05-21 10:49:01,"Kena pelanggaran poin dikurangi, sdh beri bukti gambar untuk mmperkuat bandung namun di tolak tanpa ada solusi, kena pelanggaran gak masuk akal. Jujur Tiktok skrg makin banyak tingkah, makin banyak kena pelanggaran, kebijakan semau mau."
Gilang Ramadhan,3,2026-05-21 10:48:41,"pas aku mau komen atau buat akun malah GK bisa alasannya""anda tidak memenuhi syarat dengan akun lain""makin lama makin rusak ini aku GK bisa ngomen GK bisa apaa ²cuman bisa liatin doang sama scrol doang tolong ya tiktok aku GK bisa liat akun temen ku lagi gara gara ini😭✌🏻"
Kardina Fabanyo,5,2026-05-21 10:47:52,bangus banget
Nip,1,2026-05-21 10:47:28,penyimpanan data besar bangat
zdn_033 033,5,2026-05-21 10:46:35,sekarang punya ku kok ngga bisa di bukak?
Tia Tia,4,2026-05-21 10:39:40,bagus
fann stalin,1,2026-05-21 10:38:45,buat iklan maksa pengen di download malah di arahin ke play store
apin_ 5544,2,2026-05-21 10:37:51,"saya memberi bintang 2 karena, setiap saya bikin vidio/upload saya sering mendapat penonton yang sedikit dan like yang sedikit, tolong ubah biar penonton saya naik dan like saya naik"
Satria Bima,1,2026-05-21 10:37:14,"di upgrade bukan semakin bagus,tetapi semakin buruk!setiap live pasti mental keluar👎,coba tolong kedepan'y lebih d baguskan LG demi kenyamanan pengguna setianya"
Aqila Zahwa,5,2026-05-21 10:36:24,tiktok saya kenapa tidak bisa update sendiri yaa
Rangga Subgja,1,2026-05-21 10:35:14,apsi ini suka ga bisa di buka aplikasi nyh.tolong bnerin
Suhendra adhe Saputra wailissa,5,2026-05-21 10:35:09,sangat mantap
Nayla Azizah,3,2026-05-21 10:35:09,ˢᵉʳᵘ ˢᶦʰ ᵗᵃᵖᶦ ᵍᵃᵏ ᵃᵈᵃ ᵛᶦᵈᵉᵒ ᵒᶠᶠˡᶦⁿᵉ ⁿʸᵃ ᵗᵃᵖᵃᶦ ᵍᵃᵏ ᵖᵃᵖᵃ ˢᵒᵃˡ ⁿʸᵃ ᵗᵉᵗᵃᵖ seru💥💥🔥🕶👓♀️
Imelisa Sulistiani,2,2026-05-21 10:34:08,punya orang ada tempat tiktok shop d beranda nya tapi punya aku ga ada ini eror atw gmn
Naora Nursifa,4,2026-05-21 10:33:23,Aplikasi ini bagus tapi pas mau masuk selalu lama
Yoga,5,2026-05-21 10:33:01,aku pengen ada fitur vn
apasih hah,1,2026-05-21 10:32:25,akun saya di belokir selama ya tanpa ada pemberitahuan kenapa coba padahal udah cape cape bikin konten pelisss kembalikan akun saya nama ya: @vidio.gabut1 balikin akun saya aku lagi sedih nih😭 masa semua akun saya kena bl
Rizqy Aldiansyah,4,2026-05-21 10:32:08,video banyak yang menghibur di waktu luang untuk menemani
Amang Wahra,1,2026-05-21 10:26:54,gaada potongan harga
Barra Sandria,5,2026-05-21 10:26:08,ini sangat bermanfaat sekali
Mis Nadi,1,2026-05-21 10:24:04,"akhir' ini tiktok suka nge blank sendiri,mau masuk eh keluar sendiri,abis itu mau scroll² tiba' nge blank,abis itu mau foto' suka keluar sendiri,tolong di perbaiki"
maya nurmala,1,2026-05-21 10:21:46,buruk bngt skr tik tok hrs perbaharui trs
Rama Haikal afryanda,5,2026-05-21 10:21:12,"aku pake tiktok aman"" aja gak ada masalah."
Meyla Utama,1,2026-05-21 10:19:42,"ah elah, bisa gasih kalau habis batalin pesanan, saldong langsung masuk ke gopay/dana, kenapa harus make tarik uang di dalam apk tiktok sih, mana persayaratanya harus make rekening, dipikir semua orang bisa?, bikin sebel aja"
Saya Ini,5,2026-05-21 10:18:50,bagus kok
Amalia Altofunnisa,5,2026-05-21 10:16:07,kok GK bisa vnn sih tapi tiktok nya bagus tinggal vnn huu
sung hye seop안녕 하세요!,3,2026-05-21 10:13:44,"aplikasi nya bagus, tapi sayang ram hp saya kepenuhan teruss"
Rinda Sryhandayani,5,2026-05-21 10:13:31,Saya pikir handphone saya yg rusak . kalau mau bukak tik tok harus bolak balik download aplikasi tik tok
Suci Mh123,2,2026-05-21 10:11:56,Velocity nya patah patah jadinya
Dafiin Defandaky,1,2026-05-21 10:09:21,di update jadi makin lelet skroll delay gak jelas lama lama aplikasi macet gak jelas padahal device ram 4 giga
FREE 396,1,2026-05-21 10:08:15,tidak bisa berkomentar di live orang
Tanti Yulia,5,2026-05-21 10:06:19,Mantap
Malik Abdul Mmuiz,1,2026-05-21 10:04:34,terlalu lama donwlod
Syahru,5,2026-05-21 10:02:47,bagus banget bisa chat bisa buat akun
Putri Naff,1,2026-05-21 10:01:03,"gabener ah, post sesuatu jadi gbs diupload stuck di 1 doang, ga mau smpe 100 gajelas bgt"
Iqbal Maulana,5,2026-05-21 10:00:22,bagus
Muhlis Puang,5,2026-05-21 09:59:26,mantap lihat iklan saja dpat duit
Anisa Sabyaan,2,2026-05-21 09:55:53,hama nambah gede aja ruang penyimpanan nya
Dapok,3,2026-05-21 09:55:11,"aslinya bagus cuma banyak bug nya yang harus diperbaiki lagi,sekian terimakasih"
Khulukun Najidah,5,2026-05-21 09:54:34,👍
Rina Nawinda,2,2026-05-21 09:53:38,lelet hp jadi sering panas tiba-tiba setiap masuk aplikasih ini
Ella Hayati,5,2026-05-21 09:53:21,tiktok emang keren banget 🥰
tata 2013,4,2026-05-21 09:52:15,punyaku belum ada sorotannya
Edi Irawan,5,2026-05-21 09:50:45,bagus saya setiap hari nonton pacarku cortiss i love juhoon
Diman Arto,5,2026-05-21 09:50:44,ok
A Op,5,2026-05-21 09:49:35,bagus untuk uang
Alika zhafira Radifa,4,2026-05-21 09:49:24,sering lag
bayanto bayanto,5,2026-05-21 09:49:03,tikok aku minta VN dong
Fikri Haikal,1,2026-05-21 09:45:58,"gak jelas dikit2 kenak pelanggaran, padahal udah lewat batas pelanggaran nya tapi masih aja belom bisa mengirim dan menerima pesan"
Hian Nabeleng,5,2026-05-21 09:43:04,sangat menghibur
JEVIKA67L JEVIKA67L,5,2026-05-21 09:41:57,seru banget aku bisa buat mini vlong
Rasya Setiawan,5,2026-05-21 09:39:37,min bagi vn dong
Mirna Wati,2,2026-05-21 09:37:28,kenapa fitur tokonya gak bisa dibuka
Raka Manis,5,2026-05-21 09:35:25,seru aje
Ajeng Paristian,4,2026-05-21 09:32:16,aku bikin akun tapi diblokir terus
Novi,3,2026-05-21 09:32:12,sering terjadi bug dan error beberapa menit.
Rila Febriani,1,2026-05-21 09:30:18,jlekkk bisaaa perbaiki gak sihhh tiktok ini sangat jelekkk
Santi,5,2026-05-21 09:28:53,bagusss bgt
Adul Sekali,1,2026-05-21 09:27:33,"ini sosmed atau game sih?, gw buka apk ini ampe 2x force dalam sehari+kadang pas scrol patah patah kadang juga sape force close cepet dibagusin napa, serasa buka game high jadinya"
Silvia Sifa,1,2026-05-21 09:22:50,TIKTOKSHOP DI EVENT 100p MEMBATALKAN PENGIRIMAN TIBA TIBA
Yanto Ganteng,5,2026-05-21 09:22:41,terbaik
yogi salpradika,3,2026-05-21 09:22:17,bagus tapi jangan kena pembatasan usia
Boss Besar,5,2026-05-21 09:21:59,bagus bnget ni
aap ramdani,4,2026-05-21 09:21:46,"siapa sih yang ga punya tiktok, initinya udah bagus, cuman masih ada beberapa bug jadi tolong dii perbaiki"
Nia Anggraeni,1,2026-05-21 09:19:42,setelah di perbarui tiktok jadi eror tolong donk perbaiki lagi seperti dulu lancar ngga ad kendala
Diany Florist,2,2026-05-21 09:17:37,saya mendapatkan pelembatasan usia dan saat saya ganti akun saya juga mendapat kan pembatasan waktu dan saya tidak bisa ganti akun harus memasukan kode yg di atur org tua padahal orang tua saya tidak tau apa²
Sa d Bo,4,2026-05-21 09:16:53,😹
Marno No,5,2026-05-21 09:16:32,bagus dan keren
Bayucandra Yoga,5,2026-05-21 09:16:09,saya sangat senang dan mudah untuk di aksees
awliatry._ liaa,1,2026-05-21 09:15:18,gajelas kadang gabisa buka tik tok kadang bisa
Mselaaja Mselaaja,5,2026-05-21 09:15:08,"sangatt sangatt bagusss😘😘 serasa saya ingin mau kasih pukul, 😖😖"
Salma Nurazizah,5,2026-05-21 09:14:12,sangat senang
uzi gntng,2,2026-05-21 09:11:58,kenapa Ahirr² ini tiktok memblokir akun yg followers ny bnyk apa slh nya coba dan sering kali mendapatkn sb ghteli
Vivi Lee,5,2026-05-21 09:11:41,gg tiktok
choirulmuhtar 27,1,2026-05-21 09:11:34,ini kenapa cek ot dah ganti alamat baru masih masuk ya alamat yg lama
Bronxboy,1,2026-05-21 09:11:19,tiktok buruk sekarang berat susah masuk ngelag mental terus tolong dong perbaiki parah ni apk jadi GK nyaman pake apk tiktok
Arofah Bae,5,2026-05-21 09:11:08,kenapa setiap Saya mau download aplikasi tiktok ko selalu gagal ya ada permasalahan apa dengan
Bayu Gantengbanget,5,2026-05-21 09:09:27,gw suka nih aplikasi soal nya banyak film yg bagus dan keren
Winda Azhari,5,2026-05-21 09:06:32,bagus
Raazahra.3085,5,2026-05-21 09:05:56,seru uy kaya like tapi bagusan tiktok
Ujang Isal,5,2026-05-21 09:00:49,aku suka
Kenzi Katsimaru,1,2026-05-21 08:57:53,makin kesini aplikasi tiktok sangat tidak puas selalu keluar sendiri atau ngebag
Robi Ansyah,4,2026-05-21 08:57:24,bisa kasih saya voice note
Bilbil_lucu 45,5,2026-05-21 08:55:33,menurutku biasa aja tapi harus upgrade untuk bisa ganti tema chat nya
Rangga,5,2026-05-21 08:53:35,tolong kasih saya vn saya sudah menonton dari 2020
Nofrico Putra,4,2026-05-21 08:52:05,ada - (mines dikit)
༒Exodus乡,5,2026-05-21 08:51:07,bagus 👍 dan juga banyak cewenya
Dirgaantara Restu,5,2026-05-21 08:50:52,suka banget
Maulidasyadav 123,5,2026-05-21 08:49:50,suka bangget sama tiktok selain bisa liat video lucu tapi bisa tau hall di luar sana pokoknya Tik tok memang debes dehhh no 1🤩🤩🤩
Dinda Anugrah Putri,5,2026-05-21 08:49:10,saya suka bgt aplikasi ini terimakasih saya suka nonton tiktok setiap hari
Ditha Amarili,4,2026-05-21 08:44:59,"saya suka aplikasinya tapi saya kan bikin konten biasa di aplikasi tiktok, saya punya temen kita bahas umur kan malah DM man saya malah di blokir sama tiktok, saya agak kurang suka yang penting kan konten ya ngg yang sensitif ss aja bikin konten yang sepatutnya anak"" saja, mohon misalnya bahas umur di DM nya jangan langsung di blok soalnya yang penting konten ya ngg macam""dan positif,"
Akunml Mlakun,5,2026-05-21 08:41:36,"my account is blocked, please unblock it admin"
Naura Krasiva,1,2026-05-21 08:40:21,"TOLONG DIPERBAIKI!!!!!. saya gk ngelakuin hal apa apa AKUN SAYA DIBLOKIR TANPA SEBAB!!!! SAYA SEDANG BUAT TREND SAYA KESAL DAN SAYA DIOMELIN GARA GARA TIKTOK MAMA SAYA MARAH KARNA SAYA JADI SUSAH DISURUH!!! YA DH TERIMA GAJI ""DIPERBAIKI!!!!"""
Muh Ilham f tangahu Ilham.,5,2026-05-21 08:39:07,sudah bertahun tahun nonton tiktok tapi belum menghasilkan uang udah banyak teman teman di undang tapi tidak ada yang mau download Tik tok.
Khalifa Aulia,5,2026-05-21 08:37:25,sangatt seruu
bobobboy yoyo,5,2026-05-21 08:36:54,Bagus cuma pas donglowd lama
Ahmad Refagus,5,2026-05-21 08:36:14,mantap
Wawan Sunandar,1,2026-05-21 08:34:39,"Aplikasinya ngeleg, boros kuota, boros baterai burik lagi. Mending kalian gk usah Download nanti nyesel."
ahmadmuttaqinn,5,2026-05-21 08:34:07,bintang lima tapi playernya apes
Suan Sihombing,5,2026-05-21 08:33:06,enak banget cok shorts dan tik tok shop lebih asik
Ayu Rashi,5,2026-05-21 08:32:19,sangat menyenangkan
Naman Sugiharto,5,2026-05-21 08:31:00,news plus komplit beritanya
Putra,5,2026-05-21 08:30:21,"bagus, mmbantu mencari cuan ....,.... aplikasi ,,..................."
R3D R4BB1T,5,2026-05-21 08:28:49,"tik tok tolong hapus video tentang perang dunia , bully , kecelakaan parah , perkelahian terekam amatir , penghinaan agama , judi jenis apapun itu , politik viral , channel berita seperti kompas dan lain nya , tolong masukkan video hiburan seperti drag mobil motor nhra , sexy girl dance , street fashion , douyin chinese yandere , modification mobil motor , rekomen musik nu metal , alternative metal , metalcore dan punk juga video lucu , tiktok tolong bantuan nya"
Herli Mda,5,2026-05-21 08:28:44,ini cocok banget buat gua rebahan
AEDHEKE TIWUMBUJU,5,2026-05-21 08:27:45,sangat cocok untuk digunakan
Ahmad Junaidi,5,2026-05-21 08:27:42,buriqqqqqq lag anj
MUHAMMAD FITRIYANDI,5,2026-05-21 08:23:08,ok
putra bornean,1,2026-05-21 08:22:39,"kenapa sih tiktok harus ada hacker yg bisa ngelacak alamat, terus ada org tak di kenal kirim pesan ke aku, seharusnya tiktok cuman bisa yang mengikuti aja lah kan."
zhafranhubbu,2,2026-05-21 08:19:21,kaya ronaldo
amang Hadri,5,2026-05-21 08:18:16,cinta mati
Wahyuni,1,2026-05-21 08:18:03,masaa habis ke instal gaa bisaa kebuka😔
iswah Yuni,5,2026-05-21 08:17:56,bagus lah
nadia putri,5,2026-05-21 08:16:57,seru
Siti Hajijah,5,2026-05-21 08:16:47,bagus bagtttt sukakk
Khoerun Nissa,4,2026-05-21 08:16:25,pengen ada fitur 100peraknyadong min😭😭
Restu Ardiansah,2,2026-05-21 08:15:56,sering lag aplikasinyaa
Asifa Nur rohmah,4,2026-05-21 08:15:31,sangat membantu dalam mencari inspirasi seperti cara memasak dll.
Sunarso Affan,1,2026-05-21 08:14:56,"woy kok tiktok gw ga bisa balesin komen, pdhl ga berkata kasar 1 pun!!!!"
Gilang Pradana pristiawan,5,2026-05-21 08:12:38,bagus
Raffa Alvaro,1,2026-05-21 08:11:10,ngeleh bett
Muhammad Ammar Fariz,5,2026-05-21 08:07:56,gak tau mau bilang apa
Zidni Alghifari,5,2026-05-21 08:07:19,seru
ARKAN,1,2026-05-21 08:05:36,ga bisa apgeret
Siti Nuraliza,5,2026-05-21 08:04:02,"buat yng komen tiktok nya ngeleg lh, terkeluar sendiri lahh ituu bukan karna apk nya tapi karna hp kaliannnn mungkin penuhh atau EMG ngeleg"""
Kompoy Hendrik,1,2026-05-21 08:03:10,karna susah di buka
Sanka Alliya,5,2026-05-21 08:02:26,"kembalikan kotak harta karunnya seperti yg lama aja kk jangan diubah""🙏"
Samsung A05,3,2026-05-21 08:00:59,"sebenar nya bagus,cuma video video nya tentang apa yang kita sukai doang untuk melihatnya,tidak di tambahkan video random pada Fyp saya"
Totod Bau,4,2026-05-21 08:00:57,"tiktok kenapa sih sekarang banyak benget iklan pinjol sama judol, ngeganggu banget"
oppo sipa,5,2026-05-21 07:57:23,mantap
Aldi Aldi,1,2026-05-21 07:54:30,kok makin lamah makin susah ya buat mulung
Zul Saputra,5,2026-05-21 07:52:09,ini sangat mudah
Madu Laras,4,2026-05-21 07:51:27,masih oke lah bintang 4 soalnya kadang bikin ruang penyimpanan penuh
Lia Anggraeni,5,2026-05-21 07:50:48,bagus
Muhammad Adli Ramdhani,1,2026-05-21 07:48:15,"ngelive jualan di ban, giliran orang ngelive bugil gak di ban"
Khairi Fahmi,5,2026-05-21 07:46:37,bagus
Reva Fauzi,3,2026-05-21 07:37:54,seruu
Farmaway 01,5,2026-05-21 07:37:13,mantap
Rohmat kbc,1,2026-05-21 07:37:03,tolong ini tiktok perbaiki setiap saya buka komen pasti hilang komen yang dibawah nya
Siti hilda,5,2026-05-21 07:35:44,ok juga
Keisya Novriani,1,2026-05-21 07:34:56,"klo ngepost fto ngestuck,nyusahin."
Andi Putra019,1,2026-05-21 07:34:51,"aplikasi semakin hari semakin jelek, aplikasi tidak menanggapi atau eror, apakah aplikasi ini sudah ketinggalan jaman, tidak bisa mengikuti perkembangan ponsel terbaru"
Aida Yusmaniar,1,2026-05-21 07:32:09,jelek pasti setiap buka langsung ke toko mana ngeleg lagi dasar platform tidak stabil mending you tube kon
Sofia,5,2026-05-21 07:31:20,seru! tinggal srol ada hal yang menarik dan ubah mood kita mau liat apapun tinggal scroll pokoknya seru bisa chat dengan siapapun gampang dan seru! 💮💮
Tepang Saitun,5,2026-05-21 07:23:57,suka tikto
Mega Puspita,1,2026-05-21 07:23:32,aku bolak balik bikin akun tapi ke blokir terus 😥😥
arliani anik,5,2026-05-21 07:23:26,֮ϐׁɑׁׅᧁׁυׁׅׅ꯱ ᨮׁׅ֮ɑׁׅ ֮ϐׁɑׁׅᧁׁυׁׅׅ꯱ 𝐭𝐚𝐩𝐢 𝐚𝐤𝐮 𝐠𝐚𝐤 𝐛𝐢𝐬𝐚 𝐭𝐚𝐭𝐚 𝐥𝐞𝐭𝐚𝐤
Ann,1,2026-05-21 07:22:45,"APASI BATASI KOMEN MULU, APLIKASI JELEK GES GAUSAH DOWNLOAD"
Ferhas Dwiyas,5,2026-05-21 07:22:24,mantep
Kukubima,1,2026-05-21 07:21:08,Gak bisa downlod
Nafiza Png,2,2026-05-21 07:19:08,buruk
Yulius S poti,1,2026-05-21 07:18:03,kenapa ini tiktok selalu keluar sendiri tolong di perbaiki saya sudah berapa kali saya download tetap saja ini tiktok selalu keluar sendiri tolong di perbaiki dulu pemilik tiktok
Paiz Sirin,1,2026-05-21 07:17:51,kalo akun gw fyp juga gw kasih bintang lima
Hanafi 33,5,2026-05-21 07:17:29,. gokil 😹
Sopyatun Sopy atun,5,2026-05-21 07:17:15,saya pengen nonton tiktok
Aldo Pongoliu,1,2026-05-21 07:16:26,bnyak bug
Icha Dwilestari,4,2026-05-21 07:14:02,agak ngelag dan update nya lama
EBC Kian Perkasa,5,2026-05-21 07:12:59,aplikasinya bagus dan seru tapi saya tidak dapat fitur fitur baru
Isra Isra,1,2026-05-21 07:11:33,kenapa selalo lelot terus keluar sendiri.aplikasinya semakin tidak jelas
Nagita Slavina,5,2026-05-21 07:11:03,"lumayan buat hiburan tapi selalu ada masalah,but okay☺️"
nasyy nayy,1,2026-05-21 07:09:53,"aplikasinya bikin hp lag poll, padahal memori masih banyak. errror sekali, tolong diperbaiki. padahal masih ada akun dan beberapa video favorit saya disini"
Bella Cantik,1,2026-05-21 07:09:50,"kenapa pas akun saya di blokir permanen saya jadi tidak bisa membuat akun lagi?! setiap masuk tiktok tulisannya selalu ""akun ada di blokir selamanya"" pas saya buat akun lagi tambah tanggal lahir malah ada tulisan ""ups, akun ada di tangguhkan sementara"" tolong plis jangan gitu org lagi mau nonton tiktok malah gitu jadi pake tiktok di aplikasi paralel tiktok jadi ga kaya biasanya kaya di tiktok asli banyak kekurangan sering keluar sendiri"
akundian nova,5,2026-05-21 07:09:15,aplikasi nya sangat bagus
Tia Rismayanti,1,2026-05-21 07:07:36,Ini sangat tidak bagus karna sering ngelek
Rayyan 0301,1,2026-05-21 07:05:42,kena tiba tiba Komen stiker di blokir tanpa pemberitahuan sih tik tok 😡
Kesya,5,2026-05-21 07:05:40,adalah pokoknya
Rama Pga,5,2026-05-21 07:05:16,SANGAT COCOK
Icha Lattu,4,2026-05-21 07:05:11,"INI TIKTOK KNEPA SIHH,MASUK MASUK MULU KR APK WATTPAD UDAH BAYAR MALAH SERING MASUK,PDAHAL GK ADA IKLAN,TIBA TIBA LNGSUNG MASUK KE APK TIKTOKNYA LANGSUNGGG,JDI SNDRIII"
Alifa Rumaysaputri,1,2026-05-21 07:04:20,Eh kenapa sih iklannya tuh TIKTOK TERUS!!!!!
Queen Syaqila,5,2026-05-21 07:02:57,baik
Cahyani 7,5,2026-05-21 07:02:47,cocok banget ini buat aku yang lagi gabut!
Alfin Alfin,5,2026-05-21 07:02:02,bagus
Aa Hasbi,1,2026-05-21 07:00:49,akhhh sayaa udahh jujur umur saya 16 THN tapi masih dilarang annnjjj
STX• SHARK`,5,2026-05-21 07:00:38,アップデートが速ければTikTokを使いたいんだけど、いいかな？. artinya tiktok kalau apdet bisa cepet nggak sih
Wilda,2,2026-05-21 06:58:42,seru tapi aku
Muhammad Edsel,1,2026-05-21 06:58:13,yang bikin ngeselin.ayolah sporty aku masih anak kecil followers ku namanya terus aku mau gimana kalau itu semua hilang aku juga lagi pesen paket jangan lasak dong
Lutfi Kurniawan,3,2026-05-21 06:56:41,"velocitynya udh gak smooth lagi,,malah jadinya kaya ngelag"
Jihan,5,2026-05-21 06:52:44,suka sama aplikasi ini karna bisa chat teman
Bapak Djuwair,5,2026-05-21 06:51:41,intinya seru aja🫪
Nandar Sudarman,5,2026-05-21 06:50:10,sangat membantu
Irlan Arni,4,2026-05-21 06:47:27,ini bagus
Adfa,5,2026-05-21 06:46:54,knp aku kok tidak bisa vn
dimas Poleng183,1,2026-05-21 06:46:04,gak ISO dii install kontoll oggg
Victor Hudoz,5,2026-05-21 06:44:30,👍
yeni susanti,1,2026-05-21 06:44:26,kenapa aku saya hilang padahal saya tidak ngapa ngapain
Fio Elmina,5,2026-05-21 06:43:36,"Gwh suka bgt sma tiktok,intinya sukaa"
Andhara Aulia,3,2026-05-21 06:43:31,perbaiki bug nya
Muham Suroso,4,2026-05-21 06:40:15,"Saya menemukan Kendala di algoritma ai tiktok. contohnya saya upload video produk berkeranjang kuning tapi untuk penonton seperti di batasi dan video tidak di sebar ke penonton atau pengguna lain. viuwer cuma di 40 saja.kadang 0 penonton.bahkan di beberapa video teman saya juga sama hari hari ini, tolong admin tiktok perbaiki kendala supaya tiktok rame dan tidak ditinggalkan oleh pengguna,seller ,creator affiliator."
Yuli Ani,5,2026-05-21 06:39:08,Sangat bagus dan baik
Raffa,5,2026-05-21 06:33:09,aku mau vn
Grian Andriana,5,2026-05-21 06:31:05,plis tapi kenapa suka ngeleg kalau masuk aplikasinya
Jjm,3,2026-05-21 06:30:36,"TT ini, 😘😘🆓!!1😘%¢#🆓"
Redmi St9,5,2026-05-21 06:29:36,mantapp
Arr321,1,2026-05-21 06:28:31,", ce umm pa mu 3X FC 4C ce"
Reni,5,2026-05-21 06:28:14,kenapa mini drama ny ngak muncul
Kevin Rifandi Megalisters Megalisters,5,2026-05-21 06:28:05,Pov : You are here again
Aldi Aldo,5,2026-05-21 06:26:56,sngat seru
yeyeyeyeyye yeyeyeyeyye,5,2026-05-21 06:26:43,mantap
Siti Nurhaliza Siti Nurhaliza,5,2026-05-21 06:26:40,keren
Rizy Maulana,5,2026-05-21 06:26:38,tik tok nya sangat penting buat info
Risma Risma,5,2026-05-21 06:25:21,my fav app 💗😻
Kenzhi Alvaro 123,5,2026-05-21 06:24:58,plisss tiktok jangan blokir akun ku ya aku gk tau salah ku pas live sama teman ku dimana salah ku plisssssssssss semoga tidak ada apa² aminn
War No,1,2026-05-21 06:21:41,tiktok nya agak ngeleg banyak makan ruang
Fitri,4,2026-05-21 06:21:08,aplikasi ini bagus walaupun sedikit menganggu jadwal nya
eko Sunadiyanto,1,2026-05-21 06:20:01,kebanyakan dan keseringan upgrade . dikira gratis apa .
Al Kw,5,2026-05-21 06:18:34,ini sangat jelek🧢
Bind Free,5,2026-05-21 06:18:05,bagus
Najwa Nafisa,5,2026-05-21 06:16:24,meskipun bikin hp saya cepet panas tapi bagus ko😉
Lam Min,5,2026-05-21 06:15:44,Sarljl
Bayu Septian,3,2026-05-21 06:15:17,tolong selalu dipantau agar proses update berjalan lancar
Via Via,1,2026-05-21 06:12:28,jelek ngeleg ga bagus
Sriani Pujilestari,5,2026-05-21 06:11:39,Ayo aku ada akun tiktok di follow ya
syaputra pratama,1,2026-05-21 06:08:18,"masalah bug suara iklan, tolong segera di perbaiki karena setelah di perbarui malah muncul bug baru yaitu suara iklan yang tersu menerus nyala bahkan data seluler atau pun aplikasi di tutup suara iklan tersebut tetap menyala, lebih buruk lagi sampai di matikan hp nya suara tersebut masih hidup, tolong segera di perbaiki karena ini sangat mengganggu dan menjengkelkan"
IRSYAD GG TAPI AGAK BOT WKWK,4,2026-05-21 06:05:57,kasi gua vitur vn pliss tiktok
Redi Supriadi,4,2026-05-21 06:04:33,bagus tapi ada sedikit bug
Krisna Fiki,1,2026-05-21 06:04:12,bukan saya tidak bertikad baik ya tapi saya susah buka akun yg ada paylaternya dan penjelsannya kurang dipahami
Maychell Sihombing,4,2026-05-21 06:03:30,mana akun kawan ku
Mufazzal Salamuddin,1,2026-05-21 05:59:59,pelanggaran mulu perasaan produk sama promosi nya sama aj😮‍💨
Abdul Ajid,5,2026-05-21 05:59:47,pot ke me be cb ga cnh td cb Ng km MH g JKT ke d Thailand be gimana hehehehe mas nma Eneng bgt JM be bg cnh BNR bgmna
Maela Septi,4,2026-05-21 05:59:44,nemenin gabut oke
Putri Ameliaa,5,2026-05-21 05:58:28,"kok punyak lemot banget siihh,minta tolong dong bisa buka tiktok dengan lancar pliss"
aguss Pujirama,5,2026-05-21 05:57:57,jelek masa ga bisa live
Afifasifa,5,2026-05-21 05:57:47,bagus kok tapi tt ku agak ngeleg gitu
galuh lucky,5,2026-05-21 05:57:27,seru banget
Davi Davian,1,2026-05-21 05:57:23,aplikasi burik
Elindamara Hasibuan,1,2026-05-21 05:55:29,jelekk banget tiap mau bikin video lagunya selalu itu itu aja filter sama lagunya di ulang ulang dan kenapa harus ada pembatasan usia adik saya sudah umur 14 tahun dan masih kena pembatasan tolong perbaiki
Derisa,4,2026-05-21 05:55:22,bagus
Luluk Suryanti,5,2026-05-21 05:55:07,sangat bagus
Mega Dwi putri anjani,1,2026-05-21 05:53:20,"akun tiktok saya ke blokir dengan alasan saya masih di bawah umur, umpan balik juga ttp ga bisa, kecewa!"
Aisyah Arsifa,1,2026-05-21 05:52:57,"bisa gak si di perbaiki nih aplikasi tiktok. apa apa mau post pasti keluar sendiri. bolak balik kaya gitu lama lama tiktok kaya kentang ya lemot banget. terus itu penyimpanan nya tolong deh masa ia diambil banyak banget gk normal nih (ini masukan biar kalian paham aplikasi makin lama makin parah, sedot data juga boros banget lagi)"
Neng Tri,3,2026-05-21 05:51:26,kenapa gak bisa di buka ya
Neng Nani,5,2026-05-21 05:49:05,bagusss
Ridho Gunawan,1,2026-05-21 05:48:01,"woy min kenapa dengan tiktok kadang memfollow akun orang yang tidak di kenal sendiri, dan kadang unfollow teman yang sudah aku ikuti"
Surya Gudang,5,2026-05-21 05:47:59,aku kasih bintang 5 knp kalau kita buka tiktok harus ulang instal
Santoso Amos,2,2026-05-21 05:47:48,iklan nya sangat menganggu karena sering mengalihkan saya ke play store tiktok secara tiba tiba
M jagat Setiawan,1,2026-05-21 05:47:42,kehapus sendirii
Martha Vivo,5,2026-05-21 05:45:48,tiktok sangat seru! aku bisa menemukan banyak teman disitu makasih tiktok
Hadi Kelana,5,2026-05-21 05:45:00,"Ini aplikasi bagus,tapi kata nya bisa vn"
Adit Maulana,5,2026-05-21 05:41:53,"bagus,cuma agak ngelag dikit"
Arga rembo,2,2026-05-21 05:41:46,sebenar nya bagus namun Ter lalu lag padahal jaringan lancar dan kadang kadang keluar sendiri dari aplikasi itu membuat saya tidak nyaman dengan aplikasi semoga bisa di perbaikan ya kalau sudah bagus saya akan naikan bintang nya jadi 5 tolong di boloh yaa sayang nya jadi tidak bisa liat live karena lag atau bag gak jelas 🙏🏻🙏🏻🙏🏻🙏🏻
Naufal Adityasakha,1,2026-05-21 05:39:28,tidak enak
Putra,1,2026-05-21 05:39:25,tik tok tempek
Siti Nabila,5,2026-05-21 05:38:18,Bagus saya suka dengan aplikasi ini cuman pen downloadtan nya lama sekali mohon di perbaiki agar cepat di buka🙏😊
Gilalu,5,2026-05-21 05:35:10,suka banget sama aplikasi tiktok bisa foto dan fidio
Aby Mahesha,1,2026-05-21 05:34:48,"apa saya harus download ulang biar tiktok ga ngelag,ku pikir hp ku yang ngelag ternayata tiktoknya yang ngelag"
Syareefa Cell,1,2026-05-21 05:33:29,tiktok ini tidak bisa di pencet kalo di pencet bakal keluar lagi jadi emosi deh tolong di perbaiki aplikasi nya 🙏🏻
Daniel Danish,2,2026-05-21 05:32:28,kenapa setiap download tiktok ga bisa masuk dalam tiktok nya tolong di diperbaiki
Smuf,5,2026-05-21 05:31:28,suwisos
Yusep Ferdiansyah,5,2026-05-21 05:30:57,Tapi kenapa ka ke pasanggg
Hamdi Sape,5,2026-05-21 05:28:37,mabtapp
Bsbs Bshsj,5,2026-05-21 05:28:32,Ok
Noor Azzizah,5,2026-05-21 05:28:16,baik
Candra Prasetiyo,5,2026-05-21 05:26:36,seru banget
Rizal Dimoro,5,2026-05-21 05:26:36,gw GK bisa vn😔
Beni Arifin66,5,2026-05-21 05:24:29,bagus itu aku tinggal aku cuma sekolah aja melihat video orang
Rahmat Saefudin,1,2026-05-21 05:23:05,Udh di update malah gabisa di buka tolol aplikasi nya
Erika Isgiantika,5,2026-05-21 05:21:23,bagus
Vo Vo,1,2026-05-21 05:21:07,"knp stiap qw buka,yg muncul sales pnjual perceraian,,,,,qw liat tiktok butuh hiburan,bkn butuh liat org"" yg gk jlz"
ayam fillet kota medan,5,2026-05-21 05:17:51,udah mulai agak eror sering kegagalan sistem
Khusnul Khotima,5,2026-05-21 05:17:02,udah tau lah ya kenapa aku kasih bintang 5
Nur Syarifah,4,2026-05-21 05:16:57,"bagus banget bisa posting ulang,bisa buat trend tapi tiktok biasa itu sering di blokir oleh tiktok nya katanya di bawah umur jadi kalo mau buat trend mukanya harus ditutupin biar gak ke blokir tapi gapapa kok soalnya bagus banget"
Ulpa Tanzila,5,2026-05-21 05:14:16,seruu
Rini Misriyani,5,2026-05-21 05:14:06,tiktok sekarang keren banget
Inall Inallesmana,4,2026-05-21 05:13:14,pp apa
Sandi Supria,5,2026-05-21 05:10:53,video ya sangat bagus aku sangat suka
Yeni Kurnia,2,2026-05-21 05:10:39,"saya sangat benar² kecewa,akun tiktok saya setiap hari ke unfoll sendiri padahal saya tidak unfoll siapapun,itu menyebabkan followers saya menurun,JADI TOLONG DIPERBAIKI LAGI!!!"
Saya Kill,5,2026-05-21 05:08:42,seru sekali
Ayu Sari,5,2026-05-21 05:08:36,seru
Raka Siwi,5,2026-05-21 05:08:18,mantap untuk semuanya
Mikayla Syakira,3,2026-05-21 05:08:11,karena sering lelet kadang sering rusak dan harus di hapus
amran saja,5,2026-05-21 05:05:34,bagus
Dadan Hendarsjah Hendarsjah,5,2026-05-21 05:05:15,TIK TOK adalah Waktu Hiburanku
Sunarmi,5,2026-05-21 05:04:46,ini bagus!
Bapa Inggit,1,2026-05-21 05:03:57,"ga adil orang lain ada fitur potong harga 100perak ,akun ku ga ada"
Suharno Harno,5,2026-05-21 05:01:09,keren
Arul Ajah,5,2026-05-21 04:59:12,bagus bangettt tapii kenapaa di aku ga ada fitur potong harga yaa
Arshaka Ashaquille,5,2026-05-21 04:58:08,"gaa pernaaahh bosannn, tapui fitur fo live sama sorotan nya nggaaa adaa:("
wahda,5,2026-05-21 04:55:36,Seru bisa buat api brng teman.. Tpi.... Aku sering knk pembatasan umur dan live ak juga ilang... Sedihh
Dinda27 makasar,5,2026-05-21 04:55:21,bagus
Nita Oktavia,5,2026-05-21 04:53:13,aku dari tadi memper baruu tiktok GK bisa bisa udah 5 kali ku coba astagfirullah kan aku udah coba 1 harian masih aja GK bisa padahal udah ku hapus semua yg GK di pakai
Ul Ma,4,2026-05-21 04:52:16,"perbaiki gak pas gw mau nambah akun dan di bagian ""apa ulang tahun mu?"" nah itu aku kan udh ngaturin nya eh gaada tombol lanjutkan nya gimana sih"
Bani Asani,3,2026-05-21 04:48:59,gua ngga bisa vn tapi gua beri bintang 3
MUHAMMAD ABIZAR MAUZA,1,2026-05-21 04:46:03,"Hello, I want to ask about my problem, YouTube was created in 2005. While TikTok was created in 2018. TikTok is trying to follow YouTube. And all the teachers at my school are watching you. So the students don't can be serious. and the content is dangerous for children, and misleading for children. please fix my problem🙏🙏🙏"
Adit Ardiansa,5,2026-05-21 04:45:07,gimana cara vn
Shan Bila,5,2026-05-21 04:45:05,"tiktokk baguss, aplikasi menghibur kadang juga di fitur belanja (tiktok shop) banyak diskonan dan event event menguntungkan seperti event potong harga, bisaa dapat barang dengan harga 100 perak namun ada challenge juga bagi penggunanya untuk bisa mendapatkannya. tapi kadang tidak adil event ini hanya untuk beberapa akun saja, saya tidak menyukainya."
Crhis,5,2026-05-21 04:39:11,cara vn
Siti Khadijah,5,2026-05-21 04:36:39,tiktok life vs tiktok
Halfi Miryadi,1,2026-05-21 04:35:13,"Apl bego, ngedukung feminim dan standar aneh"
angler 87,5,2026-05-21 04:34:58,hello name arin inggris
0gut Fratama,5,2026-05-21 04:34:51,"kenapa tiktok saya ga kebuka2, malah balik lgi, balik lagi ke menu"
Ridha 2323,2,2026-05-21 04:32:55,"kenapa ini aplikasi tokonya kok hilang ,mau belanja jadi gak nyaman gak seperti biasanya"
Syahrul Adi,3,2026-05-21 04:29:45,"semenjak update tiktok jadi lag parah anj, masuk susah,sering aplikasi tidak menanggapi padahal sebelum update normal normal aja"
Soepri Yono,1,2026-05-21 04:28:53,Aplikasi terparah lemot pol ndak mau konek ke internet!DEVELOP BODOH !
UPIcbj 456,5,2026-05-21 04:20:28,tutorial dong aku udah kasih 5 bintang VN
the best mamita,1,2026-05-21 04:19:52,"Gelo aja sekarang tdk bs di-SS. Gimana orang mau simpan misal lokasi, alamat atau no HP yg tertera di-VT ? Masa harus sedia alat tulis dulu."
dian,5,2026-05-21 04:16:41,mantap
Eis Bungsu,5,2026-05-21 04:15:48,sumpah aplikasi ini bagus banget videonya menarik banget bikin menghibur orang suka deh sama aplikasi ini i love you aplikasi Tik tok mana filternya bagus semua lagi i love you banget Tik tok
Gunawan Aja,5,2026-05-21 04:15:16,tiktok banyak vidio bokep nya
Dhea Evlya,5,2026-05-21 04:14:26,kok nggak bisa update terbaru yah
Musriah,5,2026-05-21 04:12:35,hiburan banget
Ndahhh 6900,1,2026-05-21 04:10:26,gak bisa didownload lagi gak kuat di perangkat aku tapi tetep aja salah Tik tok
Nasrudin Anas,5,2026-05-21 04:09:45,saya sangat suka
Rau Ayran,2,2026-05-21 04:05:43,sekarang kok gak ada fitur voice notnya orang-orang pada bisa min
Erich Lamba,5,2026-05-21 04:04:43,good
Fauzan Mc,1,2026-05-21 04:04:26,ini orang orangnya kebanyakan SDM rendah
Zidna Swf,5,2026-05-21 04:03:38,"ada sedikit kesalahan yaitu sering updet terus setiap mau scrol suka keluar ,jadi tolong perbaiki lagi"
Hadis cahyoh,5,2026-05-21 04:02:38,bisa vn cuy
Deva Apriani,5,2026-05-21 03:58:15,Sangat Bagus dan ada video offline nya jugaa
Rosa Lina,5,2026-05-21 03:58:13,Thank you
Komang Adi,3,2026-05-21 03:50:41,plis ini tiktok di update karena saya mau bisa vn sama sorotan plis di-update ya
Fahri Fahri,5,2026-05-21 03:50:09,tiktotk
Candra Prayoga,1,2026-05-21 03:49:03,aplikasinya sering ngelek
Silvi Prisil,5,2026-05-21 03:46:58,aplikasi nya paling seruuu
Irfan13 13,5,2026-05-21 03:46:20,"mantap apk nya ,bisa buat usaha ,"
Mursid Ngongano,5,2026-05-21 03:45:51,mantap
Alfiansyah Syahputra,5,2026-05-21 03:45:15,"aplikasi mantap, tapi menurut gw kasih fitur supaya bisa liat video favorit langsung ke paling bawah dan juga diposting ulang adakan fitur seperti itu"
Bung Ng,4,2026-05-21 03:43:47,"bagus, tapi terlalu berat mb nya, hp saja jadi ngeblank"
Ahmad Willy,5,2026-05-21 03:39:08,ini kenapa titok ku di tangguhkan sementara
Marianty Kogeya,5,2026-05-21 03:35:57,aplikasi yang seru
Stokakun Ff,1,2026-05-21 03:34:34,telaso
ILHAM FIRMAN,5,2026-05-21 03:34:15,memang menghibur
Nasripa Ripa,5,2026-05-21 03:33:45,sangat membatu sekali buta saya
Aldy Winata,5,2026-05-21 03:33:39,bagus
Vita Mardhiana,5,2026-05-21 03:29:41,sangat bagus
Aluna keyla Putri,5,2026-05-21 03:29:40,"kita dapat melihat banyak vidio vidio yg lucu, asik, dan seru."
Diva Aidil Fitri,5,2026-05-21 03:28:39,Bgus
Sopiann,1,2026-05-21 03:26:06,lag mulu heran
Fandii Tzy,5,2026-05-21 03:25:37,aplikasi ini sangat seruu
Shanana Pangestu,5,2026-05-21 03:25:06,bagus semoga beruntung
Aprian hidayat,5,2026-05-21 03:23:17,baguss
andini agustania,2,2026-05-21 03:19:09,"Apk tiktok sekarang udh ga jelas,kadang gak bisa di bukak,kadang Bru di buka udh kembali sendiri,mohon di perbaiki apknya"
Kamhar Abd,1,2026-05-21 03:18:46,aplikasi sampah
repann anjai,5,2026-05-21 03:17:16,bagus bgtttt
pijat somad87,5,2026-05-21 03:16:39,bagus dan mantap
Andi Andra,5,2026-05-21 03:11:12,bagus
camaro pandawa87,5,2026-05-21 03:10:50,"aplikasi nya bagus,tapi setiap saya mau login ke tiktok haus bolak balik,karna tiktok nya gk bisa di buka,tolong di perbaiki lagi"
Musa Nurhotim,5,2026-05-21 03:10:06,mantap biar kata orang ngebleng apa pun tetep tiktok top mantapp 👍👍👍
Mama Tigaputra,5,2026-05-21 03:09:14,ok
Bagas Taufiqurrahman,5,2026-05-21 03:09:11,👍
Iksani Ihram,5,2026-05-21 03:08:46,good apl
Yully Yanah,1,2026-05-21 03:08:36,di blokir permanen lewat IMEI daftar pakai akun mana aja gak bisa
Hamnn Bjnn,5,2026-05-21 03:07:22,baikkkkkkk
Adiyaksa,5,2026-05-21 03:07:15,sering brenti sendiri
anjani najwa,5,2026-05-21 03:07:09,apik meni
Jabar Sumarna,5,2026-05-21 03:06:40,bagus
Noval Aprilia irwansah,5,2026-05-21 03:05:53,ada vitur baru 👍
Harvino Rahan dika,5,2026-05-21 03:04:36,bagus aja
Farda Ya,1,2026-05-21 03:03:54,tik tok tai anj
celya,5,2026-05-21 03:02:41,bagusbanget
Lastri Nuraeni,5,2026-05-21 03:02:28,bagus banget
fajar 2812,5,2026-05-21 03:02:28,fajar ikhsan
FARLOZ ANDIKA PUTRA,3,2026-05-21 03:02:07,seru
Lagu Karo,5,2026-05-21 03:01:07,"cukup mantap dan bagus,saya masih kurang kemampuan,sambil belajar,nanti mungkin faham,lanjutkan"
Lavender,4,2026-05-21 03:01:02,Markotop 👌
Heru Rafa,5,2026-05-21 03:00:55,God good
Haidar Adnan,5,2026-05-21 02:55:49,seru bangat aku sampe malem buat nonton tiktok
Emma Anisa,5,2026-05-21 02:55:37,semoga beruntung
Arsen Septiano,1,2026-05-21 02:54:58,Arsya
Dwita mirah Lestari,3,2026-05-21 02:54:58,suka bgt sm aplikasi ny vd kt kt ada vd nya lngkp
Haris Alfarizi,5,2026-05-21 02:53:49,mantp
jamaludinfahri Fahri,5,2026-05-21 02:51:27,is the best
Akun Google,2,2026-05-21 02:49:18,gaada faktur vn
Ali Ahmadi,3,2026-05-21 02:47:13,lama banget menginstal nya
Faizin Romadhon,5,2026-05-21 02:47:06,Alhamdulillah
Adam Wona,5,2026-05-21 02:44:40,saya suka main tiktok
fahru stecy,5,2026-05-21 02:44:24,"knapa baru di ,updet harus akun dulu harus nya masuk dulu"
Artika Dwi Anggraini,5,2026-05-21 02:42:57,bagus banget kak
Fadilah Sasa saleh,5,2026-05-21 02:42:21,bagus bisa bikin video dan dapat uangnya
Aurellya Ang,1,2026-05-21 02:38:51,"di tiktok menyuruh masukan kode rujukan teman tapi tidak ada kodenya, baik penggunaan baru maupun lama coiii, penggunaan lama pun kenak tidak betul ini tiktok"
Mul Yono,5,2026-05-21 02:37:17,seru
Mhmmd Rfansyahh,3,2026-05-21 02:35:24,"Setelah di perbaharui sering sekali pas pakai wifi gak bisa konek, pasti koneksi buruk harap hubungkan kembali, kapan mau di perbaiki matang matang, udah coba berkali kali memulai lagi dari awal dan download aplikasi lagi malah gak bisa gak bosan kah develop."
bungaa 1808,3,2026-05-21 02:34:38,tiktok kenapa sih kalo mau upload foto yang di private harus masukin nomor dulu? ngaret waktu tau ga sih
Welanda Welan,3,2026-05-21 02:34:18,"tiktok ini adalah sebuah akun yg sangga baik,d sini aku menonton film dan bisa membuat konten,di sini aku dpt cuan,aku bisa kerja d tiktok,aku bisa mencari tutor ila masak"""
Nurdin Gele,2,2026-05-21 02:30:00,kapan akun tiktok gua ada vitur vn di komentar
Robi Yansah,5,2026-05-21 02:29:50,selalu ada
Hasan Prakerja,1,2026-05-21 02:28:46,kenapa harus nulis kode privasi
anggun alfani,3,2026-05-21 02:27:42,tik tok kenapa akun saya di blokir padhal saya ngga merasa buat pelanggaran tolong pulihkan akun saya. saya butuh akun saya.
Evi Rismiaty,5,2026-05-21 02:27:39,tarik kainnya gampang bged dan cepet
saiful gendut123,5,2026-05-21 02:25:43,bagus
Puji Paujiah,5,2026-05-21 02:11:39,bagus aplikasinya GK lag
Kartini,5,2026-05-21 02:08:51,sangat baik
Aku Farel,4,2026-05-21 02:08:44,gam
Malami Ceria,5,2026-05-21 02:08:31,nice
Siti Aminah,2,2026-05-21 02:05:02,TikTok sekarang terlalu banyak iklan...bikin hp lemot 😭😭
Bilal Haekal45,5,2026-05-21 02:04:40,karna bagus
Yaumi Yaumi,5,2026-05-21 02:03:26,sangat bagus
Adit Keren,5,2026-05-21 02:03:23,tolong follow akun aku dong yang namanya budak pamanukan PP nya pake baju Persib
Mansyur Ruslan,5,2026-05-21 02:02:31,"saya beri bintang 5,"
tipanwell 123,5,2026-05-21 01:58:54,seru buat kalo lagi gabut
Yunita Yunita,5,2026-05-21 01:54:01,menyenangkan
Teguh Andriyani,5,2026-05-21 01:53:18,"the best selalu tik tok, good job lah"
Yono Bedek,5,2026-05-21 01:53:18,Suyoto🏢✈bedek lore lej sarti
Jojo Joji,1,2026-05-21 01:52:14,no on PC co
Via Aprillia (Via),5,2026-05-21 01:52:11,suka sii tapi minus nya kalo ada even ga pernah ada🙂‍↕️
Popplm Oikk,5,2026-05-21 01:48:39,"saya adalah penguna setia Tik Tok saya memberikan bintang lima karena banyak aktivitas yang bisa kita lakukan di Tik Tok seperti. kirim pesan ke teman, belanja, berjualan live, lihat berita terbaru,dan melihat video animasi dan anime sekali lagi Tik Tok sangat bagus dan juga bisa menonton video tanpa jaringan wifi/ data sekali lagi Tik tok sangat sangat bagus"
ᥲqіᥣᥲ Aqila,5,2026-05-21 01:46:21,𝑏𝑎𝑔𝑢𝑠𝑠𝑠𝑠𝑠
Neza Azahra,1,2026-05-21 01:34:26,lag keluar sendiri terus menerus
Rhysal Pratama,5,2026-05-21 01:34:06,Mantap banget
Iqbal Adityo Pratama,5,2026-05-21 01:33:55,baguss
Lian Agustino,4,2026-05-21 01:30:16,tolong adakan privasi buat orang-orang yang bisa kita pilih
Abil Zalzabil,5,2026-05-21 01:29:56,Nggak ngebosenin
Gideon timbul Manurung,5,2026-05-21 01:27:24,sangat baik
mio mio,5,2026-05-21 01:27:17,baik lancar
Dzulfikar Muhamad,5,2026-05-21 01:26:02,👍
saniyah Niya,3,2026-05-21 01:25:26,kenapa ya aplikasi saya tidak bisa up postingan. tolong diperbaiki
Thendy Thendy,1,2026-05-21 01:25:22,aplikasi apaan nih jlk bgt
mlis mlis,5,2026-05-21 01:24:54,mantap
Steven Pioh,5,2026-05-21 01:23:56,Mantap 👌
Shakira 123,5,2026-05-21 01:23:36,seru banget cuma semoga tiktok lebih banyak ngeluarin fitur baru ya
Cahaya Bunga,4,2026-05-21 01:23:02,ya v aku tidak akan bisa gak mlm mendengarkan lagu aku cin aku tidak akan
Dave Adinegara,5,2026-05-21 01:20:47,"the repost page. the saved page. the liked one. I love it, I'm addicted to it."
Zachary Bolton,3,2026-05-21 01:18:42,kenapa tidak bisa di download?
Tya Aiim,1,2026-05-21 01:18:31,"kenapa lemot banget yaa, udah gitu setiap abis bikin vidio layar langsung hitam.. trus suka kluar sendiri trus.."
Candrila Dilaaa,1,2026-05-21 01:17:11,"gaejlas banget tiba"" akun dj blokir tanpa sebab"
Lienda Waidani,5,2026-05-21 01:16:57,gak ada potongan harga seperti yang lain
Rudi Hariyanto,5,2026-05-21 01:16:35,tiktok bagus ada reward nya lagi. tiap minggu dapat bonus reward
feldiaayu margareta,1,2026-05-21 01:14:31,udah login kok harus login lagi 2 kali trus pas aplikasinya mau dipakaki akun saya keblokir jadinya mulai lagi dari awal
Dito Pratama,5,2026-05-21 01:09:05,jos gandos saya suka saya suka
Genjus Tampan,1,2026-05-21 01:05:15,maaf ini tiktok kenapa ya masa minta upgrade tiap minggu
Riswan j,5,2026-05-21 01:03:16,bgus skali
Suwanti Umil,5,2026-05-21 01:01:26,aplikasi bagus.. sayang saya blm bisa aktifkan payleater nya..
rendy christiansen,1,2026-05-21 00:56:39,kok tiktok sy hrs beli sih kalo mau instal kacau
Ikhsan R,4,2026-05-21 00:56:15,sangat membantu dalam mencari tutorial yg di perlukan
Wildan Aldi,5,2026-05-21 00:55:23,aplikasi TikTok ini bagus
Kevin Fajriar24,5,2026-05-21 00:51:25,Aplikasi ini mantap bagus dan bisa cari info👍👍👍
Zainal Arifin,5,2026-05-21 00:49:40,film nya sangat bagus
Ridho Dopo,4,2026-05-21 00:45:43,Rasaaaa keren nonton tiktok
dina olivia,2,2026-05-21 00:45:36,abia di up bukannya tambah bagus malah tambah ngelag ku kura hp ku trnyata emg tiktok aja yang ngelag
