content,sentiment
apk gaje buat masuk daftar aja du di persulit,0
"baru mau daftar aja udah dipersulit, muter2 email balik ke apk muter lagi ke email balik ke apk lagi, gitu aja trus",0
film nya ga terlalu banyak,1
mana kung Fu panda 3,1
menghibur👍👍🔥🤩,1
sering error,0
Aplikasi bagus,1
"Gagal login, padahal di hp ancar, tp pas login di tab, malah katanya erangkat ga mendukung !!!!",0
"banyak film bagus di hilangkan lebih dulu padahal ada film yang menurut saya jelek dan ada adegan seksnya malah tidak di hapus padahal fimn yang di hilangkan lebih dulu itu film yang sangat bagus, kalian terlalu naif dan egois!!",0
loading ga jelas,0
harus bngt vip,0
udh gua coba login berkali2 ga bisa masuk,0
"udh byr + udh daftar pas login ga bisa, aneh",0
"gila udh langganan tapi malah blur banget, nyesal sumpahhh. sangat mengecewakan.",0
mana Jojo eps 2nya wok,0
apk kikir,0
semakin keren,1
harus berbayar ya ternyata,0
bete suka kepotong otomatis padahal gaperna nonton,0
apaan dah gua udah bayar mahal vidionya loading mulu,0
udh langganan malah ter log otu sndri... pas mau login lagi malah g bsa.. email dan no hp yg udh d dftarkan juga g bsa f pake... kesel banget,0
"kenapa saat saya mau melanjutkan nonton pasti apk tersebut terpental setidaknya 11× sampai saya benar"" bisa nonton film dengan lancar, sangat di sayangkan untuk langganan namun apk tidak bisa digunakan dengan lancar.",0
"ini lagi gangguan apa gimana?!!!! apk lain lancar"" aja cuma netflix muter"" gak jelas bikin emosi..!!!!!😡😤",0
"kenapa Netflix sy, kok ga bisa dibuka ? sy mau nonton juga jadinya ga bisa nonton ?!",0
"belum apa2 sudah suruh bayarr ta7kk,, daftar sja belum selesai sudah suruh bayar !!!! apk ta",0
saya nau berhenti berlangganan.,0
sukaa,1
"tiba tiba eror pdahal jaringan bagus, terus video tidak bisa dilanjutkan, ga jelassss!!!!",0
good,1
oke,1
too expensive,1
"kecewa karena ada fitur verivikasi 6 angka, padahl biasanya lewat sandi karena email hilang jadi gak bisa login",0
ok,1
Hay,0
"mau login akun terjadi kesalahan melulu di tab, di suruh coba lagi beberapa menit, tapi ini sudah ganti hari woy",0
Bagus nih,1
"nyesel download dan berlangganan, baru 1 menit nonton kluar sendiri dari aplikasi nya. butut buladig banget",0
seru bgt bakal nonton sering nih wkwkwk,1
jlek bgus pornhub,0
Login nya susah aneh bnget,1
kayak babi aplikasi ini,0
gua udh berhenti berlangganan tapi saldo gua lu sedot terus anjeng,0
makin ribet aj lu mau login make kata sandi aja susah kode lah link lah,0
"keren sih tapi ada baee tingkah udahlah,, cukup pas butuh aja langganan download ga jalan"" kenapa dahhh kamar udah wifi pribadi data udah 5G kadang suka bikin istighfar",1
selalu terjadi kesalahan saat masuk dan selalu ada perangkat lain masuk padah tidak ada yang masuk. tolong diperbaiki,0
"trs""an muncul pop up perangkat yg digunakan lebih dari satu padahal lagi gak ada yg pake -,-",0
saya udah bayar tapi gak bisa daftar akunnya. udah coba berkali kali tetap gak bisa,0
bad 👎🏻,0
Film dikit.tapi seru,1
Muhammad ikram ikram,1
no ty☺,0
"jgnn berlangganan, masa muter video semua ancur, ga ada yg bisa di tonton",0
oke,1
aplikasi menonton yg sangat menarik dengan film yg beragam,1
"baru 2 hari berbayar,Netflix aman,di hari ke 3,tiba2 muncul keterangan Netflix mengalami kesalahan dan yaaa ga bisa di buka di TV,udh di reset, uninstal dll di coba tetep sama☹️,jd ada rasa menyesal berlangganan 😞",0
sangat menghibur dan saya saya sangat menyukainya mantal netflikx,1
"Netflix mangkin kesini mangkin Ngaco iya, Udah Film baru banyak yang lambat keluarnya di tambah, Subtitle Indonesia banyak yang Kaga ada, Tolong di perbaiki kembali masih banyak minus nya nih, saya udah pelanggan lama nih",0
ssngat suka sekali,1
"knp ga bisa milih sub pas udh download? minimal pake set yg udh diset dong, ini ada yg tiba2 ganti audio ganti sub pdhl ga pernah otak atik.",0
okok Bintang 5..filem nya bagus semuanya... dan aku baru tau pengaturan layar🙏😄 yg buat terang tp kenapa banyak sekali filem seasen nya.. cape nonton filem seasen tu...,1
"aku habis dwonload lagi netflik aku dan masuk ke akun aku lagi tetapi selalu loading padahal jaringan aman, udah di updte juga kenapa bisa?",1
woi netflix tolong lah gw ga ngekonfirmasi mau langganan apa kaga malah ke potong dana gw udah 3 kali ya awas aja keulang lagi,0
sangat direkomendasikan untuk menonton film series ataupun movie,1
"Netflix keren banget buat nonton film dan serial di waktu luang. Pilihan filmnya banyak, update terus, dan kualitas videonya juga bagus. Aplikasinya gampang dipakai dan jarang ada masalah saat dipakai streaming. Recommended buat yang suka nonton.",1
kenapa tidak ada sinetron terikat janji lagi,0
"bagus , tpi tolong perbarui lagi, saya ingin menonton chasing love tapi tidak ada",1
ini lumayan bagus video ini ada semua film sangat bagussss,1
Sagat bagus tapi harus memakai kode tolong diperbaiki ya',1
susah masuk nya cuman gara gara mau nonton aja makek perkara segala macem enak yutup nyesel gw ngasih bintang 5 cuman biar mudah kalian baca aja,1
"netflik tolong kembalikan uang saya saya sudah menbatalkan berlangganan dari beberapa bulan yang lalu , ngapain masih di tarik juga saldo saya , kembalikan , aplikasi netflik saja sudah saya hapus beberapa bulan yg lalu , saya tidak ikhlas",0
"kenapa ya sekarang ga bisa putar film, loading terus? kemarin kemarin masih bisa TPI ko sekarang ga bisa padahal jaringan ada",1
"aplikasi film tidak dapat diputar, padahal sudah di download, layar hitam blank",0
sumpah kalian jangan donwlod ini karna ........................... tida tahu sy,0
di laptop bisa play movie ko di hp gabisa gmn sih,1
mau masuk susah,0
lengkapi filmnya supaya peminat netflix berlimpah,1
"ini gimana dah tiap nonton gambarnya lecekkkk,rusakkkk ih sebelllll 😭JD males nonton",0
"ga bnget sihhh,, sudah berhenti berlangganan,, tapi masih motong saldo di gopay.. dah gitu ga bisa di tonton lagi..",0
"patah"" dan sering close sendiri (""netflix tidak menanggapi"")",0
aplikasi apa buat masuk aja susah g****,0
please release arc wano one piece and I will change my stars😭,0
lengkapin filmnya,1
bugus sih,1
apk buang² uang anjirr..pdahal jrign bgus..dowload filimnya juga cepat..tpi pas putar malah lodading ajirrr.....,0
tolong netflix beli lisensi mortal kombat mobile,1
"app sampah, baru kemarin berlangganan eh besoknya udh gk bisa pake lagi akunnya",0
PERPANJANG KERJA SAMA TERIKAT JANJI PLISSS,1
terikat janji kenapa tidak ada kelanjutan nya di Netflix hanya 60 eps,0
di login terjadi kesalahan terus.. aplikasi gak jelas,0
sdh 3 hari ndak bisa nonton padahal sdh bayar..sdh update ...payaaah,0
login nya ribet sekarang,0
gw udh batalin tapi saldo gw tetep kepotong gak jelas,0
error,1
Selalu Aktif Jaringan Bagus.ok,1
mau login ribet gabisa terus,0
"bagus, kualitas gambar sangat baik",1
"Enak banget, pilihan film dan seris nya bagus apa yang aku suka dengan saran Netflix sejalan mantap",1
tdk bisa putar video di hp🤦‍♀️,0
apk stresssss,0
"minta di bantu admin, gmn cara nya buat berhenti berlangganan, dana saya kepotong terus2an tapi saya gabisa login ke netflix nya",0
"sangat bagus,pokoknya bintang 5",1
"film2 nya terupdate, good",1
"Netflix has become my go-to app for entertainment. The variety of movies and series is impressive, and the streaming quality is consistently excellent. Very easy to use.",1
aplikasinya bagus banyak update film terbaru recommended deh pokok nya,1
"gasudi bgt, susah di install lgi",0
"Netflix itu definisi hiburan lengkap di genggaman! Mulai dari film blockbuster, serial orisinal kualitas bioskop, dokumenter seru, anime, sampai konten anak-anak semuanya tersedia lengkap. Kualitas videonya luar biasa, tajam, jernih, 4K Ultra HD dan suaranya bikin merinding kayak nonton di bioskop 🤯. Aplikasi ini sangat ringan, jarang banget lag, cepat memuat video walau internet lagi standar. Fitur unduh tontonan buat ditonton offline saat liburan atau perjalanan jauh adalah fitur penyelamat!",1
"asyiknya nonton di netflix, pilihan filmnya banyak dan seru2",1
Ga guna anjirr nyusahin pke credit segala,1
oke,1
"aplikasi gajelas email pw bener masa tulisannya ""coba lagi"" hadeuh percuma gua bayar, baru juga pindah HP",0
mantaap,1
sangat bagus dan update seputar film 😍,1
Langganan terbaik.,1
"Tidak bisa login, padahal sudah reset password dan berlangganan",0
"apk wajib Prem pipik,daftar ae harus Prem ngentod",0
masuk aja gak bisa,0
"padahal perangkat cuman 1 tapi malah ga bisa nonton, aplikasi jelek",0
bagus,1
kalau udah langganan di netflix bisa main GTA,1
"aku berlangganan cuma mau nonton live bts tapi selama sebulan gpp, ini kali ke dua aku bayar kok malah sering eror cuma loading ga bisa muter dramanya jujur kecewa",0
tolol ah ajg udah bayar dan waktu mau login lagi malah gak bisa,0
DUIT GUA DI AMBIL NETFLIX TAPI GUA GABISA MASUK GBISA NNTN,0
ok,1
sangat bagus,1
Breaking Bad 🔥🔥🔥🔥🔥🔥🔥🔥,1
aplikasi ribett.. buat daftar aj mentalnya entah kemana mana.. berakk lahh,0
bagus aja,0
sangat terbantu,1
"aplikasi tergoblok yang pernah gua dwonload, pantesan gak laku, mau masuk akun nya aja susah. aplikasi tertolol yang pernah ada",0
udah bayar malah di suruh bayar lagi,0
gak bisa daftar akun cuma gara gara dua hp berbeda padahal akun yang sama.,0
sangat menyesal anjiink... udah lama batalin langganan ternyata di dana masih terpotong. padahal ngga pernah nonton dan sudah lama aplikasi saya uninstal ternyata langganan otomatis terpotong ..uang yg seharusnya buat beli barang langsung ke ambil aplikasi netflik burik ini anjiink,0
"bagus untuk maraton Drakor, aku suka",1
"gabisa berenti berlangganan , udah klik berhenti langganan juga tetep aja kepotong saldo aneh lu",0
susah banget login nya terlalu ribet,1
"gabisa nonton, loading terus. uda top up huuffff",0
wkwk gw suka nonton anime di Netflix jangan tanya knp nonton anime malah pake netflix shuuut iy gw salah harusnya nonron nya di cruncy roll tapi oke loh buat Netflix tapi saran dari gw klo nonton mending dowload dlu soalnya klo g download kalo anime kyk frieren yg adegan ngeluarin sihirny brutal banget kalo nonton streaming pecah² makanya download dlu baru deh bagus btw gw nonton netflix di tv sama hp pakd yg paling rendah 1080p 60rb soalnya tv cuma 1080p pake 4k? meledak💥🗿🙏,1
"film film di netflix kurang update, ga ada yg bagus, kurang lengkap, kadang ada yg film 5 season tapi dinetflix cuman 1 season, film nyaa masih film film zaman zaman dulu",1
very good,1
udah ga berlangganan dari lama ko tiba2 saldo kepotong bayar langganan aneh bgt,0
game bagus,1
Kenapa nonton Netflix di hapeku gambarnya rusak kalau sambil ngeCharge ponsel?,1
Netflix apk yg sangat jelek. jgn pernah di download. rugi paket data.,0
op,1
"knp y netflix skrng gk bsa d buka pdhl bru bbrp bln kmrn msh langganan dn msh bsa d buka,n mw nntn gk buka",0
"kok jadi gini? akun ku tiba"" keluar dan waktu login kembali malah eror padahal sandi benar, sampe ku ubah sandi tetep aja gabisa masuk. kecewa banget padahal kemaren"" aman aja",0
aplikasi ini bagus. soalnya saya suka menonton film yg gambarnya jernih2. terima kasih,1
susah di pakai ribett masuknya bikin lebih gampang kek,0
cocok untuk liat film premium,1
"lolo netflix, lag trs ditengah"" lagi nntn",1
"udh terbayar otomatis gabisa nonton pulak eror , makin lama makin gak jelas ini apk note nya ""terjadi kesalahan saat memutar vidio""",0
gambarnya jernih dan jelas... puas nontonnya,1
busuk,0
"Monoton, film nya itu2 saja. Film barat yg menarik sdh jarang muncul",1
app ga jelas bangke memang,0
rasio,1
Mantappu Jiwa...!!! 👍🏻💪🏻😁,1
oke,1
Padal sudah nonaktif anggota netflix tetep aja kepotong dana,0
iya aplikasi yg bagus,1
"Tolong untuk paket streaming mobile harga terjangkau minimal dikasih 1080p, diindonesia paket mobile 1080p mobile tentu sangat mahal untuk situasi sekarang, semoga bisa diperhatikan untuk orang2 yg berlangganan Indonesia",1
wii bagus,1
"Saya sudah mendaftar perbulan hanya untuk menonton avatar aang the last airbender, tapi sudah dicoba disemua browser, di aplikasi dan di perangkat berbeda, tetap aja tidak bisa diputar apapun. rugi waktu dan rugi materi, tidak ada solusi meski sudah diikuti instruksi untuk kesalahan E100 atau kesalahan F apalah itu..",0
"benar menyebalkan,sudah daftarkan tp mslah gsk bisa masuk, daftar ulang dan di arahkan pembayaran lagi .. Netflix bobrok",0
suka banget error² ann😀💔,1
harga mahal,0
jir lah 🗿,1
gabisa ganti nominal keanggotaan,0
"Sekarang ko jadi jelek sih, wajib punya kode Verified dulu buat log in jadi malesin",0
"kenapa tiap bulan sudah langganan tapi kadang ngak bisa di bukak apa"" emang buruk lama"" ni aplikasi",0
keluar terus apk nya. gatau kenapa ngelag terus gabisa dibuka.,1
vidio g bisa di putar,0
"kualitas video nya jelek banget masa, berlangganan udah, sinyal wifi bagus, tapi video kaya kaset rusak 😭",0
om,1
bagus,1
ini knp ya saya udah perpanjang kok gk bisa dibuka harus upgrade lagi.. knp gak dari awal pas mau perpanjang dikasih notif jadinya kn enak... gini kan jadinya sya bayar 2 x harus nonton lagi.. saya sangat kecewa,1
saya udh login ke luar sini keluar situ kesalahan pada sever lagi aku udh bolak balik padahal langkah nya udh bener,0
neftlix error suka burem padahal jaringan udah bagus banget gak ada error jaringanya malah jadi burem neftlix nya tolong min atasi ya,1
bagus,1
"Aplikasi streaming paling juara yang pernah di coba, stabil + minim bug tapi skema harga mengecewakan untuk hp/tv modern, masalahnya wajar jika 4k mahal tapi apa apaan 1080p? Apa ga berlebihan dari 720p ke 1080p?? (Rp65 ke Rp120) minimal sekarang mah hp/tv harus 1080p kalo 720p bisa pecah, saran aja mending di gabung jadiin (Rp75-85) atau buat khusus 1080 dengan pembeda ke jumlah batasan layar aktif aja, agar bisa lawan kompetitor yang udah bisa kasih full HD merata di paket langganan nya.",1
aplikasi taee,0
kadang susah login,1
baik,1
"netflix makin gk jelas nih, sering susah di buka dan sering error. tolong perbaiki sistem nya",0
login aja gabisa,0
not yet,1
Indonesia,1
ikon konek ke tv kok gak ada sih,1
“Netflix is an excellent streaming platform with a huge collection of movies and series. The streaming quality is smooth and the recommendations are personalized.”,1
apk yang menguras dana!!dana saya hilang otomotis keambil sama Netflix!!!,0
banyak respon negatif,0
tapi kurang flim DILAN pliss adain dilan di netflix,1
jujur pas aku mau login sungguh excitid mau nonton eh ternya login nya susah ini sungguh membuat ku marah bintang 1 kubetikan 👎👎👎,0
"The Best Streaming App Out There! Incredible selection of movies and TV shows, crystal-clear video quality, and a super smooth interface. The offline download feature is a lifesaver for traveling. Highly recommended!",1
g bs dibuka,1
"lumayan! 1.tapi... aku pake Netflix pertama kali itu ada dragon ege 2 kenapa sekarang GK ada.... aku masih kidz kenapa pas dulu ada dragon ege 2 sekarang kok gak ada???? jujur aku masih pake Netflix kidz karena belum semuanya ku tonton tolongyaaaa 2.sama pas aku nonton film ceses gak ada yg kepotong.sekatang suka nggak ketonton udah aku ulang hari itu juga kok GK bisa????? 3. aku nonton Netflix nya terbatas gara2 ada yg nonton juga tolong dong di tambah udah,itu aja, makasih banyak ya.",1
jelekkk,0
"kualitas gambar nontonnya HD, bagus.",1
terlalu lama dan susah buat akun nya,1
setidaknya kasih trial dulu buat pake apk nya. baru download login langsung di suruh langganan hadeuu,0
neflik s1alan sudah langganan 120k malah gabisa masuk akun berkali kali masukin email muncul terus kesalahan login coba lagi beberapa saat dasar apk si4lan bajing4n,0
sekarang kecewa sama Netflix langkah eror gk bisa dipake,0
reramos aku suka yang gemos gemos reramos aku suka yang gemos gemos,1
"tidak bisa bayar pakai Go pay, kenapa ya? sungguh mengherankan",0
biar sdh di Non Aktifkan ane cuma bisa blg Makase suatu saat ane Aktifkan,1
knp ngga bs update y? ap ada yg salah d hp saya? 🤔,1
Apk ga stabil buat nonton. G rekomen,0
"Tolong ya Netflix udh langganan masa gangguan terus pdhl ga d apa²in, riwayat tontonan ga sesuai sma yg d tontonan aneh",0
kecewa baru login akun disuruh bayar apk sampah miskin,0
"aplikasi gak jelas, kenapa bisa saldo saya kepotong buat perpanjang otomatis? padahal saya gak mau perpanjang",0
mau bahasa Indonesia no arab,1
saham netflik dr 130 anjlok ke 92 anjloknya cepet banget. perbaiki dong kualitas dan kuantitas terhadap vidio dan managementnya. rating bintanya jg jelek. saya dulu penggemar netflik sekarang. kalah sama drama cina dan drama korea. hehehe,1
semoga bagus,1
kalau sdh tdk langanan dan ingin bergnti provider langanan jgn dipersulit .,1
"login di tab gabisa,giliran di hp bisa. Padahal aku biasanya nonton di tab nih bisa bisa aja, giliran sekarang mau nonton di tab malah muter teruss, ga ada masalah jaringan atau apapun juga, di hp malah lancar jaya, padahal ga lagi nonton di 2 device",0
HARAMMMMMM,0
"ini netflix gimana sii, masa keluar² terus. giliran login pw salah lah, terjadi kesalahan lah. sehari udah keluar berkali-kali",0
udah 3 kali berhenti berlangganan tapi tetap aja masih dipotong terus,0
jangan download wee gw kasi bintang 5 biar di liat aja masa mau masuk harus berbayar daftar aja berbayar lebih baik apk sebelah gratis,1
aplikasi nya tidak bisa dibuka,0
Keren..,1
"tiba tiba tidak kompatibel, padahal sudah langganan utk tampill di tv",0
"sumpah ada masalah apa ini, setelah update gak bisa nonton di Handphone loh, layarnya mati tapi suaranya ada, terus memuat ulang, dan anehnya sama aja di hp satunya, aku harap cepat diselesaikan masalahnya.",0
cacat,0
lancang tiba tiba gak mau perpanjangan di perpanjang sendiri,0
SBR EPISODE 2 KAPAN????? LU MAU GW TERROR PAKE MADE IN HEAVEN?,0
"gak ada gratis,.. belum masuk udh dipaksa langganan,.. entah apa isinya, kalau bagus mending nnti udh langganan malah isi nya gak bagus,.. nyesal donwload",0
udah langganan sebulan malah disuruh langganan ulang. maksudnya apa sih! semalam masih boleh ehh pas login ulang malah di suruh tempel link segala rupa. gak like payah,0
aplikasi gak jelas langsung potongan dana secara tiba2 tanpa pemberitahuan .,0
gambar rusak saat melakukan streaming,0
good,1
"menurut saya aplikasi ini tidak buruk,",1
"Apl korup ,tidak ada gunanya",0
coba deh Netflix ga ush pake pembayaran,0
"susah masuk kedalam akun, selalu terlalu banyak upaya",1
"tidak bisa masuk, harus berbayar dahulu",0
Daftar ae dibikin muter muter,0
"harry potter,please",1
"sdah berlangganan dan bayar tpi tiap mau masuk sandi sllu salah, padahal sdah sesuai dgn sandi yg di daftar awal",0
susah untuk login masuk jika baru bergabung,0
sangat memuaskan apalagi bayak yg baru,1
eror mulu percuma bayar langganan g bisa masuk 😏😏😏,0
lagi menunggu translet to bahasa indonesia di drama shine on me,1
Netflix anjj gw mau refaund aja susah bat,0
"Error mulu, bayar mahal2 buat aplikasi sejelek ini.. Rugi rugiii... Jgn ada yg langganan lg mending, sumpah jelek bgt nih aplikasi",0
buruk rupa,0
BUATKAN FITUR ATUR RESOLUSI SENDIRI TANPA HARUS MENGIKUTI JARINGAN SAJA. MENYESAL BELI PREMIUM TAPI TIDAK BISA HD KARENA DEVICE ATAU JARINGAN LAH,0
aku suka bgt sama aplikasi nonton terbaik Netflix Best bgt 😍😭❤,1
sangat asyik sampai hampir lupa segalanya 😜,1
satu satunya aplikasi yang bikin pusing pas mau daftar,0
ada lumayan banyak film anime seru cuma bahasa nya inggris bukan indo jadi gw kasih bintang 4,1
ggod,1
🔥🔥,1
bagus aplikasi nonton film rekomen deh,1
ga bisa masuk aplikasi nya,0
"udah cape"" ngapalin email + password endingnya tetap disuruh verifikasi code juga pas login bikin cape aja menyulitkan...",0
aplikasi nya motong saldo,0
bos gua gak maen apk kenapa kena potongan,0
"apaan da ini netflix,ga lengkap film2 ny,ms 10 rekomendasi dr toktok mlh ketemu ny di lok2.pdhl u yg byr loh netflix,mlh u yg ga da 1 pun.lok2 ketemu 7 film itu ada semua.parah ga lengkp.netflix film ny lama2 jg,bosen.oh ya,dan jg mau dowload pun susahny mnta ampun,gmpng di lok2 wlupun nntn iklan dlu.ini di netflix da byr,tp ga bs lht ofline,di download gagal melulu",0
Memberi pelajaran anak sekolah?,0
sudah 2 kali uang saya di tarik di dana tapi apk tidak bisa di buka gimana ini rugi uang padahal password sama email udah bener,0
"banyak judul² film bergenre sci fi, horor sama apocalypse, khususnya film horor Indonesia yang lumayan banyak, harga langganan juga gak mahal² bgt.",1
"kacau saya sudah berhenti ikut berlangganan keanggotaan tapi saldo Dana saya terus tersedot,apakah ada yang sama",0
perbaiki bug tidak bisa putar movie locke & key aplikasi malah jadi tidak menanggapi.,1
apk tolol,0
"subtitle bahasa indonesia pada serial Berlin and The Lady with an Ermain sering macet tiba-tiba, menyebalkan!",0
"Terjadi kesalahan, padahal akun tidak ada yg menggunakan tpi terjadi banyak perangkat yang menggunakannya. Saya bener² kecewa, sudah membeli tpi tidak bisa digunakan sama sekali 😇😇",0
aplikasi Entertainment yang oke,1
nice,1
"Berasa kaya nonton bajakan,, brenyek dan pecah² gambarnya udah kaya cd rusak!!!!!",0
tidak bisa d buka di hp,0
baguss,1
gabisa nonton di tablet,0
"i hate your new fiture about household when i just want to chill but i can't because you denied my access for not having the same internet connection with my family. usually it was fine, i was in a different city with my family and i still can watch any movie. but now, you did what you think was good but it's actually the WORST...",0
gg apk nonton,1
bagus,1
Bagus,1
tolong perbaiki masalah bug..pas mau nonton ehhh g bisa respon,1
ok,1
Ok,1
mantap,1
filmnya update terbaru terus,1
"padahal sudah daftar langganan, saldo juga sudah berkurang kenapa malah gak berhasil. aplikasi bodoh",0
Mj forever 👑,0
"bagus apknya, banyak banget pilihan film nya.",1
"Tolonglah netflik, film yg gua download knp begitu diputar sering nyangkut2 sih😭",0
"ga jelas, ribet buat akunnya",0
sulit untuk login,0
saya tidak suka berlangganan mahal sekali perbulan nya tolong lah di ubah tidak ada metode membayar mahal,0
i di free don't please movie old,1
anehh hpku pake download apk lain bisaa tapi download netflix stuck di 78%,0
very good place to watch and all movies are available,1
"banyak sekali film yang nggak ada, berasa rugi sekali bayar",0
TOLONGLAH.. SUDAH LANGGANAN NETFLIX TAPI GAK BISA MUTER FILMNYA. MALAH LAYAR HITAM DOANG.,0
aplikasi berbayar tapi kualitas nya jelek banget,0
"sebenar nya ga sudiiiii aku kasi reting 5 tapi supaya banyak yang bisa baca aja, jangan download ini deh sumpahhhhhhb udah mahal bayar, malah ga bisa di pake anjirrrr ngeloding mulu, udah di dowload juga sama aja, iya iya bayarnya murah inj 185 anjirrr angussa, GAUSAHH DI DOWNLOAD",1
developer tolong kasih opsi untuk memilih resolusi video yg diinginkan. masa udh langganan tpi ga bisa pilih resolusi? kualitas video selalu tergantung pada jaringan jd bisa berubah-ubah. tolong beri kemudahan bagi pengguna yg membayar.,0
sangat menghibur,1
kok ga bisa putar film..udah langganan kayak begini. Benar² kecewa banget,0
"sudah logout tapi masih kena potong tarif langganan bulanan, parah nih",0
SHOWING MISINFORMATION AND HATRED,0
Sekarang juga!,1
sejauh ini lancar dan aman. hanya saja saran untuk subtitle untuk gunakan font yang ada borderline nya. supaya tetap bisa dibaca jika latar berwarna sama dengan subtitle. karena itu jadi hal yang mengganggu karena jadi tertinggal alur cerita karena subtitle yang tidak terbaca sebab sewarna dengan latar,1
"aplikasi payah...""Terjadi kesalahan. Coba lagi dalam beberapa menit"" ...tapi ini udah berminggu-minggu. Tolong dong develpoer perbaiki..rugi jdinya.",0
Bagus,1
ok,1
tidak bisa login tapi seperti nya bagus,1
"leboh suka fitur lama daripada updetan sekarang, suka terjadi kesalahan. masuk hrs lewat kode email",0
aplikasi bobrok udah langganan lewat myxl pas login suruh langganan lagi ga jelas buang buang duit aja,0
kenapa tiba2 sya nonton layarnya redup tp kalau sedang tdk menonton layarnya terang ..film nya jd gelap semua..tolong donk aplikasinya butuh diapain supaya terang sprti semula,1
"2025-2026 people in the third world supposed to allocate money for something more profitable than netflix subscriptions (*) verdict uninstall from all devices, thank Alloh i don't have account yet",0
apk sampah,0
duit saya tiba tiba hilang di dana gk tau kenapa terus ada tulisan Netflix,0
"device sudah Widevine L1 jaringan bagus tapi kenapa resolusi video jelek banget, mana kalau download lama banget lagi, uda bayar mahal mahal lebih jernih nonton di lok lok",0
dr segi kualitas film tdk ad yg kurang sih. cm masih bnyak drama yg tdk tersedia di sini.,1
best,1
Agus dan oke,1
eror trus pas login jadi ga bisa login',0
"sengaja kasih bintang lima supaya terbaca oleh netflix, jangan di persulit dong cara loginnya harus pake verifikasi lah inilah itulahhh, gue juga beli kaliii, kenapa di persulit? please lah netflix buat mudah aja cara loginnya kayak dulu, jangan update sesusah ini, buat login aja susahhhhhhhh minta ampun, plis dehhh ubah lagi ke awal biar login lebih mudah dan pelanggan lebih nyaman, toh juga gue berlangganan udah lama, setia banget kan gue, tolong di perbaiki yaa!!",1
"mau login aja ribet banget skrg udah pake pass disuruh pake kode lagi buat apa? udah pake kode login juga disuruh otp lagi, customer beli bukannya dipermudah malah dipersulit. aneh kebijakannya",0
bgus,1
"720p busuk bener kualitasnya, kalah sama youtube ma vidio",0
"mau langganan ribet bgt, pake e wallet gabisa, pake bank gabisa dibilang saldo terlalu sedikit, kalo ganiat bikin langganan gausa dibikin langganan",0
balikin use pw aja dong gausah verif bikin ribet.,0
"kesell baangt sama aplksi ini aplikasi udah ada bawaan hp g pernah d pake juga .tetibaa nyangkut d email hp , main ambil aja uang yg ada di dana . padahal saya ga pernah nnton Netflix .kesell bgt",0
aplikasi tolol buang buang duit aja,0
sudah berhenti dari keanggotaan tapi tetap kena bulanan aneh,0
tayangin film indonesia honeymoon 2013 dan film Bollywood nya lebih banyak lagi seperti happy new years dan lainnya,1
payah GK bisa berhenti langganan saldo gue tiap bulan hangus nyangkut di dana anjg,0
sangat tidak jelassss saya sudah bayar premium tapi pas saya membuka aplikasi malah ke log out tolong diperbaiki,0
kenapa nggak bisa mendaftar,0
good,1
ini kenapa ya? udh berlangganan udh download jga tpi masih ga bisa buat ditonton? akun ditangguhkan segala macem padahal udh berlangganan.,0
sialan dana gue kebayar sendiri ke netflix,0
"saya udah langganan,, eh pas masuk stack di logo,, g mau masuk ke menunya,, gmna nie",0
keren euyy,1
udh stop langganan masih aja di suruh bayar emang apaan bego. aplikasi pemarasan cih,0
2023 dulu ada film terbaik yaitu Godzilla minus one tapi sekarang kok gak bagus ya 😞,1
"disini tidak ada fitur hapus history, susah JD nya kalau ngk ad fitur penghapusan history",0
kenapa netflix di HP lebih mudah menontonnya tanpa ada kendala tetapi di buka aplikasi netflix tv nya hanya loading terus. saya cek jaringan saya stabil tidak ada masalah. apakah ada bug khusus netflix tv nya ? tolong pihak netflix memperbaikinya karena saya baca beberapa ulasan memiliki kendala yang sama seperti saya. Terima kasih,0
seruuuu,1
susah amat di daftarkan,0
"ini kenapa sih gk mau mutar video nya cuma ada suara doang, baru langganan lagi yg 125k perbulan padahal pake pribadi dan di hp doang. kecewa bangett inii tolonngggg ajaaaa",0
masa tiba tiba di tablet saya gak bisa masuk tablet advan Vx android 11gak ada ko e 109dan saya sudah smua sampai saya hapus uninstajll gk bisa juga,0
ok,1
"APLIKASI JELEK BNGT, TIAP LOGIN LAG GABISA GAJELASSSSS",0
"jelek banget apk ini,stuck di awal mulu,udah rilog tetep aja gitu,langganan mahal mahal malah ga guna",0
"saya tidak tahu saran saya didengar atau tidak, tapi saran saya tolong adakan dan perbaiki masalah fitur gambar dalam gambar atau ""picture in picture"" dalam aplikasi tersebut, saya sudah aktifkan fitur itu di pengaturan HP saya tetapi serial atau film yang saya tonton tidak dapat muncul di layar depan. tolong diperbaiki masalahnya. terima kasih",1
baru buat apa bro,1
netflix good nice👍👍👍,1
bagus dah netflix mah,1
"masa udah berhenti langganan masih ada tagihan pembayaran, mana udah konfirmasi ke email nggk dibales"" , gimana ini pihak netflix? sini udah logout mau login masa harus langganan lagi bayar lagi",0
good,1
aplikasi bodoh gaguna masukin email aja masalah koneksi ga kelar² smpe² di instal pun masih problem nya di koneksi sinyal pdhal sinyal bagus² aja noh.,0
"aplikasi babi hhaha, potong dana otomatis",0
excellent,1
kok ada tulisan something went wrong please try again a few minutes mulu sih kalo pas mau login gabener banget,0
baik,1
keren,1
"Saya berlangganan setiap bulan nya. tapi sangat di sayangkan, kenapa saat ini aplikasi Netflix tidak dapat di gunakan di perangkat Android BOX 🥹 . ketahuilah tidak semua orang mampu membeli TV bagus atau TV modern . Saat ini keluarga saya tidak bisa lagi melihat tayangan Netflix karena perangkat Saya (Android BOX) TIDAK LAGI DI DUKUNG OLEH NETFLIX setelah MELAKUKAN PEMBARUAN/UPDATE aplikasi . saya harap menjadi bahan pertimbangan, dan saya bisa menikmati kembali tayangan di aplikasi NETFLIX 🥹",0
"jelek, gw kemarin nonton aot bisa, sekarang ag bisa. pas gw coba pake vpn ke jepang baru bisa nonton, ga jelas ni percuma gw bayar, minimal gw dah bayar film nya jangan di batasin di beberapa server doang kek, itu mah hitungannya mau ambil untung sendiri",0
kurang menarik dan ribet,0
udah langganan malah erorr gak bisa di bukaa,0
"nyesel beli netflix sekarang tiba"" paketnya terhenti belum sebulan baru seminggu lebih terus dipakek buat 2 device 2 HP paket 65 malah gak bisa anehh padahal di diskripsi nya bisa 1-4 device selain TV",0
hiburan dalam satu genggaman,1
sudah berlangganan tapi ko malah GK bisa di buka aplikasi nya pea banget rugi dah kalo begini,0
Great Apps to watching all favorite movie including of Kids Feature !! My niece able to watch her favorite movie without worried about adults content. This is such a good apps !!,1
"2 bulan lalu bisa buka pakai perangkat yang ini, sekarang ga bisa. padahal perangkat yg sama.",0
aplikasinya payah,0
Netflix sekarang gak asyik udh kebanyakan film indonesia nya dari pada film Hollywood nya..,0
top,1
"kurang bagus sekarang, terlalu makan kuota berlebihan dan untuk mengulang harus makan kuota kembali, boros.... ga sesuai",0
tolong di perbaiki lagi soalnya apknya kadang eror padahal bayar,0
"ribet banget udah beli akun netflix malah gak bisa dipake karena bukan pakai wifi rumah, UBAH WOY KETENTUANNYA!!!! SAYA SUDAH BAYAR MALAH GAK BISA PAKAI KARENA BEDA WIFI RUMAH SAJA!!!",0
apknya bagus saya aja yang jahat,0
video bikin bisa dalam nefilix,1
love,1
very good i really like it,1
daftar aj harus bayar👎🏻,0
"good cuma......,sbr kapan Wak💃",1
lumayan🤞,1
"parah sih kataku, msak bisa log out otomatis, trus film yg d download bisa tiba2 hilng semua, klo gitu ngpain ada menu download???",0
bagus,1
goog job..,1
saya sudah berhenti langganan tapi saldo saya tetap dipotong,0
sangat buhruk jangan di donglod,0
gj bgt uang gw di dana ke potong apk ini tolol,0
login gak bisa,0
uda langganan ga bs login aneh,0
add Berserk anime,1
susah masuk kesalahan trus,0
"kenapa sih netflix banyak film yang ga ada? padahal udah bayar mahal² kirain netflix itu nyedian bnyak film baru, dan update! sumpah, mau nonton ini ga ada, tolong lebih update!",1
maaf mau nanya doang kalo mau nonton bayar gak sama daftar gak🙏,1
"Bintang 1 untuk pengalaman terburuk saya dengan Netflix lewat MyTelkomsel. Paket sudah dibeli pakai pulsa, uang sudah masuk, tapi akun Netflix malah tidak bisa dipakai login sama sekali. Disuruh OTP terus, diarahkan ke halaman yang membingungkan, dan ujung-ujungnya tetap gagal masuk. Yang paling mengecewakan, customer service juga tidak memberikan solusi jelas walaupun sudah berkali-kali dihubungi. Buat apa jual paket Netflix kalau aktivasi saja berantakan seperti ini? Sangat merugikan pelanggan",0
Gataw,1
"g like bgt, skrg mau login aja susahnya g ketolong ampun dah gua mah",0
apasih baru download bikin akun aja harus berbayar apk ga guna,0
mantap,1
"Saya merasakan kurang menikmati penggunaan aplikasi ini. Ketika saya ingin melihat film ada kendala teknis, padahal jaringan saya lancar dan tidak ada masalah kerusakan dalam handphone saya. Saya tidak suka atas kekurangan aplikasi anda, membuang uang saya hanya karena ini. Saya berlangganan dengan uang saya dan ingin mendapatkan hiburan film dari aplikasi anda. Tolong diperhatikan hal ini, jangan sampai aplikasi anda mendapatkan respon yang lebih buruk. Terimakasih",0
"akunku sudah 10x ganti, tapi tetep tidak May masuk, something wrong, try again in few minute, sudah restart, matiin, hapus cache, banting, bakar celup, tapi tetep gtuuuuu mulu, aku pakai Huawei mate pad 11.5 pro",0
suka ke log out sendiri,0
cs nya sangat top😭 terimakasih mba cs 🤍🤍🤍,1
berapa akun masuk susah haaaaiiiisss,0
lancar,1
susah masuk padahal udh bikin beberapa akun tpi ttp aj gbisa bikin akun baru padahal udah pake no telpon jga tpi ttp aj gbisa,0
"woii kenapa ya gbisa login di tablet, udh perhatiin versi aplikasi ttp gbsa di putat Vidio nya.",0
apk tert*l*l yang pernah saya lihat saya sudah bayar tapi yang dapat kualitas buruk seperti saya gk bisa nonton karena ada yang memakai akun gw terus nonton keluar sendiri gk jelas pokoknya tolong perbaiki jangan diam saja!!!!!!!!,0
"suka keluar akun sendiri deh, jadi kesel. kayak aplikasi ilegal jdnya",0
mudah digunakan,1
gimana sih padahal udah langganan sebulan belum juga sebulan udah gak bisa dipakai suruh bayar lagi,0
mohon bantuannya aya tidak bisa download aplikasi netflix di tv,1
"gak bisa login dari kemarin, disuruh nunggu beberapa menit terus",0
kenapa jadi gak bisa nonton ya. aplikasi Ter bapuk tahun 2026,0
"Suka banget nonton series netflix, apalagi k-drama beuhh 🔥🔥",1
Mau daftar aja harus bayar dulu,0
ok,1
baik,1
"awal berlangganan lancar jaya semua video.. Mei ini banyak sekali film yang tidak bisa di play, muter-loading lama ga jelas banget.. apalah ini netflix, pls fix it",0
"serius an ini?,masa baru login udh disuruh bayar 😂",0
"mending mikir dua kali kalo mau ambil paketny , gw ambil paket yg paling mahal , kebanyakan gk bisa dibuka , cuma layar item muter2 doang , padahal jaringan wifi 100 mbps",0
anj lah pokoknya apknya,0
film nya kurang lengkap,0
"aplikasi jelek, sudah tidak berlanganan masih di potong uang di aplikasi dana saya. nyesel pake netflix",0
sudah berhenti berlangganan tapi saldo masih kepotong,0
Sebenarnya banyak film yg mau ditonton tapi tiap bulan belum tentu bisa bayar rutin,1
"Sudah muak banget pakai nih aplikasi. Kata sandi salah lah, terjadi kesalahan lah, coba lagi beberapa menit lah.",0
"Ranting 3,5. masih banyak tingkah, banyak game dijadiin Netflix alhasil systemnya bobrok.. mau duit naikin tuh performa! kocak",1
"sering error padahal udah berlangganan, setiap mau login selalu dibuat susah terus aneh banget bad bad bad, perbaikin lagi kualitasnya donggggg",0
"not supporting my devices, removed and stop my subscription",0
"If you want to watch movies, choose this app. it's higly recommend.",1
"Banyak ternyata pengguna dengan error yg sama, ngestuck di awal pemutaran, ada epidode yg error sedangkan yg lain bisa, mau di download sekalipun tetap ga jalan. udah bayar malah ga bisa ditonton",1
"ribet harus daftar ,daftar nya pun sulit",0
APPLIKASI SAMPAH LOGIN PAKE NOMOR HP SUSAH,1
terlalu buruk untuk di download karna apk ini sangatlah burik,0
"berlangganan memang buat HP dan TV tapi kenapa pas nyoba tonton di HP malahan ga bisa di pakai munculnya hanya suaranya saja tapi gambar nya tidak ada??? Dan kalau nonton di TV kadang suka muter²ga jelas padahal sinyal wifi nya aman ga ngeleg, segera di perbaiki dong percuma berlangganan mahal²tapi kualitas nya seperti itu",0
"anime update lah,gw langganan cuma mau nnton anime,anime di Netflix itu itu mulu update nya lama,dikit banget lagi anime di Netflix,gw langganan cuma buat nonton anime",1
"haduh tolong dong, diperbaiki lagi masa udah berlangganan tapi setiap film nya tidak bisa diputar, padahal jaringan baik-baik aja buka yang lain aman. Tapi giliran mau play film di netflix malah ga bisa. kecewa!",0
wah apk kagak jelas Jing gw g bisa login akun pdhl masih lngganan ngntt,0
ga jelas jaringan lancar tapi muter terus,0
"kenapa sih malah jadi gini, jadi gak bisa nonton malah eror terus",0
Semakin mudah buat nonton film,1
"saya sudah bayar langganan, tapi gak bisa digunakan keterangan keanggotaan dijeda disuruh bayar lagi 🤬",0
bagus,1
"pengen liat interstellar, malah adanya di server luar film jg gitu gitu doang kebanyakan drakor",0
pendaftaran susah bgt anji,0
mau login akun aja ribet banget harus berlangganan dulu tolol banget,0
"oiii gwe udah bayar buat berlangganan masa film yg gwe cari gk ada, gk lengkap bgt",0
"Saya pikir saya doang yang gabisa. Saya dari kemarin coba di huawei madpad 12x gabisa, saya coba di hp bisaaa... :(",0
PELAYANANNYA KEREN SEKALIII FAST RESPON SANGAT MEMBANTU,1
Film yang di inginkan banyak tidak tersedia sangat tidak memuaskan dengan harga yang di tawarkan,0
"bagus dan berkualitas, btw ini cara aku langganan, aku beli langganan lewat play store, setelah beli, langsung aku berhentikan langgananya, cara ini kupakai biar ngak kepotong otomatis uang langganan bulan depannya, jadi kalau mau langganan lagi, tinggal aktifkan lagi langganannya terus berentiin lagi.",1
"Sampah banget, loading aj terus sampe langganan habis. Padahal sinyal lancar, langganan resmi pribadi. Hadehh",0
gabisa download lg kenapa ini padahal sebelum nya gapapa,0
"ada beberapa film yang ga bisa diputar bahkan udah dicoba di semua perangkat di rumah masih sama, dan udah coba berlangganan ulang dari kemarin pake akun lain tetap masih ga bisa di putar, tolong di perbaiki biar bisa dikasi bintang 5 tolong ya biar ga sia sia beli google tv🗿",1
"Netflix aplikasi nonton yang bagus banget,film film terbaru selalu ada di Netflix",1
"nonton, visual nge-freeze, cuma keluar suara doang, makin busuk!",0
film nya sedikit,0
Oke,1
"jujur kecewa, sekelas apk legal berbayar kadang di tengah film suka nge freeze.....ditambah makin kesini film yg bagus udah pada ilang/habis kontrak,terus filmnya juga ga lengkap......sekelas Conjuring/Danur/pengabdi setan aja tuh ga lengkap,,, jangan kan itu, film dilan aja ga semuanya ada....jujur kecewa sihh",0
gabisa masuk mulu gajelas,0
ngak ngerti lagi padahal ni akun cuma gue yang pake tiap bulan juga di bayar tapi selalu aja susah masuk akun sendiri heran heh ini gue yang punya akun asli ya yang bayar tiap bulan sendirian ngapa susah banget mau nonton doang pake segala akun gue di pake orang lain,0
"sudah terlanjur berlangganan di gopay tapi mau hentikan kembali malah tidak bisa, pemaksaan sekali ini aplikasi 🤨 mau berhenti langganan di gopay malah tidak bisa di google juga sama, katanya harus di Netflix, saya buka Netflix mau hentikan langganan malah di suruh harus ke kantor pusat Netflix... gak jelas ini aplikasi, teman2 saya harap jangan coba-coba berlangganan di aplikasi ini. saya hapus Netflix tapi pemberitahuan pembayaran langganan Netflix muncul terus di aplikasi gopay ku😠.",0
download tp nggak bisa buka log in .gimana ini,0
kenapa Netflix tidak dapat berfungsi di perangkat saya?,1
mantap...,1
aplikasinya memang bagus.Tapi... harus bayarr🥲,0
Gak bisa login di matepad Huawei kesel bgt,0
"resolusi udh distel di highest masih aja di turunin, maksudnya apa buat apa ada pengaturannya kalau masih nurunin otomatis grafik nya, bikin ga bisa menikmati film aja udh di bayar juga.",0
gak bisa di buka lancar,0
bayar double udah bayar 120 masa disuruh bayar lagi,0
"kenapa sekarang muncul tulisan tidak kompatible di perangkat saya?? padahal kemarin masih bisa nonton, sudah uninstal juga sama aja.",0
mau tanya.. ini arti ( R43 ) maksudnya apa ya.. dan ( E109 ).. Krn Netflix nya ga jalan.. tolong dong respon ya..,1
"Mau lanjut nonton dracin tahu2 ga bisa, muncul tulisan ""netflix tdk tersedia di perangkat ini"", pdhl udah beberapa hari aman2 aja, trus tanya dong ke bantuan obrolan gt, dijawab sih sama ga tau operator apa CS nya, ganti2 nama soalnya...pas dia tanya bingung mau jwb nya gmn, ga muncul kolom sama keyboard nya, kayak dimatikan gt..udah jd member lama dipotong dr dana lgs skrg malah ga bisa pdhl JT pembayaran masih tgl 25 masak harus bayar lg? emang ada batas kuota nya buat nonton ya?",0
mau daftar akun aja harus bayar dlu,0
good,1
beh pantes ranting rendah susah pakai aplikasi ini dari pada sebelah,0
seru banget tapi agak ngelag,1
jelekkk,0
ribet bgt,0
aplikasi tolol. udah di batalin langganan malah . nyedot saldo lagi sialll emang,0
good,1
"klo up flm nya lama g sesuai sama tanggal yng di target in ngeselin udh nunggu lama"" jga",0
aplikasi lintah udah gua batalin langganan masih aja nyedot duit.,0
"kenapa danaku kesedot padahal aku udah ngga nonton lagi udah dihapus juga apk nya,kembaliin uangnya,kenapa langsung ditarik nunggak aja engga apk nya aja juga udah dihapus",0
bagus,1
netflix tambahin lagi series anime nya karena saya langganan netflix cuma buat nonton anime di netflix,1
Bagus sekali untuk nonton drama korea,1
"aku nonton kadang di sela sela waktu gambar nya ga gerak,cuma suaranya.parah si ini",0
"sengaja kasih bintang 5 spaya cepet di notice, ribet bgt kalo mau daftar pdahal uda dikasih email ato no hp yg bner, malah disuru ini itu RIBET BGTT GASUKA DEH!!! ANEH.",1
udah berlanganan di pakek nonton ga bisa cuman load muluu kikir bgt jadi org,0
kenapa kendala dari jaringan terus .padahal saya menggunakan wifi,0
ga bisa log out,0
ok,1
sudah di bayar malah tidak bisa di putar,0
Mau login ana ribet amat sih,0
rasa nya puas banget soalnya kalo misalnya kita lagi cari drama komedi pasti langsung ketemu bahkan bisa tambah banyak akunn,1
filmnya sdh old,0
secepet itu pas refund keren sih mantap,1
Apk terbaik banyak film bagus,1
saya sambungin k tv juga biyaya nambah 11rb.. tp bgtu yg d tv Nyalla... yg d hp ngga bisa k bukaa... bagai mana ini ???,1
bagusss,1
ONEPIECE WANO KOK GA ADA DARI EPS 783 KE 1000,0
bodok mahal,0
sorry.,1
tolong perbaiki masalah terlalu banyak perangkat padahal saya sendiri yg nonton Netflix nya,0
tidak bisa login,0
apk dungu gbisa login,0
bagus,1
"So far I think this is still good and quite good, but if possible please add the donghua series, thank you",1
setidak nya ada persetujuan lah ya kalo mau lanjut langganan atau kaga jangan tiba tiba langsung nyedot saldo,1
padahal saya udh berhenti langganan netflix. tpi masi aja dana saya di sedot nya buat kecewa x netflix nya,0
plis Netflix tambahin film Whiplash(2014) plis plis,1
mantap,1
sebenarnya gak pengen download karna aplikasinya ram downloadnya terlalu tinggi Sampek 31.18 mb bayangkan paket paket kan habis,0
gak bisa masuk,0
"susahh bangett mau langganan, disuruh verifikasi di dana udab tpi gak bisa, saldo cukup, ke shopeepay juga gak bisaa... tolong lah diperbaiki!",1
"aplikasi gak jelas,GK osa dowload",0
tolong Sign out nya dipermudah pencarianya.susah sekali keluar akun.dr TV atau Hp sm aja..,0
Like,1
good,1
"Barusan berhenti langganan, sebelum berhenti langganan udah banyak download film buat ditonton offline... Eh malah gak bisa masuk ke beranda buat nonton film yg udh didownload... mending aplikasi yg laen lebih fair...",0
pengen nonton Dorohedoro s2 tapi gak bisa disini 😭😭😭,0
udah putus berlangganan malah Masi di potong juga.... oalah aplikasi rusak jangan perna download aplikasi ini kalok gak mau mengalami kayak aku.... padahal udah gak perna terpakai karna sibuk kerja semua,0
"INI GIMANA CARA MATIIN AUDIONYA SIH, GANGGU SUMPAH SAOUND EFFECT DI FILM KETUTUP AUDIO DESKRIPTIONNYA",1
saya sudah masukan akun tapi tidak login sama sekali bagaimana ini?,0
saya suka animasi lookism tapi kapan season 2nya belum ada kabar. saya harap segara di berikan kan lampu hijau,1
"masih ada bug ,parah banget klo mau buka kadang gak bisa cmn hitam aja tampilanya , harus di kluarkan dulu baru muncull",1
"Di aplikasi netflix, kita punya akses gampang ke ribuan film dan dokumenter keren dari seluruh dunia tanpa keganggu iklan bener-bener manjain mata pas lagi mau santai. Tapi di sisi lain, fitur autoplay dan sistem binge-watchingnya sering bikin kita lupa waktu, sampai akhirnya jam tidur berantakan dan malas gerak karena keasyikan maraton serial. Belum lagi urusan algoritma yang bikin kita terus-terusan disuguhi genre yang itui-tu saja.",1
"error pada instalasi Smart TV oubeisi, sungguh terlalu, saya kira suhu, ternyata cupu :(",0
"tolong ini saya mau login gabisa masuk terus muncul nya itu ""terjadi kesalahan blabla"" setiap mau login pasti gitu terus mohon diperbaiki lagi, kalo bisa diberi keterangan yang jelas kenapa. Terimakasih mohon maaf kalo ada kata kata yang kurang berkenan 🙏🏻",1
"ga lengkap..udah byar biar bisa nonton anime di netfilx malah pada ga ada animenya, akhirnya terpaksa nnton di apk lain",1
susah amat njir mau log in dak mutu,0
kenapa HP samsung saya tidak bisa memutar Netflix?,1
seru☺️,1
"tolong teruskan film Warcraft ya, ditunggu.",1
apk nya bagus tapi ada bug nya tolong di perbaiki,1
sudah tidak mau langganan tapi saldo dana kepotong otomatis padahal h-1 sebelum langganan habis sudah berhenti untuk langganan karena cuma mau nonton satu series saja makanya mau langganan tidak terlalu suka nonton jadi sayang banget uangnya mohon di maklumi saya kaum menengah ke bawah semoga nanti saya bisa jadi kaum menengah ke atas,1
"saya beli paket berangganan 1 bulan, tapi belum 20 hari sudah tdk bisa putar video👎👎👎",0
"gila si ini aplikasi ... udh 2 bln sya batalkan keanggotaan biar ga berlangganan trs tpi tetep aj tiap bulan dana sya ke ambil buat pembayaran otomatis ... ini gimna si cara nya buat ga berlangganan permanen susah bnr heran ... liat"" tutor ttep aj berlangganan ....",0
banyak film menarik kadang kadang sampai banyak gk bisa move on dari salah 1 film,1
ga bisa login wae njirrrr,0
sangat bagus dan tentunya film nya tidak ramah,0
update terus baru 🆕 habis update belom nikmati musik nya eh ada lagi update hapus,0
saya rugi sudah berlangganan malah eror dan uang saya terkuras tanpa bisa menonton,0
"bisa nonton apapun, dr negara manapun, asik",1
"Ga paham lagi sama ini aplikasi, bukannya semakin ok malah semakin jelek",0
sangat jerni kualitas vidionya,1
"Muak gw langganan. Sudah berapa kali ganti akun, tapi tetap aja bermasalah.",0
Well .....not good...i can't un instaled.,0
sumpah susah banget aku udah daftar tapi pas mau buat sandi nya kok salah aja sih susah nih bikjn kata sandinya apa aku kasib bintang dua deh biar di apgred lagi,0
gak tau maslahnya dmna pdhal udh berlngganan yg pling tertinggi tpi tetep aja serasa gak jernih jernih amat,1
saya suka sekali,1
Gak jelas ini aplikasi udahotomatis ambil duit gua di dana tapi nonton gak bisa 🤨malah muter aja terus,0
seru² film nya🙌😃jos banget buat ditonton,1
No free payment. Buat akun langsung disodorin pembayaran. tidak ada kesempatan untuk lihat dulu secara Free.,0
"kenapa ga bisa login pake gmail lain? selalu terjadi kesalahan mulu. tolong diperbaiki dong, klo tau gini nyesel buat download",0
"kenapa mau lihat film aja harus berlangganan dulu, ribet dan bikin males, harusnya kalo cuma mau lihat film di buka dulu aja acces nya, nanti kalo mau nonton baru berbayar, bikin ribet, soal nya mubazir kalo ternyata udah langganan tapi enggak ada film yang menarik, hargai pelanggan biar nyaman",0
"saya mau nonton, udah bayar paket basic tapi kenapa tidak bisa? malah saya keluar, dan saldo 65 rb saya hangus, memang sedikit tapi itu menurut saya jumlah yang lumayan",0
kok gk bisa dftar atau masuk sih lewat hp? mau minta bantuan lewat mengobrol juga gk bisa..itu gk bisa ini gk bisa..,0
ohhkkee,1
baguss suka banget klo nonton di apps ini,1
sangat bagus,1
"KAGAK BISA MASUK, TERUS AJA TERJADI KESALAHAN, GIMANA SI INI DEVELOPER NYA",0
bagus,1
"saya membuat akun baru dan mulai berlanggan, berhasil dan saldo DANA tepotong. tapi netflix mengatakan saldo saya tidak mencukupi dan tidak bisa refund juga. setelah saya cari tau dan kembali masuk akun lama (berhasil). ternyata pembayaran yg saya lakukan terhubung ke akun lama saya 🙄. saya pikir,dana saya hilang.huuft",1
ribet bgt anjg,0
"bayak film yang gaka ada,film lama2 semua,nyesal langanan Netfil;film nya gak ada yang barus",0
"sejak wwe pindah di netflix sya sangat suka,,, lebih simple buat nonton wwe faforit saya,,biaya berlangganan juga msh tergolong murah",1
"hanya satu kata dariku ""ribed""",1
"jaringan aman tpi pas mau nonton film cuma loading doang mutar² terus error, rugi bngat udah langganan tpi tidak sesuai harapan. sangat kecewa",0
Maaf admin 🙏 bintang 2 mau komplen soal login masuk ke perangkat android muncul (something went wrong).padahal dah ku update sama Jaringan oke apakah ada solusi padahal ini langganan pertama ku Lo pengalaman pertama jadi jelek Nyesel gua hm,0
"Aduh, ayo dong bisa ditonton lagi di ps3",1
gangguan mulu,0
"saran aja ya min, kalo baru awal login bisa langsung daftar aja pake no hp atau email kek aplikasi lain. nanti kalo udah login, baru bisa pake VIP. jangan langsung harus masuk browser, keluar sana sini, harus VIP dan bayar. tapi pas udah bayar, tapi gak bisa login. kan penipuan jadinya!!",0
"save your pockets, not worthy, level error not rare which means it often errors even though you have subscribed",0
pake berbayar mahal ada aplikasi lain yg murah gratis,0
tololl masuk aja ribet harus bayar dulu baru bisa masuk daftar akun,0
"eror mulu knapa sih, tolong segera diperbaiki",0
Sangat memuaskan,1
"bagusss bgtttt, bisa nonton full",1
benerin dah sistem buat masuk aplikasinya muter muter mulu dah mana nyedot otomatis ovo giliran di login nin gabisa diakun yang sama padahal sandi sama akunnya sama tapi katanya eror kalo mau ngambil tanpa bisa di pake mending kaga usah buat aplikasi deh,0
"boros baterai, padahal udah pakai penghemat baterai",1
netflix ku tiba2 gak bisa dibuka,0
kenapa harus bayar,0
baguslah pokoknya,1
"nih netflix kenapa dah pembayarannya langsung otomastis, kenapa gak ada confirm dulu gitu sama sekali, maen nyedot aja, udah mah filmnya gak lengkap, kadang suka error. gak lagi-lagi langganan di sini dah",0
di android 5.1 tidak bisa login kecewa sih,0
"susah mau login, tunggu dalam beberapa menit, berapa menit apaan udb dri tdi malam anjirr",0
"baru juga beli langganan udah mentok logo aja terus gimana saya mau nonton coba? dikira bayar langganan pake daun kali ya, sangat disayangkan ini aplikasi ga sesuai ekspektasi",0
"Paketnya sih tdk mahal amat lah ya, kebijakan dan aturannya yg menyebalkan, yakali beli paket paling atas tdk bisa dipakai di lokasi berbeda ?, bayangin aja punya keluarga besar biar bisa nobar sana sini, eh di blokir dengan alasan bukan rumah anda, lagi bepergian mau nonton diblokir bukan rumah anda lagi ?, udah gitu pakai Wifi kenceng dibilang kesalahan jaringan gagal memutar, ganti data selular speed tembus 100 Mbps ping jitter kecil oke malah kualitas videonya burik sendiri.",0
bagus aplikasinya,1
bagus banget aplikasi nya,1
"kesel sama aplikasi Netflix pemotongan otomatis shopepay tanpa memasukan pin ataupun sandi transaksi selama 4 bulan berturut-turut tanpa sepengetahuan yang punya akun,nyesel gua lebih baik hapus akun",0
Not compatible di android 14? aneh,0
bagus banget,1
"tolong dong pihak Netflix, error nya di atasi, pdhl kmrn kmrn dlu bagus aja gada terjadi kesalahan error dll, dan juga suka tiba tiba keluar sendiri dri Netflix pas msuk lg masalh kesalahan terjadi, pdhl udah coba semua solusi tp masih aja suka error, tolong diatasin yaa, ini sangat menganggu bgt ga bikin org tenang buat nonton, apalgi udah bayar"" buat lamgganan tpi malah error, yg lain pada kecewa. tolong yaa secepatnya semoga cpt membaik dn di atasi!",0
Baik,1
eps 2,0
bagus banget nggak perlu ke bioskop tapi minusnya harus nunggu dan bayar,1
bagus tapi login nya ituloh🤦,1
sangat bagus,1
"Perangkat saya terdeteksi menjadi bukan perangkat rumah , atau sedang diluar rumah dan tidak menggunakan jaringan yang sama padahal kondisi saya tetap dirumah , dan menggunakan jaringan yang sama seperti sebelumnya , saya beri bintang 1 dulu karena sejak dari kemarin akun saya sudah tidak bisa login lagi akibat masalah ini",0
"ini app berguna banget kalo semisal lagi bosen or lagi pengen nonnton, penyelamat nihh",1
"season tidak lengkap,anime tidak lengkap",1
"saya sdh berhenti berlanganan tp kenapa masih di ptong, kembalikan uang saya",1
enggak bisa di buat share screen,0
bagus,0
sangat buruk,0
bagus,1
suuka bbgtt bykk hiburraan,1
Gabisa buat log in di Huawei matepad 11.5,0
"aku udah paket premium baru download tapi pas ingin nonton malah GK ad tolong donk Netflix kenapa bisa gitu kayak film me before you, bridge to terabithia dan 500 days juga GK ada kecewa berat guysss💔💔💔💔💔💔😭😭😭",0
"gak bisa masuk lewat tab, tapi dari hp bisa..",0
"tolong di perbaiki sistem loginnya masa mau login di laptop gabisa sedangkan di hp bisa,terus mau bayar masak susah juga tolong dipermudah sistemnya",0
ribet daftarnyh,0
"bagus, tapi bisa di permurah gak sih bayar langganan nya yang untuk versi hp.. 😖 coba permurah deh, yang untuk resolusi hp dan untuk 1 orang aja (1 device), kan kadang gak setiap hari juga di tonton, pas nyoba langganan malah bingung mau nonton apa..",1
"tida bsa masuk akun, terjadi kesalahan terus",0
NICE APLIKASI,1
super,1
"Sumpah ngeselin banget nih Aplikasi, udah dia pembayaran nya motong saldo dana otomatis, trus giliran udah dibayar malah gak bisa nonton, padahal jaringan wifi ataupun data seluler aman jaya, tapi kenapa dibuat nonton cuma muter terus???? Gimana sih ini apknya, udah langganan masih aja suka error. iya nyebelin banget suer tolong di perbaikin jangan suka motong saldo otomatis lahh",0
"apk ga jelas, dana gua tiba"" terpotong sendiri, seharusnya ada notif apakah anda ingin bayar bulanan atau tidak, inihmah tiba"" kepotong sendiri aja, manah dana gua tinggal dikit lagi.",1
Luar biasa,1
"saya baru download, semoga tdk ada kendala dan gk bnyk iklan nya",1
"padahal udh beli paket nonton nya,malh nggk bisa,udah masuk nya di suruh keluar masuk keluar masuk,nggk jelas",0
"aneh, padahal jaringan wifi sudah kenceng, sinyal stabil, di pakai aplikasi lain yang lebih berat bisa. tapi kenapa pas mau nonton netflix malah loading terus, lama lagi loading nya",0
untuk saat ini aman,1
ɢᴀᴋ ʙɪsᴀ ᴍᴀsᴜᴋ 😿,0
best of the best,1
"muter terussssssssss tolong perbaiki kualitasnya, sayang udah bayar ga bisa nonton",0
"kenapa sekarang kwalitas video nya jelek banget, mana berbayar tiap bulannya. ngeselin",0
"tolong kembalikan dana saya,padahal saya sudah berhenti langganan tapi dana saya ketarik 🙏",0
Cocokb but nonto film,1
bagus,1
udah bayar di hp gue film nya gk lengkap,0
sangat bagus,1
Koleksi film dan series-nya paling lengkap. Kualitas 4K-nya benar-benar memanjakan mata.,1
"aplikasi apa ini , semacam rampok saja memotong tanpa konfirmasi ...baik baik dong kalau mau potong langganan konfirmasi dahulu .main potong uang orang aja ini .parah bed.di tontong kaga di potong iya ..parah parah",0
oil apalah gua udah bayar tapi tidak login ke akun sendiri padahal gua mau nonton ajir admin kalau tidak bisa balikin uang gua aja,0
Ga bisa login di matepad Huawei padahal sebelumnya aman2 aja,0
"bagus tapi ini tolong dong udah keluar aplikasi kenapa notif film yang sebelumnya di tonton gak bisa hilang, minta lanjut terus gak bisa hilang padahal udah nonton sampai selesai, ngebug ini notifnya, ganggu banget",1
"sering eror lama lama. tiap mau masuk/ buka apk di handphone mentok di logo netflix diawal sampai berkali kali restart apk. ini apa sih, mana terlanjur perpanjang otomatis pula. sayangnya penilaian di sini gbs upload ss atau record hp biar orang lain ikut liat dan menilai",0
"masa tiba"" saldo saya di tarik langsung buat top up tanpa ada persetujuan bakal di top up apa nggak main ambil saldo aja",0
aplikasi buruk,0
ga ada satupun film yang bisa di putar,0
eps 29 terikat janji kenapa gak bisa di putar ???? netflix nih sering eror ih,0
"masa ngelag Mulu si padahal jaringan bagus loding Mulu gj gj, udh download lagi masih sama loding mulu",0
kenapa sh akhir akhir ini sebel dah ga bisa Mulu mau masuk tuh anehh pliss lah perbaiki,0
kok isinya anak anak semua sih,0
"Udah bagus aplikasinya, banyak banget pilihan tontonan dari mulai barat sampai ke Indonesia. menurutku ini cocok sih buat orang yang baru mau nyoba langganan aplikasi streaming kayak gini.... lalu Netflix juga menyediakan serial The Walking Dead yang aku suka, namun aku punya request; tambahkan TwD: The one who live, TwD: Daryl Dixon, dan TwD: Dead city. soalnya aku udah mau tamat dan pengen nonton lanjutannya, namun di Netflix tidak menyediakan ini. kalo di suruh nilai aku kasih 8.9/10!",1
Video nya sering ngelek dan banyak iklannyaa,0
"klo ada bintang 0 kasih bintang 0 nih, gimna sih Netflix gua bru aja pagi bayar buat 1 bulan, bru d pake 1x tbtb keluar dri apk pas masuk lg gak bisa Dooooonngg!!!! gmna sih bikin pelanggan pd kabur aja, lama2 klo gt trs bisa beralih ke apk sebelah, banyak yg ngeluh bukan di perbaiki malah makin bobrok !! Banyak yg nonton bukan perbaiki kualitas, malah makin2 ga beres aja!!!!!!!!!!",0
"banyak sekali audio film yang tidak muncul, terutama audio percakapan atau dialog padahal tidak pernah telat bayar dan jaringan internet stabil jadi malas menggunakan aplikasi ini jelek sekali",0
sangat bagus,1
"mulai akhir april 2026 kok jelek banget ya netflix nya. Dibuat nonton malah muter doang, padahal jaringan aman² aja. Untuk nonton serial dari aplikasi lain juga aman aja. Percuma dong langganan kalau gabisa dipakai buat nonton! Tolong dong diperbaiki sistem nya",0
good apps. can wacthing movie all day,1
bagus,1
belom bisa nonton udah prenium,0
gess menurut aku ga usah download udah di bayar ga bisa nonton,0
"gw padahall udah langganan and pas mw login lagi malah gabisa katanya salah email,anj emg ni apk",0
gak ada gacoan,0
"MINN !!, seharusnya si Bintang 5 kayak lagu Tenxi, tp gr2 Trolls 4 tahun 2023, sekali lagi 2023 !! as fav film my besty blom ada jadi sementara bintang 3 dulu yaks👍maksa kalau maaf",1
"jelek banget, makin kesini makin gajelas anjir",0
mantuapp,1
bingung liat aplikasi ini lma2???,1
"Suka banget, aku sering banget nonton film-film yang seru, cuman seiring aku melihat yang series atau episode yang ada....kenapa ya ada delay dengan suara, subtitle, seakan tidak pas dan pengalaman menonton ku menjadi seakan tidak seru lagi. Mohon untuk Developer/Netflix tingkatkan atau perbaiki lagi bug dan masalah tersebut agar pengalaman menonton ku menjadi seru lagi. Terimakasih😁",1
apk bagus bgt buat aku yg suka nonton drakor 😍😍😍,1
ok,1
error muter mulu,0
katanya bakal ada gamenya yg bisa mabar mana nih? cepet adain di indo dong,1
update terus,0
"parah parah parah mau login harus langganan dulu, udah langganan gk bisa masuk bulak balik email gitu aj terus ampe kiamat",0
susah untuk masuk ke apk nya,0
relog mulu anjg,0
bagus,1
KWNAPAA DI HUAWEI MATEPAD GABISAAKKKK,0
bagus,1
susah login nya sekarang dengan akun yg sama ke pc tv dan android box,0
"najis udah dibatalin langganan masih kena tagihan,ngga jelas lu",0
bagusssssssssss😶,1
"sudah minta batalkan langganan, tapi saldo tetap terpotong. akhirnya hapus akun aja deh.",0
malah muter2 terus..,0
bagus untuk menonton film bareng,1
"kok, masuknya ribet, daftar akun juga ribet, semua ribet.",0
saya sudah berhenti langganan dan apkikasi pun sudah saya hapus... masih saja saya kena Potongan utk membayar langganan tsb,0
good,1
Banyakkin Film Lama dan Film Baru min,1
Sangat suka,1
bagus bagus filmnya...,1
"banyakin film perang sejarah lah, jangan horor Indonesia terus",1
udah bayar mahal² malah gak bisa nonton,0
"gatau ni tv gua yg eror apa netflix yg eror, mau login netflix di tv sllu eror, gabisa nonton film",0
kak kom ini ga bisa di putar vidio nya padahal sinhal lancar hp lancar pembayaran juga mesih lama,1
"kenapa region saya Singapura, harusnya Indonesia",1
aplikasi maling,0
kak ini kenapa agak eror saya minta agak sedikit di perbaiki,0
udah bayar engga bisa masuk,0
"Jadi nyaman untuk nonton berbagai jenis tontonan, cuman berharap bisa lebih banyak list dramanya disini khususnya Drama Cina🥹",1
download karena BTS comeback live at Netflix doang,1
"Gajelas, gimna ini? Saya udah langsung langganan paket 65.000, buat tv eh pas di sambung ke tv merek cocaa lewat hp proyeksi layar, pas setel video di tv ga ada gambar, tp di hp tetep jalan video nya!!!!",0
mantap,1
ok,1
Parah nih Netflix saya gak bisa di buka Eror,0
mantapp,1
loading mulu,0
"tolong ya Netflix Indonesia CS nya bisa dihubungi, kami ini bayar looh bukannya gratisan",0
"aplikasi sering error gk bisa nonton,,,udah berlangganan malah error...kacau rugiii",0
bagus banget jujur worth it tapi aku di tv dan mungkin film kayak drakor lama yang banyak peminat dan banyak penonton seperti boys over flower semoga dipertahankan lagi karena sudah berlabel leaving soon semoga film itu bisa kembali lagi,1
tolong banyakin lagi film India,1
"langganan mahal, film dan series doang yang digedein, benerin noh aplikasi error mulu asem😡",0
aplikasi yang merepotkan ples meresahkan orang,0
banyak pilihan filmnyaa👍👍👍,1
ERROR TERUSS,0
apk idiot,0
akhir2 ini sering banget error di tv ? ga bisa kebuka aplikasi neflix di tv nya ..,1
apk aneh dikit dikit gangguan,0
"Sumpah ngeselin banget nih Aplikasi, udah dia pembayaran nya motong saldo dana otomatis, trus giliran udah dibayar malah gak bisa nonton, padahal jaringan wifi ataupun data seluler aman jaya, tapi kenapa dibuat nonton cuma muter terus???? Gimana sih ini apknya, udah langganan masih aja suka error.",0
"Tolong developer pihak Netflix untuk melanjutkan project Dead Boy Detectives Season 2, kami mohon agar segera di proses dan dilaksanakan. #saveDeadBoyDetectives",0
mau daftar masuk aja di persulit. aplikasi ga guna,0
baguss,1
aplikasi gembel udah langganan gak bisa di akses saran gw mah jangan download ini aplikasi gembel masuk harus langganan dulu gak bisa secara gratis,0
ngk bisa masuk karna lupa sandi dan hp yg ada emilnya lcd pecah lupa sandi emil ngk ada yg bisa bantu percuma juga langanan,0
kok sering error ya sekarang sudah berlangganan lama ne,0
tolong lah itu one piace di selesai in,0
sangat bagus,1
susah banget buat bayar kontoooooollll,0
"apk apaan ini, lagi nonton tiba² resolusi pecah, butek jelek boro boro hd lah, sangat tidak direkomendasikan!",0
natflix ajng ribet banget gk jelas,0
ok aja sih,1
berbayarr tidak free,0
sering banget app eror,0
ERROR MULU ANJ,0
apaan nih buka netflix kadang bisa kadang gak bisa padahal jaringan normal buka youtube dengan 1080 lancar jaya,1
i lop u sakamoto days,1
kualitas vidio nya parah padahal udah paket 4k gila banget scam,0
bagi yg mau download mending gk usah app sampah. flm ny blm hbis masa kpotong jdi tmbh penasaran,0
Netflix has a huge collection of high-quality movies and series. The streaming experience is smooth and reliable. I really enjoy the original content they produce. It’s perfect for relaxing and entertainment.,1
penipu,0
sangat bagus,1
seruu nonton di sini,1
keren abis,1
"bagus,,,, tp sayangnya gk ada sultan skuad",1
mau login ae susah bet sih,0
"Checkout recomendation menutupi film di 30 detik terakir. Sangat mengganggau, bodoh.",0
"aneh daftarnya rumit bgt di aku, perlu 100× konfirmasi",0
Mau login gangguan mulu,0
Gbs login di matepad huawei pdhl sblmnya bsa bsa aja,0
"BIKIN PUSING! MAU DAFTAR BIAR BISA NONTON MALAH NGULANG NGULANG SIKLUS YANG SAMA, DIOPER OPER DARI SINI KESANA DARI NETFLIX KE EMAIL, PAS MAU MASUKIN KODE NETFLIX NYA MALAJ KE ULANG LAGI, MUAK! APK INI GA BAGUS!",0
Good,1
cuman bisa dijelaskan dengan satu kata PARAH,0
"sumpah aku pas daftar nya susah bangett,harus pake sandi,ya gapapa sih cuman aku udah masukin sandi malah harus buat sandi baru terus,mana harus bayar",0
"padahal bayar terus, tapi giliran mau nonton gak bisa bisa,muter muter aja ... gakjelas ...",0
aplikasi netflix sangat menyenangkan,1
film gAk lengkap,0
kalo dulu enak tinggal nonton doang skrng mah di suruh langganan udah susah.. gk enak lagiii kata temen2 skrng pun Netflix udh banyak kendala nya dari video nya ngelek2 pdahal data Wi-Fi kenceng video nya lah gak lengkapp dah lah sampai sini aja,0
Updeat selalu...😇👍🏻,1
"mau login aja susah banget, perbaikin dong masa suruh nunggu beberapa menit terus, tapi udah di coba lagi malah tetep gabisa. parah si rusak ni aplikasi, mau nonton film aja harus dibikin emosi dulu.",0
"flim ny g kompilt,nyesel langganan cuih",0
aplikasi ngak guna sudah 2 bulan nga d pake saldo kepotong terus,0
"ngga bisa unsub tagihan via halo, otp sengaja ngga dikirim kan tll",0
ok bagus,1
film nya seru seru semua,1
cukup mahal berbayar tiap bulan.,0
film kurang lengkap kadang ngeblank walaupun sinyal bagus.update film lama bgt,1
Aplikasi ga berguna terjadi kesalahan coba lagi dalam beberapa menit netflix,0
"parah buffering, padahal internetnya gacor",0
"netflix, sudah mulai jelek2 film nya, terlalu fokus sama film asia. film holywood nya jarang update. sudah nyerah langganan netflix",0
"Kenapa satu akun ewallet ga bisa terhubung ke dua/lebih akun netflix, nyusahin buat bayar harus pake ewallet yg lain.",0
mantap,1
kenapa sudah berhenti langganan saldo tetap kesedot...,0
aplikasi ga jelas peak,0
"tb2 pas mau nonton loading, kirain jaringan yg eror. pas di buka lagi keluar tulisan coba lagi 5.8",0
"sumpah login aja ribet banyak terjadi kesalahan,mening nonton di vidio aja guyss",0
"udah dibatalin, masi konek pembayaran aneh gimana kalo duitnya lagi ngepas",0
"kenapa akhir akhir ini video nya renyek sudah di update tetap saja seperti itu, mengganggu kenyamanan menonton",1
Kesini Gara2 Film Kenshin,1
bagus bgt,1
asik,1
✋🏼,0
versi android nya terlalu tinggi saya sudah tidak bisa nonton lagi,0
'didn't mean to cancel?' what kind of warning is this? i can't even find the close button or can't press back button on it,0
apk apa ini mbayar mahal Banget,0
"tolong ini netflix kenapa sihh?? padahal awalnya make lancar aja ga ada kendala, tpi kenapa sekarang malah ada kendala? layarnya jadi hitam tanpa suara udah nyoba cara yg di terapkan di netflix ehh ga berhasil juga, tolong lahh netflix🙂",1
tidak suka menonton film barat,0
dubbing nya ganggu banget! udah ada subtitle aja udah cukup! ga usah di dubbing ga enak bgt denger nya,0
sudah berhenti berlangganan namun saldo saya tetap ketarik bayar langganan sangat mengecewakan,0
jelek dan buat akunnya susah banget,0
setiap mau lanjutkan langganan pakai shopeepay slalu gak bisa alasan saldo gak cukup padahal saldo ada..aneh netflix nih..,1
"episode 20 terikat janji tidak bisa d buka, padahal Netflix aktif sudah d perpanjang...layar gelap.",0
"Netflix is a leading streaming service that offers a wide range of movies, series, and original content for all tastes. Its personalized recommendations and easy-to-use interface make discovering new shows simple and enjoyable. With global content and flexible viewing anytime, anywhere, Netflix remains a top choice for entertainment.",1
saya nggak sudi sebenarnya kasih bintang 5 akan tetapi supaya lebih awal dibaca kok awal download aja sudahlah besar-besaran waktu pendaftaran pun keluar sini keluar sana habis itu tiba-tiba terjadi kesalahan tiba-tiba error sebesar dan sungguh sangat mengecewakan Untung saya tidak berlangganan kalau nggak sudah rugi uang. 👎,1
"gabisa di pake, banyak aturan ini itu",0
aplikasi tolol,0
"aplikasi paling buruk, paling tidak demokratis.",0
"pinter bngt marketingnya, daftar ge harus bayar dlu aneh, yang punya netflix pejabat apa gmn? pinter bngt marketignya",0
"Kok ga bs masuk terus -_- ""Maaf kami tidak dapat menjangkau layanan netflix. Coba lagi nanti"" Tapi di coba berkali² ttp aja gabisa -_-",1
woiii terikat janji eps 20 kenapa kok blank sampe menit ke 36 baru bisa di tonton ???? parah banget nih Netflix gak becus.,0
jelek,0
"kenapa saya tidak bisa menonton,beberapa hari lalu masih bisa dan ini saya mau lanjut nonton filmnya hanya bisa di putar di menit terakhir saja padahal masa aktif masih 15 mei,maunya gimana ini,giliran bayar aja langsung potong saldo pas nonton gak bisa..gimana sih",0
langganan bukannya murah. diatas 50k. tapi ga bisa masuk aneh,0
Netflix ke Napa dah film gak bisa di putar,0
Series yang lagi dilihat akhir-akhir ini suka delay jam tayangnya dan kadang waktu dibuka hanya layar hitam putih tanpa suara tapi durasi seriesnya tetap berjalan. Aneh. Tolong perbaiki!!!,0
rusak ini applikasi..sudah langganan saya jangan cuman ambil uang orang lah,0
"filmnya banyak tapi pas kita mau nyari film favorit gk muncul"" malahan muncul film yg lain kan jadi binggung padahal maunya nnton film yg kita cri yah kok gitu😌",1
GK bisa masuk harus pakai uang,0
"Payah, Suck when on Huawei device Pad it cant be fail and try agin, But on HP it works fine",0
gbisa dbuka kimakkkkk,0
bagus,1
udah berhenti berlangganan tapi malah di perpanjang secara sepihak😏 ga jelas bgt. lagian kurang update juga film2nya .,0
Mantap,1
aering Gabisa login aneh,0
good movie,1
"pls netflix????ini kenapa kok film the tale of the princess kaguya, my neighbor totoro, spirited away g bisa ditonton lagi? katanya filmnya ga bisa didownload di bbrp negara. padahal filmnya bagus. kecewa sih .",0
"jatuh tempo tgl 30 April, tp udah beberapa hari ini gak bisa terus nonton filmnya. semuanya gak bisa. udah perbaharui aplikasi juga tetap gak bisa. tolong perbaiki dongggg",0
anj lh mau putar film eror mulu,0
aplikasi ga jelas udh sejam lebih guee cob login tpi gabisa udh coba bkin akun baru tetap gabisa juga,0
"Compared to other similar applications, I like this application. The movie choices are many and varied.",1
gk asik,0
"susah masuk, susah login ulang, tiba'ke log sendiri",0
BAGUSSSS BANGETT AKKKKK,1
mantap,1
good,1
udah berhenti berlangganan tapi tetep saja gopay ku kepotong dengan sendiri nya,0
keren,1
mantap,1
bagus,1
keren,1
"Net Netflix!!! Flix Netflix!!! Adain dong Mode Tidur, biar mat sendiri ditinggal tidur",0
mantap,1
"neflix ini bener bener bagus film nya banyakkk, kualitas nya HD emang patut diacungi jempol netflix ini. Apalagi semua film yg kita cari semuanya adaaa, thank u netflix",1
"kecewa.. orang gak mau lanjut malah dipotong otomatis... itu namanya pencuri...!!!! kalo gw klik konfirmasi lanjut langganan boleh lu potong saldo gw.. ,ini gak gw klik, gak gw nontonin bosen filmnya yang udah pernah keputer di tv semua apaan.. !!! PENCURI...!!!",0
upload episode barunya dipercepat donk jam 6 sore gitu.... gak sabar pingin lihat kelanjutannya 😍,1
aplikasi gak jelas masa saya gak bisa login padahal pingin sekali liat film di aplikasi nya tapi gak bisa login dengan alasan pasword salah kan gak masuk akal,0
tdk bisa bayar pake mobily number kenapa dipersulit daftar,0
"tiba2 potong pembayaran, padahal uda stop berlangganan",0
"udah mana cuma masuk ke aplikasi harus langganan,giliran udah langganan video sering nggabisa di putar entah karna apa,padahal koneksi wifi ataupun paket data udah kenceng,heran juga gw ama netflix nih maunya dia gimana,dahlah cukup 1 bulan aja langganannya ngga mau gw perpanjang lg",0
"Sedih banget, login di huawei matepad 11.5 gabisa masuk, something wrong muluu.. Giliran login di hp bisa. Sebelum""nya gapernah kekgini pdhal",0
Netflix offers a huge collection of movies and series. The streaming is smooth and the original content is high quality.,1
aplikasi tercanggih filmny selalu update like banget,1
daftar aja nyusahin,0
"halo, saya ingin mendapatkan pengembalian dana saya, karena langganan dimulai di tgl 19 april, sedangkan saya sudah membatalkan langganan saya di tgl 18 april🙏🏼 halo, tolong dong segera kembalikan dana saya, karena saya sudah berhenti langganan seblum tgl dimulainya langganan, tapi saldo saya sudah kepotong duluann aku kasih bintang satu soalnya ndak ada tanggapan dari netflix, sumpah nyesel pake buanget langganan di apk ini. ga lagi aku langganan disini, minimal kasih kabar lah",0
good,1
cara membatalkan langganan gimana sih caranya,1
tidak bisa login di tab,0
banyak film baru bagus2,1
mantap,1
tpi banyak film yg gk ada min🥲,1
ee bagus aja,1
kata bisa buat lebih dr 1 hp buat di tonton barengan ternyata GK bisa SM sekali,0
"INI BENERAN SEKARANG 65.000/BULAN CUMA BISA DI 1 PERANGKAT? 120 2 PERANGKAT????? GILE GILEEEEE HEBAT YEE HARGA NYA MAKIN PELIT. Nonton dirumah berapa user hp, cm bisa 1 org doang yg nonton wkwkwk pelit pelit",0
busuk,0
"aplikasi buruk ga ada ke jelasan, mau bayar aja di buat susah padahal untuk berlangganan",0
mau masuk harus bayar 58 ribu jjk bngt,0
"Ada masalah terkait dengan tontonan Drama Korea Phantom Lawyer episode 12 tidak bisa di tonton sementara tayangan lain bisa ditonton, satu hal lagi tentang pusat bantuan yang tidak ada keluhan tentang masalah ini sehingga susah untuk mencari bantuan agar masalah ini bisa teratasi",1
amazing,1
ganguan trus GK bisa masuk,0
susah banget login ke aplikasi ini,0
Aplikasi tidak bisa terbuka,0
kebanyakan iklan,0
baguss koo,1
makin kesini apk nya makin rusak masak sinyal bagus muter² terus gak bisa di tonton,0
kenapa ya pas lgi ntn tiba² vidio kejeda terus duara masih on. layar ngga bisa kesentuh.. bikin hp rusak nggk sih.,1
"login ceoat,masuk tanpa hambatan",1
ok,1
Good,1
jelekkk kali mau login aja susah kalii,0
bagus sih aku sering nonton Netflix di tv tapi pas aku download di hp tulisanya tidak dapat menjangkau layanan Netflix bantu saran harus gimana,1
mau masuk saja terlalu ribet. APK nya hanya mencari keuntungan tidak mengutamakan kenyaman orang saat login,0
buat akun aja di persulit anj,0
recomended,1
"login via web masih ada bugnya nih netlix, sy. udh pilih ahli suara saat pemutaran gambar ga ada option ahli suara yang saya tuju.",0
tolong dong respon yg cepat ini 2 kali neflik saya ke bajak.. saya abis tgl 10 Mei 2026 ini tgl 18 april loh masa sudah habis,0
Udah berkali-kali daftar tapi gak bisa-bisa kesel banget,1
mantap,1
kok bisa bisanya langsung motong saldo gak rekomendasi banget,0
tidak bisa nonton di redmi pad,0
"film nya itu itu aja,gk ada yg baru,",0
saya suka dengan aplikasi nya bagus,1
Kok bisa ya.. tanpa konfirmasi main auto debit aja... sdh 2x kejadian yg sy alami thn lalu Dana sy disunat skrg SPay Later.. 😡,0
"saya sangat susah masuk ke TV led. padahal langganan sy aman prabayar, tapi tiba2 saja tidak bisa masuk",1
aplikasinya nya bagus,1
harus langanan njiirr,0
Setelah update malah buat nonton ngelag.,0
bagus buanget filmnya seruuu,1
kerenn,1
memuaskan,1
"tolong dibenahin lagi, setelah update banyak eps atau drama yg hilang, contoh yg hilang anime one Piece lompatnya langsung jauh, dari arc zou eps 782 langsung lompat arc egghead eps 1089, di arc bigmon dan kaido hilang.",0
terimakasih terimakasih,1
terjadi kesalahan coba lagi beberapa menit. ni aplikasi kocak taayyiilk. udah brp kali masuk ga bisa bisa tllolll,0
"mantul netflix, fav film horor indo 😙",1
eps one piece nya putus,1
"masuk aja pakai uang, aplikasi norak",0
"aplikasinya error parah secara tiba"" ngelagnya tu ngeselin bgt. pdhl memoriku udh free ampe 130 GB trus hp juga baru beli tahun kmarin, aplikasi streaming lain fine"" aja lancar cuma gtw knp Netflix ya malah yg ngelag kzl",0
bagus,1
Kren Bagus,1
ini kenapa netflix aq gak bisa di buka??? sayang bngt dong udah bayar langganan tp gak bs nonton,0
untuk sistemnya bagus dan Hd saat menonton tidak ada kendala saat menonton atau iklan sedikitpun Joss,1
This app makes it easy for me to watch,1
aplikasi menonton yg sangat di sukai keluarga,1
bagus,1
"Film ttg keluarga pada umumnya, alur cerita sangat menarik dan riil. sangat layak ditonton bersama keluarga. the best family serial movies #goldendays",1
banyak tontonan yang seru,1
bagus banget. . . . happy.. bahagia.. 🥰🤗,1
"andai saja netflix mengizinkan screenshot saat nonton video nya, pasti sudah saya kasih bintang 5",1
toloong...jangan hapus transformers 😭😭 itu favorit sayaaa...,1
oky,1
kenapa neflix sya GK bisa masuk,1
mantap,0
Aku pake tablet Samsung udh bayar gk bisa masuk error' Mulu. Tolong bantuannya minimal uang kembali.,0
aku sangat suka dengan aplikasi ini,1
"kirain gratis gk taunya bayar,hapus aja lah gk guna",0
ok dhe,1
apa ini sangat mengecewakan,0
good👍,1
"tolong kasih opsi dua subtitle sekaligus, mungkin akan sangat berguna bagi mereka yg ingin belajar bahasa inggris",1
mau log in aja g bisa2 tulisannya terjadi kesalahan coba lagi dlm bbrp menit tp g bisa2 juga. rugi baru aja beli,0
mantap,1
"jujur apa aku doang, buka di tab huawei matepad 11.5S gabisa terus udh uninstall download beberapa kali tetep gabisa huh",0
Bagus,1
baik,1
kecewa berlangganan..menu filmnya kurang lengkap....sumpah netflix jelek banget👎kagak lengkap.tidak sesuai ekpektasi.nyesel deh berlangganan.kapooookkkk,0
"permisi min sy mau minta refund , saya udaa ga berlangganan tegapi saldo saya otomatis melakukan pembayaran utk premium netflix , tlg responnya ha",1
"makin hari film yang ditampilkan seru-seru dan banyak banget film nya, harganya pun terjangkau love banget jadi bisa nonton film sepuasnya 🫰🏻🫰🏻",1
mantap,1
⭐⭐⭐⭐⭐,1
Berlangganan dengan netflix sangat menyenangkan membuat hari hari begitu berwarna dengan hiburan yang di tonton,1
saya sudah batalkan langganan kenapa masih memotong saldo saya?,0
netflix gimana sih makin hari kok makin ngawurrr udah berhenti langganan masa masih di tarik biaya langganan,0
Tdk bisa di huawei,0
mau daftar aja susah minta ampun,0
fun & easy application,1
coba buat kyk youtube yg aplikasinya bisa cast jd remote di tv android,1
Netflix ngga jelas udah tau nanti mau dibayar langganan bulanan ya eh tiba-tiba main Potong aja saldo dana orang pliss ngga usah di download scam ni Netflix,0
syukur,1
sooo gooddd i like it🤩,1
"Netflix tetap menjadi platform streaming favorit saya karena kualitas konten orisinalnya yang tidak terkalahkan. Di tahun 2025 ini, koleksi film dan serialnya semakin beragam, mulai dari drama Korea populer hingga film horor lokal yang mencekam. Fitur rekomendasi pribadinya sangat cerdas dalam memahami selera saya, sehingga saya tidak perlu menghabiskan banyak waktu hanya untuk memilih tontonan. Kualitas gambar 4K UHD dan dukungan audio Dolby Vision benar-benar memberikan pengalaman bioskop di r",1
Netflix oke sih tapi pas udah login malah terjadi kesalahan mulu padahal udah bener padahal mau nonton tapi terjadi kesalahan mulu,0
aplikasi ini bagus banget dapat melihat film film yang baru,1
"untuk film-film nya oke bgus kualitas HD nya tapi sering error ga bisa login masuk karna bermasalah email dll,, sampai sekarang padahal udh beli untuk satu bulan paket Netflix ga bisa kebuka rugi banget..",1
why can't it be downloaded?,0
"gak bisa masuk apk nya harus bayar, percuma download kalo gak langganan gak bakal bisa masuk.",0
"hallo semuanya🙆🤍, aku baru download Netflix jadi aku ga tau cara pakai nya kalian bisa jelasin ga ke aku gimana cara masuk nya😣🤍",1
"kenapasih ga bgt, ga bisa login tunggu beberapa menit mulu bayar mahal langganan mahal tapi gabisa dipake apknya",0
good job 😍😍,1
Sampah!,0
sangat mantap tapi kalo punya teman ku filem nya bahasa Indonesia kalo punya ku filem bahasa Inggris,1
mantul,1
suka banget nonton Netflix ❤️❤️❤️,1
"baru jalan 10 hari setelah berlangganan 1bulan,akan tetapi setiap mau login/masuk selalu gagal 🥲",0
bagus,1
bagus untuk nonton film,1
baru mau download dan langganan tapi pas liat rating nya jelek jadi batall .. im so sorry netflix🙏🙏,0
bagus,1
"gw ga merasa pakai Netflix ga pernah nonton Netflix, tapi di shopeepay selalu ada tagihan netflix tiap bulannya. parah bgt . jelek bgt ini aplikasi. maksa bgt suruh bayar 😡🤬",0
kenapa harus berbayar mana kayak maksa lagi pake otak kek buat aplikasi,0
kok film dan seriesnya banyak yang udh gaada ya. cepat banget gaada padahal keknya baru aja ditambahkan atau perasaanku aja ya karena udah lama ga nonton. terkadang film yang kucari dan mau kutonton gaada disini tapi sesudah kutonton baru film itu muncul disini. kesal jadinya😑,1
percuma langganan tapi film nya kurang lengkap,0
bagus sebenernya tapi nggak ada trasformers rescue bots,1
apk ny gak kebuka2 padahal udah uninstal ttp aj gak kebuka?? ada yg tau gak ya itu kenapa??,1
makin gajelas,0
apk tidak jelas di suru daftar ulang² terus habis uang gua,0
"muter muter terus pasadal jaringan stabil,males bgt pake aplikasi ini",1
"bener bener bisa diandalkan!, seneng banget pihak Netflix nya gercep, dan filmnya juga keren, banyak pilihan busa download offline lagi. dijamin kalo ada kendala pasti mereka benar benar gerak cepat!",1
"Please, hear it netflix. why you so bad now? kalau begini cara nya, saya berhenti menjadi pelanggan setia anda, dan akan memilih platform lain yang tetap mengutamakan kenyamanan pelanggan.",0
"ngeselin bgt pas mau login ada tulisan ""terjadi kesalahan.silakan coba lagi beberapa menit"" gitu mulu jadi ngga mood mau nonton. pls deh banyak juga user yg mengeluhkan itu mohon diperbaiki",0
selalu harus install ulang dulu baru aplikasinya bisa terbuka,0
udah berhenti langganan juga tetep aja saldo ke sedot,0
no error,1
ini gimana sih mau login aja ribet pake segala kesini harus ini itu ribet banget dah,0
sudah berhenti berlanggnan mash kena dipotong haduh,0
mau login susah bangt mesti milih paket dlu.. makin kesini makin ribet!,0
sangat tidak rekomen langsung uninstall gw,0
"aplikasinya seru banyak yang di tonton, tapi tolong banyakin lagi film India nya, balikin lagi film nya seru"" padahal, makasih semoga di baca.",1
ga bisa dibuka setelah berlangganan pehhh... semoga ada kejelasan ntah perusahaan anda yg lgsg bangkrut atau hancur pelan². ini termasuk penipuan ya . aplikasi sering TDK bisa di akses .,0
movie cool😎😎,1
knp ya pada saat login malah ngk bisa?,0
pls neftlix jangan di hapus film² lama kayak trolls band aku suka nonton ituu 😭😭,0
eh Netflix beneran dikit napa kirim nya jangan ke email orang lain giliran emailku gabisa🫩😡,0
aplikasi asuhh seenaknya menarik uang sendiri di rekening pokoknya nyesal yang download app ini jangan ada yang mau di bodohin,0
Black screen,0
Murahin lg pasti tambah banyak yang pake,1
merepotkan pilih paket yang mahal biar bisa rame rame nonton malah di persulit. sial kali ini aplikasi,0
ini sangat cocok untuk Anda para penggemar NETFLIX,0
"buat orang yang ngomong kalo netflix aplikasi jlk karna film ga lengkap,(gini ya men,kalo serial original Netflix ya ada dan gabakal ilang,kecuali serial dari non Netflix kaya Dexter welcome to dery dll,pihak netflix juga kalo mau ngenayangin film nya harus bayar ke.studio yang punya film macam hbo atau Paramount,jadi ya ga ada jg Netflix nulis kalo semua film ada,yang dia tulis cuma lengkap",1
keren,1
Aplikasi yang bagus dan sangat membantu,1
aplikasi tidak bisa di login nin padahal sudah bayar ini bagaimana admin gak becus banget pengen duit nya doang aplikasi nya tidak dibenahi sama sekali,0
error terus pas mau login,0
Setiap buka aplikasi Netflix koq mesti kosong ya kenapa gak muncul,1
"bnyk film yg ga ada di Netflix,apa yg di cari selalu ga ada,,yg baru maupun yg lama kebanyakan Indonesia yg ada,,seperti Drakor dan film Holywood ,dan film India ga ada ,,percuma berbayar kalah sama yg gratis,",0
bintang satu terlalu banyak buat aplikasi kaya gini,0
server sering error jadi percuma paketin tiap bulan.. gak kepake.,0
"apa2 bayar, daftar aja nunggu bayar dlu baru masuk. emng gila ini aplikasi",0
Langsung uninstal aplikasi karna ga jelas mau langganan mesti pake cc,1
gagal login terus,0
Kenapa saldo terpotong trus untuk berlangganan? padahal sudah di cancel.,0
gileee bagus bener nih aplikasi😋 jangan lupa bikin animasi yang buat steel ball run loh ya😋,1
apasihh udah pake gmail tetep ga bisa bulak balik tetep ga bisa harus masukin kode lah ini lah itu lah,0
sangat buruk,0
kebanyakan film/series jomok,0
untu melanjutkan pebayaran menurut saya di persulit ketika sudah bisa dibayar apk ya enggak bisa di gunain,0
plis kasi tau cara balikin dana otomatis langganan duit buat makan itu,0
ribet masuk,1
"SUKAKKKKK, I LOVE YOU NETFLIXXXX 💘💘💘💘💘💘💘💘💘💘💘💘💘💘💘",1
Kenapa tidak bisa di play meski sudah di download.. tolong penjelasanya,1
Video nnya suka macet macet endak enak kalau di tonton,0
"Sejauh ini aplikasinya Oke, sih. Download Netflix karena mau nonton film'nya Studio Ghibli & SORE : Istri Dari Masa Depan, juga film² lain yang ada Sheila Dara Aisha-nya :) Tolong terus tingkatkan user experience dan keamanan aplikasi. Terima kasih.",1
"Pagi di 10 April 2026, tiba-tiba hp saya hilang gambar, tidak bisa menampilkan video netflix tapi suaranya ada. Sebelumnya tidak pernah terjadi hal seperti ini. Saya heran.. Apakah ada bug dalam aplikasi ini atau justru di ponsel saya ya? Handphone saya Tecno Spark 20 Pro",1
"login benerin, ""Terjadi kesalahan"" terus kocak",0
film kurang baru,1
katanya ada film nobody dan beekeper... kok gak ada di Indonesia,0
tidak berguna,0
"💩..sudah bayar bulanan, tapi lemoooooootttttttt ,gk bisa dibuka buat nonton. 💩💩 tolong diperbaiki",0
"Sekarang buat login aja susah, terjadi kesalahan mulu padahal sinyal bagus, email sama pw jg udah bener.",0
saya sangat puas dengan aplikasi ini saya bisa nonton apapun,1
"Semakin sulit buat lihat film sebelum daftar bulanan, mau buat naftar login dulu baru lihat film 🤦sulit, lebih baik ""merl movie"" 👍🏽lihat film dulu baru daftar bulanan",1
gw udah langganan demi konser bts tpi malah ngeblur dramanya juga ngeblur capek deh 😏😏😏,1
bagus buat nonton film lengkap seru di jamin tidak bosan,1
login sangat sulit,0
apaan mau daftar malah di suruh langganan dulu aneh,0
penarikan dana tanpa konfirmasi sangat meresahkan,0
oke,1
daftar aja mau pakai bayar jelek banget aplikasi nya.,0
apk aneh bisa nya mempersulit ntar sepi bingung sendiri,0
"gimana mau nonton, pas daftar aja malah susah banget, ga bisa masuk, ANEH",0
sudah bayar langganan tapi ga bisa masuk,0
"balikin uang ku please, jangan di ambil mau batalin netflix pun susah bngt",0
"napa netflix skrng lemot yak, parah hampir kurang lebih tiap 10 mnt an bufering mulu alias loading mulu muter² pdhl sdh pake wifi paling kencang, hadeehhhh",0
"aplikasi g guna BKN soal film TPI soal potongan otomatis seenak jidad dia,mending aplikasi lain ajalah dari pada ini,bagi yg blm daftar jgn dech pemotongan otomatis klw g pakai akun dana atw pembayaran yg BKN utama punya mu soalnya ribet nanti itu aja saran q",0
"pemotongan otomatis g bisa di hilangkan, mw g mw uninstall",0
baru bergabung. belum tahu harus nulis apa. semoga sesuai harapan,1
Terjalankan,1
"Thank you for returning my funds, the process was very easy, thank you very much, I am very happy.",1
"jelek banget, aku udh bayar langganan sebulan tpi gbisa buat nonton apa apa, semua nya loadingggg🥴🥴🥴🥴🤮🤮🤮🤮🤮🤮🤮🤮🤮🤮🤮🤮🤮🤮🤮🤮🤮🤮🤮🤮",0
aplikasi bagus. cuma iuran nya mahal.,1
netflix sangat bagus,1
"tambahin one piece arc wano pls, sayang bngt banyak yg nonton tp tu arc nya ga ada",1
"makin lama film film terbaru nya ga lengkap, males",0
lumayan bgus tpi haduh byk iklann nya,1
Bagus iklannya tidak ada,1
syukaaa bgt nnton dsni,1
"Aplikasi setelah di Download pada Hp Samsung A20, tidak dapat di Hapus. Bahkan tidak ada pilihan Uninstall, baik dr pengaturan Hp (Aplikasi), atau dr Playstore nya juga. Maksa banget biar terus pakai ini Apk",0
begadang,0
gak bisa masuk padahal udah bayar,0
"saya sudah membayar langganan tetapi Netflix tidak bisa dibuka,dan bulan lainnya saya sudah berhenti langganan tetapi duitnya masih ikut kesedot padahal saya tidak pernah berlangganan di aplikasi lain saya berlangganan cuman di Netflix",0
Baguss👍🏻,1
sering bug gk bisa dibuka,0
ini yg bermasalah Netflix apa Telkomsel sih? kata Telkomsel disuruh hubungi pihak Netflix. kenapa saya tidak bisa monton padahal sudah bayar Rp65.000??,0
ribett daftarNy. uninstal!!!!!!!,0
filmnya jelek jelek ga ada yang bagus,0
"sejauh ini ini aplikasi bagus dan langganan perbulannya murah di bawah seratus dan allhamdulillah aku puas karna banyak pilihan film,series,dan masih banyak lainnya dan mungkin itu aja sih",1
"knp si cuma pengen bikin akun baru susah banget, suru buka gmail tapi pas pencet link yang di kasi malah gada apa"" di browser nya kesel bngt cuma mau bikin akun di bikin susah gitu padahal jaringan bagus",0
Aplikasi For Watching Film2 Kerrreennn Terbaik No. 1 Di Dunia .!! 👌💯😎 But Why Sejak Awal Juni 2025 Film2 HORROR Baru Yang Tayang Kualitas'nya Jelek2 Semua .!?? Please Tambahkan Segera Film2 HORROR INDONESIA TERBARU Seperti => SANTET - DOSA DIATAS DOSA ( 2026 ) + JANUR IRENG ( 2026 ) + THE HOLE ( 2026 ) + ALAS ROBAN ( 2026 ) + QORRIN 2 ( 2026 ) + AGAK LAEN 2 - MENYALA PANTIKU ( 2026 ) + MALAM 3 YAASINAN ( 2026 ) + KAFIR - GERBANG SUKMA ( 2026 ) + KUYANK ( 2026 ) & GHOST IN THE CELL (2026 ) ✌🗿,1
masak ga bisa login sih,0
"apasi netflix sekarang, baru beli paket gak bisa masuk akun terjadi kesalahan terus",0
ga bisa masuk susah jirr😹😹,0
kasih dua krn blm ada tanggapan 🙏🏻,0
download Netflix cuma buat nonton uang Panai 2😭,1
"aplikasi gk jelas, masukan sandi aja gk bisa",0
"masa saya baru mau masuk di suruh bayar,mana kagak bisa di batalkan lagi",0
tak jelas masuk nya udah masuk email malah di suruh masuk email lagi,0
banyak masalah aplikasinya,0
mau bayar aja lewat dana susah bjirrrr,0
ok,1
baik,1
keren,1
Bagus banget aku suka,1
tidak bisa buka disamsung tab...masa terdeteksi 3 perangkat,0
"Aplikasi Model apa ini,baru mau daftar aja sudah susah bgt untuk buka link nya",0
Nice app..,1
mana sbr eps 2 mana sbr eps 2 mana njir,0
netflix memberikan hiburan keluarga lewat film drama yg menghibur dgn kualitas yg prima pokonya woke,1
"tolong lah kalau login jangan di persulit, email sama password udah benar tapi tetap gabisa login.",1
"Harus bngt kah di persulit setiap mau masuk/login apk ini, baru fist time aku mau coba, udah seexcited ini tapi malah di giniin, Mantap pol ni apk, hadeuhhhh",1
film nya bagus keren,1
"aplikasi rasis, udah beli mahal mahal resolusi ttp jelek",0
"aplikasi kagak jelass bodohh,,mauu buatt akunn ajaa susahhh,,,disuruhh buatt kata sandii ulangg",0
jelek,0
ok,1
LOG IN RUWETTTTT,0
"berbayar, padahal gwa gada duid",0
Aplikasinya bagus banget dan film filmnya jga seruu,1
KAPAN EPISODE 2 SBR NETFLIXXXXX!!!!!!!!!,0
pembayaran nya jangan otomatis lah. uang gw di dana buat yang lain malah buat berlangganan netflix secara otomatis tiap bulan,0
Mana SBR episode 2😈,0
bagusss pollll,1
"gimana sii aplikasi netflix gak bisa loginn, padahal alurnya benar, bulak balik di permainkan, pantas bintang 1 ku kasih, ,,",0
"udah bagus tampilannya, sayang banget untuk one piece dari zou arc sampai wano arc belum tersedia buat negara indonesia, tolong dibantu tingkatkan lagi episode yg belum tersedia untuk negara Indonesia 🙏",1
jelek bgt,0
"aplikasinya sih bagus, tapi kalau bisa jangan tiba tiba motong uang, kasih pemberitahuan dlu mau lanjut berlangganan atau tidak",1
"nonton genre thriller sering sekali di moment klimaks freeze bikin kesel anjir, udah cek jaringan lancar jaya, space handphone juga masih lega banget tapi begitu terus bikin gak nyaman. Berlangganan pakai duit coy tapi kalo saat pemakaian bermasalah terus seperti ini rugi njir",0
film nya bagus-bagus dan banyak pilihan,1
where is eps 2 sbr,0
"susah login, udah itu aja rugi",0
nyesel langganan,0
ini gimana yaa setiap mau muter film kok malah gabisa?? padahal udh berlangganan malah gini,0
"belum ada, tapi baru mau masuk ke netflixnya",1
cukup,1
error gabisa mutar film padahal jaringan bagus sia sia langganan,0
"Disuruh coba lagi mulu saat login di huawei matepad12x, pindah ios malah lancar , aneh... *terjadi kesalahan coba lagi dalam beberapa menit*",0
"nnton masa resolusinya jelek bngt full ijo"" pixel gmna nnton nya habisin kuota aja",0
aku download ini cuma buat nonton BTS doang 🥰,1
layar hitam loading tidak muncul gambar maupun suara,0
"jangan ada yang pakai ini, buat loginnya aja ibarat disuruh pindah agama",0
gw butuh sbr eps 2,0
when is sbr eps 2 🫩🫩,0
suee banget dah bayar seminggu lalu ... dah nonton juga ... kok skrg pas buka Netflix suruh masukin akun daftar lagi disuruhh BAYARRR LAGIII DONG ..... buangkeee,0
"susah login, setiap mau masuk terjadi kesalahan coba beberapa menit aja terus, udah nunggu sampe berhari hari pun tetap begitu, udah unistal terus instal lagi juga masih begitu",0
"kak, request film Joy of life donk di Netflix. season 1 dan 2",1
"terjadi kesalahan mulu kalo may login, lama lagi.",0
banyak bug,0
sy SDH TDK berlangganan Netflix dan SDH sy hapus aplikasi Netflix tapi kena saldo sy 2 BLN masih dipotong setiap blnnya.. tlg konfirmasi nya,0
GIMME STEEL BALL RUN,0
"Kualitas yang ditawarkan aplikasi ini jauh melampaui ekspektasi saya sebelumnya. Meskipun gratis, layanan yang diberikan terasa sangat premium dan eksklusif. Saya merasa sangat beruntung bisa menemukan aplikasi ini di tengah banyaknya pilihan yang tersedia.",1
"pliss netflix, rilis episode 2 SBR",0
alama kirim ke gmailnaya saat daftar,0
susah banget ga worth it apk ini buat nonton karna susah banget daftar smpe udah buat akun google laen tetep gabisa,0
stuck Logo why?,0
film Makin dikit harga langganan mahal mikir aja yang ada malah film sampah semua,0
"aplikasi setres anjir filem ga lengkap, percuma langganan pntek",0
were the episode 2 sbr netflix,0
"incorr mulu tiap masuk, banyak bug",0
Where are my SBR NETFLIX!!!,0
iloveeeee,1
"makin kesini makin rusak nih aplikasi, setiap login terjadi kesalahan terus",0
di mana jojos nya huh,0
"netflix kenapa yaa , udah beberapa kali langganan ga bisa kepake buat nonton ampun deh",1
kenapa sekarang selalu terjadi kesalahan saat login.?,0
kenapa harus langganan,0
bagaimana cara berhenti langganan netlfik sudah coba berhenti langganan tapi dana masihtetap terpotong otomatis tiap bulannya,0
jelek susah amat bikin akun🙄🙄🙄,0
tontonan menarik menghibur,1
bagus banget saya suka karna ada flim yang saya suka seperti one pice dan flim horor,1
"suka, filmya bagus bagus, LOVE IT",1
nonton di tv gak bisa. malah disuruh cs nonton di laptop/hp aja. terus saya rugi dong udah langganan yg paket standar? payah!,0
netflix mana sbr eps 2 nya 🤬🤬🤬🤬🤬,1
Okee,1
"apaansih loading mulu padahal jaringan oke, di download an jg loading dan layar item doang",0
"aplikasi yang membantu, dan gampang digunakan",1
sbr ep 2 mane tai,0
baik,1
mana episode sbr nya Netflix 😐⏱️👈 the time is ticking,1
mana sbr episode 2 yang kau janjikan itu ha?,0
ok dah,1
kualitas baik,1
tolong tambahkan flim toy story ☺️☺️,1
film nya gk kumplit,0
banyak bugnya,0
ngelag loading terus,0
"ngestuck di loading video nya uy gak bisa udah segala cara tetap aja gitu hapus data, download ulang,matiin wifi, ditungguin tetap aja broo kuu nyesal berlangganan kalau tau gini 🫣",0
mana sbr 2 Netflix 😡,0
semakin update semakin buruk!!,0
PELAYANAN SANGAT BAIK CEPAT DALAM MENGATASI MASALAH SANGAT BAGUS,1
sdh daftar malah gk bisa ke buka awal nya di smart tv yg gk bisa eh..malah sekrg di hp juga gk bisa kebuka padahal wifi bagus2 aja,0
no sbr eps 2,0
"mines nya ni aplikasi film nya terbatas,jadi kita mau nonton film yang dulu²ga bisa karena di sistem mereka film itu seperti penitipan kerupuk klo sudah habis masa waktu nya itu di hapus",1
release sbr eps 2,0
bagus,1
STEEL BALL RUN NYA MANA NETFLIXXXXXX,1
rilis SBR episode 2 woiiiii,0
aplikazi film terbaik,1
netral aj gw mah,1
"woilah nih kenapa suka logout sendiri dah , kalo masuk juga susah banget tulisannya gini muluk ""terjadi kesalahan tunggu beberapa menit"" langganan mahal mahal cuma kayak gini kelakuan nya",0
apk jelek gampang eror emosi,0
aplikasi konyol daftar aja ribet banget !!!!,0
good,1
aplikasi berbayar,0
sbr ku mana woy,0
Baru download dan berlangganan giliran mau nonton malah muter aja loading+ layar hitam apk kaga jelas,0
bagus bangett tapi banyak iklan,1
"aplikasi error. terus menerus tidak bisa login. selalu ada tulisan ""ada kesalahan coba lagi beberapa menit"" sudah dicoba berulang kali tetap tidak bisa login. kenapa jadi seburuk ini setelah update apps",0
"loading terus, padahal sinyal nya bagus",0
mana jojo sbr eps 2 nyaaaa netflix,0
mana SBR eps 2 woiii...!!!!,0
apk jelek😂,0
kurang memuaskan,0
makanya look series aja,1
Kunci buat 2,1
i want Falling Skies series on Netflix Indonesia,0
dimana sbr eps 2 nya bung????,0
suka sama apalkasih cuman karna ror,1
stop delaying Steel Ball Run Netflix,0
bangsat gara-gara ni aplikasi hilang duitku tai padahal sudah berhenti berlangganan,0
WHERE SBR EPS 2,0
where is my sbr part 2 netflixx,0
ok,1
"nonton pake HP. makin lama, makin banyak iklannya. bener² itungan detik trs muncul lagi lagi dan lagi",0
"aduh kendalanya selalu pas download, apakah bug atau eror saya ngak ekspek loh masa kendala nya hanya sepele gini, download tidak selesai, aneh baru apk ini saja yang ada kendalanya dari pengalaman saya yang pernah mengunakan beberapa apk berbeda baik itu berupa berlangganan maupun gratis",1
"sengaja ya buat hype Jojo terus ga ada lanjutan,agar semua orang berlangganan?sampah",0
WEEKLY SBR NETFLIX,0
WHERE IS STEEL BALL RUN,0
SBR nya mana wok,0
tidak jelas bikin akun terus,0
waiting next eps of sbr you scam,0
"where my sbr epsd 2, netflix",0
kenapa pas mau login gaada tempat narok passwordnya ya? apa karna hpku tipe lama? duh capekkkk,1
mana Netflix,0
gud,1
"where is my damn steel ball run, you bastard!",0
woi neflix mana sbr episode 2 yg kau janjikan itu hah😡 di saat orang lain menunggu sbr kau malah promosi BTS itu gak respek banget wok😡,0
is nice,1
Netflix SBR eps 2 nya mana,0
jojo kapan woii,0
"The GOAT of streaming services. Their original content is consistently high-quality, and the UI is the smoothest in the game. I love the ""Smart Downloads"" feature which automatically deletes watched episodes and grabs the next one for me. It’s perfect for binge-watching on the go. The recommendation engine is actually useful, helping me find my next obsession without scrolling for hours. It’s a premium experience that’s worth every penny. Pure fire!",1
mana eps 2 nya sbr ajg,0
STEEL BALL RUN!!!!,0
sbr eps 2,0
let's just pirate.. this dumbass company doesn't deserve our money,0
MANA STEEL BALL RUN EP2,0
"aplikasi sampah, mana steel ball run!!!!",0
rilis sbr woi stage 2,0
where sbr episode 2,0
sbr mana,0
KEPOTOMG TANPA NOTIFIKASI SALDO GUA,0
woy Netflix mana episode 2 stell ball run yang kau janjikan itu??,0
where tf is sbr ep 2,0
mana jojo eps 2 nya,0
where is steel ball run?,0
"gua baru download netflix, ini kenapa pake bahasa belanda?? gak bisa diubah di halaman loginnya aneh",0
sdh langganan kok video tidak tersedia untuk di putar ?,0
apk makin lama makin ancur,0
"maaf developer apakah saya bisa refund, saya ga sengaja berlangganan",0
nyesel wkwk tidak semua film ada rugi masa harus download vpn lagi taik,0
where sbr,0
zaman modern kaya sekarang begini aplk Netflix bagus dan sangat canggih gaya dan mungkin plus bagi yg suka film ataw drama melow... bukti aku sudah download utk aplk tsb trima kasih ya!1,1
dimana anime SBR EPS 2,0
"gak jelas,waktu mau masuk gak bisa sialan emang,gak jelas bnget",0
Where is SBR Netflix 😬,0
MANA SBR NYA KNTLLLL?????,0
MANTAPP JOSS,1
"Please add a special subscription package for games, I beg Netflix",1
Mana SBR weakly nya flix? 2026? flix-flix sengaja ya bikin aku marah😡.,0
sbr eps 2 bro💔,0
SBR eps 2 Rn....,0
mana eps 2 sbr flik?,0
"Netflix, Just release Steelballrun weekly. i Will kill myself if you release it in batches",0
ok,1
netflix mana steel ball run yang kau janji kan itu 😡😡😡,0
makin lelet banget 👎,0
I love this! Watching movies as much as I want!,1
ok,1
mana steel ball run eps 2,0
Where's Steel Ball Run episode 2??,0
"Tolong Tambahin Arc wano di Onepiece nya netflix,, kok ga adaaa? tolong yaaa masa arc egghead ada, wano ga adaa",1
mana steel ball run episode 2nya,0
good,1
where sbr eps 2? 👹👺,0
netflix tolong dong kasih yg 65.000 itu buat jadi 2 perangkat ponsel saya mau berbagi sama teman ku untuk sesama ponsel aja,1
💜💜,1
super slow jojo release,0
perbaiki setting kecerahan waktu menonton. tidak bisa set ke redup otomatis cerah ketika mode menonton. membuat tidak nyaman,0
release sbr properly,0
where is my sbr,0
"Sejauh ini gw dah coba Viki, iQIYI, VIU, Vidio. Memang gak selengkap mereka kalo soal serial drama asia. Tapi Netflix tuh beda sendiri. Bisa bikin 5 profile, fitur voice ASR, codec paling banyak. Minusnya cuma 2 sebenernya. Kurang lengkap kalo soal drama asia, dan video yg diunduh kalau pakai smartphone, itu 50fps, terutama drama china. Sakit mata gw liat gerakannya. Terlalu cepat. Dibikin maskimal 25 FPS aja udah paling bener.",1
Film dan series-nya berkualitas. Cocok buat hiburan di waktu luang.,1
mantap,1
STEEL BALL RUN EPS 2 MANA WOIIIII,0
"Gimana ratingnya gak jelek, netflix gak bisa nonton film kebanyakan buffering loading... padahal jaringan wifi-ku gak ada masalah.",0
steel ball run nya mana netflix!!!,0
Where is Netflix's Jojo Steel Ball Run?,0
mana sbr gua,0
sbr mana woi,0
When will SBR eps 2 be released?,0
steal ball run eps 2 when?,0
sbr nya mana anj,0
"sebenarnya apk ini bagus, tapi saya kesal karna saat saya menonton tiba tiba grafik nya buram sekali, saya sudah berlangganan dari tahun kemarin, sampai sekarang belum ada perbaikan grafik, tolong diperbaiki.",1
mana sbr episode 2 nya,0
Tiba² ga bisa nonton di 2 perangkat bersamaan. padahal berlangganan yang bisa nonton secara bersamaan maksimal 2 perangkat. padahal sebelum ini aman2 aja.,1
Cukup puas ketika menonton film favorit tidak ada Masalah sama sekali aku puas dengan langganan Netflix,1
bring back Jojo Friday,0
"woy admin netflix, mau login netfik aja di persulit ini gimana si, harus bayar dulu baru bisa login gimana si taik banget dah, ngapain si di persulit segala, tinggal masukan akun email udah kek, ini ada persyaratan segala makin ribet",0
bagus juga,0
WHERE IS SBR NETFLIX???!!!,0
aplikasi gila waktu udah langganan gak bisa di buka giliran langganan udah habis bisa di buka,0
woyyyyyy mana sbr eps 2 nya,0
mantap,1
RELEASE THE STEEL BALL RUN WEEKLY,0
"lain kali kalo naro film yang bagus aja, klo dicampur bagus jelek tambahin fitur rating biar tau bagus atau jelek filmnya. gw nonton buang waktu gada faedahnya film jelek maksa dibuat gw mau rating gabisa karna gada fitur rating",0
Steel Ball Run When?????,0
Sudah bagus.. tapi drakor nya masih kurang lengkap dan update,1
"JANGAN RUSAK HYPEJOJO SBR, DENGAN RILIS PERBATCH",0
jojo selalu kena sistem batch,0
"susah buat login nya, harus muter sini muter sana mana harus bayar lagi, ngga ngotak banget lagi harganya, maaf banget min kecewa banget akutuh sampe nangis kaga bisa masuk masuk padahal pengen banget nonton series fav kuu",0
"GAKK JELAS, login gabisa bisa padahal sinyal bagus, sering ke logout sendiri akunnya dan mau login juga susah karn terjadi kesalahan",0
"tidak bisa di buka, notifikasi tidak dapat tersambung netflix",0
busuk. udah langganan tapi gak bisa masuk,0
"sekarang kok bayar,mana jelek bgt lagi app ny,ribet 👎",0
Where's Steel Ball Run Netflix,0
woi mana steel ball run nya !!!!! 👿👿👿👿👿👿😡😡🤬,0
Where is sbr new episode,0
mana STEEL BALL RUN yang kau janjikan upload tiap kamis itu haaaaaaa🤬🤬😡😡😠😤😤,0
sangat tidak jelas kembalikan stell ball run menjadi mingguan,0
Netflix please fix the JoJo Release schedule to Weekly not a Batch,0
"kok sering bug layar pecah2? klo karena spek handphone, ni HP tipe flagship. Jaringan tidak ada masalh, tolong pihak Netflix di perbaiki aplikasi nya.",1
loginnya susah bgt.. udah berkali-kali download tetep susah login.. padahal bagus² disini,0
gagal login terus,0
"Mahal² bayar lebih biar enak nonton, tpi malah di bikin sakit mata sama kualitas gambar nya yg burem, hadeuhh",0
jangan rilis SBR kalo belum siap jembud,0
release Steel Ball Run weekly dawg 🥀,0
"pliks pliks, anime paling ditunggu kaga dpt kepastian eps 2, terus ada wacana naikin harga sub, nyenengin investor doang lu, lama kelamaan apk ini mati sendiri org org jg bakal terus pake bajakan",0
banyak film populer dan kualitasnya sangat bagus,1
mau daftar aj susah tolol,0
aplikasi sampah berhenti langganan netflix gak bisa,0
ikan goreng kan mantep ya nah Netflix juga mantep,1
layar hitam bugs,0
"netflix itu susah metode pembayaran nya, ribet",0
sy suka,1
seruuu bgddd banyak film yg baruu,1
banyak film gak ada,1
"gbs langganan sama dengan gbs dipake bintang 1 mending amajon prem, app gbs dipake sblm langganan, pas dh langganan ternyata ga ada filmnya, merugi cui",0
mana steel ball run netflix.....,0
DI HUAWEI MATEPAD GABISAAAAAA,0
Keren,1
where is steel ball run netflix,0
apk nya kadang eror kadang lag juga,0
bgus bgt,1
Kekurangan film barat tahun 2005-2017 Jadi kurang seru nonton nya,0
where the steel ball run Netflix,0
mantap,1
meskipun sedikit mahal tapi list filmnya banyak dan gak ada habisnya,1
Bagus,1
"Nonton Hiburan Drama Film Horror, Video juga HD 100% persen No HOAX 👍👍👍",1
Aplikasi yang paling bagus banget saya suka sama film drama korea dan film barat.,1
lagi eror ya? gak bisa dibuka coba dwnload di device berbeda jg ga bisa pdahal selalu berlangganan,1
"udah login brapakali, lah tetep ga bisa msk",0
"Sebelumnya oke oke aja untuk kualitas videonya, karena saya beli yang paling bagus. Tapi kok belakangan kualitasnya menurun banget ya, padahal internet stabil, ketika ngecek spesifikasi pemutaran, ternyata device saya ga mendukung. Jadi mikir ulang buat lanjut berlangganan nih kalo ternyata ga mendukung 😅",0
"banyak bug, padahal udah gabung anggota",0
jelekk👎👎,0
berkali kali keluar dari semua perangkat dan ga ada yg pakai tapi ga bisa nonton karna alasan ada perangkat lain yg lagi nonton. (saya beli langsung dari netflixnya),0
"Tolong lah mengapa sulit sekali masuk ke Netflix dari Smartphone saya, sudah membuat akun baru melalui situs resmi Netflix di internet menggunakan akun email Google sukses dan berhasil namun saat ingin menggunakan cara yang sama ke aplikasi ini malah error/terjadi kesalahan tunggu beberapa menit lagi. ini sangat membingungkan mengapa berbeda untuk login melalui website resmi dengan aplikasi, ini sangat mengecewakan jika saya harus menonton dari websitenya dan tidak dari aplikasi.",0
Bagus,1
"sangat enak dipakai untuk menonton film,karena pilihan filmnya sangat lengkap",1
mau nonton INTERSTELLAR udah ga ada padahal film pembuat yang sama masih ada,0
Di huawei matepad susah banget Gagal login trs karena kesalahan,0
terjadi masalah,0
good app for watching movie,1
"gk mau login, selalu kembali ke layar utama jelek",0
"oy aku baru nak nyoba pake netflix bayar 54 nak masukin kode otp nyo be lamo niann ,pas daftar tdi lancar'be giliran nak masuk be susah pahahal sinyal bagus' be kacauu nian ,baru loo kampangg la kecewa nian aku smo kw !!!",1
bagus,1
"Netflix keren, Hapus aje semua film nya😂 masa semua film yang gua cari kaga ada percuma gua langganan bjirr😂😂 katanya ""aplikasi dengan film yang lengkap"" lengkap dari mana coba kek gitu gua cari film yang gua mau yang muncul sampah semua😂😂 KECEWA BERAT🥀✌️",1
karena gaada thr,0
"wow luar biasa mau buat akun aja bayar dulu dipaksa beli paket padahal mau liat dulu daftar film dan serialnya apa aja, langsung uninstall",0
bagus,1
"kok aku GK bisa login,, padahal jaringan waifi ku lancar lohhhhhhh",1
"heran bngtt nih sm app stu ini, udah juga di bayar, masih ada error, mau nonton tpi episode 1 nya malah loding lama bngt, msa ia langsung ke episod 2 sihh, tolong perbaiki lagi.",0
"min ngk bisa login, akun baru",0
BAGUS BGTTT,1
ini gimana dah cara buat akunnya eror mulu,0
release jjba steel ball run eps 2,0
assalamu'alaikum,1
sbr yearly,0
malas berbayar jir,0
Netflix Netflix ready,1
ga seru gabisa nonton kartun Tayo berantem lawan ultramen,0
"Netflix is a great app for watching movies and series. It has a wide variety of content, smooth streaming, and an easy-to-use interface. Perfect for entertainment anytime. Highly recommended!",1
"dah login susah, harga mahal, Berhasil login pas nonton malah keluar sendiri kok makin sampah aja ini",0
"pengguna Baru dipersulit, dari awal daftar mondar mandir ke web ke Gmail padahal punya server sendiri , login terlalu sulit.",0
video nya tidak bisa diputar padahal udah bayar mahal mahal tolong diperbaiki sistem nya!!!!!,0
Rilis anime SBR eps 2 nya mana wok?!!!,1
soalnya bayar,0
"update sekarang sangat buruk netflix saya berubah jadi widevine L3 padahal sebelum update netflix nya masih widevine L1, tolong dong di perbaiki lagi manajemen hak digital nya",0
mantap,1
serius Netflix sekarang ga bisa login,0
"Gabisa login ""terjadi kesalahan coba lagi dalam beberapa menit"",, masalahnya ini udah berhari hari ga bisa hadeh",0
"setiap mau nonton film atau move selalu gaada, heran terkenal tpi tidak lengkap",0
"saya tidak bisa daftar akun, sudah memakai nomor tidak bisa, dan menggunakan email juga tetap tidak bisa, bikin kesel",0
setiap mau login akun selalu aja ada masalah,0
Ini aplikasi bagus ya begitulah,1
loading trs,0
"saya sudah mengeluarkan akun lain, tp netflix tetap saja menganggap saya menonton di perangkat lain juga",1
nice,1
Netflix slalu the best lah,1
tau lah,0
uang di dana saya tersedot padahal saya sudah tidak pakai netflix,0
"saya udah bayar mahal mahal malah akun saya hilang,tolong untuk pihak netflix",0
Bagus,1
"oy aplikasi sya ko gk bisa di buka,, alasan koneksi internet mulu, pdahal internet bagus,, percuma udah bayar tapi gk bisa di tonton",0
"ini kenapa ya sering bngt terjadi kesalahan lah, koneksi internet nggak ada lah, padahal jelas"" internet bagus. kalo cuma sejam doang dih ga masalah ini karang sampe berhari"" ngerugiin waktu berlangganan klo gitu karna kemakan sama bug nya .",0
"aplikasi tll., G j, bikin akun maduk aja susah!!",0
film nya makin dikit,0
krna bts aku ksih bintang 5 dehh,1
bagus,1
wah sumpah seru aku kasih rating 5,1
bagus sih tapi kasih lebih banyak film bioskop,1
gw udh bayar .. gk bisa masuk gw malah disuruh masuk lagi bayar lagi,0
aplikasi ribet,0
aplikasi netflix sangat bagus. walaupun berbayar tetapi film nya tidak bosan sangat update,1
"ga asik udah ga bisa sharing account, padahal harga lumayan mahal dengan aturan yang begitu banyak kurang wort, coba deh improve minimal bisa dipake 2/3 orang masa harus ikutin harga, dan harus satu rumah pelit banget, sedangkan harga sebulan cukup mahal dan untuk sekedar nonton film yang sensitivitas kureng.",0
thank you NetFlixXBTS 💜💜💜💜arirang,1
sumpah di tab Infinix looding kaga bisa masuk ke flim kalo di hp aja bisa,0
yaa lumayan lah,1
"Filem anime yang ada audio Dubbing indonesian nya cuman itu itu saja, cuman sedikit, bahkan filem anime yang terbaru taun ini aja gak ada Dubbing indonesia nya, apalagi yang tahun yang kemarin nya...",0
ok,1
udah berlangganan malah ngak bisa nonton aplikasi macam apa ini,0
"aplikasi gak jelas udah berlangganan tapi disuruh bayar lagi, sudah ajukan refund tapi udah 2 bulan uang nya gak balik balik, sebenarnya gw gak mau kasih bintang tapi minimal harus kasih bintang biar bisa di posting, BALIKIN UANG GW WOII",0
"dapat bug tidak bisa memutar film di Netflix baru sekali ini layar hitam loading terus, bruh why",1
terlalu ribet,0
di Netflix banyak film bagus lama maupun baru apalagi jika berlangganan bisa nonton tanpa ganguan dan selalu dapet notifikasi kalau ada film baru,1
suka banget sama aplikasi nonton inii,1
layarnya jadi glitch mulu pas nonton.,0
"film nya ko patah patah ya, padahal jaringan bgus bgus aj",0
gimana dah cara daftarnya sulit banget,0
ini Netflix gimana sih gua login kok gk masuk² gua udah 68 kali nyoba login gagal terus gjelas!,0
aplikasinya jelek aku udh masukkin akun buat nonton nggak bisa malah nggak di terima anj banget ngeselin pokoknya jelek aplikasi nya kasian aku makannay aku kasih bintang,0
tidak bisa masukan email,0
"udh daftar udh bayar ovo kepotong tp malah tiba2 keluar akun sdri, login lg gak bs2 masuk2, buang2 duit",0
"error 5.8/510 susah di perbaiki, buffering terus",0
gw suka,1
Mantap,1
saya punya saran agar pencarian untuk katagori/genre ketika di pencet sesuai dengan rating film jdi tdk acak agar lebih mudah mencari film dengan genre yang disukai,1
sering banget eror tolong di perbaiki lagi soal nya kalau mau nonton harus berlangganan tololng di jaga kredibilitas nya,0
"pendaftaran yang ribet ,eror terus ,buat masuk aja susah bngt ,makin lama makin ga jelas aplikasinya,udah daftar udah bayar tapi pas mau masuk ga bisa ,buang buang waktu sama uang orang aja.",0
oke,1
kenapa aplikasi ini muter muter terus pas play vidio tolong udah langganan malah gak bisa dipakai,0
apa apa ini kalu mau menonton layar hitam mulu gak bisa mulu udah bayar mahal gimana si layar hitam mulu kesel tolong perbaiki gw download ulang mulu biar bisa nonton kalau mau nonton download apk dulu 4 kali baru bisa kadang² gak bisa sama sekali sampe harus riset pengaturan dulu baru bisa aduhhhhhhhhhh nyesel dah boros kouta sama uang ini mah,0
"demi BTS gue langganan yang paling tinggi, mantep nggak tuh. makasih netflix, gila puas banget nontonnya 💜💜💜💜💜",1
"makin lama makin parah app netflix, banyak bugnya, mau masuk aja ngga bisa udah coba berkali2 asik ditulisnya terjadi kesalahan, sinyal bagus banget padahal.. dan kadang sering keluar sendiri dr akun bolak balik mau login lagiii.. herannnnnnn!!! sayang banget udah bayar mahal mau nonton pun dipersulit, lebih memilih ini dr app lain tapi malah begini :))))",0
"Makin parah, mau login ke akun malah asik tulis ada kesalahan. Wajib bintang 1.",0
Netflik bangke,0
thank you,1
Film dan serialnya sangat banyak dan berkualitas. Tampilan aplikasinya juga mudah digunakan. Cocok untuk hiburan sehari-hari.,1
"cobak sendiri ja,nanti juga tau",0
"terimakasih Netflix sudah menampilkan siaran langsung arirang comeback bts, ily💜",1
bgus,1
"ga jelas bgt padahal udh bayar eh pas log gbisa masuk pdhl email sm sandi sudh benar, buang buang duit ajh nih apk",0
"mau lihat live di hari H malah disuruh update. Sedangkan di browser malah ada gangguan, disuruh izinkan konten dilindungi. Pas diubah tetap nggak bisa",0
"aku kasih bintang 5 tapi bukan buat hal yang bagus, neflix kenapa os nya harus wajib segitu. jujur aku nangis lagi mau nonton konser bts malah gak bisa kudu di perbarui dan udah di perbarui tetep gitu. ok salah di hp ku juga. tapi tetep aja kenapa harus wajib segitu. aku nangis mana udah berlangganan demi nonton konser live nya",1
"sebenernya bagus tpi ga banyak film yang bener"" tersedia. apk nya udah di update tpi masih gabisa nonton live streaming. aneh bgt sih. b aja lah. ga espect udh diupdate tpi nonton live streaming masih gabisa",0
heh udah gua update terbaru TTp kagak bisa y,0
download nya lama,1
Baguss,1
kenapa tidak bisa membuka live untuk konser bangtan padahal sudah langganan cuma suruh abdet os android,1
gimana sih gw udah langanan buat liat konser bts. tapi ko gak bisa di buka gini sih buang buang duit aja. bisa nya buat liat film doang,0
banyak film yang gak bisa di searching untuk menemuka film yang bakalan di nonton,0
mau nonton live BTS harus install ulang terbaru.,1
mau login aja ribet,0
"Aku instal dan berlangganan karena comeback BTS, BORAHAE!!",1
terlalu mahal 54k cuman dapat 480p,0
happyness always also hold on long and healthya always 😇😊😍💯love full this ist my life love self on my phone everyday,1
oke,1
bagus,1
ganggu bet iklan nya di game lain,0
saya sudah mematikan berlangganan otomatis tpi kenapa dipotong saldo saya terimakasih sudah menyusahkan itu uang saya buat berobat terimakasih banyak admin,0
"apa sih ini, udah berhenti langganan malah potong saldo ku seenaknya. sumpah benci banget kaya gini",0
gua kasih bintang 3 karna orang gak mampu harus banget berlangganan,1
Lagunya bagus2,1
aplikasi aneh apa ini udh masuk udh bayar juga ttp aja ga bisa nonton sampah bgt,0
"aplikasi gak ok, baru download, udah berlangganan, tapi tetep gak bisa masuk,,",0
bagus,1
"jujur aku udh bulak balik masuk pake gmail tapi selalu gagal, di kode lah, di email lah. kaya gitu terus sampai bosan. ini gimana yah tolong dong muak banget bulak balik login.",0
"akun gua kenapa, gua bayar resmi ya gk bisa masuk gua",0
Netflix selalu jadi aplikasi favorit untuk nonton. Kualitas Streaming Mantap!.,1
gagal masuk terus,0
rela download demi BTS😭😭,1
repot juga aplikasi ini mau nonton harus berlangganan dulu mana dana ngk cukup lagi,1
saya tidak bisa log in ke akun saya,1
dramanya bagus,1
"apknya error atau apa, masa ga bsa login udh bnyk akun dicoba slalu blng email tdk valid",0
bagus banget bikin ketawa ngakak,1
gimana sih aku gak bisa masuk jangan pake uang dong,0
Awal daftar suruh bayar jir mau bayar gitu terus buka Gmail lagi eeek emang,0
seru fllm nya,1
"mau daftar masuk susah sekali, link dikirim ke email malah gak ada masuk link nyaa, udh itu dispam buat kirim link malah gak bisa lagi",0
"donwload, karna mau liat bts comback",1
susah login nya harus di suruh bayar,0
gua mau masuk nggak bisa,0
goof,1
Napa serial yg gw tonton pada ilang gaje bet gw dah bayar ya malah pada hilang,0
"aplikasi yang luar biasa, tidak perlu jauh jauh nonton lagi..the best",1
waktu ingin masuk login membuat akun saya sangat kesulitan... tidak ada arahan,1
a very good place to watch movies. I find it easy to watch the latest movies,1
ok,1
download ini cuman buat nonton konser bts. jangan error yaa kalau error bintang satu nih😭😭🙏,1
"film favorit nya kok makin sedikit ya, terus juga ini tolonglah pemberitahuan jelas untuk pembayaran selanjutnya, iya aku tau memang tanggal fix jatuh tempo nya contoh 18 maret berarti selanjutnya 18 april, saya pengen top up malah tiba tiba terpotong tanpa ada notifikasi, apa apaan ini, kasih tau dulu dong baru bersiap bayar",0
gak bisa login jing stuck,0
saya menyukai nya karena dia juga berkerja sama dengan Bangtan 🤭🤭🤩😘,1
harus bngt ya di dubbing segala 😌 gabisa gitu dengerin lgsung bahasa mereka trus baca terjemahannya aja. mohon maaf aku gabisa normalisasikan nonton film luar tapi ngomongnya pake bindo,1
ini gimana sih gabisa daftar busuk amat apk,0
mau daftar akun nya kok ga bisa bisa auto uninstall lagi deh,0
film yg di sediakan masih kurang update film terbaru bahkan film movies Korea di layar kaca 21 ada di Netflix tidak ada,1
jelek susah masuk,0
aku download Netflix cuma karna pengen nonton bts,1
susah login,0
"Filmnya masih banyak yang kurang sih. Anime dan sebagainya. kalau untuk film terbaru, netflix memang update terus. intinya ini aplikasi keren deh kalau di pakai untuk nonton. Selebihnya sediakan anime yang banyak dan film film jadul.",1
susah di akses login ngak bisa.. apaan ini,0
bagusss,1
Update Movie One Piece Min yang versi animee,1
"bagaimana inii tidak bisa login, tolong di perbaiki yaa saya ingin login",1
gak jelas saya mau login gak bisa padahal udah masuk kan email sama namor telpon tetap gak bisa gak jelas emang ni aplikasi,0
TIDAK BISA LOG IN,0
leaving soon,0
terjadi kesalahan mulu pdhl udh bnr semua udh di coba pake data pk wifi sm aj,0
kenapa sudah batal keanggotaan dan hapus aplikasi masih otomatis pay? sayang bgt uang nya ga bisa refund. notifikasi gopay tiba2 ada keluar 120k,0
"Minta update, m-mulu HBSin kuota.. otw hapus atuh•!🙏🥺",0
kenapa aku nyoba masuk pengguna baru pakai email atau no telpon kok gk bisa ya.. udah coba berkali kali tetep gk bisa,0
susah daftar,0
login susah,0
"Walaupun berbayar tiap bulan 65rb. Worth it dengan tayangan yang disajikan, lengkap dan bagus² 🥰",1
"saya sudah berhenti berlangganan, kenapa setiap bulannya tetap automatis terpotong pembayatan akun Netflix, segera konfirmasi alasannya",0
"kecewa mau berlangganan tapi malah gabisa login, mau pake gmail, mau pake nomor, gagal terus yaudah gajadi langganan aja",0
sudah berulang kali mendaftar dan memasukkan email tapi tak pernah bisa😭,1
"Netflix terbaik, hiburan yang baik untuk nonton Ghibli dll, update terus film"" barunyaaa , semangat yang kerja di Netflix 👍🏻👍🏻 terimakasih banyak sudah membuat kami senang",1
"Sekarang mah, telat bayar langsung gak bisa nonton",0
lumayan bagus ini aplikasi,1
Ga bis login ah males.,0
tim yang download Netflix buat dukung comeback BTS☝️ aku kasih bintang 5 nih semoga jaringannya lancar ya nga tiba2 down karena ARMY seluruh dunia nonton di waktu bersamaan,1
Terbaik,1
baguss,1
ok apk nya,1
aplikasi s4mpah! gak bisa login sia-sia aja di download,0
halo netflix saya ingin memberitahu bahwa saya tidak pernah melakukan langganan netflix tetapi saldo saya sebesar 186.000 telah terpotong mohon tolong kendala saya,1
login susah banget,0
aplikasi gajelas bangett disuruh login masukin email padahal udah bener email-nya tetap aja gabisa melanjutkan masuk udah gitu saya tidak menerima kode sama sekali dari Netflix harus banyak diperbarui ini aplikasinya,0
Top streaming platform with high-quality shows and movies for all tastes.,1
"Asli sih, katalog film sama series-nya emang nggak ada lawan. Rekomendasi di beranda juga pinter banget nyesuain sama selera tontonan saya. Fitur download-nya ngebantu banget biar bisa nonton pas lagi di jalan tanpa kuota. Mantap👍",1
good,1
"untuk nonton di redmi pad 2 tidak bisa full hd padahal spec sudah widevine L1 dan internet kencang, ada apa dengan netflix? di app streaming sebelah bisa full hd loh",0
apps ini sudah bayar login susah lagi. celek dan tak akurat,0
"aplikasi gajelas masa mao daftar ga bisa"" udah gmail nya benar tapi ga ke kirim"" link nya ngaco jangan download kalo ga mao nyesel",0
"saya tidak mendownload aplikasi ini, terinstall saat update. Tidak dapat diuninstall terus update hanya memenuhi memory saja",0
good,1
aplikasi sampah. udh langganan dari lama problemnya masih sama. tiba-tiba keluar sendiri. padahal udah bayar,0
gue download ini karena mau lihat live comeback bts arirangg,1
"ini knp g bsa daftar sih astaga, mau komplain bingung komplain ke siapa. setiap masukin email malah stuck di pertinjau email. ini gmn dong Netflix, saya mau liat bts comeback!!!",0
"gak bisa login udah semua cara di pakai dari email atau no tlpn, gak bisa login",0
Untuk film anak jarang yang pakai audio bahasa Indonesia.,1
bagus,1
"kenapa gak bisa login loh??? padahal biasanya aku bisa² aja kalok login ke apk lainnya mah,ini aku udh nurutin semuanya malah tetap gak bisa login jugak!",0
"gabisa login, cape bgt dari kemarin",0
"mau masukin akun aj susah bgt, error mulu",0
kok eror saat aku nonton film dan ini kacau sekali,0
tolong jangan di persulit aku mau nonton aja gak bisa kudu bayar dulu coba buat aplikasi yang gak berbayar jadi aku nyaman nonton nya trus kenapa gak bisa masuk malah di suruh pendaftaran ulang,0
"Seru coyyy, walaupun bayar",1
ga bisa masuk pakek email,0
masa harus bayar sii,0
"tolong ya min,aku udah bayar dan uangnya udah keambil kok malahan disuruh bayar ulang,dan uang saya g kembali juga?????",0
"heran gw,kenapa g bisa login dah. padahal sinyal lancar bet",0
merasa di tipu saya. saya sdh pepanjang bulan ini yang 65rb an. kok malah gak bisa dibuka film2 nya. disruh bayar lagi,0
"aplikasi monyet saya sudah berhenti berlangganan, masih perpanjang otomatis",0
"apaaan dah ini aplikasi udah langganan di shopepay malah keluar di suruh langganan lagi, dan layar bug hitam tolong di perbaiki.!!",0
ok,1
Kenapa di tablet huawei gabisa dan eror mulu setiap loginn,0
"kenapa susah masuknya min? udh masukin email dan nomor tlpn, ttp susah masuk, gmn nih?",0
gak bisa nonton karena harus ada no hp gw 🤬🤬🤬,0
kek mana ini Netflix saya udh ngeluarin duit untuk langganan tapi kenapa masih ga bisa juga sih duit saya udh kepotong loh tolong lah KLO emng ga bisa balikin duit saya 54k😭,0
sangt bgus,1
OK tapi mahall bet,1
bagus,1
ga bisa masuk,0
"kak ini kenapa netflix nya kok ngak bisa dari kemarin ganguan terus ,saya ngak bisa nonton ini",1
"aplikasi setelah update sering masalah jaringan padahal jaringan lancar, dan video offline tampilan pilihan untuk audio&subtitlenya hilang",0
Netflixnya ngelek gagak aktif selalu,1
"ada bug yaitu tidak bisa login dengan segala cara, ""mungkin"" ada sedikit masalah pada sistem nya (ZEN)",1
"sangat buruk,burik nggk jelas aplikasi macam apa ini,udah bayar nggk bisa berbagi layar bujang",0
kenapa ini Netflix sekarang tidak bisa masuk?,0
mau masuk saja Ribet asyu emang 😒,0
woy keluarin agak laen 2,1
mudah eror yaa,0
Tidak Berfungsi,0
ini apa kebanyakan berbayar,0
"this is one of my best platforms that provides the latest interesting films and series. It has offline features and in terms of service costs, it is very affordable in my opinion.",1
"kenapa tidak bisa masuk, sudah bayar juga, saya berlangganan pertama kali ini karena mau nonton live konser BTS.. tapi setelah melakukan pembayaran tidak bisa masuk dari kemarin",0
baguss film nya update film terbaru donggg,1
Netflix secara otomatis memperpanjang langganan saya dengan langsung memotong saldo tanpa seizin dan pemberitahuan terlebih dahulu. Saya mohon untuk memberikan pengembalian dana sekarang karena Saya sudah tidak membutuhkan nya Lagi,0
aplikasi sampah. gak bisa daftar atau masuk sama sekali. menyesal mendownload nya,0
I glad Netflix got new game but I love tv show,1
sayang nya Netflix mensensor film dewasa padahal berbayar disini sangat sedih,1
paling kesel sama aplikasi yang ga bjsa di unistal padahal ga butuh aplikasi kaya gini ga guna yang ada ngabisin kuota doang,0
OK,1
"Nyusahin, loginnya susah🤦",0
kenapa dana saya dii potong tanpa pemberitahuan blix dana saya,1
sudah putus berlangganan masih saja. motong langganan.,0
susah login nya,0
"duhh,, tidak bisa dibuka aplikasi nya?? walaupun udah di un&install lagi app nya...",1
My experience with Netflix has been great because the recommendations are usually on point. The app also runs smoothly and the video quality is amazing🤩🥳,1
g bisa msuk,0
tayangkan lebih banyak film castlevania 100 film,1
aku tifk bisa mendaftar,0
bagus,1
"gak ada menu daftar di apk ,yang di jaman serba praktis ini ribet banget",0
trimakasi bagus juga,1
"Film nya selalu update hasil gambar nya bersih serta layanan nya bagus ...rekomen buat kalian semua ,dan aq sdh menjadi pelanggan sejak lama",1
mantap,1
kepotong sendiri pembayaran nya,0
"apk ga jelas tiba² ambil saldo saya sendiri ,padahal saya gamau berlangganan",0
udah berlangganan tapi videonya gak bisa d putar bagaimana sih inii😡😡😡,0
menonton dgn puas,1
"ga bisa masuk,tombol lanjutkan udah di tekan tapi layar ga berubah",0
ga tau kenapa. ini udah berbayar tapi kadang bikin bug di hp aku. yang harus direset dulu baru balik ke normal. ganggu,0
kikir,0
bagus sih tapi aku lebih suka menonton film dan mendengarkan audio filem mengunakan bahasa Indonesia sih di Netflix dan di apk berbayar lainnya sama,1
tidak dapat masuk,0
kenapa gk bisa login anying,0
lagi ganguan min?,1
"Sejauh ini aplikasinya Oke, sih. Download Netflix karena mau nonton film²nya Studio Ghibli & SORE : Istri Dari Masa Depan, juga film² lain yang ada Sheila Dara Aisha-nya :) Tolong terus tingkatkan user experience dan keamanan aplikasi. Terima kasih.",1
"Kamu tampaknya menggunakan pembuka blokir atau proxy, padahal ga pake apa² koneksi polosan dari starlink makin aneh netflix akhir² ini rugi dong udah langganan tapi ga bisa dipake",0
"mau login aja gabisa kocak, padahal kalau login lewat ios lancar jaya emang lawak",0
susah banget loginnya,0
aplikasi sangat bagus semua orang wajib punya aplikasi ini joss,1
sesuai ekspektasi sesuai nilai berlangganan,1
seru banget untuk menonton film dan mudah untuk digunakan,1
udah di bayar. tapi gagal berlangganan. dan uangnya hangus. bagaimana ini,0
tdk bisa masuk walau sdh dikasih no hp dan email bbrp kali dan bbrp nmr tlp & email.,0
jelek,0
"Mengecewakan. saya pengguna dan baru berlangganan aplikasi Netflix tapi saat menonton film gambar hitam, sudah install ulang, hapus cache dan restart tapi masih gambar hitam. sangat mengecewakan",0
"Saya download ini biar bisa nonton comback BTS, semoga tidak eror pas hari H 🤗",1
login masuknya ngga jadi² apk payah gajelas banget,0
Login nya gimana njir,1
film nya seru seru,1
gk bagus bikin akun gk bisa bisa dasar aplikasi dongo udah mb nya banyak jelek buruk buat akun susah lagi,0
Bagus,1
download netflix buat nonton live streamingnya BTS doang,1
"gak bisa didownload /di tonton offline KLO beda hp walaupun, masih sama akun email nya dan saya pindah deh ke vidio, sekian dan terimakasih",1
Great experience! I love how Netflix recommends shows based on my interests,1
btw aku download ni apk gara² bts mau live di mari ye,1
"kontennya tidak bisa diputar? gak usah khawatir, kalian cukup restart/mulai ulang hp kalian",1
kenapa sudah bayar menggunakan perangkat TV tdk bs muncul,0
mau login aja susahnya minta ampun,0
sudah bayar buat beli paketan.tapi tidak masuk ke aplikasinya.gimana car benerinnya ?,1
Tidak bisa login tab huawei:(,0
mau daftar gak bisa² saldo cukup tp keterangan tidak dapat melanjutkan proses,0
ga jelas ga bisa masuk ribet bisa beberapa dikit ga udah susah masuk lama ga jelas ga niat bet bikin apk,0
tambahkan taxi driver season 2 dan 3,1
jelek ga jls. bikin ribet ga jls bgt bisa ga di perbaiki,0
sudah berlangganan tapi pada saat ingin masuk ke Netflix malah di suruh berlangganan lagi gimana ini,0
"udah bayar tapi gak bisa nonton, ""can't connect to netflix"" terus",0
film di netflix kaya bajakan gambar nya kadang rusak parah sih kecewa ini mah uda bayar nya mahal,0
"gila,mau daftar gabisa masuk",0
good,1
"ribet masuk nya, mending hapus aja",0
lucu,1
sumpah yaaaa ngeselin bangettt sebenernya film nya bagus bagus tapi kenapa selalu ada bug layar hitam saya udah ikutin panduan tetep aja gabisa !!! berhari hari lho saya coba tapi gabisaaaa ini gimana sii ????,0
aplikasi jelek,0
udah dibayar disuruh bayar lagi,0
ga bisa login pake daftar pakai nomor hp.. kocak,0
sampah,0
"orang kalo udah selesai langganan, terus lu paksain gitu buat langganan yang tiba tiba otamatis bayar??? kalo saldo dia pas Pasan terus tiba tiba kebayar Ama apk lu gimana??",0
"Netflix kok aneh gini yaa, padahal gak ada pakai program proxy atau vpn, tapi beberapa film menampilkan penggunaan proxy, padahal gak pakai atau dihidupkan sama sekali, tolong yaa Netflix dibedah lagi, jadi susah buat nonton film yang dimau, udah rugi ini beli akun Netflix tiap bulan",0
Ok,1
"aplikasi tidak jelas, susah login",0
tidak bisa masuk hanya Stak di membuat akun,0
"JELEK, KARNA ADA KOREA SELATAN 😡",0
"saya tidak bisa membuka aplikasi netflix, kenapa ya?",1
saya sudah membeli paket langganan Netflix mobile dari Telkomsel tapi SMS Netflix nya kenapa gak masuk-masuk????,0
kenapa kaga bisa daftar aplikasi dongo,0
TOLONG DI PERBAIKI,0
udah stop langganan malah masih narik saldo untuk langganan,0
bagus,1
kok one piece nya yang berurutan cuma sampai episode 750 saja ya,1
bagus,1
netflix emang paling kerennnn 👍,1
"Aplikasi suka error keluar, tiba tiba akun suka log out tanpa alasan yang jelas",0
"gk bisa berkata kata, intinya bagusssss",1
"kenapa orang2 komen pada susah lah pada ini lah,,,saya punya akun Netflix udah 5 tahun,,kadang saya hapus selama 2 tahun lalu saya download lagi,,,gampang2 aja tinggal masukin email yg dulu terpasang dn aktifkan kembali berlanggannya,,,,padahal saya sudah ganti hp berkali2,,tapi aman2 aja kok yg penting inget email nya aja,,dulu tahun 2021 saya daftar standar harganya 54000 skrng tahun 2026 harga standar 65000",1
bagus,1
keren,1
jelek,0
apaan sih kok susah banget buat login pengguna baru ribet,0
Susah pendaftarannya. Ribet,0
lebih suka versi lama gak ribet log in nya kalo mau beli paketan,0
"aplikasi gak jelas, mentang² udah terkenal mau login aja disuruh bayar dulu untuk langganan, giliran udah langganan tiba² akun keluar masuk lagi suruh bayar. auto uninstall njirrr. buat yg mau download mikir² lagi deh resikonya banyak. untung di perusahaan, lemot juga. aduh gak jelas makin terkenal makin mahal harganya...",0
"dulu tinggal klik sekarang harus berulang reload 2 g jelas, padahal jaringan ok",1
filmnya ga lengkap untuk drakor sedikit bgt yang update,0
"aku kasi bintang 5. bener² bagus ini aplikasi, saya pakai dari 2022-skrng, koleksinya bagus² apa lagi saya pecinta horor indo, di sini koleksi horornya bnyk, gk cuma horor, berbagai genre ada👍👍👍",1
udah di batalin masi aja nyedot anj,0
kesini gegara BANGTAN (BTS) hahaaa,1
suka,1
"apaan bgt, udh berkali kali daftar tp gbs",0
sudah langganan bertahun tahun tapi kualitas gambar nya sering buruk. tolong di perbaiki ya,1
di suruh verifikasi pembaruan mulu,1
"Aplikasinya kurang bagus , kek kocok aplikasi nya",0
di tablet tidak bisa memutar film.....,0
"kok malah jadi bahasa Jepang sih? gimana mau berlangganan!? ganggu banget, mana gabisa ss gimana mau translate?? ubah tuh semuanya, jelek bnget Netflix sekarang kamis, 12 maret 2026:hari ini kenapa tiba² subs indo nya hilang?? bisa ga sih gausah diotak-atik. ganggu banget.",0
tolong Netflix saya kadang gak bisa putar video padahal jaringannya bagus banget 🥲,1
sangat baik,1
Bagus,1
sekrang jadi susah login... ribet.. sering mncul terjadi kesalahan kalo mau login...,0
"untuk film bnyak yang dihapus dari netflik, pdhal mau ditonton malah dihapus bgkee",1
"gabisa berhenti berlangganan, otomatis pembayaran selalau kesedot",0
gk bisa batal langganan,0
kenapa siiih situsnya upgrade jadi bermasalah mulu kalo log in 😭,1
"apk paling. ribet, mau nntn aja pendftran dan cara bayar nya ribet. bintang 1 lah.",0
sekarang susah masuk akun sih di Netflix tidak seperti dulu gampang,1
thanks for one piece live action & the mentalist series,1
ok banget,1
bagus sekali untuk saya,1
"knp saya tidak bisa masuk dan tdk bisa nonton, padahal saya sdh mendaftarkan dan sdh membayar",0
lol harus bayar dulu baru bisa masuk,0
"awalnya saya punya 1 akun di 2 HP, lalu ada warning untuk upgrade ke versi 1 akun 2 perangkat, saya ngga upgrade tapi uninstall di salah satu perangkat, tapi tetap saja ngga bisa nonton lagi, keluar notif dipaksa upgrade ke versi 1 akun untuk 2 perangkat, hmmmm....",0
lebih seru,1
lebih bagus lagi klo semua di komplitin lagi filmnya,1
"saya sangat puas dengan semua pelayanan yang di berikan, saya afdal baru pertama kali mencoba aplikasi ini dan ini sangat indah",1
kenapa setelah saya membeli tidak bisa terputar video nya . ini gimana si,0
request film adaptasi the warrior PS 2,1
"makin kesini makin rusak ni netflix. sinyal bagus tetep gak bisa diputer film nya,",0
mau bikin akun aja susah bangt karna browser tidak didukung oleh netflix hadehhh ribet,0
"saran untuk netflix gedein suara dubing nya, soalnya kalah sama suara efeknya ga kedengeran pemeran nya pada ngomong apa kegedean suara efeknya",0
filmnya bagus semua,1
gada film terbaru,1
filmnya seru seru semua,1
"terbaik menurut ku sejauh ini, di TV lancar jaya",1
"apa-apaan ni netflik udah masukin gmail&pasword udah bener malah di suruh masukin ulang pasword, mau licik apa gimana ni apk",0
mau login aja ribet,0
mantap,1
"udah beli paketnya, kok ngelag, anjir, pantesan bintang 3,5.. gak ada perbaikan tolol..",0
bagus,1
terbaik,1
punya saya gabisa dibuka menyambung mulu tulisannya,0
ok,1
saya ga berlangganan Netflix ko tiba tiba saldo saya dari dana kepotong ya buat Netflix subscription aneh kalo Netflix nya bisa d akses sih gamasalah kepotong juga ini sama sekali gabisa d aksen nonton juga ga bisa kacau Netflix parah semoga kebaca sama CEO Dirut sama manager nya,1
ribet no simple,0
susah banget pas login malah di suruh berlangganan,0
"niat bikin aplikasi gak sih,dari pertama berlangganan sampai sekarang 1 film pun gak tertonton,buang buang duit saja,saran kalau gak niat bikin aplikasi mending hapus saja nih aplkasi",0
"gimana sih Netflix akun aku gak bisa buat nonton telat bayar,giliran dah bayar pakai shoppe pay eh sampe dua kali duit gue kepotong,masih juga gak bisa nonton,mau komplen ke mana bingung, gak jelas sumpah rugi banget gue",0
kenapa harus membayar untuk menonton?,0
"apaan, saya sudah langganan di by.u tapi pas buka app Netflix, suruh langganan ulang, anjir lah buang2 uangku sjaa.",0
"netflix lagi kenapa dah, susah banget buat nonton loading' mulu GAJELAS",0
sering gangguan tidak bisa masuk,0
g bisa login,0
seru banget buat tunggu buka puasa,1
film nya lama2 tidak,1
gak bisa buat akun berkali kali,0
Great,1
makin jelek ni Netflix :(,0
aplikasi aneh ngga bisa masuk padahal udah ada akun,0
"ini kenapa yaa Netflix selalu bilang ga ada jaringan atau tidak terdeteksi jaringan,,padahal jaringannya bagus banget.. 1bulan langganan tapi cuma bisa kepake beberapa Minggu aja.. rugii",0
ngk bisa d putar film nya pdhal sdah berlangganan,0
pendaftaran akun ribet amat maksa di suruh berlangganan pula dongo,0
"film ga lengkap masa itu"" doang filmnya improve dong",0
Sering banget eror njz,0
"Kenapa payment ku ga diterima sih min, udah 2 bulan gagal terus, saldonya ada, tapi selalu dibuat mutar2 buat paymentnya, Aelahh",0
"saya memiliki masalah dengan netflix, sudah beberapa hari ini akun netflix nya tidak bisa menonton film...",0
ada apa ya Netflix? perangkat saya gak bisa connect? jadi merasa rugi bayar sebulan,1
terpaksa bintang 1 karena selalu muncul bukan bagian dr rumah netflix. helloooow paketan ber 4 dan cuma 4 orang yg pake lho,0
"banyak Serial yang berhenti Update di tengah cerita.. conto MF Gosh . padahal Di Platfrom lain Update tiap kamis,sudah season 3 episode 34. lalu Avatar the Last Air bender juga putus di tengah jalan. bayar tiap bulan tapi tidak memuaskan. bikin konsumen kecewa. film aga laen 2 pun belum tersedia. payah",0
"Aplikasi terbaik untuk hiburan di rumah! Pilihan film dan serialnya sangat beragam, dari yang lawas sampai yang terbaru selalu ada.",1
apa ini ..ngga bisa terhubung terusssss..,0
"aku dowload ini cuma buat nonton konser bts, berlangganan juga besok kalo mendekati hari h nya awas aja klo ga bisa🙄",1
"apalah ini gw udah bayar saldo shopee pay gwe kepotong 65 rebu, giliran masuk netflix pembayaran tidak berhasil. kan tolol. mohon diperbaiki sistemnya woiiii",0
Vif,1
aplh mw donlod malah ga bisa2 daftar nya pdhl ud naruh Gmail bete gw,0
"baru berlangganan Netflix lewat mobile, pas play ko gambarnya gak muncul muncul. kecewa!!!",0
netflix makin ngaco makin ngaco lagi orang udah bener malah salah terus,0
harus banget berbayar,0
"ini netflix skrg kenapa ya setiap mau play vidionya malah muter2 doang, padahal jaringan oke pakai wifi , trailer video bisa diputar tapi giliran mau play vidio malah gabisa mutar2 terus",0
"Aku nonton Netflix berasa nonton layar lebar, gak tau kenapa ngelag banget di hp padahal cuman nonton video coba nonton Viu aman sekali nonton Netflix ngelag seperti main game",0
padahal saya udah lepas akun berakhir berlangganan.masihs saja saldo saya di ambil tiap bulann.gimana cara berhenti nya,0
"saya sudah membayar langganan, namun tidak bisa login ke app, percuma uang saya...pdhl sudah sempat saya uninstall dan install lagi tapi tetap sama saja, tidak mau lagi saya 🙂‍↔️",0
Suka,1
This is a good app for watching 👏,1
neflik pilm jdul semua kg ada yang baru gtu,0
bagus,1
rekomendasi ⭐⭐⭐⭐⭐,0
"gaasik film yg terbaik dan terbagus aja gaada,film nya ga lengkap,banyak banget kekurangannya,ga worth it",0
pembayaran otomatis berhasil tp status aplikasi netflix pembayaran tertunda. trs uang gw lari kmn woi.,0
sampah,0
lama banget loudingnya,0
"sy senang adanya Netflix sy yg suka nonton film-film bioskop,JD hanya nonton film bioskop di rumah jd terobati hehe banyak film-film bagus 👍👍👍👍🎉🎉🎉🎉sukses team Netflix.",1
"niat nya pingin langganan satu bulan doang, kukira pembayaran nya manual ternyata langsung ngambil dari dana ku rugi rugi",0
aplikasi ini sangat bagus,1
"KENAPA LU GAK TAMBAHIN Friendly rivalry DI INDONESIA, TAMBAHIN AJA PLS AKU MAU NONTON",1
"suka, tapi sayang kurang lengkap film nya, padahal langganan",1
gara2 Smart TV merk akari blm kerjasama sm Netflix ..jd ga bisa nonton movie di iTV.. maaf saya akan uninstal Netflix .. ga akan lanjut berlangganan,0
"padahal udah fi update masi gak bisa mendownload kira kira kenapa ya guys, help",0
mengapa beberapa season tidak ada? seperti contohnya zou arc dan whole cake art di one piece tidak ada jejaknya. gimana sih!?!?,0
apk jelek paksa bgt bayar,0
saat mau masuk gak bisa selalu kesalahan jaringan. udah berkali kali ngulang tetap GK bisaa,0
ga bisa login woi!! padahal udah bener,0
"RIBET... TOLONG DI BIKIN SEMPLE TAPI TETEP AMAN LAH. SEKARANG UDAH ZAMAN MUDAH TAPI APLIKASI INI BURUK. TETEP GAK BISA. LEBIH SIMPLE APLIKASI VIDEO DAN HBO MAX. AYO YANG LAIN, PINDAH AJA KE APLIKASI ITU, LEBIH GAMPANG LOG IN, PEMBAYARANGAMPANG, TERUS NO TIPU2, ,,, NONTON LANCAR,",0
skrg masa suru bayar dulu baru bisa login,0
"sukaaaqx,, bingfits,, sualnyaa,, bisa,, nonton,,, animeh,,, kezukaan,, w😛😛",1
bagus ada film elitis🤭,1
bagus,1
"kecewa bnget, mau perpanjang tapi ganti paket ke yg 1080p aja gabisa harus bayar yg 720p dulu. mksud nya apa coba. biar cuan kali, Hadeh....",1
udah di update tp ttp gak bisa dibuka . aplikasi aneh,0
maaf ada yang tau gk saya mau berlangganan tapi pas sudah ngisi credit cart trus harus nulis no hp tp pas saya tulis no hp saya tidak terveripikasi padahal no hp aktip dan ada pulsa nya,1
"sudah di bayar bulanan nya tapi masih di persulit untuk login, alhasil duit 54 ribu ku lenyap seketika",0
"aplikasi resmi, terkenal tapi ngarahin pembayaran nya lewat web, habis ketipu ratusan ribu",0
bagus,1
"Tidak bisa dibuka, baik di tv ataupun handphone. Padahal baru perpanjang langganan, sudah tidak bisa dipakai",0
"terlalu ribet, jangankan mau langganan kalau mau daftar aja gak bisa, saran saya buat bagian pendaftaran/login bisa pakai akun google",0
"I can't log in to my subscribed account😭, ""too many devices, bla bla"" i just have one phone",0
orang**yg ngasih bintang 5 ke apk ini aneh sihhh.....tiba**top up otomatis gc ada konfirmasih....,0
buruk,0
"udah langganan, malah apk nya ga bisa di buka. tolong lah Netflix, jangan bikin ribet uy",1
"Suka keluar sendiri mulu. Pas mau log in yg pake sandi, eh ga ada tampilan nya/pilihan nya.",0
"jaringan aman, buka aplikasi lain lancar, nah knp neflix buka film malah muter"".",1
ini kenapa gabisa di install🥲,1
👍🏻👍🏻👍🏻,1
gabisa di download,0
asalnya lancar. trus sering keluar. baikin dulu baru saya kasih bintang 5.,1
bagus tayangan nya,1
aplikasi keluar sendiri,1
"ini kenapa ya sy udah lanjut pembayaran udah berhasil bulanan lagi, kok malah gabisa dibuka??? apk keluar terus dgn sendirinya, ttup aplikasi. kenapa ya ky gt?",0
bisa pengantj nonton TV,1
yang bener aja mau masuk tiba tiba keluar sendiri.. ada apa niihhhh!! PERBAIKI!,0
kenapa eror kah,1
"lagi asik"" nonton tiba"" apk keluar sndiri udah coba masuk lagi ampe dah restart HP masih aja gak bisa tolong di perbaiki padahal baru bayar",0
kenapa ya dengan netflix pagi ini? gak bisa dibuka,1
sangat puas dengan aplikasi ini,1
"update sekarang ga bagus, sering close sendiri padahal sudah bayar paket nya, update apps nya pun sudah versi terbaru uangku jadi melayang sia sia",0
Aplikasi sering crash (force close),0
the best,1
bagus,1
suka error tiba tiba,0
netflix tiba tiba gak bisa di gunakan padahal mau melakukan pembayaran untuk langganan lagi,0
tidak bs buka aplikasi alasan kena bug,0
"aplikasi mogok, rugi beli paket premium",0
netflix ku knp gbisa dibuka wehhh.,0
ga jelas banget ni apk. tiba tiba force close dan ga bisa di pakek. tiap update bukan ngurangin bug malah makin nambah.,0
"selamat pagi... maaf ada apakah dengan netflix? tidak bisa dibuka, ada apa ya kak? sedang menonton malah mati",0
"aplikasi crash ga bisa dibuka, tagihan sudah bayar.. ada apa ini?",0
"kenapa tiba2 jadi for close aplikasinya, tiap dibuka kluar2 sndri?",0
"eror Mulu. udh update, masuk gabisa keluar sendiri trs . parah",0
tiap dibuka mati kembali lagi padahal udah beli paket gak jelas,0
jelekkk,0
lagi enak nonton tiba-tiba ilang. masuk lagi ga bisa. ini kenapa ya rada2 ga bener apk nya skrg,0
ngebug nih gak bisa dibuka di poco,0
kenapa aplikasi keluar sendiri dan tidak dapat masuk lagi? saya juga sudah berlangganan,0
"baru bayar gabisa buat nonton ""Netflix telah berhenti""",0
sebelum byar bisa masuk setelah byr mau nonton malah mental trus apk nya,0
apk tiba tiba keluar sendiri,0
gak bisa dibuka eror hh tlong dong prbaiki servernya. netflix mogok krna alsnya sendiri . mksudnya aapaaa coooooo. udh dbyr mogok gak jls,0
kenapa aplikasi menutup sendiri terus??? bagaimana saya membetulkannya 😫😩,1
apk di update malam force close terus,0
"apalah Netflix ni bisa keluar sendiri, bisa pulak aplikasi nya bermasalah",0
Kenapa Aplikasi tidak bisa dibuka padahal baru berlangganan tgl 2 maret kmren..aplikasi selaku kluar sendiri dan tidak merespon :(,0
terbaik,1
"Aplikasi gabisa dibuka. Udah re-install, tetep gabisa. Udah hapus cache, juga gabisa. Device aman. Tadinya bisa nonton, trus appnya close sendiri dan gabiaa dibuka lagi. Tolong diperbaiki!",0
aplikasi pengembangan belom bagus saat ini keluar sendiri dan mogok aplikasi ya tolong di perbaiki lagi,0
aman jaya,1
aplikasi keluar sendiri dari semua device hp tablet laptop tv tolong perbaiki masalah nya ini,0
kenapa force close terus ya min?,0
eror dibuka gabisa,0
ini kenapa ga bisa dibuka aplikasinya tolong dong,0
sangat baik,1
"kenapa tiba tiba tidak bisa dibuka,padahal tadi baik baik saja.",0
knpa netflix saya tidak bisa di buka,0
forced close,0
ok,1
Langganan cuma mau nonton Comeback BTS,1
Sangat bagus,1
Akhirnya masalah login Netflix diselesaikan dg baik oleh Telkomsel,1
lumayan banyak film-filmnya,1
"maksudnya apa ini? ""Telkomsel telah menangguhkan sementara langganan Netflix mu"". padahal sudah bayar berlangganan lewat kartu by.u masa berlaku nya lama juga ini pun ada dua di tgl 06 Maret sama 30 Maret ini yg baru saya beli. kenapa harus bayar lagi ? ini buang2 uang ku saja. bisa2 nya akun ku di bekukan. ga ada solusi juga chat bahasa inggris. kirim link ga membantu. cek Riwayat pembayaran Netflix ga ada muncul yg ku bayar itu aneh. di by.u ada.",0
refuund pembayaran tiba tiba di potong,0
Tidak bisa masuk,1
bintang 5,1
"tbtb gabisa play film selalu terjadi kesalahan wkwk, pake aplikasi vidio gapernah gini walaupun bayaran nya sama wkwk",0
i890 9b gh,0
kenapa setiap pengen nonton netflix gak bisa masukin google selalu ada eror mohon tolong di perbaikin lagi netflix biar akun googlenya bisa masuk dengan normal,0
ribet banget ndaftar doang harus berlangganan langsung,0
aku bisa menonton film yang aku cari,1
cool,1
"Applikasi anda bagus, tapi masih ada bug : Ketika menonton series, Suara bahasa nya masih berganti ketika masuk episode berikutnya, Harus nya mengikuti pengaturan yang di lakukan user sebelumnya. Tolong di perbaiki!",1
"aku suka nonton di netflix , tapi kadang ga lengkap soalnyaa setiap ak mau cari pasti ga ketemu muluu kalau di netflix , jadi nya agak jaraangg gitu ak nonton di netflix TAPI AMAN KOO AK SUKA YYA KALAU NONTON DI NETFLIXX SUKAA KOO SUKAA",1
jelek kayak nya,1
Ini kejadian kedua kali ketika mau menonton melalui Hp selalu buffering/ tidak bisa sama sekali. Uda clear cache sampai uninstal berkali2 bisa sebentar lalu tidak bisa,0
apaan kejadi kesalahan mulu,0
kurang cocok,0
CRK CiNTA,1
tontonan favorit dan jarang ada gangguan,1
"PLSS, KALIAN KENAPA MAKSA SIH, AKU GA MAJ MAKE APK KALIAN, KENAPA GK BISA DIHAPUS COBA? MEMO HP JADI PENUH TAU GAK? KALIAN JGN EGOIS DONG, AKU JUGA VK PERNAH INSTAL NIH APK, ADA AJA TIBA TIBA KAYA SETAN, POKOKNYA GMW TAU, INI HARUS BISA DI UNINSTALL",0
bagus,1
"Belom kawin gue loch nicchh !!!@€£¥₩**^^^*""""&*^¿¿¿¿¡¡¡~¡¡®§§¿¡¡¡¡...",1
"kenapa saya ga bisa muter semua film yang ada di Netflix l, error kah?",1
ribet bngt,0
very good,1
BAGUSSS,1
"aplikasi burik, padalan saya sudah hapus ini aplikasi knapa malah nyedot saldo dana gua oi, admin babi",0
guwe kira lengkap ternyata tidak kalah sama lk21 ni netflix yg gk byr tpi lengkap,0
sangat memuaskan,1
ka knpa netflix saya g bisa di buka ya ka?? mnta tolong bisa g ka,1
kelasss,1
"gak bisa dibukak di tv, padahal sudah berlangganan",0
gw udh berhenti langganan kenapa masih kepotong tiap bulan,0
jelek terbayar sendiri apala,0
"aplikasi taiii sudah mahal bayarnya masih aja eror, saya sudah download videonya baru nonton setengah udah lama nungguinnya malah ngak tersedia di tempat downloadnya, aplikasi apa ini rusak percuma bayar ngak jelas",0
ok,1
susah pendaftaran nya berkali kali masukkan email gak selesai selesai daftarnya,0
"dana saya otomatis terpotong , pembayaran nya juga tidak melalui verifikasi saya kecewa Ndak bisa refund",0
"Netflix kurang ajar tiba2 aja pakai spaylater ku buat memperpanjang keanggotaan,gua gak ngutang cuma buat nonton film",0
download dan mau berlangganan demi nonton BTS borahae 💜💜💜💜💜💜💜,1
"agar dibantu saat nonton tiba² keluar dengan pemberitahuan bahwa terlalu banyak yang menonton di akun anda, padahal hanya saya sendiri yang menonton",1
good,1
baru join member malah error mulu.ngeselin,0
"saya suka sama aplikasinya tapii setiap ada uang sedikit, uang saya langsung masuk ke Netflix inii!!!!! tolong Netflix lain kali kalo sudah jatuh tempo bayar tolong di buat kan pesan seperti anda sudah jatuh tempo bayar hari ini jangan langsung masuk ke Netflix ajaa duit saya langsung hilang",0
EH APLIKASI KNTOL GUA GAPAKE APA² SUSAH NONTON ALESAN PAKE PROXY/VPN LAH APALAH. TOLOL KNTOL RUGI ANJENGGGGG GBISA NONTON,0
"error 5.10 saat mau putar video kacau sudah sering di-update dan hapus cache tapi tetep eror, dan banyak yang koment tapi ga ada tanggapan ... tapi sekarang sudah lancar mantap ga error lagi layak ksh bintang 5",1
we can watch movies for free,1
suka bug keluar sendiri,0
"udah berlangganan, tapi masih aja ada iklannya. mana ngga cuma 1, berkali-kali. ganggu bgt pas nonton, bukannya fokus nonton ini malah fokus skip-skipin iklan.",0
Jaringan internet udah mantep kenapa ga bisa nyambung ke TV pdhl paket sudah diperbaharui ribet amat si netflix,0
gak guna,0
error,0
"Sampah, susah login tolol",0
sangat luar biasa,1
menjengkelkan saya beberapa kali memasuki email dan tidak pernah masuk aplikasi!,0
susah banget mau daftar! masa pas mau lihat kode buat masuk di email selalu aja pas balik lagi katanya kadaluarsa padahal gak nyampe semenit saya ke email terus ke netflix lagi! pas mau pake sandi disuruh ganti sandi pas diganti eh tetep gak bisa!,0
Admin tambahin film real steel dong,1
"masih mendapat tagihan pembayaran, padahal keanggotaan sudah di batalkan",0
good,1
taii gua loginn gk bisa bisa padahal udh bener semuaa tolong dongg masalah beginian diurusin aplikasi doang gede,0
tiba2 maen motong saldo dana aja,1
seru jadi gak perlu nonton video pendek nya dehh,1
suka nyedot dana sendiri otomatis,0
acara-acara Drama-film nya sangat banyak pilihan nya dan komplit,1
Streaming video dengan kualitas terbaik yg pernah saya coba.,1
muantap,1
sistem ribet,0
dikarenakan cuma bisa nonton 18 tahun ke bawah saja,1
NETFLIX TOLONG YA PERBANYAK SUBTITLES BAHASA INDONESIA/MELAYU !!! PENGEN NONTON MENTALIST AJA GAK ADA SUBTITLES BAHASA,0
"mau masuk akun aja susah bgt malah diputer puterin ke web terus, aplikasi bobrokkkkkm",0
Udah terdaftar login akun saya ke email tapi kok nggak bisa masuk2,0
mau masuk aja ribet pakai email😪,0
suka banget sama movie cosmic princess Kaguya bulan lalu endingnya nyesek pluss seru,1
High-quality streaming and great movie selections. Totally worth it!,1
punya fitur sharing tapi pas dipake nonton bareng gabisa aneh,0
elek layanan lu,0
login nya udah ribet lama muter muter,0
apk sampah ribet daftar juga,0
bagus,1
udah berhenti langganan masih sering ke potong,0
saldo terpotong tgl 23 februari dan terpotong lagi tgl 27 februari 😭,0
nyedot kuota banyak bgt kesedotnya gila,0
"aplikasi sampah mending gk usah install, ribet nya gk ngotak",0
sangat bagus isi film nya dan response dari admin nya cukup cepat ketika ada suatu masalah dan di berikan bimbingan. pokok nya top apk film ini👍,1
kenapa akunku 120k/bulan,0
terlalu memaksa orang untuk berlangganan,0
cannot login. need fix this asap,0
"daptar nya ribet harus pake e-mail, gak cukup satu kali",0
lemot bgtttttt,0
RIBET BANGET ANJIR MAU DAFTAR KAGAK BISA-BISA,0
masa film nya yg aku cari mesti ga ada sih min...ya Allah..,0
udah bagus cuman kenapa Spongebob Squarepants s14 sama s9 kenapa GK ada tolong di Adain admin,1
keren,1
susah daftar,0
bagus aplikasinya,1
diperbaharui malah makin gila,0
"Bugs,freeze di android tv mohon diperbaiki segera!",0
mau daftar aja susah gak bngt 🖐🏻😓,0
Bagus,1
aplikasi suka gangguan dan susah buat login akun😡,1
burikk gabisa daftar smua akun gabisa apk erorr harus update lgii HARUSS INII MAAA bikin beteee huhh ak burik😒,0
burukkkkkk,0
jangan lo instal atau rugi seumur hidup,0
Tolong perbaiki kualitas video Di smartphone kualitas nya buram dan pecah padahal itu kualitas 1080p,1
masih uji coba,0
banyak drakor nya btw yang kesini gara gara mau buat reting jelek ayo klik ya,0
jelek,0
Wah keren banget saya bisa nonton di aplikasi ini.,1
"banyakin dracin nya dong, soalnya ga suka drakor",0
susah bgt si login nya! email ini lah link ini lah gabisa²! apalah,0
jelek bgt masa ada masalah kasih bintang 1 dlu,0
berlangganan netflix per bulan sekarang cuma dijatahin 25 hari. mengecewakan!!!,0
mantap,1
Sistem pembayarannya cuma bisa pakai kartu ya? Kenapa ga simple aja sih ke alfa/indo gt😁😁😁,1
ok,1
TOLONG HAPUS SEMUANYA FILM YANG BERASAL DARI KOREA KARENA JELEK NONTON PLASTIK,0
bayar nya ke mahalan+GX lengkap video nya+ngeleg - ngeleg + grafik jelek + kebanyakan iklan+video nya GX jelas semua+GX baik buat anak²,0
"gak bisa login, padahal email udah bener",0
belum mulai.. udah susah.. apk njir,0
ok,1
boikot,0
jangan semua flim katrun anak perempuan nanti menbazir kasihan pada anak perempuan jangan terlalu banyak,1
Netflix apa-apa an ini berlangganan kagak tiba-tiba motong saldo Seenaknya,0
"pdahal sdah dibatalkan langganannya masih aj kepotong saldonya, ihhhh kesel bgt",0
sangat 👌,1
kenapa netflix di tab susah banget padahal bayar trus pake wifi,1
mau login terjadi kesalahan tunggu beberapa menit mulu .... padahal gapernah loginnnnnnn hadeh payah,0
rugi gw nonton di sini,0
saya tidak ingin. bayar saya ingin gratis,0
diskon,1
baru mau daftar aja harus langsung berlangganan. tidak worth it.,0
bagus,1
bagus tapi as pelajar ini MAHAL BANGETT,1
gak seru orang korea oplasan semua 😂,0
ribet banget dadak masukan email dah gitu nggak bisa masuk,0
sukaa erorr kaga jelass,0
muter terus,0
suka tersedot dana kuuuuu,0
seruu,1
ribet gak bisa masuk👎,0
"gimana sih cara tf nya, pilihan cuman visa doang kah, engga bisa kah lewt e wallet, dulu bisa sekarang engga ada opsi nya, tolong bantu min",0
sudah berhenti berlangganan tapi kalo ada saldo di dompet tetep di potong aneh banget aplikasi ga jelas,0
banyak banget keluhan,0
"koleksi film dikit, judul serial nya udah jadul. kebanyakan dari drama korea",0
anak saya tidak sengaja membeli langanan Netflix tanpa saya tau dan otomatis di potong Rp.54.000 tapi di google play tidak ada langanan nya,0
"setelah dua minggu berlangganan Netflix, aplikasi Netflix tidak bisa digunakan dan muncul notifikasi tidak dapat menyambungkan ke Netflix.",0
Mantaaaaapp,1
"netflix its very good for who have some fun with movie, theres so much genre u can watch",1
adalah pokoknya,0
"kecewa karena banyak film yg ngga ada di Netflix, kirain aplikasi berbayar semuanya lengkap ternyata not worth the price.",0
good,1
"Ini netflix ga ada rencana adain subtitle Indonesia di film"" India? Ga seru bgt klo ga ada b indo nya😞😞 ada beberapa film India yg ga ada subtitle Indonesia nyaaa min",1
buruukkk,0
gabisa dibuka lol,0
Netflix aku kasi 3 bintang aja dah soalnya kalau aku mau daftar itu 'i' nya bukan 'i' kecil tapi huruf i besar baru tuh kenapa cepat keluar akunnya baru kalau kita mau daftar lagi udah ngga bisa kenapa sih? tapi seru kok👍🏻,1
"mau login ngga bisa,, hapusaj ini aplikasi. ngg jelas buang2 kuota buat download nya",0
Apaan ini kagak bisa dibuka.. Udah TUTUP kah?,0
ini kalau mau ngehubungin CSnya gimana ya? mau ganti metode bayar kok gk bisa ya? di IG gk bisa kirim dm.,1
"ribet bngttt Apl nya, akuu download untuk berlangganan aja susah bngt, klu gak terpaksa download untuk nonton live nya BTS mana mau akuu download ni apl, ribet bngtt",0
pengen aja b1,0
Aplikasi yg sangat bagus bagi pecinta film drakor drachin ..walau ada beberapa yg tidak lengkap series yg aku ingin tonton tapi Netflix the best,1
burik,0
jelek,0
jelek,0
ribet,0
"mau login pake password ga ad pilihan malah dilempar ke gmail dan disuruh nunggu link, aneh padahal sebelumnya ada",0
Sampah susah Log in Bayar dulu baru bisa cari film Setelah bayar film yg dicari gk ada,0
oke,1
kenapa tidak bisa diputar vidio nya padahal sudah premium terus setiap bulan,0
banyak masalah,0
"bagus film, anime, animasi udah banyak resolusi bagus lancar, tapi minusnya gaada 2× speed yang dimana apk lain udah ada 3× speed mohon ditambah 2× speed🙏🙏",1
😮‍💨,0
aplikasinya sangat sesuai👍👍👍,1
update one piece biar lengkap episode nya..,1
aplikasi kikir semua serba bayar,0
mau nonton film yang di suka ga ada di list gimana ini nyesel langganan,0
film nya membosankan,0
bagus,1
"gampang ngeleg gak jelas,udh d uninstall udh d hapus dulu apk nya ttp aja ngeleg",0
Terimakasih,1
"aplikasi jembot ,daftar aja di persulit buka harus lewat email apk ga jelas",0
"Netflix is perfect for watching movies and series in my free time. The content selection is diverse, and streaming quality is excellent. I also like the personalized recommendations and offline download feature. It is a bit pricey, but the entertainment value makes it worthwhile.",1
"apk sampah. login doang di buat ribet. harusnya masukan email udah itu aja, malah di ulur ulur suruh ini itu.",0
ok,1
"email saya tidak bisa digunakan untuk login, setiap kali logi selalu muncul email tidak valid, untuk admin Netflix ini tolong banget,udah tiga tahun saya gan bisa login Netflix",0
"jelek bgt bejir, plastic",0
ga jelas apknya,0
lemot ga bisa masuk,0
aplikasi nya jelek jadi kasih bintang satu aja,0
apaan dah makin kesini makin susah buat login tolong diperbaiki sistemnya,1
jelek,0
bnyk film2 udh lama ga seruu.. byar mahal2 film2 lama yg dimunculin...,0
jelek filmya hanya tentang rasis,0
bufering,0
gada film tentang sawitnya,0
Keren pastinya,1
Ngk jelas udah masuk malah suruh masukin email pas udah masuk email lengkap malah ngk bisa. Parah,0
"Saya sangat puas berlangganan di netflix, pelayanannya juga sangat memuaskan, misalnya ketika saya meminta pengembalian dana karena saldo dana saya yang tidak sengaja terpotong oleh pembayaran langganan bulanan otomatis netflix, saya kemudian menghubungi agen netflix dan meminta pengembalian dana, setelahnya kurang dari 1 jam dan saldo dana saya sudah kembali. 😆👍",1
"kendala : scroll kekiri berkali2, saat scroll kebawah malah ketemu judul film yang sama mulu, jadi itu sangat ribet banget, tolong diperbaiki biar lebih mudah dalam searching",0
suka nge bug,0
😄,0
"ribet sumpah, mw sambil makan udh habis dulu bru bisa masuk aneh, lebih baik hapus aja",0
ok,1
udah bayar langganan malah gak bisa dibuka padahal sinyal bagus gak banget,0
tidak bagus ad film korea,0
bagus 👍 cuman masalahnya TV box android saya tidak work meskipun dari website ataupun play store,1
cara putuskan dr dana gmn? di potong trussss saldo aku,0
"mantap nihh aplikasi semoga lengkap sihhh, ada drama terbaru teruss",1
ada GTASanadreas diaplikasi ini makanya aku kasi bintang 🌟 lima,1
tidak. ada. logo. neflix. di. hp,0
jelek,0
ribetttt banget mau pasang di 2 tv paket yg 120rb loh padahal,0
"너무 비싸고, 쓸모없는 앱입니다.",0
apk gajelas gua udah bayar nonton kga bisa stuck di awal blum masuk film udah gua uninstal trus download lagi tetep aja gabisa tolong lah pihak netflix bnerin gmna ini sya kasih bintang 1 dlu krna emng problem apk nya,0
ok,1
"apk g bisa d buka kembali,selalu mental .",0
Jelek banget filmnya itu itu saja,0
harus bayar:),0
no good payment options,0
"boikot Netflix,Korea😒",0
return the cast feature from a cellphone to a TV,0
saya sangat suka flim flim 18+ disini,1
Good app.,1
film kurang lengkap,1
ok punya,1
apk gajelas,0
"baru masuk saja langsung ada bug, hadeh",0
tidak bisa menonton karena harus bayar,0
"app kebanyakan Drakor, bosen. dracin dong",0
"mau nonton anime malah stuck loading(SEMUA ANIME) tapi pas nonton film enggak, semua tutorial udah dicobain biar bisa nonton tapi semua gak work, padahal sinyal lancar, emang aplikasi nya aja gajelas",0
"aplikasi jelek dari negara plastik, wajib di boycot nih bau aplikasi nya Kaya sampah kebakar",0
sangat buruk. tidak Luna Maya dan Ariel Noah. sangat tidak di rekomendasikan,0
"ribet, hrs bayar",0
busuk,0
bisa di download tapi ngga bisa masuk,0
fake,0
drakor nya di apus aja dari apk mengangu,0
buruk.,0
apl nya jelek,0
"males sm knetz ah bawa agama, g rispek lg sm netflix",0
"ribet , pembayaran ribet",0
apk gak jelas .. ada orang korsel nya,0
"apk tololl baru langganan sminggu trus ada.notif update pas diklik playsstore ga ada piliham update,, bijimana buka apknya ini?",0
lebih baik nonton angling darmo buatan dalam negeri,0
Kualitas gambarnya udah dan yg lain² udah oke. Hanya sj yg ingin perlu sy memberikan masukan adalah film² action tdk ada yg terbaru. stok² lama aja yg msh trsimpn smpai skrg. bgtu jg dgn film perang dan horror luar negeri. ta ksh bintang 4 update film smkin bgusss,1
kenapa tiba tiba burem sih wifi padahal bagus aja,0
pendaftaran yang rumit serta film yang jadul,0
kebanyakan drakor nyah,0
"login susah, gabisa mulu",0
"daftar aja pake link email,,sdh tu nda bisa buka apk macam apa begini",0
Netflix itu berbayar. tolong jangan pake iklan.,1
banyak plastik,0
jelek boikot netflix,0
mau login aja ga bisa lol,0
jelek,0
"bagus sih tapi harga langganan turunin lah jangan 54, turunin lah ke 47 RB contohnya",1
sangat jelek from Indonesian,0
"film yg sudah lama semua, padahal bayar bulanan... auto stop langganan",0
gak suka aja,0
gak ada cilor,0
kebanyakan film,0
gk jelas,0
mantap klo bisa di kasi film2 terbaru ya,1
sekarang daftar masuknya ribet,0
aplikasi busuk,0
aplikasi ribet banget dah.,0
i don't like Korean drama in this app,0
jelek,0
"apk super ribet, kikir, drakor nya kurang seblak",0
"gak tau, bad mood aja pengen bintang 1",0
HAPUS DRAKOR GANTI DRACIN ATAU UNINSTALL BERJAMAAH ? SILAHKAN ADMIN PILIH. #ASEANSibling,1
gak paham ini 🤗,0
"najis,kenapa yah apk legal dan berbayar itu anime nya tidak lengkap malah apk iilegal lebih lengkap.",0
"Sudah berbayar, tapi film tidak lengkap, MENYESAL",0
ngantuk,0
kocak,0
aplikasi busuk,0
gak bisa masuk daftarnya mau masukin gmail atau nomor pun sama aja gak bisa tlg di perbaiki,0
Sangat Tidak Rekomendasi lemot padahal Wifi bagus,0
sampah,0
susah buat login,0
"Masih Nayangin drama korea, udah dihina hina masih dukung orang korea, cihhh",0
ga ada sinetron azab ga seruuu tololll,0
burik,0
jelek banyak video org rasis,0
good good,1
nyawit nih apk,0
"apk sampah, ribet, mana iklan ya banyak banget.",0
"buruk, ga ada sawit",0
dih GK guna bngt ni aplikasi,0
waktu magrib 2 ga adad korea,0
kenapa susah sekali untuk login padahal jaringan kenceng🥲,0
daftar pun harus bayar,0
jelek,0
no drakor,0
aplikasii eek,0
agak ribet daftarnya,0
banyak drakor nya,0
"ini netflix kenapa dah, sinyal normal mah muter video gak bisa tolong segera di perbaiki sudah langganan bulanan kualitas nonton malam gak bisa",1
apk rasis,0
not rekomen,0
banyak banget iklannya ga word it,0
cobain nonton true beauty gehh seru tauu,1
"appnya bagus, film apa aja ada disini, untuk pembayaran segitu /bulan menurut gw worth it parah, nonton juga gaada batasan, pelayanan juga bagus, fitur""nya juga",1
ihh,0
jelek,0
"sebel banget, padahal udah dibayar dan status pembayaran sudah berhasil di shopeepay, saldo shopeepay juga udang terpotong. Tapi akun masih ditangguhkan ajaa😡😡",0
aplikasi tidak baik,0
jelek berbayar lagi,0
"ish.. sering error, kadang ngeblur.",0
"ada film koreanya, gak suka, sukanya dracin, ganti dracin atau kami uninstall!",0
"ada korea nya, males banget guah. ngambek ah",0
susah daftarnya anjir,0
tidak bisa menghargai negara orang,0
"kebanyakan drama Korea sekarang dari film sampe acara tv, dan film barat atau eropa tipis banget, ngak ada update updet, masa setiap hari nonton yang tegang tegang terus bahas Korea , kesombongan , kayak Narko, atau ngak dahlah terlalu glamor sakit kepala",1
jelek aplikasinya ga bisa nonton mbah ghufron,0
Bikin boros,0
"apk gajelas, loginnya aja di persulit",0
NAJONG RIBET BANGET LOGINNYAAAAA....,0
jelak,0
sangat bagus,1
jelek,0
ewww,0
udh g beranggota tapi masih aj harus bayar juga konten ny pada boring,0
"jelek bgt, kemahalan",0
ga bagus aja pokoknya....,0
"aplikasi jelek,, rugi bayar mahal gak berkualitas",0
bangus bangte,1
sangan jelek,0
"banyak plastik, jelek apk nya",0
"aplikasi gak jelas, udah mahal2, gabisa diputer dilaptop",0
yah ada drakor bete gw,0
Aplikasi taik bikin akun saja ribetnya. aplikasingak guna,0
jujur ganjal✌🏻💜,0
aplikasi nya tidak ada Drakor bahlil nya,0
aplikasi jelek,0
suck,0
apk jelek,0
"kebanyakan drama, plastik gak di ajak",0
nge lag,0
lemot mau buat akun muter muter terus gembel!,0
jelek,0
jelek,0
sampah,0
"kalah saing, yg lain aja masih kasih gratis",0
pengen aja bintang 1 heheheh✌🏽,0
login nya susah bet pler,0
aplikasi jelwk kadang genrenya ga sesuai ama yg di tulisin 😌,0
jelek,0
tdk suka,0
jelek,0
"This app is very bad, so I don't like",0
"cilor mau, cilor!!!",0
jelek,0
gatau ga mood aja aku ngasi kau bintang 5,0
baru mau login aja susah banget malah muter² harus bolak-balik Gmail karena link yang di kirim ke Gmail ujung-ujungnya cuma masuk ke chrome & disuruh buat langganan,0
"Aplikasi jelek , masuk gratis aja sulit , film film nya juga jelek jelek",0
"error mulu, gak bisa puter film, apk lawak",0
sangat burukkk,0
mending bajakan lah beli percuma filmnya kurang seru,0
ribet,0
Hapus film unsur ada Korea nya,0
gak jelas sumpah udh berlangganan juga tpi gak masukk,0
apk ribet,0
wah apk sangat keren tapi sayang banyak sampah plasticnya,0
cuma gabut,0
"Ribet ,ga bisa masuk terus!",0
banyak plastik,0
tidak menarik,0
aplikasi lemot,0
susah banget mau log in buruk.,0
g seru,0
bosan film Korea mulu,0
apk sampah,0
jelek bnyak iklan,0
langganan main naik harganya,0
buruk tidak bisa di play netflixnya,0
apk bodoh,0
banyak film drakornya,0
kenapa Netflix ku loading terus ya GK bisa di putar filmnya,0
aplikasi busuk. di buat nonton film sering eror. di coba login ga bisa masuk. aplikasi sampahh,0
salah satu layanan streaming yg terbaik,1
"apk kocak,, mau daftar udah ketik email, klik lanjutkan tetep stak di situ..",0
jelek,0
"ni apk waras? mau login/daftar aja ribet banget, emang bner deh gausah main ni apk ""RIBET"" pantes cuma dpet rating 3.6 mampus tu",0
"bagus tapi beberapa tontonan telat datang,hmm ok dah sih itu aja yang kurang,bagus Bagus aku suka makasih ya🌹",1
jelek,0
"kapitalis bayar 79rb untuk sebulan tapi nonton kualitas 360, mau nonton apa?, udah kayak sensor bokep kualitasnya",0
apk nya jelek di bayar malah gk bisa di tonton,0
pihak Netflix gimana siii.....ini mau login aj ngga bisa tolong dibenerin dongg😡,0
filmnya bagus bagus dan mudah,1
BURUK,0
drama korea selata yang sangat buruk,0
tidak layak,0
jelek,0
tayangin harry potter lg plis pengen nonton,1
nyebelin udah bayar mahal ga bisa masuk,0
aplikasi tolol ribet amat daftar doang semoga di hapus di playstore,0
GK seru,0
"login aja dibikin ribet anjirrr, coba lagi masalah jaringan Mulu padahal buka yg lain lancar aja",0
udah bayar netflix bulanan tapi gak bisa masuk percuma sayang banget,0
payah,0
"buruk harus berlangganan,kalau gratis bintang 5",0
kok ga bisa update!!?,0
aplikasi ini nya ngak bagus sering log out seenak nya sendiri.,0
banyak plastiknya,0
"aku nge donload netfix karna acara singles inferno reunion tayang hanya di netflix tgl 14 - 02-26 kemaren,.. tpi stelah di donload dan beli paket nyah malah gak ada acara nya.. sedangkan di yutub sudah banyak ptongan potongan acaranya yg sudah tayang..",1
menonton hanya itu itu aja,0
Not recommended for download because it was disappointing,0
ribet bngt heran ma fitur ny,0
Kok makin di-update makin aneh ya,0
Aplikasi apaan....gak banget lh...,0
ga dulu.. kualitas burukkk!!!!!!,0
"aplikasi gak jelas, daftar aja ribet banget, harus kesini kesana lah, apalah💔",0
aplikasi jelek,0
please perbanyak drakor yg terbaru,1
"sdh 2x langganan lancar,cmn untuk ke dua kalinya terasa mulai membosankan filmya,kebanyakan film lama,film ga jelas asalnya,animasi jg kurang komplit,indo horror jelek,jarang masuk film baru,perbaiki dong biar ga membosankan film nya",1
makin kesini makin banyak masalahnya. sll muncul notifikasi bukan bagian dr rumah akun jelas2 sy buka dr akun dan rumah perangkat pribadi dan di 1 rumah tinggal,0
GADA FILM MIO SHIROHIME,0
"Kenapa aplikasi saya nggak bisa dibuka padahal koneksi internet aman buka aplikasi lain aman"" aja tpi waktu buka netflix ini nggak bisa katanya jaringan internet nggak terdeteksi gimana sih ini, website juga nggak bisa diakses padahal udah sering langganan",0
gak banget deh,0
sangat membantu trimakasi admin🙏🙏,1
GK ah ad drakornya,0
jelekkkk banget,0
"Suka banget sama aplikasinya, film"" nya menarik sekali, layanan customer nya juga ramah+baik banget, terimakasih untuk kakanya yang sudah bantu saya perihal keanggotaan, sukses selalu untuk netflix 🥹🫰🏻❤️🤩",1
aplikasi apaan sih. baru daftar aja suruh bayar. pdhal blm tentu ada film yg menarik buat di tonton,0
aplikasi jelek parah.,0
"pokoknya bintang satu mau masuk aja dibikin ribet, mending di kasih arahan ini mh dibuat pusing",0
ga bisa masuk,0
good,1
Ga suka soalnya berbau K-netz,0
"jelek gak suka, banyak anggota plastik nya",0
Kurang menarik film nya,0
buruk,0
udah mahal filmnya dari Korea lagi anjay wkwkwkwkw,0
tumbang,0
"It’s frustrating that after I canceled my subscription, my balance was still deducted on December 5, 2025. I was promised a refund within one week, no later than January 22, 2026, but I still haven’t received it. I contacted you again today, but the chat was disconnected and I was only told to keep waiting. If a refund is not possible, please say so clearly. My membership was canceled, I received no benefits, and I’m the one at a loss.",0
males bngt nonton di sini,0
"harus bayar ah elah , besok gw bayar dah",0
adalah pokoknya,0
jadi ga berfaedah gara2 males ma knetz,0
"aplikasi ga mutu, udah berlangganan tapi masih gabisa nonton sepuasnya",0
untuk garis hitam samping huruf subtitlenya mohon dipertebal soalnya pas video nya ada adegan yang latarnya ada warna cerah ga keliatan subtitle nya,1
gbisa di tonton harus berlangganan baru bisa aku kasih bintang satu,0
login sulit,0
"jelek banget netflix nya , sejelek muka-muka korengan yang suka oplas",0
susah banget mau masuk,0
tidak bagus,0
banyak pilihan,1
gw dikit-dikit force close padahal udah beli private member... gimana ini?,0
"sudah tidak bagus untuk di tonton membosankan,jadi males lah..",0
aplikasi jelek,0
Dah ah maless liat komen katanya ribet jadi yauda,0
poor,0
"waktu pendaftaran masuk aplikasi nya error, dan juga ribet. MENURUT KU!! 😮‍💨🙂",0
Gek jelas aku udah beli 64.000 tapi jadi sia sia. di Netflix film nya gak lengkap percuma aku beli mending nonton di LK21 udahlah film nya lengkap gratis lagi,0
jelek karna kena sampah plastik,0
"tolong ya Netflix, waktu itu saya ada menghapus apk Netflix.. dan saya tidak jadi untuk melakukan pembayaran seperti yang kalian tawarkan.. dan hari ini tiba-tiba saja saat saya top up 150 ribu.. uang saya sisa 30 ribu, dan saya cek itu pembayaran Netflix. Tolong di perhatikan, jadinya saya rugi 120 ribu dong, dan itu uangnya mau di pake malah tiba-tiba ke sedot di Netflix nya..",0
film barunya banyak yg tidak kluar,0
daftarnya susah bet anjj,0
sangat bagus,1
harus pake bayar segala dah di tv gw aja kgk bayar noh bisa gw nonton gratis walaupun tv gw rusak sih sekarang tapi gausah ada paket pembayaran kayak gini lah pdhl kalo gratis banyak yg pake nih aplikasi.,0
"sediih, mau login netflix ktnya di suru tunggu bbrpa menit dlu, udh di tngguin 2 jam an respon ny ttap gtu",0
seru,1
"Gak make Netflix tapi sudah terpasang dari setelan pabriknya, mau uninstall tidak bisa padahal saya tidak mau berlangganan apalagi memakainya. Kalau begini aplikasinya hanya memenuhi penyimpanan ponsel saya aja. Maaf ya, tapi saya merasa tidak terbantu.",0
bagus bagus,1
ga bisa masuk co aneh pengen laku ga sih,0
gajelass,0
masalah jaringan terus,0
APLIKASI TOLOL,0
terlalu ribet,0
film nya masih jadul jadul,1
semua film ok,1
aplikasi tolol,0
GOOD !💕💕,1
asal video di download selalu ada kode 2.119 apalah,0
"apk tergajelas sudah bayarannya mahal malah di beda bedain antar negara,di negara a filmnya masih ada di negara b sudah ga ada,ga adil banget",0
cara daftar gratis dimana ya,1
susah bgt daftarnya,0
good,1
bagus,1
daftarnya susah ribet,0
udh di bayar tinggal masukin email kgk bisaaa lol udh mahal² tapi gak bisa masukin emaill lolot,0
"Saya mengajukan permintaan pengembalian dana atas transaksi Netflix sebesar Rp65.000 yang ditagihkan pada 15 Februari 2026. Saya tidak pernah memberikan persetujuan untuk langganan tersebut, dan saat ini tidak ada langganan Netflix aktif di akun Google Play saya. Penarikan dana ini terjadi tanpa sepengetahuan dan izin saya. Oleh karena itu, saya mohon bantuan untuk mengembalikan dana tersebut ke metode pembayaran saya. Terima kasih atas perhatian dan bantuannya.",0
serasa menonton digedung bioskop,1
"daftar nya ribet, lol",0
daftar nya sulit aplikasinya kadang bermasalah,0
burik nonton nya bayar!!!!!!!!!!!!!!!!!!!!!!!!!!!!!!!!!!!!!,0
"aplikasi jelek, kagak bisa buat login padahal sinyalnya bagus!!!",0
halo. pihak netflix. jangan tiba2. sedot uang aku. padahal ngk mau berlaganan. ngk bisa kah dj kembalikan uang nya. mana customer service nya. ngk bisa melayano,0
Bagus,1
"gimana ini kok update an sekarang jdi ribet ya, mau login kok balik terus ga langsung ke masukin password",0
"Parah, sudah bayar 2x ga bisa akses masuk, balikin duit gw woy !",0
"kualitas video Sering Blur di saat streaming, padahal koneksi signal wifi / provider bagus. harus lebih di perhatikan nih. dan untuk pilihan film di perbanyak dan harga langganan di kurangi. model aplikasi lebih baik di perbarui lagi lebih modern.",1
aplikasi apaan ini..mau daftar pakai email atau nomor hp sama ajah ..gak bisa,0
ok,1
buat akunnya ribet,0
ADMINN HELP FLIM THE WALKING DEAD TOLONG LENGKAPI NUNGGUIN BANGET SERIES YANG LAIN!,1
aplikasi gak jls Daftar nya susah dan gak jls,0
saya kasih bintang satu karena saya belum coba😹,0
Good,1
kok ga bisa masuk?,0
"gabisa masuk akun netflix padahal udah beli paket di my telkomsel, saat aktifasi tulisannya ""maaf terjadi kesalahan"" udh dicoba dari tadi gabisa terus",0
"LEMOTTT, LOADING LAMA PDHL JARINGAN NORMAL",0
pembayaran ribet gw mau bayar g bisa bisa buat yang gampang lah,0
app tolol,0
keren,1
ok,1
kenapa sekarang Netflix gabisa login dengan pasword harus klik link yg dikirim ke email.RIBET,0
Apl tolol,0
aku kasih 3 aja bintang nya.awal nya enak banget aplikasi nya sekarang di persulit aku sampai 2x beli VIP nya malah gak bisa 2 bulan nganggur gak bisa di pakai aku mau pindah aplikasi aja lah,1
oke,1
we kenapa aku udah bayar belum ada sebulan udah disuruh bayar lagi? aplikasi apalah ni,0
Good Jobs... 👍👌,1
Buruk,0
Sangat bagu,1
film atau serial tidk diganti2 itu2 aja... gantilah..kan bayar tiap bulan...tingkatkanlah serialnya kebanyakan komedi ..,0
"ribet banget sekarang login masuk nya,kocak bukan nya di update malah makin simpel lah ini malah makin ribet banget",0
nice,1
parah gak bisa daftar gak bisa terus mending Aplikasi sebelah film juga gak kalah bagus .,0
lumayan,1
netflix filmnya bagus2,1
sering mengalami error ketika ingin memutar film bahkan film yang sudah di unduh,0
Daftarnya lama bngtt,0
saya suka sekali,1
"login jadi sulit karna langsungg terhubung sama email, buat yg beli akun sharing JD susah",0
netflix nya beberapa hari ini tdk bisa dbuka.. muter2 trus,0
good job👍,1
"ni apk apaan banget dah, masa iya gua ga beli premium, tapi tiba"" kebeli premium otomatis?? kan kocak, saldo gua jadi kesedot ini, hadeh apk gajelas",0
pilikasi ini terlalu jelek sekali,1
kenapa tidak bisa di putar filmnya😑,0
mendadak Buffer dan sudah ke 3 kalinya kayak gini,0
"Uda jelas film baru ada tapi tidak di tampilkan halaman depan mmg jelek marketing aplikasi nya, malah situs ilegal yg pinter tampilin film baru walaupun jiplak dr sini",0
mau nonton ajh masuknya dipersulit,0
apa ini masa ud ada berlangganan dari Telkomsel tapi pas daftar malah GK bisa masuk . mau masuk aja ribet,0
"kenapa gk bisa mutar film sih, padahal uda bayar terus tiap bulan.,..",0
parah gak pernah nonton ..cuma 1 bulan awal aj nonton tp sudh berhenti tagihan selalu keluar dan dipotong otomatis . pdahal sudah klik batal ke anggota sebelum masa habis,0
"baru daftar aj sudah susah bgt, gmn ntn kl dh punya akun tlg diperbaiki lah, bru pertama kali download tp sudah eror",0
film film yang disediakan sangat bagus dan terupdate,1
apk gk jelas padahal udah diberhentiin berlangganan masih aj narik dana ini namanya MALING benerin lgi noh apknya apk gk jelas,1
"Gimana nyo buat akun, akun blom dibuat dah di suruh bayar. Orng dimn² login dulu, kalo mau nonton baru bayar perbulannya, nih akun nya gak ada di suruh bayar dulu manalah percaya aku. Apk gak jelas",0
"tulis Nick Gmail login udh, nyoba pake no wa udh, ttep gbisa, Ngestuck di peninjauan, loading cuma muter paling 1 detik doang udh, ttep Ngestuck disitu ga disitu, gbisa berjalan ni apk, gda pilihan lain, tlong di perbaiki.",0
filmnya kurang lengkap,1
"film nya gaada masalah cuma saya pertama coba pilih paket keluarga 5 orang dan aneh nya begitu semua nya aktif malah 1 orang yang ga bisa , kocak ga sih seharus nya sekelas netfilx harus Adil lah , mau itu paket keluarga atau pribadi tetep ga bisa kaya gitu",0
TOLOL GUA GA BISA LOGIN DONGO!,0
kenapa tidak bisa netflix saya,0
mau ganti langganan sulit,0
Aplikasi menonton film yang sangat sangat menarik,1
buruk banget Emel saya tidak bisa login padahal aku sudah denar,0
cara balikin dana yg ke autopay gimana,0
"Pembayaran sering gagal , udah terlanjur top up ovo , dari kemarin di coba gagal terus",0
susah log in ga rekomen bngt mending jangan langganan nanti nyesel jngn di instal skalian,0
"ingin berhenti berlangganan aja harus dipersulit, saldo ke sedot terus hdehhh",0
"cape uninstal instal, filmnya error trus",0
"aplikasi sampah, Dev nya pada ga kerja kali ya, cuma login doang kok susah banyak error nya. hdehhh",0
ok,1
banyak series/movie woke wokee,1
payment / pembelian paket melalui email selalu tidak bisa (gagal),0
daftar doang ribet banget,0
"app gak bisa masuk ke tv, loading GK selesai selesai padahal sudah ikut instruksi dari Netflix nya",1
JELEK,0
karena gk bisa login,0
film nya lengkap bagus di tonton bareng keluarga,1
ribet,0
login aja gabisa tolol aplikasi apa ini,0
🥰🥰🥰🥰,1
oke,1
"ga lengkap jirr, nyesel gua langganan",0
susah banget si buat daftar aj,0
"seruu,mengisi gabutt",1
"saya beli paket langganan dasar tapi aplikasi dan browser bawaan (ms edge) di laptop saya tidak bisa masuk malah stak di layar putih malah harus login menggunakan web di aplikasi browser tambahan, sudah saya coba restart dan download ulang tapi tetap tidak bisa. ada yang bisa kasih saran🙏",0
always heal my day,1
"saya tidak pernah merasa berlangganan dg netflix, tp tiba"" dana saya terpotong untung netflix tanpa persetujuan saya. saya tidak akan pernah memakai apk iki lg, sudah 2x saya di rugikan, yg pertama saya bisa me refund dana saya, alk bobrok.",0
"aplikasi super ribet, beli paket netflix langsung dari my telkomsel, malah susah kali buat login, harus bayar lagi di aplikasi netflix langsung, kalau gitu, gak usah aja ada menu pembelian paket netlfix di my telkomsel, makan tu dana yang masuk 2 kali.",0
sangat Bagus,1
baik,1
Ya bagus,0
"aneh bet ni aplikasi, mau daftar aja ribet keburu kesel, udh pencet pencet kirim ulang,gaada yg kekirimz pdhal tinggal login doang seribet ini",0
"langganan sya msih ada 2 mingguan, tp filmnya tdk ada yg bisa terputar",0
"aplikasi busuk ... ga ada bagus""nya ... saya udah berhenti berlangganan bisa""nya ambil uang didana saya tanpa ada konfirmasi",0
apk nya jadi jelek . mau log in terus aja bulak balik email sama web . aneh . harus berlangganan dlu baru bisa bikin akun . pdhl dlu ga kek gini . emng ada berlangganan tapi itu pilihan bukan di wajibkan,0
raja nyiruan,1
Alhamdulillah Barokalloh,1
aplikasi kebanyakan bug segera fix,0
ribet,0
males banget sama aplikasi ini mau buat akun aja susah.,0
udah bayar 1 kali disuruh bayar lagi untuk yang kedua kali uang ku jadi habis,0
mau daftar akun aja ribet,0
bagus sip dehhh,1
"bagus banget aku suka tapi masih ada yang belum lengkap ada in film ""Transformers rise of the beast"" dong kepengen nonton nih",1
daftar nya lma bngt saya udah 2 jam GK terdaftar juga lelet pokoknya b aj sih untuk orang yang GK sabaran daftar nya lma bngt pokoknya padahal sinyal bnyk banget,0
ga recommended sering erorr,0
ok,1
aku ga suka,0
"saya langganan 65k, ternyata tiap bulan otomatis ngambil, saya kira ada pemberitahuan dulu mau langganan lagi atau gimana kek, hadehh cape² ngisi saldo ternyata mlh kepotong ama apk ini, hama²",0
good,1
busuk,0
👍,1
"gimana yaa udh bayar dengan harga yang lumayan tapi banyak film yang ga ada di Netflix,jadi kayak percuma bayar lumayan mahal tapi film nya ga lengkap banyak yang ga ada,banyak film yg kurang peminat nya",1
Netflix Butut 😹,0
"apa coba pencet ""MASUK"" malah ga ada bedanya sama yang ""MULAI"" kocakk",0
kenapa harus membuat akun untuk masuk sangat membuang waktu,0
jelek,0
Tolong Di Permudah Apk Nya Developer,1
apk ga enak daftar ribet harus bayar,0
"Pas buat nonton secara legal. baguss banget semua film ada disini. Mau dari anime, korea, jepang, film Indonesia pokoknya semua ada di aplikasi ini",1
log sistem. tidak bisa putar di head unit,0
mantap,1
waktu saya belum bayar iklan cuplikan film yang ditampilkan bagus semua tapi setelah bayar cuplikan iklan filmnya film horor indonesia murahan gak menarik semua,0
cuma mau login doang disuruh bayar?,0
gak bisa masuk agak Laen,0
aplikasinya gak bisa dilogin.,0
tdk bisa login mlh suruh reg padahal akun ud ada,0
"baru juga berbayar ditanggal 26 januari 2026 , pertanggal 6 februari gabisa dipake ngajukan banding , email juga malah kena banned selama 2 tahun emang aplikasi bosok ini netflix",0
Mantaap,1
"Knp tagihan masih ada digopay saya? Kan saya sdh berhenti berlangganan, flim yg ditonton itu2 aja, gimana ngk berhenti berlanggan....",0
bagus cuma saya ingin membatalkan langganan tapi tidak bisa malahan di tagih terus terusan,1
"Tolong diperbaiki, saya sudah mengatur Rumah dengan Akun Netflix pada TV dengan jaringan yg sama dengan HP, namun ketika saya login Netflix via HP malah tidak bisa dan tertulis informasi bukan bagian dari Rumah padahal sudah menggunakan jaringan internet yg sama. Tolong segera diperbaiki.",0
"tolong dihapus ajaa apk nyaa yaaa, cewe saya tidakk bisaa nonton😊",0
I am satisfied.,1
saya tidak sengaja berlangganan dan dana saya disedot,0
"film nya ga lengkap, ga update, film"" keren kekinian ga ada",1
karena banyak sekali yang bisa saya nonton dan juga menyenangkan,1
"Why is it whenever i want to watch movies or series they mostly not on netflix? The talented Mr. Ripley, The Dressmaker, The Young Pope, Succession, many else. For what i even have to pay you, Netflix?",0
GRATIS KAN KAMI GAK ADA UANG 🥰,0
parah sih mau login tpi ngk bsaa,0
"tolong di perbaiki lagi, saya tidak bisa menonton film apapun hanya bisa melihat trailer padahal koneksi, penyimpanan, dll dalam kondisi baik.",1
"UDAH BUANG DUIT, GA DAPET FILM NYA. KENAPA APK BERBAYAR INI SANGAT TIDAK BERGUNA. CUMA ADA FILM DRAKOR DOANG. LO PIKIR GW BAYAR LANGGANAN BUAT NONTON DRAKOR. LO KALO MAU DRAKOR EKSIS JANGAN SURUH BAYAR. ELO YG SEBAGAI MITRA DRAKOR YG HARUS BAYAR PELANGGAN. TIAP KALI SEARCH YANG KU DAPAT HANYALAH: JUDUL TERSEBUT TIDAK ADA. TETAPI KAMU MUNGKIN SUKA....... SUKA APA, SUKA KECEWA?",0
good,1
Amazing,1
"kualitas siaran sangat buruk tergantung jaringan,harusnya ada pengaturan resolusi yang dipakai saat nonton di berapa.",0
"The experience of using this app is quite pleasant. It doesn't lag, the interface is neat, and the features are clear. Recommended.",1
"please netflix. pas konser BTS nanti jangan error yaaa.. mana pas lebaran. aku bakal langganan 1 tahun .. tolong nanti pas live stream konser BTS ga ng Lag, apalagi error",1
BAGUS APLIKASINYA,0
"tidak sesuai iklan, film yang saya cari tidak ada,",0
good,1
gak ada langganan tp duit saya ditarik,0
ruwet!,0
ga bisa update metode pembayaran udah masukin nomor kartu baru atau dompet digital malah ga bisa. mau dibayar atau engga nih,1
"minimal login doang bisa lah, klo iya premium yaudah film nya aja.",1
download Netflix buat nonton BTS nanti 😭💜,1
mantap,1
"Makin kesini makin ribet dipake, ngga kenal email kalau ngga salah Password walaupun sudah bener, terpaksa pakai kode via email..",0
akun dana saya terkuras sebesar 186.000,0
mantap,1
ok good,1
makin banyak koleksi film nya yg seru ... 👍,1
"aplikasinya sudah dibayar fangal waktu habisnya masih ada sekitaran kurang dari 2 minggu tapi gak bisa dibuka aplikasinya, pas dibuka hitam semua dan setelah ditunggu beberapa saat yang muncul di layar hitam itu tutup aplikasi dan tunggu. nah setelah terus dipencet tunggu hasilnya nihil. kecewa loh..",0
"Mantap, Terima Kasih",1
baru juga beli terjadi kesalahan mulu kenapa ini apk gak jelas,0
Netflix offers high-quality movies and series. The app is smooth and content is always interesting.,1
"ini mau daftar aja harus lewat link email udah gtu gabisa dibuka lagi, padahal jaringan wifi/data bagus² aja, tpi ko lemot yaaa muter² terus, kalo soal RAM, ini penyimpanan masih gede, oh iya sebelum nya saya udh punya akun jarang dipke tpi skrg mau dipake ko ga bisa, tolong ya perbaiki lagi",0
"kadang2 film yang kita tonton tiba-tiba di daftar hilang. terus mau cari film di pencarian kadang ada kadang tidak ada. jaringan bagus, tapi gak bisa nonton film di pikir2 nyesel langganan d Netflix.!",0
keseringan logout sendiri + masuk nya lagi susah kayak orang aja mood² an,0
"netflix kok gue gbs login pake password sih, terus di tulisan 'get help' jga gada tulisan 'masukan sandi' gue udh hapus cache jg & uninstal.",1
"di suruh bayar Mulu, padahal udh ga nonton dan udh keluar dari Netflix + udh ku batalkan",0
saya sudah tidak lagi berlangganan kenapa masib ditagih,0
download Netflix karna Netflix x BTS 🥳,1
kenapa ada iklannya..,0
donlod apknya karena bts hehehe,1
good,1
"ternyata benar kata orang film netflix bagus-bagus, ini bukan sekedar pujian tetapi ini lebih dari pujian pribadi saya mengapresiasi kepada netflix kumpulan film terbaik & sangat berkelas👌 tolong juga saya telah memasang paket 720p tolong saya ingin menonton 5 perangkat handphone berbeda sekeluarga jangan dibatasi agar saya dan sekeluarga tetap dapat menikmati film terbaik dari netflix meski jauh dari keluarga.",1
mau masuk dengan pilihan paket berbeda dari yg awal susahnya minta ampun,0
"saya gk pernah setuju pembayaran atau melakukan pembayaran tapi dari akun dana saya sudh terpotong lalu saya gk bisa nonton netflik dari HP atu pun TV kecewa sih rugi saya,, pelayanan nya jlk udh mah di hubungi gk ada jwban di tlpon juga cuman ada suara gk bisa di hubungin untuk saat inih lahh jir lah udh mah masuk malah suruh dapat ulang sama beli paketan lagi kan padahl dh bayar aneh ahhh rugi kecewa banget",0
terlalu sulit mendaftaar,1
tidak bisa membuka film di android box tv first media,0
masuk ke netflik atau daftar akun ribet amat,0
baguss,1
apk aneh ngbug mulu,0
Mantap film nya,1
"gabisa daftar repot banget buat login. beda sama apk lain tinggal masuk-selesai pasang akun. mau liat film gak begini buat joinnya, pke email lah apalah. cuma mau ambil data aj. mending nonton di youtube lebih bagus. semoga ke depannya di perbaiki lagi",0
high quality 👍,1
login doang harus bayar 😡,0
mantap,1
"setelah update aplikasi nya saya tidak bisa memutar video nya, hanya dapat login dan masuk ke halaman utama saja, namun di hp lain bisa, ini saya menggunakan realme c55",1
"film nya dikit bangettt,,,,dari Pixar ga adaa,, Dreamworks film nya sedikit bangett,,yang ada cuma film² ga laku doang,,,nyesel udah langganan",1
"anehhh, udah langganan tapi di persulit untuk nonton. kenapa harus hapus"" chace ato ngosongin RAM/ROM buat nonton? jadi untuk langganan netflix harus yang HP yang kapasitas RAM/ROM 1 tera gitu?",0
"woiii bener banget kenapa nyedot saldo tanpa izin, sebaiknya jangan langganan di tv sih nyesel banget gimana ini saldo saya ga bisa kembali, harusnya tanya sama saya dulu, padahal saya sudah berhenti langganan loh di email saya, saya sudah meng klik berhenti langganan ko masih di sedot saldo saya",0
agen si bro,1
sebuah platform bertanggung jawab saya tanpa sengaja berlangganan selama 5 bulanan tanpa menikmati tontonan satu pun setelah komplain Netflix dapat memproses pengembalian dana saya terimakasih Netflix,1
susah bgt login nya udh beli paket ga bisa di gunain salah sandi mulu udh ganti sandi berapa kali tetep aja salah ribet bgt.,0
baru mau daftar gabisa masuk gabisa login,0
tolong Netflix Drakor nya di lengkapi banyak yg gak ada,1
ok,1
"mohon diperhatikan keamanan akun netflixnya, agar pengguna nyaman dan aman. terima ksh",1
seharusnya gratis itu cuman nonton film aja mau bayar dasar netflix penipu,0
jelek,0
mantap..bagus2 film nya,1
"gila, udah beli paket yg bisa nonton di 5 gedget, tp sering gak bisa dipake nonton bersamaan, di TV sama di HP . padahal beda akun.. anjir.. kmaren beli pakek yg sharing, sering error, eh upgrade paket malah sering ngulah.. gak ngotak ya.. abis ini gakkan ku perpanjang..sumpah.",0
mohon judul film nya jgn terlalu kadarluasa..,1
tidak bisa login,0
"beberapa series anime sering hilang. pada saat saya memberi ulasan ini, series seperti jujutsu kaisen dan sentenced to be hero tidak ada. tolong segera diperbaiki",0
"Kenapa cuman loading aja di Samsung A05 tidak mau play filmnya, why u so payah, Netflix?",0
"aku hanya ingin bermain football manager 26 saja, aku ingin mengeluh kenapa harus berlangganan netflix dulu? kenapa tidak memisahkan saja antara aplikasi football manager dan netflix? aku yakin jika fm 26 adalah aplikasi yang berdiri sendiri akan laris manis dan mampu bersaing dengan game sepak bola lainnya... tolong buat aplikasi fm 26 versi gratis dan terbebas dari langganan netflix",0
"aplikasi nya udah ke hapus ya, terus gak ada ngeprem juga, kok bisa uang aku ketarik gamau tau balikin",0
"lambaaaaattttt, internet yang bisa lancar mengakses semua apk tapi waktu mau daftar di ini apk lambat bet berak",0
baru mau daftar AE suruh bayar hehe,0
apk longor,0
sering eror gak jelas,0
"4 bulan berlangganan padahal 1 bulan udah batal langganan ,ini bulan ke empat baru ada notif tiap bulan di ambil 65 rb si kunyuk",0
"kalau tidak sabar jangan sekali"" dowload netflik gak bisa masuk buat akun aja susahnya minta ampun. hadehhhh",0
goood,1
melakukan pembayaran otomatis dan tidak bisa dibatalkan,0
"login aja ribet banget, eror lh, padahal sinyal nya bangus, hadehhh",0
bagus lumayan membantu buat hiburan,1
"application for watching lots of exciting and interesting films, the application is very good and the subscription is also affordable depending on usage",1
👍,1
"buffering doang,nggak bisa ditonton percuma beli",0
"Aplikasi tolol! Masa iya video tidak bisa diputar, padahal jaringan wifi 5G sangat kencang. Giliran pakai jaringan hp, eh malah langsung kualitas HD",0
The best streaming service. Pilihan film dan serial originalnya tidak tertandingi. Kualitas gambarnya jernih banget!,1
saya mau buat akunnya tapi tidak bisa...yang muncul malah halaman kosong...linknya tidak bisa...,0
"Kepada ADMIN Netflix, tolong adakan fitur komentar nya,biar kita bisa rating dan keseruan nya, atau saling recommend,biar tambah seru jga, pliss 🥰🙏",1
bagus,1
"jelek parah, udah berlangganan malah error terus buang buang duit aje",0
"bagus sekali, tidak lemot lancar, best pokoknya",1
aplikasi streaming terpercaya dengan kualitas terjamin dan harga yang terjangkau,1
susah daftar akun,0
aplikasi ga jelas mau daftar aja ribet,0
"Keasikan Netflix adalah fenomena maraton nonton (binge-watching) film dan serial populer, sering kali dibarengi camilan seperti popcorn atau dimsum, yang membuat lupa waktu, bahkan melewatkan aktivitas lain",1
"A comprehensive movie-watching app, also available for free trial. Movies from all countries are available, even Korean dramas. I love it.",1
menulis kata kata,0
"gajk bisa play filmm di tab gimana dah ini netflixxxx,udah di uninstall tetep samaaaaaaaaaa",0
"aplikasi nya bagus,terus pelayanan nya sangat bagus dan ramah,terutama itu cs Netflix nya karena saya sempat ada masalah Ama sistem pembayaran nya tapi langsung diatasi Ama cs Netflix nya pokok nya mantap lah",1
ribet,0
"The Umbrelella Seson 3 , ada clip dimana Lafadz Allah di tulis dilantai , apakah anda boikot film itu di netflix ...",0
kereeen,1
tidak bagus sama sekali sudah berlanganan bukannya tambah baik ini tambah buruk. sudah lama keluar film terbarunya. membosankan,0
"terlalu rumit dan kecot ini aplikasi, banyak maunya aplikasi ini perlu di perbaiki ulang terlalu banyak permintaan @ mail makanya sy kasi bintang satu",0
"awal install di Tablet, aplikasinya berjalan dengan baik, begitu di update dan saat mutar film malah tampilan jadi vertikal gak bisa horizontal, tolong solusinya donk... jadi gak asik nontonnya...",0
"dikit2 ke logout terus, langganan udah premium tapi lagi asik nnton tiba2 ke logout terus, makin jelek sistemnya netflix!!",0
tidak lengkap filmnya,1
"B431 Bener netflix ini ya. tiba"" ada notif dana di ambil bayar langganan tapi begitu saya mau masuk netflix pake akun yg sama ga bisa harus bayar langganan lagi. kalo suruh bayar lagi ngapa dana saya di ambil maling!! aplikasi t41 bener apa"" susah b431 emang ya.",0
gimana ceritanya udah berlangganan tapi disuruh login terus,1
"Tgl 27 Januari 2026, tiba-tiba muncul transaksi pembelian paket berlangganan dari akun *Dana saya. Padahal sudah berhenti berlangganan beberapa tahun sebelumnya. Selanjutnya, website terindikasi 'error' atau tidak aman. Mobile app juga tidak bisa diakses. Hati-hati bagi yang lain",0
good,1
"saya sudah bayar 120.000 tapi dilayar masih ada tulisan ""PERBAHARUI PEMBAYARANMU"" dan saya tidak bisa film film yang ada netflix",1
filmnya ganti dong.. 1 bulan pergantiannya.. jgn terlalu lama.,1
apk ga guna,0
"Cara pembayarannya terlalu ribet kalau sudah telat, saran pembayaran jgn potong otomatis, Q Ris juga gak bisa d gunakan bayar",0
"aplikasi sampah, jaringan dan device bagus tapi kadang susah banget buat mutar film nya. selalu loading lama dan kualitas gambar pun burik",0
alikasi ini sangat bagus,1
kikir,0
"aplikasi apaan,1 Minggu lgi mau abis,malah kga bisa di putar /kga misa nonton payah.👎👎👎",0
"gak jelas, orang udah gak berlangganan tapi masih aja di potong otomatis saldo dana saya, aplikasi GAK JELAS!!!",0
"beda sama iklan nya,aplikasi tak bermutu",0
aplikasinya mengecewakan bngt aplikasi bukanya di perbaiki malah tambah ngeribetin daftar udah bolak balik pakek 2 hp msih aja cuman kembali daftar trus gak bisa masuk😡😡😡,0
pliss tolong gmn balikin dana gw udah 3kali di sedot otomatis padahal gw udah berhenti berlangganan,0
"udah langganan mahal mahal, ngebug tiap nonton, fitur lanjut tonton ga akurat, kalah sama vidio/viu, padahal langganan netflix lebih mahal,",0
knp ya skrg netflix stiap mw login ke premium harus pke kode gmail nya? waktu taun kmrn login nya cm pke pw yg kita buat aja.. pls kembalikan netflix yg login pke pw aja,1
"kasih semua film sub indo, gua bingung nonton translate Inggris 🙄",0
Ok,1
"segera diperbaiki, saya sudah langganan tapi tidak bisa di play. error terus",0
"over all gak ada masalah si sama apknya cuma satu yg di sayangin kenapa harus ada menu ""GAME"" di netflix ini? orang liat netfix buat nonton konten konten filmnya bukan buat main game. terkesan banget kayak iklan terselubung untuk sekelas apk berbayar ini sedikit menggangu.",1
Aplikasi yang menghibur,1
jelekkkkk,0
gabisa nonton anjoy,0
mantap,1
loading doang gak kebuka filmnya...hadew,0
please tambah urki series dong min judulnya arafta🥰❤️,1
download application because of Solo Leveling,1
Gajelas banget pliss pendaftaran bertele-tele padahal pengen banget nonton malah pendaftarannya bertele-tele,0
ok,1
film nya itu itu aja...,1
"Sistem pembayaran yang dilakukan di Netflix masih belum berpihak ke user. Walaupun sudah membatalkan keanggotaan, jika saldo e-wallet masih terisi dan/atau ada film download yang lupa kita hapus, dari aplikasi akan menganggap kita masih berlangganan. Padahal, kita sudah tidak berniat untuk melanjutkan langganan. Menghapus akses pembayaran pun, hanya bisa dilakukan di Netflix dan itu tidak bisa dilakukan kalau hanya punya 1 metode pembayaran. Semoga setelah menghapus akun, e-wallet saya aman.",0
ribet.,0
"kenapa harus berlangganan sih bagaimana supaya bisa stop berlangganan agar dana kita gak kepotong terus harus nya kan lebih flexsibel kapan kita mau nonton baru beli ,karna kalo pas lagi gak bisa nonton karna sesuatu hal kan rugi kita langganan tapi gak di tonton,,,, tolong pihak netflix agar lebih flexibel dalam hal pembayaran ,dan bagaimana cara stop berlangganan,,,,???",1
bagus,1
gua kasih satu bintang kenapa .. daftar Netflix Eror terus gak jelas emang,0
mantap,1
"ribet, susah login pake pasword harus klik link via email terus",0
udah lumayan bagus udah nggak repot2 ke bioskop,1
kita syukuri saja dan bagus tpi sedikit bermasalah,1
Oke,1
ok,1
waooo,1
"jelekkkk... masih bagus Video,,, gratis lg",0
nak mbayar gle bhok,0
"aplikasi nyedot saldo doank, login susah",0
buka di laptop muterr terus apasi,0
saya baru pertama kali menonton ini. tapi bisa menonton anime dan ada juga dubbing indonesia nya,1
wkk banyak yg kasih rating buruk gak jadi install ah,0
"tayangin Drakor terbaru dong please itu ada drakor yang udah ada lanjut season tapi disini gak masa masih season 1, kemarin aku liat disebelah udah ada season 3 nya. masa ini masih season 1, ayoolah update lagi film film nya 🥲",1
lebih suka nonton disini karna kaya lengkap gituuu trus bisa nonton yang baru baru aja rilis pokokmen the best deh🤭🤭🤭🤭✨✨,1
tolong tambahkan fitur timer sleep sama screenshot ehehehe,1
"Udah bayar mahal-mahal tapi kualitas tayangannya gak bisa dipreferensikan. Gw maunya nonton di Full HD to 4K, kenapa sering burik dah. Padahal di pengaturan saya sudah setting kualitas audio video di TINGGI, tetapi tetap sering burik. Internet speed gw lambat? Mana ada kocak, Internet speed gw udah cepet nonton youtube 4K lancar aja. 50-100 Mbps kurang cepet apa? Cara Refund gimana dah? Kocak betul platform ini.",0
"aplikasinya sudah sangat bagus,film film nya juga berkualitas semua,tapi tolong kembalikan fitur tekan untuk mempercepat 🙏",1
Very recommended platform to watch shows and movies!,1
udh ke anggotaan udh download filmnya masiii lemott bgtt loading mulu,0
"apaan udah langganan tapi GK bisa nonton muter terus, padahal wifi nya oke😏😏👎👎👎",0
"gila padahal saya sudah membatalkan langganan pembayaran dishoope pay tba"" pembayaran dilakukan dan notif tidak masuk sama sekali ke akun google saya , aplikasi ini sangat buruk dan merugikan saya",0
"kurang bagus sekarang netflix, terlalu ribet padahal tinggal kasih kolom email dan sandi aja ketika masuk",0
"tertera paket tontonan berlangganan selama 30 hari, baru beberapa hari udah gabisa dipakai (harus melakukan pembayaran ke2 kali)",0
demi apapun g ikhlas uangku tbtb diambil netflix pdhl gda pembayaran apa apa lagi,0
pemaksaan berlangganan,0
akses berhenti langganan mudah,1
"Waktu di buka malah keluar sendiri, waeee ? Pdhl koneksi internet lancar"" ajaa",1
parah ajig aplikasi netflik ribet amat kalo sudah pernah beli paket ribet berhenti berlangganan nya hadehhhh nyesel gua maketin di netflik,0
apk nya bagus tapi caranya daftar gimana? 🙂‍↕️,0
Jelek nggak bisa login padahal sudah bayar,0
sangat bagus di gunkn,1
"aplikasi nya bayar sendiri padahal gak ada bayar, mau nonton juga film nya gak bisa di putar. Balikin uang gua woy",0
pendaftaran suruh bayar,0
tidak bisa di play padahal udah clear data dan cache sudah bayar langganan dan paket internet masih banyak masih saja tidak bisa play film,0
saldo dana sedot tapi ga bisa ntn netflik mau daftar ulang suruh bayar lagi dasar apk pemerasan,0
"film yg bagus dikit bgt muncul di netflix, yg banyak film film indo yg sampah. ga nafsu nonton",0
gak jelae,0
"aneh banget email aktif ga ke detect ama system nya padahal udh langganan tiap bulan,cape banget harus bolak balik ke cs",0
"Login di handphone atau laptop ribet semua selalu salah sandi, email tidak ditemukan dll baru masuk langsung salah sandiii hadeh kapokk",0
Sayantidak bisa login sudah 3 hari,0
"buruk bangat ini aplikasi, baru saja hari ini mulai berlangganan tapi sudah kecewa..semua video gak ada yang bisa di buka..semua overload..nonton video durasi 10 menit bisa di tungguin sampai berjam-jam..",0
Tambahin film ne zha yg pertama plss huehueheu🥺🥺,1
filmnya ga komplit,0
males bayar,0
gue udah bayar tapi gak bisa login,0
sangat memuaskan,1
busuk,0
udh langganan tpi sering lag sama gk bisa masuk tolong benerin nih apk banyak lag nya,0
"udah muak banget, kemarin akun lama mau di login ga bisa. akhirnya daftar ulang dan berlangganan ulang, belum cukup sepekan udh error. gimana sih ini depelover,",0
"apaan co, gabisa di masukin belum sehari udah out sendiri gajelas netflix, pas masukin alamat email malah ga valid padahal udah bener itu email nyaa, malas bgt asli, masa harus masukin lewat web dulu hadehh 🤬😡",0
gabisa di pake apk nya tapi pas mau di hpus juga gabisa,0
hai Netflix..kenapa saya tiba² tidak bisa membuka aplikasi Netflix di HP saya ya?,1
bgus,1
"apk nya aneh, gabisa login, pdhl sebelum""nya oke"" aja jdi ribet",0
kasih bintang 1 aja..semakin parah pelayanan nya .masa iya ud asik kena house ehold mau klik perbarui ktny trjadi kesalahan cb lagi nanti gt gt aja terus..tlg la..jgn mempersulit org..parah betul,0
"grafik sangat jelek, mata saya sakit",0
"ribet pembayarannya, no hp ga bisa nerima sms, katro masih pake sms padahal udah ada wa tinggal bayar, atau Qris simpel ini mah belibet mau bayar bae hese katrok",0
good,1
"Sumpah baru kali ini aku gagal join netflix, gk jelas banget udah login di web pas masuk aplikasi harus login lagi mana pas masukin email kagak bisa katanya bermasalah, bermasalah apa? gk jelas😡 rugi aja dong udah kebeli prem nya.",0
buat tv udh gak bisa sulit banget mending ke yg lain kalau kaya gini,0
Aplikasi streaming dengan banyak pilihan film dan series berkualitas,1
the best pokoknyaa mantafff,1
mantab,1
sangatttt bagus,1
baik,1
nonton anime,1
Film the Saint of teknology : power of gods gak ada kah?,1
ini kenapa masalahnya dimana saya sudah bayar berlangganan saldo sudah terpotong tp masih aja suruh bayar lg susah nonton,0
gabisa login. payah,0
Bagus,1
lama banget daftarnya,0
Bosok. suka ga bs nonton film. suka log out sendiri. login jg jd beda. aneh.,0
sangat sulit buat masuk,0
"saya selalu tidak bisa masuk dan tulisannya terjadi kesalah terus, sudah saya tunggu 1-2 jam masih saja seperti itu. padahal udah ganti akun berkali kali. update an barunya sangat tidak ber faedah.",0
bisa dipermudah GK aku mau login dan mau berlangganan ribet banget dikit dikit error tolong di bantu jangan diam saja berani berbuat berani bertanggung jawab,0
"susah untuk login akun,setiap berhasil login pasti pas mutar videonya selalu ada tulisan terjadi masalah 5.7.6 udah di ikutin segala cara tetap GK bisa",0
"Tolong dipertimbangkan waktu kecepatan pergantian subtitle (reading speed) terutama untuk kalimat yang panjang. Penonton harus fokus pada dua hal, adegan dan text, kecepatan membacanya juga akan berkurang. Terlalu cepat menjadi kurang menikmati filmnya.",1
good luck,1
kikir,0
good job,1
setiap mau masuk dipersulit,0
"sudah berbayar tapi sering banget bermasalah pas mau mutar ulang padahal cuman sebentar aja keluar dari apk nya udah bermasalah pas mau nntn lagi, ROM/RAM GK penuh terus juga udah coba bersihkan cache nya sampe cache netflixnya juga tetap aja beramasalah di pemutaran dan lebih parah lagi walaupun sudah di download sama aja beramasalah pas mau di putar, tolong di Benahi",0
knp susah bngt masuk nya,1
film ngak full contoh fast and furious sumpah jelek banget udah kureng ni apk,0
sangat senang,1
"semenjak ada update login yang baru aku punya 5 akun berlangganan premium gabisa masuk semua, keterangannya terjadi kesalahan teknis, udah 2 hari dicoba masuk ke 5 akun tersebut tetap sama hasilnya gitu, buang² duit, udah lapor ke cs malah responnya ngeselin...Bukan membantu",0
Balikin dong film interstelar,1
tampilan login berubah jadi email saja tidak pake sandi dan email selalu salah,0
"saya sarankan jangan beli langganan netflix, yang mau nyobain netflix di TV jangan!! pengalaman gw sendiri ketika gapengen langganan, tiba tiba nyerep tanpa izin dari gw, terus isinya juga film film yang pernah tayang di TV(rata rata) mending nonton bajakan, film spiderman gak ada, film film bagus juga gaada, rata rata film nya Indonesia dan gw yang gasuka film Indonesia cuma bisa nonton anime, sedangkan anime bisa nonton di youtube di muse. FYI aja One Piece cm sampe episode 750",0
aneh jika memakai wifi saluran saluran yang biasa saya lihat tiba tiba hilang dan tidak tersedia...padahal jaringan tidak memakai vpn / proxy...kecewa.,0
"platform iconic,minus kadang suka ke log out sendiri dari akun, tambahin mr robot ke server Indonesia dong min",1
apa banget:(,1
banyak film yg gaada,0
pembaruan 2026 sudah makin kacau ga bisa login.. email yang salah pdhl sdh langganan 1 bulan bobrok aplikasi,0
pembayaran knapa maksa banget? gbisa di konfirmasi dlu untuk pembayarannya? langsung ngambil? sama kayak pencuri klo gini,0
film itu itu aja... KURANG LENGKAP. dalam pencarian pun gk ada.. hadewchhhh,0
"tolong banget nih buat film india yang dulu² di banyakin dong, di adain subs indonesia",1
min tolong tetep bisa buka netflix...walaupun gk langganan.gpp liat iklan🤪🤲... terus tambahin drama short bule... ☺☺☺,1
Baru aja kmrin siang ada The Walking Dead n baru nonton masih episode pertama kok malam mau nonton ilang !!!!,0
saya sudah bayar mengunakan SIM kard by u kenapa masih minta sambung pembayaran dan di potong lagi di Shopee saya minta pengembali dana tidak bisa,0
parah gua berlangganan mau maen game RDR tapi Ga bisa di HP dan Laptop caur sekali anjir. perangkat ga mendukung caur asli,0
"tidk bisa dilogin setelah melakukan pmbayaran, klo minta uang ga gini caranya",0
mohon masukkan film yang seru² dong. kayak twilight eps 1 sampai tamat tolong masuk kan. masa film film lama yg seru² gak ada sih 😫,1
emang harus dibayar kubkira gratis,0
mulai sering error heran bgt pdhl awal2 aman Uda di bersihkan cachenya jg sama aj susahnya mo nonton film pdhl Uda langganan bener2 rugi kalo gini terus,0
heran berkali kali ga bisa masuk,0
biaya langganan doang mahal tapi sering trouble,0
"ini kenapa anime banayak yg hilang, detektif conan padahal lagi maraton malah hilang, ini anime fate malah gak ada subtitle nya",0
susah buat login k akun klo pakai tv.,0
why my film list and my series history missing ? NOT ONLY ONCE BUT ALWAYS MISSING MANY MANY MANY TIMES 👎,0
saya senang sekali dengan aplikasi Netflix karena saya bisa dapat nonton film dengan selengkapnya 😇,1
penipuan langganan,0
"aplikasi bodong gw beli satu bulan paket terus baru pertanggahan bulan udah disuruh langganan lagi, aplikasi penipuan",0
"mohon untuk kembalikan opsi login yang muncul langsung email sama pw, jangan yang ngetik emailnya dulu terus otomatis kirim kode",0
biar bintang yang berbicara,1
"saya berhenti berlangganan, tapi tagihan masih di tarik",0
ribet,0
film kurang lengkap,0
bagus untuk langganan film disini.,1
ok,1
"netflix tibaa² tidak bisa untuk menonton film, sudah diuninstal, sudah restart hp juga nggakk bisaa",1
"uda ga bisa masuk dan masih banyak bug, tolong di perbaiki ya kikir",0
"Filmnya jarang update, banyakan film yg sudah lama",0
ribet amat jangan download aplikasi ini ribet mau masuk aja harus berlangganan dulu,0
"kenapa muncul iklan""gak jelas pas nonton. jadi gak nyaman nonton",1
ga bisa sign in,0
"mau login di hp android susah kali sekarang, harus verifikasi email dulu, ngga bisa pakai password lagi, lol",0
"setelah di update malah gabisa nonton lanjutan filmnya, loading terus²an, semakin kesini semakin buruk, knpa mempersulit pengguna!",0
baguss,1
diskon dikit kak,1
"udh beli paket gak bisa masuk, pake email gak bisa nomer ponsel juga gak bisa",0
"sangat buruk, ini aplikasi berbayar, harga nya juga mahal.",0
"kenapa harus ubah metode pembayaran di tengah penggunaan, saya hanya memakai gopay lalu terus muncul tulisan sudah terhubung akun lain, akun lain mana ?, hanya ada 1 Netflix di 1 akun ini, kalau memang tidak kompeten, tidak perlu membuka layanan sampah yang sulit diakses pembayarannya bodoh",0
tidak bisa menambahkan atau mengahapus metode pembayaran,0
"udah berenti berlangganan, tetep aja otomatis dipotong , parah bgt , jangan pernah mau berlangganan Netflix. udah klik berenti tetep ditarik otomatis.",0
"Saya tidak bisa nonton Anime Jepang. ada tulisan ""Kamu nampaknya menggunakan VPN atau proxy, lalu coba lagi"" Udah dinupdate, udah clear cache, udah re instal masih tetep sama. padahal saya g pake VPN. saya coba di HP dan TV. ttp sama. langganan mahal tau gitu g usah perbarui. males gua.",0
"JELEKK, NGGA BISA LOGIN, LAG PARAH",0
"apk ga jelas, main potong potong uang orang aja, giliran di pake aja ga bisa apaan, mau berhenti langganan ga bisa aneh banget ni apk",0
"gimana sih mau masuk netflix ini sekarang, ngga bisa pakai pasword,, bikin susah aja. update bukan nambah bagus dan mudah malah tambah susah lol",0
susah bgt mau log in,0
Bagus,1
knp semua film di akun saya tidak pada bisa saya lihat >:(,0
GAJELAS anj pendaftaran nya,0
"udh lama gabisa diputar filmnya, terjadi kesalahan terus.",0
terbaik,1
puas,1
aplikasi penipu padahal udah batalin pembayaran setiap bulan dana kebayar sendiri 65k kecewa makan itu duit haram,0
aneh banyak mau banget,0
"aplikasi buruk. saya sudah punya akun sebelumnya, terus saya mau login menggunakan akunnya itu tapi gak ada pilihan untuk masuk menggunakan akun yang sudah ada dan malah disuruh buat akun baru",0
too pricey,0
"baru dua bulan langganan paket 65rb, di bulan ketiga tiba2 berubah udh 185rb . najis",0
"aku punya pemasukan, apa bisa menambahkan fitur nonton bareng atau nobar biar seru menonton bersama pasangan yang lagi Long Distance Relationship atau LDR. jika berkenan mohon ditambahkan fitur nobar agar aku dan pasanganku yang lagi LDR bisa nonton bareng",1
gajelas gabisa nonton udah bayar jugaaa,0
ya Allah netflix elu bikin tampilan baru setiap login harus pake kode..dan masuk login aplikasi email ngk bisa terus..makin lama makin aneh ini aplikasi..,0
"ini Netflix nya Kenapa Cepat amat bulanannya Beli di tanggal 25/12/2025 Tapi Belum 1 bulan udh Habis Duluan Di tanggal 15/1/2026, Mohon di perbaiki",1
itu daftar akun nya gimana yaa?,1
tidak bisa login susah berulang kali di coba login tetap gagal tapi saldo berlangganan terpotong terus,0
"Netflix tolong banyakin film Jackie Chan nya,,nanti aku akan terus berlangganan deh kalo di banyakin.. aku kasih bintang 3 dulu ya,, nanti kalo udah banyak aku kasih bintang 5 hehe",1
gw kirain gratis buat bikin akun ternyata bayar kikir amat anying 😹,0
"mau membatalkan keanggotaan malah error, pas balik ke apk disuruh login ulang, ribet banget dah",0
good movie application..netflix,1
ribet banget,0
Bisa Tonton KPop Demon Hunters,1
sampah,0
ok,1
bagus semua,1
"sya kasih bintang 3, soalnya yg udh di dwonlod, trus dwonlod lgi ga bisa, pdhl ruang penyimpanan msh 9giga terpakai baru 3 giga mohon di perbaiki saya suka dgn Netflix",1
Saya sudah bayar kok belum bisa masuk masa di suruh bayar lagi,0
Neflix ya bagus kalian nonton nanti nyesel itu lumqyan aku kasih bintang lima kalian ga boleh gitu nonton ya kerem👍👍😎😎,1
"adain dong film dari mbc grup/film dari saudi Arabia/adain film Arab yang banyak dari aplikasi shahid/watchid,dan ada subtitle Indonesia,terjemahan bahasa Indonesia dari judul film Arab sampai terjemahan dari film tersebut.",1
"untuk beberapa film, subtitle tidak berwarna putih jelas. Tidak ada masalah untuk subtitle film animasi. tapi untuk film lainnya, sangat mengganggu mata",1
knpa setiap bulan kena potongan Netflix padhal ga pernah berlangganan tolong lh gimna cara buat berhenti padhl g pernah sama sekali beli paketnya,0
nice,1
pelit,0
bagus,1
"keren apk nya, tapi tambahin film Godzila yang lengkap dong, aku udah langganan tapi gada film Godzila (cuman ada minus zero)",1
Sangat Bagus sesekali trialnya atau harganya yang terjangkau,1
"busuk bukanya makin bagus Update malah makin Bikin pusing, Ini Netflix saya selalu ga bisa login ( password salah ) padahal password udh benar, Gajelas banget Mana gw udh bayar bulanan, Udh 1 Minggu ga bisa login Karna password salah, gak tau salah nya dari mana",0
"Udah bikin akun baru, bayar pake dua e-wallet yang berbeda, tapi tetap tulisannya error, pembayaran terkendala... aneh aneh, ini ga ada niat mau benerin aplikasinya kah? udah banyak yang ngeluh",0
"setelah update malah ga bisa dibuka, selalu muat ulang terus, parah sih ini",0
best movie app,1
mau dftr aj hrs brbayar👎,0
"ternyata masih banyak film2 yg belum ada walau sudah lama kaya game of thrones, inception, tenet, dan masih banyak sebetulnya yg padahal film2 itu terkenal. itu saja kekurangannya menurut saya tp masa iya ga ada, sayang kali.",1
"Saya bayar FULL hari ini tanggal 12 Januari, tapi masa langganan yang saya terima cuma sekitar 25 hari. Ini jelas nggak masuk akal dan nggak sesuai sama yang saya bayar. Langganan bulanan kok dipotong hampir seminggu? Tolong jangan merugikan pelanggan. Saya minta penjelasan yang masuk akal dan perbaikan segera.",0
aplikasi nya tidak bisa di buka... mohon di perbaiki 🙏🏻,0
"pas mau buat akun kita do buat muter muter sama app ini,sampai 30 kali saya mau buat akun tapi muter muter aja di app google",0
knapa harus instal ulang terus,0
"gilaa sih netflix mending langganan di temen aku yang udah punya akun lebih dari 1 dan bisa harian juga. dari pada daftar sendiri pake akun sendiri, udah bayar belum sampe set bulan logout ga bisa masuk lagi. kecewa banget sama netflix ga rela banget",0
sangat spesial,1
uhhhhhh kesel suruh update tapi ngga jalan pas diupdate,1
ok sih,1
sudah daftar belanganan dan sudah bayar 65rb tapi tidak bisa masuk malah tampilanya kayak belum bayar langanan padahal saldo sudah kepotong 65rb.,0
aplikasi eror di tv android!!!,0
netflix tolong tambahin film gladiator 2 dong dan ditambah film film yang berkelas kaya avatar dan yang lain lain jangan kebanyakan film drama mulu dan ditambah dong film film luar nya biar ga bosen,1
Jlek bet,0
"sudah lakukan pembayaran tapi tetep tidak bisa masuk akun, sudah coba ulang tapi selalu di tujukan ke web pembayaran lagi.",0
ini kenapa ya Netflix gua Uda bayar kok videonya gak bisa di puter,0
pembayaran melalui shopeepay saldo sudah terpotong tapi neflix tidak bisa dibuka,0
Sudah di batalkan ke anggotaan masih saja otomatis mencuri saldo.,0
error 5.7.6 video tidak bisa dibuka,0
"apk ribet, daftar ribet. blm apa apa dh mau bayar, di kira apk ini doang kali, minimal masuk dlu, pengen liat komplit kaga nya ni film",0
Mantap,1
Mau nonaktifkan keanggotaan di aplikasi tapi tidak bisa.. Buka webnya netflix lewat HP malah diarahin ke aplikasi 😌,0
banyak error habis berlangganan ga bisa muter video,0
"Film nya seruuu seru dan update, semoga netflix bisa memunculkan Film kesukaan saya juga yaitu film Harry Potter di list nya",1
tidak dapat dilogin lemot lagi emang aplikasi tidak genah,0
udah bayar berlangganan 65.000 malah ada tagihan lagi hari ke-10. kan belum sebulan padahal,0
"saya sudah mengajukan pemberhentian langganan, kenapa dana saya masih saja di pakai tanpa seizin saya, jujur saya kesal sekali dengan apk ini",0
kikir,0
ok,1
mantap,1
"saldo sy sudah terpotong tapi, diminta buat buat pilih paket lagi, sudah lapor ke castemer servis kata.a ndk ada dana masuk, kok bisa? saldo saya sudah terpotong loh, kata.a akan kmbali dalm waktu 3 hari, tapi smpai sekarang ndk balik2, bukan maslah uang tapi pelayanan yg ndk becus",0
layar hitam tapi suaranya ada,0
aplikasi nyata untuk menghargai perfilman.. minus nya penonton terbanyak masih di rating kebebasan berbayar 😅 termasuk saya,1
netflix kontoI kebanyakan berbayar kebelet apa dah lu,1
"kenapa ya saat menonton layar nya hitam semua cuma ada suara nya doang padahal akun ga dipake sama siapa"" dan juga ruang hape ga penuh, cache nya juga udah di apus. gara2 itu jadi badmood buat nonton",0
sering bug saat menonton film ber seri ngefress lag sesaat sangat mengganggu,0
saya sudah daftar saya sudah bayar langganan bulanan tapi kenapa selalu login ulang dan saat masuk ke email dan sandi selalu muat ulang🤬🤬apakah kalian mau nipu? karna belum sama sekali saya nonton 1 videopun,0
kikir but bisa menyenangkan para elitis🤭,1
👎🏼,0
pembaharuan baru semakin rumit dan semakin sulit untuk menonton. peraturan yang sangat susah untuk ditaati yaitu perangkat anda tidak termasuk bagian dari akun netflix. padahal cuma pakai 1 perangkat tapi susah untuk masuk,0
"TEMPAT STREAMING TERIBET DIDUNIA, BANYAK BANGET MASALAHNYA UDAH GITU KOLEKSINYA DIKIT",0
Mantap,1
ok,1
bagus banget,1
daftarnya susah kli.maksa kli buat berlangganan,0
"APLIKASI DONGO BARU BAYAR TGL 2 JANUARI, MINTA DIBAYAR LAGI BARU SEMINGGU",0
lumayan buat nonton anime bagus banget ga burem,1
baik,1
gak jelas biaya langganan,0
Bagi saya sangat bagus dan sangat berkesan bagi saya,0
banyak film bgs,1
gak bisa masuk gw,0
bagus si tapi kenapa tiba tiba suka keluar sendiri gitu ya padahal baru nonton 40 menitan,1
metode pembayaran ribet banget. masa verifikasi harus sampe 5x. aplikasi berbayar yang paling gak jelas dan gak customer oriented,0
mudah lancar murah,1
harus byr.,0
sekarang udah ga bisa lagi percepat jadi speed 1.5X saat layar ditahan.,1
beru mulai menggunakan,1
nice,1
nice,1
ayo cari apa yg kmu ingginkan,1
mantap,1
"bagus , cuman tulisan subtittlenya ga ada yang yang kecil kekecilan yang gede ngalangin layar",1
apk tll mnding moviebox drpd apk g guna😂,0
ngk jls Netflix saldo kepotong sendiri di rekening jgn berlangganan apk ngk jls,1
"ga bisa daftar akun baru, apk ga guna pntk",0
mens rea .ini terakhir saya langganan netflix,0
"SELAMA BEBERAPA TAHUH BERLANGGANAN NETFLIX GAK PERNAH ADA MASALAH TUH, BIASANYA YANG BERMASALAH ITU YANG BELI GAK RESMI (SHARING AKUN). INGET YA, ADA HARGA ADA RUPA",1
lemot,0
mantap,1
eca,1
aplikasi ini kukira gratis eh ternyata berbayar,0
MAKIN LAMA MAKIN LAGIBETE AJA LU🤮🤮,0
"stuck layar hitam ,jangan adayang mau premium apk nya busuk",0
"I like this application, it is very satisfying and always updated.",1
buruk,0
susah buat daftar akun,0
ko saya mau nyari yang baru filmnya ko enggak ada pada hal sudah terbit film ko enggak ada di netflix nya kesel,0
susah amat daftar jugaa,0
apk tolol,0
"Bayar mahal, buka di laptop malah ga bisa dipake",0
tayangan ga berkualitas muncul..,0
TIDAK DIREKOMENDASIKAN!!!,0
Bagus,1
apaan gabisa masuk atau daftar harus Mulu bayar,0
terimakasih Netflix akhirnya aku bisa nonton lancar banget semoga di murahin langganan nya😊,1
adalah pokoknya,1
bagusss,1
ok banget,1
baguss,1
"busuk filmnya jelek"" dan itusaja",0
"netflik skrg kok ga bagus ya ,,suka eror,,sangat kecewa,,kualitas nya ga bagus sumpah kecewa",0
"padahal udah buat akun baru dan bayar langganan tapi error dari sistem Netflix nya. saya sudah 2 kali bikin akun yg beda tetapi tetap saja tidak bisa masuk, padahal uang udah kebuang sia"". mohon tanggapan dari pihak sistem Netflix",0
Mantep,1
"aplikasi jlk, GK ada anime Tokyo revengers padahal mau nonton",0
Super,1
download ini cuma mau nnton mens rea🤭,1
bagus,1
ya bagus tapi bayar,1
aplikasi ga jelas. banyak bug,0
"tidak bisa login menggunakan akun google saya coba terus katanya "" email tidak dapat ditemukan """,0
bagus,1
udh bayar tp ga bisa masuk,0
Tidak bisa di download,0
ok,1
jelek,0
kenapa skrg ga bisa sambil vcan biasanya kan bisa ga masalah,1
ga lengkap,0
mau berlangganan aja susahnya minta ampun . pake shopeepay ngak bisa terhubung pake dana beberapa kali eror,0
suka tiba-tiba ga bisa masuk pakai akun dengan alasan salah kata sandi padahal sudah benar . dan kadang harus uninstal dulu baru bisa .,1
"kurangnya apk ini adalah ribetnya ketika mau berlangganan, sampai kita harus melibatkan pihak lain untuk bisa berlangganan di apk ini.",1
"saya baru download,abis itu nonton,ehh iklan bnyk bagt,udh lah nonton dia ambil paket,ehh minta bayar lagi,gila GK thu",0
tanggal 2 Januari 2026 baru bayarr. tanggal 4 Januari 2026 udah minta pembayaran lagi dan sama sekali ga bisa dipake nonton,0
aku suka tapi bayar nya mahal 😭,1
Ribet,0
"apk apa ini,masuk aja susah😒",0
"Bikin kesel ga bisa ditonton, aswuuu",1
"mumpung ada anime terbaru, download Netflix aja",1
udah berbayar sering eror lagi,1
mahal pelayanan buruk,0
apk ribet,0
"filmnya dikit, apa apa gaada, bayarnya mahal minimal kalo mahal film tambahin",0
Baru Gabung Anggota Disuruh Bayar Lagi Kocak,0
error saat menonton pasti bukan karena ram ini gara gara langganan nya kemurahan fr fr😹😹😹sybau💔💔💔,0
👍👍,1
"Why is the movie still in the line after I've finished watching it and why is it repeating from episode 1? It's always like this, why don't you guys fix this problem?",0
"hey Netflix could you bring NBA 2K26 arcade edition to android from your Netflix game library? your game Library seems need more games list and I think this game would be good choice, keep this game as premium games just like in iOS do by subscription",1
mau daftar ga jadi karena ga bisa pake BCA mobile... terlalu ribet pake debid anj lahh,0
"saya berlangganan tanggal 3 Januari 2026 (pembayaran melalui akun DANA) BERHASIL TERPOTONG... kemudian saya menonton satu film, setelah film itu selesai, akun saya ditangguhkan dan di arahkan untuk membayar kembali😊. mohon bantuannya dan solusinya 🙏 kalau bisa diperbaiki pelayanan nya, akan saya perbaiki juga bintang nya🙏",0
tidak bagus,1
apk gajelas yg nonton cuma 1 org dibilangnya 2 org nyesel langanan netflix gabisa nonton juga mana filmnya ga lengkap lagi,0
baru daftar aja diauruh membership ribet,0
sangat mengecewakan udah masuk tapi video tidak bisa diputar,0
MAU LANGGANAN AJA GAK BISA LOGIN JUGA GAK BISA UDAH GITU NGELAG BANGET LAGI. BAHKAN DIKASIH BINTANG SATU PUN GAK LAYAK,0
aplikasi ny sangat buruk,0
mantapp,1
pembayaran otomatis tanpa berlanggan aneh,0
sampah,0
filmnya kemahalan sama tidak bisa refund duit setelah pembatalan menjadi anggota,0
sangattttttt bagusssss dan sesuai harapan,1
langganan netflix buat nonton mensrea doang 😂😂,1
"lagi nonton eh crash, coba lagi, dan loading, tolong dong dibaikin nih apk biar nyaman nontonnya",0
"woy netflix apalah saya sudah membatalkan langganan ternyata masih nyedot saldo saya secara otomatis via shopeepay saya sudah mencabut langganan, harusnya tertera dong di googleplay seperti aplikasi lain bila berlangganan tapi ini tidak payah",0
keluar mulu,0
saya orang indonesia di Arab Saudi kenapa tampilan aplikasinya jadi bahasa arab bagai mana cara rubah huruf tulisannya,0
bintang lima tapi ku bukan ancaman,1
JELEK BGT GA BISA BISA LOGIN !!!,0
sangat buruk tidak bisa mendaftar,0
"gabisa di buka, setiap kali aku buka pasti layanannya lagi gabisa huhh, sampe kapan ini??",0
katanya GK bayar,0
instal netflix terus gagal. ada solusi?,1
"apl jelek, paket makin mahall, sekarang harganya ngga ngotakk!!!!!",0
"apa coba mau melakukan pembayaran malah error terus,ga jelas",0
"gabisa daftarnya,udah masukin nomer telpon dll ttp salah trs gmn ya",0
"udah login berapa kali ga bisa, tolong gimana ini",1
Sangat buruk sekali,0
"I like this app,, gw sih gk ad masalah, yang penting gk ad iklan bintang 5😅🙏",1
masa email nya tidak jadi aneh tolong perbaiki,0
"ubah pembayaran aja ribet, padahal tinggal lewat aplikasi langsung",0
"plis lah tolong Netflix di benerin lagi, kok bisa ya melakukan pembayaran secara sendiri tanpa persetujuan pengguna akun gitu kek ngga wajar aja sih",0
saya terkena pembayaran netflix 2x hari yang sama sudah nunggu 1 bulan malah dana ga balikkk,0
"aplikasi gak jelas ketika mau nonton video sering eror padahal jaringan bagus, sampahh buang"" duit gw",0
netflix tolong lah credit scene jangan di skip napa.,1
Masuk aplikasi juga Ribet amat .. kek w miskin aja kali ga punya duit malah d persulit cok,0
"aplikasi tolol, baru mau masuk buat akun aja dipersulit,apk gini mending di hapus dari play store",0
"suka error,aneh banget",0
ribet anj mau login aja susah,0
mantapp,1
bagus,1
"aplikasi sampah gak bisa login bikin emosi aja, udah di coba berkali-kali tetap gak bisa.",0
Mantap JIWA,1
terbaik,1
sulit masuk,0
tolong perbaiki anime one Piece ada beberapa seoson anime one Piece yang tidak lengkap,1
film ada beberapa yg tidak punya terjemahan bahasa Indonesia,0
"niat atau ga sih kasih nonton ke orang , mendaftar aja ga bisa , aplikasi apa ni",0
"tidak berlangganan,tapi uang kesedot",0
bagus,1
"tiap nonton masa harus di uninstall dulu baru bisa ke putar, kadang udah di install lagi juga tetep ga bisa buat nonton kocakk ga pernah di upgrade kah ni Netflix",0
dari dulu mau daftar susah amat. perlu riset sandi dikirim ke email tp nggak dapet email lol. niat kagak ini?,0
"apa apaan dah, kok ketika saya buka Netflix loading Mulu, padahal kuota masih banyak lho",1
jelek,0
"ini gimna sii masih ga bisa bisa daftarnya, padahal sudah berulang kali coba tetap aja gabisaa,aneh bngtt,ngeselin juga ni apk klo ttp gabisa daftar akun",0
Josss,1
udah di batalin masih ajaaaa,0
pilih paket standar. yang bisa dua perangkat. tpi nyatanya tidak bisa tontong secara bersama. kocak,0
aplikasi nya sudah bagus lumayan banyak film series dll cuma masalah nya saat saya masuk sudah bisa selanjutnya saya premium karena merasa ingin menonton film nya tapi baru nonton 30 menit kurang sudah keluar sendiri dan tidak bisa masuk lagi tolong perbaiki,0
apk anj susah bet log akun ngtot,0
"gangguan mulu heran. dah gitu sering banget kualitas jelek. mana ga da pengaturan mo pilih resolusi videonya lagi, heran. jauh bgt sama disney yg bisa pilih resolusi",0
ga bisa login. ad perbaikan sistem katany wkwkwk,0
apk nya bagus bisa main ep ep ku kasi b9,0
"bayar tapi daftar email nya salah salah terus system ny harus di permudah bukan di persulit,,",0
"mau nonton anime aja dibikin ribet, hadehhh 🥱",0
mau daftar aja sulit apk apa ini,0
kualitas grafik buruk,0
wow mantap,1
keren,1
bagus,1
"bagus, tapi beberapa film belum ada atau pernah ada tapi sudah tidak tayang lagi",1
"woyy ajg , ini mau daftar akun aja ribet amat lu, cehh aplikasi gaguna, mendi tutup aja aplikasi ini",0
buat daftar ke aplikasi aja susahnya minta ampun dari dulu pendaftaran aplikasi ga di ubah kalo gini terus rating bakal anjlok terus,0
bagus,1
enak aja mantap.,1
sangat bagus,1
gak bisa masuk ege,0
Hallo Developer Netflix Saya Mai Tanya Tentang Tambahan Film Yang Ada Di Bioskop Itu Butuh Berapa Hari Ya Soal Nya Di Netflix Ini Banyak Yang Ga Lengkap Mohon Dijawab,1
"ngeglitch"" diaku pls,padahal dah ku cek jaringannya bagus kok,glitch nya parah bgt sumpah",0
"ga jelas ni ah, harus nya netflix ada konfir masi dulu jangan main ambil yang aja setiap bulan, sya makai netflix aja ga setiap bulan tapi setiap bulan saldo saya tersedot, kan jadi rugi aya, perbaikin dong admin, biar setiap ada mau pembayaran itu harus ada konfirmasi dari pemilik uang atau rekening atau bank",0
"banyak gangguan, padahal internet sudah lancar, memori juga masih banyak, tetep gabisa nonton dgn lancar",0
burik,0
udah dibayar gabisa nonton hdeh,0
heran sekarang klo loading lama banget bahkan ga ke putar sama skli filmnya... gue bayar ya tpi servicenya begini,0
"ga ada akun yang tertaut tapi tetep aja ga bisa nonton dengan alasan ""terlalu banyak perangkat yang menonton secara bersamaan"" rugi gw berlangganan. aneh banget",0
"film²nya kurang update,, film lama semua",1
kurang bayak filem ya anime ya aja banyak yang enga ada membosan kan,0
mantap,1
aplikasinya sudah berbayar masa tiap mau nonton ada aja drama loading nya padahal jaringan saya bagus. saya coba buka apk lain semuanya bagus. netflix doang ni yg bermasalah!!!!,0
"Maaf mau tanya, kenpa di perangkat saya netflix ga bisa terbuka ya ? layar blank hitam. sedangkan di Handphone istri saya bisa. Tolong di konfirmasi terkendala dimana ya ? mohon di jawab",1
update tk boleh,1
ok,1
ini ga kasi gua promo aja flix?,1
jelek,0
bagus dan rekomended langsung Instal ya Guys yang Belum instal karena sangat berguna sekali,1
ku kira gratis,0
bagus,1
"ngeselin banget nih aplikasi 3hari berlangganan aman aja setelan 3hari susah masuk sandi salah sandi salah berbelit"" udah di benerin cuma sehari doang besok nya udah susah masuk lg aja alasan email lah sandi salah lahhh,,orang mau nonton aja di bikin susah",0
Sekarang Netflix udah berubah ya?baru bulan ini aku bayar keanggotaan.belum cukup sebulan keanggotaannya sudah berhenti.maksudnya apa coba?,0
ga bakalan pake app ini.,0
biar bintang yang berbicara,0
"saya mendownload apk ini bukan hanya untuk me rating saja , tapi saya penasaran krna saya liat di sosmed film di apk ini bagus"" , saya percaya , cuma pas saya login , tidak bisa? , pdahal udh menggunakan berbagai cara , tpi di suruh coba lagi dn buat akun baru , saya kecewa atas pendaftaran nya yg kalian bikin , tapi tetap saya kasih bintang 4 , krna saya berharap di permudah lagi cara daftarnya",1
"Apk apalahhh ini daftar aja ribet bngettt mna sial aja game dari nya aja pake semua mau datar ,mnding kgk ush download dahh yg nggk mau ribett",0
gak jelas ni aplikasi udh langganan mau masuk kok gak bisa2,0
kenapa kacau sekali ya,0
apaansi ko gabisa buat akun baru,0
"susah login, password udh bener tetep gak bisa",0
nggak tau mau nilai berapa bingung soalnya pas diawal bagus tapi akhirnya nggak bisa. walaupun beebagi akun kan udah sesuai persyaratan.tapi tetep aja. masuk sampe 2 hari disuruh chace lah apalah restart lah udah semua apa coba nggak bisa². nggak ada tindakan kah? udah lebih dari 3 kali uninstal tapibtetep aja maunya apa sihh,1
"Setelah update jadi tidak bisa jalan di Poco F6, hanya tampilan netflix sampai beberapa menit. Setelah itu muncul eror dan suruh mulai ulang. Setelah mulai ulang tetap sama. Bahkan sampai instal ulang, tapi tetap tidak bisa jalan. Sepertinya akan berhenti berlangganan. Percuma dibayar tapi tidak bisa menonton.",0
gk guna,0
"blo'on ni apk lagi nonton tbtb layar nya hitam + pas di buka lagi apk nya layar nya tetep item, pas d hps lagi ttp item lagi",0
akhir-akhir ini banyak film/series lama yang bagus malah habis kontrak. diganti sama film-film indo yg kurang seru. terus semoga Netflix bisa dua subtitle gitu biar bisa belajar bahasa jugaaa.,1
keren bisa nonton tapi j kurang,1
mudah mencari serial ato film,1
aplikasinya rusak dan jelek pada pw sama email nya udah benar😡😠🤮🤮👎👎,0
gw langganan tanggal 17 Desember tanggal 28 dh di suruh bayar lagi belum sebulan loh masa aktif akun sampe tanggal 17 Januari harusnya baru sebulan baru tagih ini engga,0
sangat bagus untuk menonton semua film dan kualitas nya juga hd,1
"paketnya mahal, film nya juga kurang lengkap, nyari film yg sering gak ada.. parah bnget",0
mau login harus bayar deposit dulu apalah,0
bagus sii bisa nonton anime lagi,1
"gabisaa loginnnnnn, padahal mau langganannn",0
mudah daftarnya.banyak filmnya bs dgn bhs indonesia juga,1
bagus soalnya ada film stranger things & wednesdey yang hanya ada di netflix,1
"Aplikasi dengan sistem paling ""menjebak"" yang pernah ku pake. SmartPay tidak bisa dihapus, hanya “dinonaktifkan” tapi saldo tetap tersedot tanpa ampun kayak pejabat korupsi duit rakyat. Sudah berhenti langganan Netflix, tidak menggunakan layanan sama sekali, tapi saldo tetap hilang dan TIDAK ADA REFUND. EMANG KLEAN LARIKAN KE MANA UANGNYA? PAKE APA? SAMPE NGGAK DIBALIKIN!!!",1
"daftar nya ribet,, baru daftar udh harus bayar",0
dipersulit saat login,0
ribet banget sih daftarnya bolak2 email terus,0
"ribet gak ada pilihan resolusi di aplikasi.. di ubah melalui situs, tetep aja gak ngaruh",0
"Rekomendasinya jelek banget, ngasal, buang buang waktu nonton rekomendasi movie/serial dari netflix, hapus/ganti aja",0
Good,1
Terbaik,1
"aneh bgt, film nya gak lengkap tapi daftar nya susah bgt",0
STRES DAFTAR SUSAH BANGET MENDING GAUSAH BUAT APK DAH KALO DAFTAR AJA MASIH SUSAH GINI,0
netfilk apilkasinya bagus Tidak buruk tapi Sedikit loading,1
problem di masalah pembayaran...trs...gmna caranya...kok sy byr di ovo kok ...jwb nya ditangguhkan trs,1
apk gak jelas mau daftar aja ribet nya bukan maen,1
bagus,1
b aja🗿,1
apasii gajelas bgt gua udah stop nnton netfix tapi knpa saldo gua kepotong trs tiap bulann? korup bgtt,0
"lemot amat websitenya , padahal sinyal bagus loh",0
"film nya gak kumplit, kurang puas",0
"SAYA UDH BAYAR MAHAL² TAPI GABISA DITONTON PADAHAL SAYA BELI DI AKUN NETFLIX LANGSUNG,penipuan AQ",0
terjeda terus,0
abis nonton Kaoru and Rin gw gadapet Waguri di hidup gw. i blame netflix,0
Bagus,1
susah buat akun nya keluar keluar trus,0
"benci bgt gbs login dgn tenang, ribet bgt login doang hrs ke berbayar dulu bru bisa",0
lieur nyieun akun na,0
baguss,1
aplikasi ini mantap karna bisa nemenin gw ketika gw lagi boring🤓👌,1
"Gimana caranya login? email ku udh bener,sandi juga udah bener,kenapa ada tulisan email tidak valid?",0
"perkara ganti akun aja di hp gabisa bisa terus masuk, udah di uninstall tetep aja gabisa login",0
"aplikasi yang sangat buruk dan ribet, mau masuk saja ribet banget",0
suka bug buffering gk berhenti berhenti,0
"Udah daftar sesuai aturan eh malah gagal terus d kartu kredit nya, padahal saldonya cukup lumayan , tapi gagal terus 😡",0
ok,1
"masuk aja susah, di suruh bayar trus, maksa.",0
bintang 3 dulu klo bagus ku tmbhin,1
apalah harus bayar dulu apk gak jelas,0
oke,1
gk bisa login padahal dah bener akun sama passwordnya,0
bagus banget sesuai yang ku mau,1
"udah clear cache berulang, sampe uninstal dan install ulang tetep tidak bisa mutar film nya!",0
"bagus, tapi harga paket nya lumayan mahal. kalo rp40/rp60 perbulan 1 user untuk smart tv mungkin bisa berlangganan perbulan.",1
"saldo udah ketarik, udah bisa streaming, besoknya dibilang belum bayar, aplikasi gak jelas. jijik",0
👍,1
gak bisa masuk go*l*k email salah terus sandi salah terus padahal udah benar semua percuma aplikasi bagus tapi mempersulit pengguna baru gimana mau pakai kalok aplikasi nay aja kurang optimal kan biar bintang yang menilai,0
bagus,1
"SUSAH DI PAKAI....KEBANYAKAN DAFTAR INI ITU,MAKANYA GAK LAKU APP NYA....",0
kagak jelas ni netflix,0
"NETFLIX,udah bagus hanya Developer saya hanya minta tambahin film yang belum ada, seperti MONKART - SHINBI HAUSE ,dan lain lain trimakasih",1
Ribet buat bayarnya,1
"buat akun gak bisa,login apalagi",0
berlangganan netflix sangat menyenangkan... film² baru terus tayang hampir setiap hari... film²nya selalu memenuhi waktu luang disaat butuh hiburan/rileks/dll,1
daftar aja harus bayar padahal masi daftar kenapa pas nonton aja baru berbayar tapi ini daftar berbayar aplikasi kikir aplikasi berbayar paling buruk,0
"tolong tampilan awal mau masuk jangan promosiin film horror g semua orang suka, bisa aja memicu trauma",0
masuk aee susahhh,0
Ok,1
"gajelas banget padahal apknya sendiri yang meromendasikan buat akun baru tapi malah di bilangin gini""nomor telepon tidak terdaftar di akun mana pun""apa coba ngeselin banget aku sampe nangis karna muter muter disitu doang,bikin apk yang bener lah jangan 00n gini, kalo bisa kasih bintang min1000000 kukasih tuh min1000000",0
app tidak menghibur..hanya untuk keuntungan semata..app cacat,0
apk busuk sampah login susah bayar banyak masalah cuih,0
kok bisa ak ga pernah perpnjng Netflix tiba2 ad tagihan di shope pay bayar nnti Netflix,0
terlalu ribet cara daftarnya aplikasi yg jelek mending loklok,0
burik aplikasi nya harus langganan Mulu Ama daftar nya di persulit,0
gak di kasih cara masuk yang jelas Mlah susah banget,0
"terkadang season di filmnya kurang lengkap, padahal di aplikasi lain season tsb sudah ada, jadi saya merasa kecewa karena telah membayar/langganan tapi season,episode,film kurang lengkap,jadi mohon di perbaiki segera,kalau masih seperti ini saya mending ganti, karena filmnya kurang, episode tidak lengkap, season tidak lengkap,dan grafik yang mengikuti kualitas jaringan,aku sedikit kecewa",1
"mempermudah nonton,jadi tidak usah lagi ke bioskop",1
netflix mantap..film2 nya bagus2...😍,1
Sulit untuk mendaftar .,0
goooood,1
BAGUSSS PLISSS😻,1
"tidak bisa masuk, sandi sudah benar tapi selalu gagal. padahal mau langganan. gimana sih, coba aja ada aplikasi lain, bikin masalah aja trs.",0
nih apknya gmna si ribet banget mau daftar nonton aja berbelit belit,0
burik,0
saya suka,1
mau masuk diperumit gimana mau nonton filmnya banyk prosedur nya dipersulit dah lah saya hapus aja aplikasi nya saya paling malas diperumit kayk gini,0
sangat kikir,0
👍,1
aplikasi gajelas aplikasi seharusnya memudahkan pengguna ini malah menyusahkan login saja ribet,0
sudah melakukan. pembayarantapi akun bisa2 nya ditangguhkan padahal bru nonton 1 episode dan baru daftar,0
"daftar nya susah kali, sandi uda bener tetep aja salah apk gjls nyusahin orang aja",0
uang gw enggak dibalikin yang dana tagihan sementara. CS ENGGAK MEMBANTU DAN MEMBERIKAN SOLUSI. PIHAK APLIKASI JUGA SEGALA PAKE NAGIH TAGIHAN KEDUA TAPI ENGGAK DIKEMBALIKAN DANANYA SUDAH HAMPIR 2BULAN,0
Bagus,0
Netflix jingan duitku dipotong otomatis bangke ini Netflix,0
"apk taik ini, kok saldo gua malas di sedot",0
alhamdulillah film bagus2🥰 dan keren durasi panjang pula💛,1
"sangat jelek , tidak rekomendit, apk nya ribet",0
Netflix Makin Keren menampilan karakter dan karateristik film masa depan,1
aplikasi aneh,0
best,1
"nekflix di tv smart saya versi 8.xxx, dan skrg sudah versi 9.xxx. dan di tv smart saat di upgrade pesan peraangkat tidak compatible, pdahal tv smart masih keluaran baru..ada solusi/ jawaban??",1
Mau masuk aja disuruh bayar taii,0
apak apa ini baru langganan masa di kata belum bayar,0
Netflix Indonesia Game Show Likes Good,1
udh g bisa login + mahal klo mw langganan cuihh 🤢,0
"sulit masuk kan akun,,, tidak rekomendasi banget👎🏻",0
tolol gak ngotak masa nonton aja harus bayar,0
suka logout tiba-tiba,0
kalo untuk film lengkap sih tapi kalo anime sangat kurang udah bayar nya mahal lagi mending di bastation lengkap kalo untuk anime murah lagi lah ini udah mahal ga sepadan sama anime,0
"tidak bisa nonton, percuma beli",0
Kenapa ini netflix stlh di update di chromebook jd seukuran hp screen nya??? Tlg diperbaiki apk netflixnya for chromebook,0
"ini kok gak bisa di hp sama di tv dn kok di bayar sih ,jangan dong saya gak suka ya kalo bayar e.....apalagi kalo bukan kmu yang mencuri padahal saya udh beli tiket dan sudah bayar dna sudah masukin email alamat kok tetap gak bisa saya gak suka begitu tolong kalo update gratisan dong masa harus bayar, email alamat,dan akun",0
apk kere meres duit cuih baru masuk disuruh bayar 53k aneh apk meres kere,0
coba,1
"pembayaran secara otomatis, (TIDAK MENGGUNAKAN PIN)",0
kualitas vid jelek padahal sinyal bagus,0
"hp sya yg stunya ilang dan netflix sllu nyedot saldo dana sya, padhal sya sudah tidak make netflix lgi, dan sya lupa google sya, minta bantuan malah ngirimnya ke email, udh tau lupa, rugi bgt kesedot mlu saldo dana sya",0
"kecewa bgt saldo tinggal sedikit tiba"" disedot Netflix sendiri,pdhal saya tidak sedang bertransaksi gila""",0
tidak rekomendasi,0
pas mau nonton kenapa selalu terjadi kesalahan padahal sudah update terbaru,0
ini kenapa ya koq baru aja seminggu film gak bisa di putar loding trus ..waaahhh kacau,0
"woy apaan sihhh, masa mau masuk akun aja harus bayar dulu buat masuk ke aplikasinya, pengen liat dulu konten didalemnya ada apa ajaaaaaa, masa udh minta disuruh bayar aja disuruh langganan prettttttt, setidaknya kasih liat dulu dalemnya kek gimana woyyyy dasar KIKIRRRRRR",0
error 5.10 terus. malesin,0
"disini saya ""PERINGATKAN KALIAN SEMUA YANG INGIN BERLANGGANAN NEFLIX TOLONG DI BACA BAIK BAIK"" krn neflix ini ada plus mines nya ya. mines neflix tlng di baca: 1.ketika ingin mendaftar di utamakan pembayaran itu ,giliran ingin masuk gagal akun email tidak di temukan disuruh buat akun baru 2.batalkan langganan anggota juga percuma,tagihan bKL datang setiap bulan sesuai pendaftaran dan sulit untuk memutuskan nya dan ga ada solusi saldo digital kalian KESEDOT NEFLIX. BANGKRUTKAN NEFLIX MAKAN HARAM",0
Keren,1
film India Bagus Tapi tidak di dubbing Indonesia lebih bagus lagi kita mengamati cerita Sedih dari Film India.itu saja masukan dari saya mohon di kembangkan lagi.,1
DAFTAR NYA RIBET.......KEBANYAKAN NANYA...,0
apk gak jelas susah banget buat login gak kayak apk lainnya yg gampang,0
apk gak jelas mau masuk aja ribet amat,0
aplikasi menarik dana secara otomatis tanpa persetujuan dari saya,0
harus berbayar dulu anj..,0
"min gimana ini akunku ga bisa dimasukkan.. padahal udah payment.. udah exited mau nonton jadi ga mood, ada tulisan anda terlalu sering berupaya masuk coba lagi nanti, padahal pw dan akunnya udah benerr.. aku udah komplain lewat email gaada respon, tolong gimana ini min tindaklanjutnya saldo nya udah berkurang",0
mantap,1
kurang menarik karena film yang saya cari sudah tidak ada,0
"gajelas aplikasi nya, ribet banget mau nonton doang padahal, daftar ribet segala macam, mnding YouTube",0
bagus bisa nonton film males ngetik,1
tambahkan fitur timer dong supaya bisa kontrol waktu nonton,1
bagus,1
Bagus,1
"min, twinkling watermelon di Netflix ku kok g ada ya...",1
TOLONG DONG MASA NONTON DI HP GBSA DI ROTASI HPKU INFINIX NOTE 30PRO,1
tolong Netflix fitur langganan nya hilang kan ini uang saya di dana hilang mulu padahal mau untuk beli buku,0
susah masuk uah,0
bagus,1
kirain gratis begitu masuk langsung dikasih harga,0
memuat terus saya sudah coba berbagai cara tidak bisa uang saya lenyap,0
gabisa di uninstal,0
mantap,1
gak bisa login harus ngulang kata sandi email segala ribet banget pokoknya,0
bagus,1
jujur kenapa yah saya mendaftar susah padahal sandi dari email saya sendiri benar selalu harus ulang ulang akhirnya saya hapus maaf sekali tapi kenapa tolong di jawab?,1
email ma pwd dah bener...hasilnya gak valid gak valid ..cape deh. nyesel download. makanya tak buang ajalah,0
tolong dong di permudah masuk nya di aplikasi masuk pake email keluar lagi maksud apa bikin emosi ini aplikasi taikk,0
daftarnya ribet bgt,0
apalah bayar jir,0
aplikasi rngung udh brp kli di daftar tetap GK bisa😡😡,0
"langganan nya terlalu mahal 720p buat gua, mungkin sedikit di turunin lah yaa wkwk",1
bagus,1
apk ribet,0
"puas dengan aplikasi netflix, semua acara ada",1
"gw udah bayar mahal"" tapi pas gw mau nonton filim nya gak bisa"" minta tolong dong ini pihak netflix",0
lawak bet nih aplikasi mo daftar nya aja ribet nya minta ampun,0
susah bet mau lanjutin langganan aja harus ganti akun gopay,0
susah membuat akun nya,0
kenapa ya kalau mau masuk itu susah padahal udah masukin email berkali kali tetep aja ga bisa pake no hp juga ga bisa gimana sih cara nya tolong di perbaiki soal nya susah masuk,0
"apalah saya tidak bisa daftar untuk membuat akun,cobalah untuk di permudahkan lagi netflix ini lolot banget jangan di download lagi lah",0
banyak drama apk nya,0
"video sudah saya douwnlod tapi tidak bisa di tonton, minta bantuan malah disuruh hapus douwnlod trus douwnlod ulang, dia kira paket tidak terbuamg sia sia apa, udah langganan tapi video yang udah di douwnlod tidak bisa di tonton",0
engga bisa dibuka mentok di logo dah kaya hp aja,0
aneh aplikasi ini huuuu tolol,0
"knp daftar akun baru gk bisa min? masuk k akun lama jg susah, mau buka tautan via email susah bnget",0
Best,1
loginnya agak ribet😭,0
Performa bagus sih... Tapi pendaftarannya sangar ribet...,0
bagus sih,1
nilai 1 aja tidak sudi ribet banget,0
banyak film atau kartun yang populer namun tidak ada di netflix.,0
very good,1
"assalamualaikum netflix, request the loud House jangan cm sampai s1, RASANE RUGI tuku larang larang gur enek s1, yuh hiyuh",1
menarik,1
"sudah berlangganan, masih minta bayar lagi untuk nonton di tv... dasar pemeras minta bayaran muluh",0
"Yaallah tolong kembalikan uang saya, tiba2 ketarik otomatis di akun DANA saya senilai 54.000, itu sepertinya tidak sengaja kepencet fitur langganan nya, saya mohon kembalikan uang saya, saya sangat membutuhkannya",0
"apa dah masa mau daftar susah bener, udah di ulang""malah nambah gak jelas",0
jangan instal nyesel gw,0
film tidak lengkap saya mencari judul film (Rip in time) takada hasil nihil ...sori cukup sekali berlangganan,0
"Salah satu aplikasi streaming terbaik (filmnya update, tampilannya menarik, mudah digunakan), namun ada kekurangan (fitur /settingan menonton kurang lengkap seperti kecepatan pemutaran misal).",1
saya kira Netflix terlengkap taunya banyak kurang nya asal ketik pencarian tidak ditemukan 🤦🏻‍♂️,1
"apk kikir, login doang pake bayar, kebelet haji pdhl dlu gaperlu bayar, benerin tu apk cih",0
Alhamdulillah,1
okay,1
Netflix ajg mau uang truss,0
tidak bisa masuk ke netflix,0
dana selalu kesedot otomatis,0
burik,0
gua udh 3bln ini di sedot terus saldo dr gopay sm netflix. udh gua coba brenti langganan lwat email.tapi tetep di sedot mereka.ada yg tau cara brenti langganan nya ga ?😭,0
Bagus,1
payah,0
apk ribet daftar doang harus bayar,0
mls berbayar,0
gak guna,0
ga memuaskan selalu terjadi error di aplikasi maupun web. Kenapa Setiap Ingin Login Selalu Salah Dan Kenapa Ketika Ganti Metode Login Malah G Bisa Juga? Apakah Server Nya G Jls Atau Gmn Yak? Atau Lagi Makan Gaji Buta Yak? Tolong Di Perbaiki Masalah Login Ini,0
"udah paling bener emang pake netflix, aplikasinya nggak banyak drama kayak aplikasi sebelah",1
"please netfil support for flip 7 , thanks",1
"netflix makin lama makin tll... nyesel gw downloadnya... sinya bagus, wifi lancar pas liat film gabisa anj. trs mau lihat film yg udh di dowonload jg gabisa... mau berhenti langganan aja. RUGI ANJ",0
knpa sih error terus gak bisa di buka. woi woi ... kita bayar woi. aelah,0
"one piece arc whole cake island dan wano mana? dah lama nunggu, ga ada",1
"layanan costumer service disini sangat""membantu terimakasih netflix sudah menyediakan costumer service yang bermanfaat bagi kami sebagai manusia yang tempatnya salah dan lupa",1
"harap ditingkatkan lagi , langganan udh mahal tapi ga sepadan, sering eror , pernah saya udh langganan pas mau login kok harus lakukan langganan lagi sih pdhl baru 3 hari saya langganan,hp saya IP 17 pro ga mungkin kinerja hp saya buruk emg kinerja apk nya yg harus di tingkat kan lagi",0
sangat buruk jangan mendownload aplikasi ini,0
Bagus.. Lanjutkan,1
"banyak film yang ga tersedia di wilayah Indonesia, jadi kurang menarik",0
"nonton sambil di cas jdi pecah"" filem y jig",0
kembalikan saldo gopay saya yg diambil tanpa seizin dri saya. saya sudah berlangganan netflix dengan metode pembayaran gopay yg sama di email yang 1 nya tapi mengapa mengambil kembali di akun email saya yg ke 2,0
tolol,0
Netflix berii aku diskonnn🤭😜👈🏻,0
"sudah menghidupkan subtitle, tapi tidak muncul, aneh",0
udah tidak bis@ digunakan,1
Ribet loginnya sattt,0
tau gini mending bajakan,0
tolong ada pengaturan resolusi,0
sekarang kalo buat akun baru atau mau login ke akun yg udah ada harus berlangganan dulu ya? kacau,0
mau daftar aja ribet,0
paling bener melolo 💗,0
"ini ga ada perbaikan di cara daftarnya kah? komentar dari pelanggan gak di gubris tah? aneh banget daftar nya gak jelas, dari awal berbelit-belit pas verivikasi ke email gak bisa di akses karena kode verifikasi gak muncul sama sekali. tahu-tahu link verivikasi udah kadaluarsa karena telat login pdahal kenyataan malah stuck di email pas nungguin kode",0
kenapa susah banget mau daftar masuk🗿 tolong dong,1
gagal dalam mendaftar dipersulit terus,0
"masuk nya ribet banget, udah pake email sama password masih aja tetep salah",0
"aplikasi ini susah masuk nya, di daftar berapa kali sampai ganti akun tetap ndk bisa, salah terus, tolong lah min di perbaiki lagi cara masuk nya, jangan di persulit seperti ini",0
ribet mau login susah,0
loading 10rb jam gabisa nonton filmya percuma dong saya bayar,0
Aplikasi ini jelek banget mau daftar aja bayar dasar matre,0
"loading teruss padahal sinyal lancar, aplikasi busuk",0
ngak jelas banget nie aplikasi. mau daftar aja belibet bangat. gak jelas,0
not recommended,0
best,1
bagus tingkatkan lagi ni,1
saya sudah berlangganan jaringan ku bagus? kenapa pas nonton malah error kaya tivi yg rusak layak nya warna warni???,0
mau masuk aja kaya mau kerja d kantor DPR aja ribet..auto unistaal,0
ribet,0
"Mentang² langganan, langsung main potong saldo DANA tanpa konfirmasi sebelumnya. Harusnya ada peringatan mau lanjut atau tidak, bukannya langsung POTONG SALDO !!! PAHAM?! demmm cuk !",0
"TOLONG BANGET BUAT SERIES EXTRAORDINARY ATTORNEY WOO SEASON 2, NUNGGUINNYA AMPE JAMURAN INI",1
Netflix di Android Bermasalah,0
gajelas bngt gbsa msuk pendaftaran uda nyoba berpuluh'kali smpe didiemin apk nya 5 bulan lebih krna gbsa login.uda pke email uda pke no tlp uda mke kode msuk pun gbsa gatau ini mau nya apaan.mau di hapus juga gbsa gtau knpa.menuh menuhin memo aja.aplikasi tidak bermanfaat gajls.emosi bngtttt,0
aneh banget!!,0
"kenapa ya tibatiba kendala trus gabisa masuk dengan notif ,pembatalan masuk oleh netflik",0
aku sudah bayar ini tuh filmnya banyak tidak terbatas bagus ini cocok buat orang-orang yang bosen tapi harus bayar dulu ya 👍 bagus banget bintang 5 yuk download sekarang aplikasi Netflix yuk beli sekarang bagus banget,1
terlalu sedikit untuk anime atau film nya,0
Netflix loading trus udh di riset rugi,0
"So who's the winner, the WB acquisition?.... Hopefully not Netflix.",1
"Qualitas film nya menurun, Ipar adalah maut series continuity wardeobe nya kacau, Apakah sekelas Netflix gak ada QC nya ? 🫠",0
"Ini kualitas film atau serial yang rendah dan jelek pun bisa masuk ya, apa gak disaring si, sekelas sinetron sampah pun ada di sini.",0
nggak bisa login ke apknya padahal udh masuk tapi ngomongnya alamat email anda tidak tersedia,0
semoga bermanfaat,1
ribet loginnya anj,0
"blm apa"" udah disuruh daftar berbayar lagi, belum tentu bagus"" filmnya, nggak kaya app lain gratis lol",0
good jobs,1
"Gk bisa ganti pin profile, malah balik terus ke halaman yang sama",0
bagus,1
"aneh ya ni aplikasi orang baru download mau masuk , selalu diarahin ke pembayaran perasaan dulu ga gini bisa liat2 film yg gratis lah inikita belom masuk ke menu belom tau isinya film apa aja gimana mau tertarik bayar !!!",0
"sudah bayar tambah akun baru email lain tapi, akun baru pakai tidak bisa .. disuruh bayar lagi keanggotaan lagi..kocak.. pakai 2 hp yg satu tidak bisa..",0
kenapa saya mau membayar susah sekali .... memang saya trlambat bayar karena saya ada halangan smpai lupa belum bayar netflix tpi susah nya mnta ampun . sdah dri ovo pindah k gopay pun belum bisa2,0
the best tap..i klo bisa nonton videonya jangan harus dimiringin mulu seperti di aplikasi sebelah klo di HP kan ribet eh iya tapi update yang sekarang ada plusnya sih ada tombol klip trailer dengan format real video jadi lebih bagus klo mau liat trailer film,1
good,1
"aplikasi gak jelas, sudah login pake Gmail sdh verifikasi ini dan itu ujung ujungnya tidak bisa nonton.... JANGAN DI DOWNLOAD!!!",0
mahal mahal film e,1
"apk gajelas. masa hrus di bayar bru bisa masuk negri kocak gajelas, rakyak nya udh menderita mlh di tambah menderita lgi. mata duitan cuiii",0
mau bikin akun aja ribet pengguna baru ga mgeti,0
kereen,1
daftar nya ribet apk ga guna,0
harga yang di tawarkan terlalu mahal,0
tidak bisa menonton aplikasi yang sangat mengecewakan,0
"blm daftar blm apa udah di mintain kata sandi, ya mana saya tau kata sandi nya apa toh blm daftar... emng aneh ni apk",0
kan saya pakai netflix di hp tapi kecerahanya ga bisa di kecilin perih mata saat melihat layar,1
"layanan sangat baik, terima kasih banyak untuk admin yang sudah bantu aku kembalikan uang yang ga sengaja otomatis berbayar ke langganan Netflix, cepet banget proses nya dan layanan nya ramah banget, terimakasih banyakk admin, baru chat berapa menit dan langsung di respon, langsung di balikin tanpa tunggu lama sukses selalu yaa pertahankan layanan nya karna masih ada orang lain yang juga butuh uang tapi ternyata otomatis berbayar langganan 🤍🤍",1
"woy knp gagal memutar video mulu, udh clear cache install ulang dll...parah bgt pdhl baru repaid",0
Netflix Kon daftar aja ribet,0
seyuu bgtt bjilll,1
"thx, i ♥️ Charlie heaton",1
"untuk ditiap negara berbeda film, mau langganan lagi tapi netflix taiwan filmnya sedikit dibanding netflix indo. andai netflix buka layanan international even biaya $20 masih worth lah. tapi tetep 5star walau udah ga berlangganan",1
harus berlangganan ga asik,0
"Mau login aja susah, tadinya saya ingin menonton anime kebetulan kata sahabat saya disini lengkap jadi saya bisa sekalian premium. tapi, boro-boro premium. login sama nonton nya saja kagak bisa, kecewa berat!!!.",0
ribet,0
Gak bisa kebuka buka anjay,1
"film nya ngga lengkap, jujur nyesel langganan.",0
sangat menghibur dan menyenangkan,1
Film nya pada lengkap,1
pendaftaran ribet apk busuk masa baru daftar udah ada promosi berbayar,0
padahal udah di uninstal tpi ttp otomatis bayar aja😡,0
bagus',1
gak bisa masuk padahal udah masukan email sama sandi tetep gak bisa masuk,0
stabil harga bulanan nya,1
ok,1
ok,1
good film,1
bayar mahal tp vidionya g bs Tampil,0
"udah masukin email,bayar malah gagal 65rp jadi ludes",0
Batman : The Animaton Series pertahankan saja bang.. klo bisa di tambah lagi cartoon series nya.. cth nya Sooby Doo & Thunder Cats.. 🤩 👍,1
harus bayar aku ga punya uang padahal mau nonton record of ragnarog season 3,0
"sudah 10× mencoba masuk, tapi tetap saja password salah. padahal sudah benar. sudah coba berbagai cara juga masih aja kena bug incorrect. tolong lebih permudah masuknya dong. jangan malah merugikan.",0
daftar aja di persulit,0
"ngeleg mulu ah, perkara naikin volume aja lngsung macet macet",0
dasar apakasi kikir 👎👎👎,0
"lumayan bagus dan nyamn ditonton drama nya juga banyak tapi menurut ku daftar email nya agak susah, ya intinya bagus deh",1
apk sampah mau daftar aja harus bayar hdeh ini apk tersampah,0
"kecewa tidak ada konfirmasi untuk pembayaran langganan tiba"" saldo dana kepotong tanpa persetujuan saya tolong lh diganti tu peraturan!!!!!!!",0
"kenapaa dah,baru bayar 1bulan udah mnta bayar lagi,kan tempo 1 bulan baru pembayaran,ini baru di pake 2 mnggu udh mnta bayar lagi",0
tidak bisa trs masuk terjadi kesalahan perangkat trs ini bagaimana,1
bagus bisa nonton,1
login ny ribet bgt kebanyakan upaya lah mending gusah pake login np ribet amat,0
kok suara doang GK ada gambar nya,0
aplikasi rusak orang udah langganan masih dipaksa langganan lagi,0
"udah berlangganan ratusan ribu tapi filmnya masih banyak yang ga bisa di putar, penyimpanan hp ku 256GB baru terpakai 32GB masih banyak yang kosong jadi ga mungkin yang bermasalah ramnya, netflix emang suka error",0
"uda di bayar langganan dari shopepay juga sudah berhasil, di akun Gmail Netflix sudah berhasil tapi pas nonton malah disuruh bayar lagi WKWKWK",0
"susah bangat daptar nya di ulang"" terus apk anj sebaik nya kalian gak usah download deh entar Nyesal",0
jelek demi apapun ah udah byar gabisa dibuka harua terus bayar terus,0
layar sering blurrr gk bisa hd,0
"woy gua udah daftar bayar pake email, pas login ko gabisa gimanaa ini woyy respond plis",0
kok berbayar semuanya,0
"kacau, nonton Netflix serasa nonton di apk sosmed biru. mana ada dubing AI",0
"Tolong dong, masukin semua film Harry Potter 🙏🏻",1
aplikasi sampah mau daftar aj gak bisa malah ke menu,1
bagussss,1
malas ah tetiba masuk udh suruh berbayar,0
film nya ga komplit,0
mau daftar gagal terus,1
"Bagus, tapi ada agak ngelag, gapapa sih yang penting adminnnya semangat terus",1
bagus,1
apasi susah login,0
tidak bisa mendaftar,0
"flim kurang di upgrade, kebanyakkan flim lama ni, tolong flim nya di perbaruhin dong",1
"tolong dong di benerin lagi susah banget pendaftaran nya ribettt banget, udah pake email / no telvon ttep Kembali kependaftaran",0
"pengen nonton film ehh pas di searching film yang pengen di tonton gabisa di putar sama di download, nyesel deh",0
"netflix nya tbtb ga bisa di buka, ga bisa di uninstall, jd mau nonton bingung tolong dong yg paham gimana.",1
"suka motong saldo e-wallet, unlink nya ribet bgt",0
apk apa ini masuk gk bisa,0
bagus,1
ribettttt pooooolll login akun,0
pasti. di. aplikasi. nelxflix. ada. qta. nelxFlix. juqa loh. tolonq. aplikasi. nelxflix. juqa. di. update. sama. loh,1
"Netflik ribet bener cara masuk nya, semuaaaa salah",0
"kenapa banget dah ? tiba"" ga bisa masuk Netflix ? aneh",0
gaada iklan nyaa jadi enk buat nontonn,1
suka erorr,0
aplikasi sampah. mau masuk aja ribet,0
"kenapa yaa susah sekali mau berlangganan sekarang, sudah tak coba semingguan masih aja gangguan",0
mantap,1
enggak bisa,1
Terjadi masalah jaringan terus dan sekarang tidak bisa login. saya memutuskan mau berhenti berlangganan,0
pendaftaran berbelit-belit,0
ribet banget masuknya,1
"best bgt biarpun animasi seperti spiderman,marvel zombies,zootopia 1-2 ga ada tapi ada nya animasi dari dreamworks",1
bagus,1
"terimakasih sudah menghibur, soalnya aku kesepian ngga ada siapa siapa",1
"ribett, baru juga mau daftar malah maksa langsung langganan bayar",0
film jombo gak bisa di liat,1
gak bisa mutar film,0
kek mana aku mau daftar gak bisa padahal udh aku bayar langganan nya tolong kembalikan uang ku,0
bayar mahal² eh pas mau nyari flim yg mau di tonton malah ga ada,0
puas bnget,1
Mantap uuuuu,1
Netflix nga mangsot udah pakek Imel sama aja ngabisa pakek nomor tetap ngabisa,0
susah ngedaftar nya balik lagi balik lagi,0
tidak gratis,0
"Can I ask Netflix to include the F1 movie in their movie list? If you do, I'll give you ☆5. thanks🙏",1
pertama kali ini berlangganan netflix langsung di kasih first impression yg buruk memutar film sering gagal tiap nntn juga tiba2 hp mati sendiri jadi takut mempengaruhi device saya jadi mati total klo memang mendengar keluhan pengguna lebih baik di optimalisasikan lagi kasian klo sampe bisa ngerusak device,0
gabisa masuk ada Netflix mengalami kesalahan terus dasar apk lolot,0
mau film interaktif eh malah hilang anjir lah padahal seru jir,1
Pendaftaran terlalu ribett dan terlalu ber tele-tele,0
"ribet amat woi daftar baru doang, pas udah final malah disuruh bayar pulak buat selesaikan daftar, keliatan jelas kapitalisme nya tuh 😹",0
tolong tambahkan hapus metode pembayaran akun lain,1
"kesal banget.... mau daftar aja susah berbelit-belit. udah masukin email sandi malah suruh ganti sandilah, masukin kodelah, atur ulang sandilah. kesel deh",0
aplikasinya bagus,1
ko aku gak bisa download READ REDEPSEN 1 MOBILE,0
"aplikasi ini bisa menonton film, aku jadi kagum deh",1
film tidak lengkap,1
"gini yah, download netflix cuma buat nonton K-pop demon hunters sana Twilight doang. GANTI GA ENDING K-POP DEMON HUNTERS NYA!?! CEPET GANTI GA!?! BALIKIN JUGA ADEGAN AQUARIUM NYAAA!?!! NANGIS AKU NI.. BALIKINNNNNN HIKS....",0
sudah langganan tapi gak bisa nonton,0
I am very happy that there is an application for watching entertainment like this,1
belum pernah nyoba mudah Bagus,1
subtitle tidak muncul,0
bagus sekali filmnya,1
RUWET,0
"app gak ada masalah, hanya pilihan paket untuk berlangganan yang sedikit pilihan,, untuk kualitas video mengikuti kekuatan sinyal, dan kalo ada error itu bukan karna app, tapi ROM/RAM penuh, untuk hape kapasitas 1T gak ada masalah, lancar aja,,",1
bisabisanya pembayaran sukses uang kepotong tapi gak bisa di tonton,0
Sudah kalo mau perpanjang langganan sekarang malam di Suruh ubah metode pembayaran terus riweh riweh,0
pendaftarannya agak ribet,0
langganan terlalu mahal,0
bagus,1
Dftarnya susah. ..udah masukin email dan sandi tp ttp aja ada konfirmasi hampir selesai dan gk bisa buka apk nya,0
bikin akunnya harus membeli paket dulu mahal harus perbulan,1
"Busuk!..kenapa tiba""banget langsung sedot saldo gua?, seharusnya kan pakai kode pin dulu???, Bintang 1 nih lancang banget",0
Film nya kampungan mengulang ulang terus apalagi film indonya banyak film horor nya,1
kocak bet mau daftar aja haru bayar dulu,1
Slalu buffring buat nonton cma bisa sekali rugi,0
tiba tiba narik dana dari gopay tanpa konfirmasi keanggotaan lebih lanjut susah juga dibatalinnya,0
"aplikasi kocak, mau liat2 isi apknya aja gabisa langsung suruh bayar pilih paketnya kocak, ga pake lama unistal langsung aja ga guna",0
"perpanjangan ga ada konfirmasi bjir , ngambil langsung dari Shopee Pay , gua awam soalnya , gak ridho bngt , hati hati pemula",0
Baik,1
"sy berlangganan bulanan, tp film di netflix jadul - jadul [kurang update], berikan layanan yg bagus, jadikan neflix sbg sebuah pilihan yg tepat bg customer nya, fokus pada update film baru",1
sambil sntai enaak nonton netflix,1
aku mau nonton kpop demon,1
Mantap,1
"wah ulasannya banyak yg jelek,,, niatnya mau coba daftar lg,,,,,,kalo gitu ga jd lah,,,,,,hapus lg aja apk ini,,,,,,sudah ga bagus agaknya,,,,,,",0
video ini juga untuk pertama kali,1
susah login,0
Bagus sih tapi kalo bisa kasih fitur komen biar bisa saling berbagi momen,1
ini gimana kok gak bisa menonton karena perangkat lain sedang menonton padahal gak ada yang nonton selain saya,1
kok gak bisa berhenti berlangganan aduh merugikan ini plis gmna cara berhenti berlangganan 🙏,0
saya telah membatalakan langganan kepada netflix tp kenapa terpotong lsg dari dana,0
"nonton yg lain2 lancar, tpi pas nonton one punchman selalu muncul panah merah doang ga bisa jalan, kadang2 malah gambarnya diem tpi audio masih lanjut seperti biasa",0
"sering loading tanpa alasan walaupun baru bayar tetap saja loading ,padahal jaringan full",0
aneh woyy wifi buka apk lain lancar aja pas buka ini apk lelet,1
"saya sudah daftar namun tidak diarahkan untuk membuat pasword baru, dan stelah pendaftaran selesai di arahkan untuk memasukan email dan pasword namun saya belum membuat pasword dan setelah di alihkan ke website untuk mengubah pasword, tiba"" jaringanya tidak bisa. sangat tidak worth it",0
gak ada fitur uji coba gua mau coba dulu sebelum bayar premium 🤬,0
keren deh,1
bagus sekali,1
sudah uninstall dah hapus chace tidak bisa juga di buat nonton,0
"aplikasi paling ribet... ribet banget hanya mau nonton aja ribet urusin email, pendaftaran, pembayaran... kepikiran gak udah bayar tapi nonton masih harus pengeluaran paketan lagi🤣 mending LokLok film banyak gratis jadi modal paketan aja kalo ini udah bayar tiap bulan bayar paketan terus daftar nya juga ribet apk taii",0
tidak bisa downlod,0
Good app! :),1
sangat KEREN,1
binta satu karna taxi drivernya si s1 kan ada s2 ヽ(`д´；)/ upload oi,0
"A bug that has never been fixed, unable to link between the phone and smart TV, even though they are on the same wifi network. Does not display the trailer according to the title.",0
Seruu,1
mantab,1
itu netflix kenapa gak bisa buka season selanjutnya taxi driver ya ?,1
aplikasi gak bisa nonton masuk gak bisa kena bayar dulu jelek kali entah kek mana masuk akun nya hi geram nyee,0
bagus,1
"Tolong lah aku itu gak duit buat berlangganan jadi bisalah kedepan nya ada sedikit perubahan, masa nih ya aku kan buka apk ini tapi malah gak bisa katanya buka Gmail terus setelah aku buka dan cari tau ternyata harus berlangganan. Kenapa si gak ada yang gratisan aku kan tadinya mau nonton squid game atau kalo film itu berbayar aku bisa nonton film gratis yang lain 🙄.",0
"Abis di update malah gabisa dipake nonton, pdhl kuota ada, wifi juga jalan tpi selalu loading doang gabisa dipake",1
saat mau mendaftar saya punya tidak bisa padahal saya sudh kasi email saya atau nomor saya tapi tetap saja tidak bisa masuk,0
"aplikasi nggak jelas udah berhenti langganan masih aja ngambil saldo, emang nggak jelas",0
kenapa yah di netflik kurang komplit. apa karna ambil paket yg 54 RB jdi kurang komplit. aneh aja cari judul di netflik ngg muncul. setelah cari di telegram ada. 🤮,0
"pdhl perangkat lain udh di logout,masih aja gabisa nonton krn katanya terlalu banyak yg login, pdhl perangkat yg ini duluan login tp malah yg gabisa nonton, eror ni aplikasi, mana filmnya dikit lagi gk lengkap bgt",0
"Ini cara tambahkan akun perangkat ga ada,cuma diawal2 doang. trus ga ada langsung klik pembayaran langsung di app nya, jadi gausah ribet2 ke web. tolong diperbaiki lagi. Segala akun ditangguhkan, pegel mata kalo liat di hp😪",0
aplikasi yang paling bagus dan cocok untuk didownload kalo ga rugi mantap,1
"loginya susah we , ribet skrng harus pake opera apalah anjir ribet",0
"saya pake aman aman aja, banyak yg masih gangerti jadi tolong dipelajari dulu jangan asal rating, ada yang resolusi nya jelek, ya berarti sinyal kamu yang bermasalah",1
sudah bat bayar nya,0
bgus,0
Huhuhu,1
film barat kenapa jadi banyak bahasa indonya .,1
"bagus banget banyak filem"" nya aku suka banget langganan Netflix❤️‍🔥🥰🤗",1
aplikasi gatel. bayar e ruwet gak praktis. ga sido langganan,0
mantap,1
woi flix tambahin film lebih banyak,1
👍👍👍👍👍,1
seru banget,1
Increase the number of new Hollywood and Korean films and reduce the number of old films that no one watches anymore.,1
"pendaftaran berbelit - belit, udah masuk pake email dan sandi tetep aja masuk ke menu pendaftaran, udah nyoba masuk pake nomor hp masih sama aja. tolong dong agak di permudah pendaftaran nya makin ribet lagi belum juga masuk tiba-tiba ada di menu berlangganan kocak.",0
APLIKASI TERKONTOLLLLLLLLLLLLLLL,0
hapus semua data saya.. saya menyesal suda mengenal aplikasi ini,0
kenapa ya giliran film bagus di hapus kalau film jelek ditambah ke netflix jadi ga mood banget apalagi suka ngebug gajelas,0
ribet mendaftar,0
"anehh, mau nonton tapi ga bisa selalu loading dalam waktu lama padahal udh dibersihkan dan jaringan juga sudah bagus",0
Bagus,1
ribet banget loginnya harus pakai gmail terus apalah,0
login nya susah,0
"bug, nak log out pun tak boleh.",0
kok gak ada film Godzilla nya sih aneh banget,1
bintang 3!! Loding terussss🤬,1
nice,1
gajelas banget mau daftar aja dibikin ribet nih aplikasi nya gajelas,0
"aplikasi sering sekali eror, padahal langganan paket HD",0
loginnya terlalu ribet padahal akun sudah benar,0
"only be able watch trailer, keep loading even tho the connection is nice",0
karna kalo ada 2 akun terus 1 akun mau nonton tapi 1 akun lagi udah duluan nonton gak bisa. Terus update di mana?,1
kok saya GK bisa main rdr padahal hp saya Nokia dan saya sangat kecewa 😭😭,0
pelit,0
"gabisa di refund pdhl ga ngerasa beli, payah bgt netflix dah",0
baru saja di update minta up date lagi,0
kok banyak film yang katanya dah ada di Netflix tapi di saya gaada ya,0
"susah login, ribet, sudah clear chace, reinstall, pake paket data, ganti device susah bet loginnya",0
"aplikasi maling, aku sudah membayar dan saldo ku kepotong giliran mau nonton muncul pembayaran ditangguhkan.",0
pelit padahal cuma mau tau film apa,0
masi banyak film yang belum ada subtitle indonesia nya,0
Ngelag bangettt,0
tolong di bantu pemutarannya lambat bgt saya sudah bayar pakettannya,1
"aplikasi apa ini co di suruh login pas login gabisa sampe gua ulang 5× lebih, apa coba",0
blm sampai 1 BLN udah gak bisa putar film ya gmn sihh,0
"aplikasi jelekk, daftar nya aja susah minta ampun, banyak banget persyaratan mau masuk aja, jelek pokoknya menyulitkan orang mau nonton aja",0
ribet masukin email aja susah,0
saya tidak bisa memasukan kan email ga tau kenapa,0
pdhl sudah membatalkan langganan sudah log out ttp ada tagihan masuk,0
alpikasi ribet.mau masuk juga susah,0
netflix TAEK,0
GK jelas login aja GK bisa,0
susah masuknya,0
"saya sudah bayar, internet jg lancar tapi gk bisa nonton??",0
Mudah digunakan Terimakasih,1
"Saya menggunakan 2 ponsel untuk sehari hari. Namun salah satu ponsel utama saya malah tidak bisa jalankan film, sedangkan ponsel yang satunya bisa lancar. Yang lancar malah dalam kondisi lowbat jadi tidak bisa di teruskan buat nonton. kalo masalah ini tetap ada hingga masa berlangganan habis, saya putuskan tidak lanjut berlangganan aplikasi ini.",0
gk sesuai iklan,0
aku dah bayar lewat gopay.. saldo udah terpotong. tapi ttp pembayaran tertunda dan gak berhasil udah ke cs katanya suruh tunggu 24 jam dan setiap jam di cek. smpai skr masih gak bisa dan saldo hilang,0
keren,1
update Mulu min busett baru ke Maren kayanya update udah update lagi ajah emang kalian pikir sayah beli kuota minta gitu kalo beli murah gitu buset dehh update Mulu herann meras kuota ini mahh yaa,0
lawakkk deccckkkk loginn aja gak bisaaa padahal udah betul semuanya sandinyaaa lawakkkk,0
"apk tdk berguna, masuknya ribet banget. apk in tdk rekomendet.",0
tidak dapat membuat akun,0
kalo masuk susah bgt,0
"Netflix kenapa sih, ada suaranya tapi layarnya abu-abu. aku udah hapus chace tapi tetap aja eror. Aku berlangganan loh ini!",0
"ini gimana kok gk bisa diputar, apa ada perbaikan apl? klu ada perbaikan aplikasi hrsnya ada informasi.",0
"Film Baru 45 Episode Tayangnya 1 Hr 1 Episode, Hrsnya Langsung Tayangin Semua Episode, Sy Kan Bayar Nonton Netflix, Jangan Dibikin Kayak Nonton TV Biasa",0
ngga jadi download ulasannya buruk,0
"film/series nyaa gasyoOOL SEMUAA coooyyy seruuu abiiieezzz, terutamaaa stranger things 😛😛😛🖐🏻❤️",1
ribet bgt mau login doang asw,0
garcep menangani masalah konsumen,1
apk jlek tai,0
aplikasi ga guna masuk aja di persulit padahal dah masuk pake akun lama malah di persulit lagi ga jelas,0
i can't sign up because my number is invalid they say.My number is valid btw.Please FIX THIS!,0
susah masuk,0
"ini kenapa y? waktu aku coba login email kok acc email nya ga valid? padahal uda bener & uda sesuai loh , email nya pakai acc google , disitu jga aku masukin password dengan benar sesuai acc aku. tau2 nya acc email aku dibilang ga valid, aku coba lagi dibilang acc email nya banyak upaya, dan 1 lagi knp dibilang gak ditemukan SM netflix? itu acc google, jadi yg punya apk ini jgn mentang2 sok tau blg akun email nya ga valid+nyuruh org bikin akun baru+akun ny ga ditemukan, mohon diperbaiki pls.",0
keliatan kapitalisnya,0
saya lebih suka lihat film di net flix dari pada di yautube kalau di YouTube gk bisa lama kalau nonton nya kalau di Netflix bisa nonton sepuasnya pokoknya❤️❤️❤️❤️,1
bagus kali tetapi ada yg berbayar mohon dibikin gratis supaya lebih banyak yg pake,1
tolong dong di aplikasi netflix nya di bagusin lalod2 terus padahal jaringan sya sdah bagus. knapa suka lalod2 klo tiap klo putas video nya....,1
"Aplikasi apa ini, banyak eror , kadang sering bacaan maaf akun tidak berada di rumah ini , maksudnya apaan Netflix? padahal saya sudah bayar",0
baik,1
aneh akunya gamau kebuka udh langgannan,0
teledem bapa tr biisa masuk padaahl. su daftar tele kom bapa,0
sangat mengecewakan banyak film yang tidak ada di Netflix salah satunya the shadow's adge tapi di aplikasi ilegal tersebar banyak bahkan kualitasnya HD,0
"bnyak errornya jir, setiap mau nonton pasti gabsa pdhal internet lancar aja",0
"ini knp ya, nextflix mau mendaftar tp kok tulisannya terjadi masalah disitus ini terus? mohon jalan keluarnya dong",0
"saat memutar film suka lag pdhl udh hpus cache smua ttep erorr, pdahal nonton yt,tiktok aplikasi lain lancar semua",0
"gliran sudah bayar tapi gak bisa nonton sayanggg bngattt sudahhh bayarrr. kemarin2 gak gini, kenapa s3karang gak bisa dipake nonton sihhh",0
"54rb aja udah sekeren dan se worth it itu, apalagi yang 186rb🤍 banyak acara TV atau film original netflix yang terkenal dan baguss💓💓 recomended sih guys!",1
kok gak bisa daftar kesel bgt,1
kikir ajg,0
"saldo ovo saya ad salso ..tp pas mau byr netflik ny knp gk bs ,ud klik perbarui tp gk bs jg",0
Please make sure that your device has network connectivity and the Date and Time settings are accurate. (-121),0
"aku langganan baru dapet 3 hari tiba2 ga bisa login, terus keterangannya keanggotaan dibatalkan, kayak ""hah?"" ngapain juga aku batalin keanggotaan seharga 65rbu dalam 3 hari???? 😭😭 apalagi ini semua sosmedmu gaada buat kirim pesan, mau protes kemana aku?? kalau sudah aku pake selama 2 minggu sih aku ga masalah, ini masih 3 hari buset 😭",0
apaan² ni mau mendaftar aja susah amat gimana mau masuk,0
mau login aja susah huuu,0
baik,1
"benci bet,maen potong saldo aja,minimal konfirmasi nunggu persetujuan dari yang mau berlangganan,bukan asal potong saldo aja",0
katanya 4k tp 1080p aja gk sampe,0
film nya harus yang baru,1
susah bnget daftarnya padahal udh bnr mlah diduruh buat akun baru🗿,0
netflix bagus tp masuk nya ribet ..... email lah macam lah yg gaptek gak BS nonton lah KLO mau spt yg lain aja beli paket udah.........yg ga beli paket ga BS nonton ga usah pakai pakai email lah nanti gak cocok lah jadi malas masuk Netflix,1
beri petunjuk beri petunjuk agar saya lebih mengerti,1
"tolong perbarui game gta san Andreas definifive nya🫤 tidak bisa main di HP tecno 7 5g, aplikasi ini tidak tersedia untuk perangkat Android anda disarankan Android yang lebih lama.. tolong pls",1
"aplikasi busuk, 2 kali login 2 kali topup, gak bisa masokkk apa²an ini, di perbaiki lahhh",0
"buatt gratiss min ☹️ masaa hruss berbayarrr!! masaa pas loginn jga hruss bayar,kitaa sebagian pelajar pengenn nonton jgaa minn 🗿 gda uang untk bulanan nyaaa,54.000rb🗿 manaa ad uang ku sgtuu minn,aihh tolongg laah☹️ knn ak jgaa nak nonton yg baru"" gbsa nonton di bioskop nonton di Netflix jgaa bguss,akuu kasihh rating 5 wlpunn gbsa masukk,gratisinn ke akuu dngg minn🥰 kloo di ytub hruss nunggu lamaa biar ad filim bioskop terbaruu,ayoo dngg minn gratisinn ke akuu😿",1
udah bayar tapi Masi gak bisa nonton. kecewa bangat,0
iloveyou net,1
"untuk login saja sulit, selalu saja ada notifikasi ""your device isn't part of the netflix household for this account"" lalu ini harus bagaimana? udah bayar mahal2 login aja sulit",0
mantap,1
Sangat baguss,1
"rata"" film nya ga seru paling saya nonton yng udh limitan atau basi sampah bngt nyesal langganan",0
ribet tololl,0
"tidak konfirmasi keanggotaan,, tiba2 saldo ewallet terpotong tanpa ada konfirmasi.. secara sepihak,, saldo ewallet saya(gopay),,terpotong utk pembayaran keanggotaan,,sementara saya tidak ada ikut keanggotaan netfix.. kecewa!!!!!",0
sesuai bagus syukaa,1
"kepada pengelola netflix, Saya minta tolong bantuannya untuk berhentikan langganan di akun saya, soal nya dari awal pembayaran saya tidak bisa log in ke akun saya, ada peringatan “terjadi masalah”. Jadi selama ini saya tidak pernah memakai akun saya, akan tetapi tiap bulan selalu ada tagihan sebesar 53rb tanpa ada pemberitahuan terlebih dahulu, jujur saya merasa sangat dirugikan, ini sudah terjadi mulai bulan Juli-sekarang Mohon dengan sangat untuk bantuan nya, Terima kasih🙏🏻",0
apk nya bagus,0
"gak semua film masuk di Netflix, mending cari dulu film di google apa ada di Netflix baru berlangganan Netflix.",0
"ga bisa di puter film,loading mulu😡😡👎👎👎",0
acaranya bagus2 dan seru2,1
nice,1
"knp ya tiap nonton muter"" trs dan harus restart hp nya dlu baru bisa",1
gambar hitam tidak ada gambar nya hanya suara doang...solusi nya gimana ini udah instal berapa kalipun masih seperti ini juga,0
"masuk aplikasi harus bayar, ini sama sekali tidak bisa menonton dgn gratis",0
"pengalaman saya, sudah meminta permohonan untuk pembatalan langgan bulanan, di bulan Oktober, eh di bulan November,,, masih ada penagihan otomatis,, coba dijelaskan?",1
suka sama film2² nya bagus,1
"Sering tiba tiba berganti ke bhs portugis.. knp ya? lg tgh2 nonton tiba2 tampilan layar berubah bahasanya. bukan teks di film, tp di layar depan netflix nya. Udah msk ke pengaturan. ganti ke bhs indo tp tetep aja ga mau berubah. ada yg bisa bantu solusinya gak??",1
Bgusss bngeddd nyaman nonton dsinii,1
"app lancang main auto debit aja saldo orang,, kalau filem nya kualitas nya bagus gak apa lah ini",0
suka gabisa login,0
"ini netflix knp ya, film tahun2 lama ada, tp yg terbaru gk ada pdhal udah setahun. mana film yg populer gk termasuk ada di pencaharian. nyesel udah langganan",0
jelek,0
bagus,1
apk ini ngeselin banget masak harus buat akun dulu. y gpp tapi aku buat akun itu GK bisa. badahal dah lengkap aku masukin semua eh malah gk bisa login terus pliss lah GK usah pakek daftar akun kalo bisa cuma masukin nomor Ama nama aja,0
Aplikasi kepo bagusnya dihapus saja dari sosial media karena amat sulit untuk masuk dibanding sama aplikasi yg lain,0
"saya ingin refund dana langganan namun tidak bisa,",0
speed nya tolong tambahin lh Netflix... masak cuma sampe x1.5 doang. minimal x2 lh. kalo nonton film yang kebanyakan yapping ga penting x1.5 bener2 kurang. jadi tolong bikinin sampe x2. atau emg ga mampu otak programmer nya bikin sampe x2? 🤔,0
bagus banget,1
"Can you please provide an option to block a certain genre from our profile? i'm so tired everytime i open the app, the horror movie poster always shows up - especially indonesian horror movie.",1
apa ny bagus,1
ni netflix banyak sekali pilihan film film menarik cuma emang aplikasinya sering bermasalah lah...udah donlot film...eh g bisa ditonton lah...loading terus lah .dll..bintang 3 aja dulu yaaa,1
"Ndak bisa dibuka, ribet.",1
mantap netflix aku tidak pernah bisa menonton film ini,1
ini eror apa gimana dah...ubah profil aja gak bisa coba,0
Susah di donwload,0
"kok bayar sih, kan semua milik Allah",0
tidak diragukan lagi aplikasi streaming film terbaikkkk,1
apk eek mau log in aja ribet bgttt cok,0
sangat baik,1
tontonan berbayar??? Rugi Dong. Langsung Gua Uninstall,0
bagus bangat,1
"kualitas gambar jelek, udah kaya kaset CD jaman dulu krecek2. tolong di perbaiki, nonton jdi keganggu gambar ga jelas krecek2 bergaris",0
buat fitur ubah resolusi layar kualitas video. biar bisa di setting mau kualitas 4K. kualitas sering turun tiba-tiba dan bnyk fitur lain yg kurang contoh itu iqiyi dan bsatation fitur lengkap bisa setting kualitas 4K,0
disuruh berlangganan terus padahal akun sebelumnya sudah berlangganan. admin korup,0
kenapa ya suka ada kesalahan di aplikasi itu setiap aku bikin akun suka aja eror,0
kok ngak bisa nonton ya,1
"Ini maksudnya apa ya? Kenapa gk bisa? Pdahal itu benar akun saya. Tpi kalo ganti ke pembayaran lain bisa, aneh. Masa fokus ke 1 Payment doang.",0
"film-filmnya bagus, aku saja yg susah utk memulai 🫣😬🙄",1
mantap,1
tidak bisa berhenti langganan saldo kepotong terus,0
galeri,0
saya kecewa isinya tidak lengkap squid game season 2 saja tidak ada padahal sudah lama rilis banyak film yang saya ingin tonton tidak ada,0
tlg hapus berlangganan saya,0
mudah akses film,1
aku kasih bintang 1 dulu HP ku infinix gt 10 pro sinyal ngebut aku cek 20mbps kenapa klo lihat film terbaru selalu buffering? klo film lama rilis kadang bisa di putar kadang buffering (gabisa diputar/stuck) udah ku download juga masih tetep gabisa di putar buffering terus ini HP nya atau apk nya sih masalahnya HP juga udah update Software juga klo sampai ga bisa nyelesaiin masalahnya aku bintang 1 dan ga berlangganan lagi klo udah normal gaada kendala aku balik ke sini aku kasih bintang 5. -__-,0
"film nya bagus sekali,dan kualitas grafiknya juga bagus",1
gak enak daftar harus bayar dlu,0
ada apa dengan netflix ya... saya mau bayar kok gak bisa ya.... gak bisa nonton jadi nya. padahal sudah berlangganan,0
apk kikir,0
"kualitas gambar kurang baik,,, cara mengatasinya gmn yahh min??",1
👌,1
susah bgt buat login ny ya ampun,0
nasib hp kentang,0
bagus,1
Bagus banget,1
kenapa tidak muncul video nya memuat terus biar sudah di download video nya juga tetap sama memuat terus trailer ato teaser nya bisa play tapi giliran film atau series nya langsung malah memuat terus,0
"gak bisa login .. tunggu sesaat teruss tapi lama, emang mau nonton harus nunggu yg beginian",0
Suka macet dan tiba tiba di suruh pembaruan di tv android dan ketika sudah diperbaharui malah tidak bisa,0
"jadwal pembayaran selanjutnya masih tgl 26 November 2025, tp mulai dari awal November kemarin setiap mau menonton film tidak bisa, harus melakukan pembayaran.",1
mengecewakan,0
selalu bermasalah dalam hal pembayaran,0
"gabisa bayar, jelek",0
sering terjadi eror saat login,0
aplikasi ini sangat berguna untuk waktu luang seperti waktu lagi ngemil,1
"ga bisa, susah",0
aplikasi cacat,0
"aplikasi paling lemot, jangan install aplikasi ini",0
mantap,1
kenapa gak bisa login woy netflix kalau bikin aplikasi jangan cacat lah padahal mau berlanggan loh malah gak bisa login dasar netflix cacat,0
"Netflix itu mantap banget paketnya juga banyak, film nya apalagi banyak banget mulai dari horor, komedi, k-pop, drakor, dll. Pokoknya Rekomend lah",1
ajing dana aku ke potong padahal tdk pernah berlangganan ajing aplikasinya ajah tdk ada,0
pelit amat apk kon ol login aj ga boleh,0
paling ada GTA San Andreas aku mah suka main GTA San Andreas tapi nggak bisa nggak bisa di HP redmi bisanya di HP yang lain tapi aku nggak cari di youtube tapi ada orang dewasa yang bisa main main GTA San Andreas di Netflix ini aplikasinya ajaib woi mantap nih mantap mantap wah ini harus dicoba sih guys terus saya sebarin ke teman saya,1
"bolak balik masuk ke email nya disuruh keluar terus. tolong dong sistem nya diperbaiki, mau nonton jadi ga bisa. alasannya bukan rumah alamat email. padahal saya pake 2 hp dengan 1 email biar mudah gantian pake nya huftt...",0
bagus dan seru walaupun serial kartun nya dikit,1
bagus dan mengesankan kapankah Extraction 3 akan hadir di netflix ? atau di aplikasi lain ?,1
sampah bet pgn login doang ribet amat kyk nyari 17 juta lapangan pekerjaan,0
bagus bgttt,0
sangat bagus,1
"aplikasi ngga jelas bayar mahal mahal, tapi pas mau nnton loading screen terussss",0
"balikin uang saya Netflix saya udh hpus ni aplikasi kanpa Masi bayar Netflix , dan saya gak sengaja mencet langanan Netflix, mohon kembalikan uang saya Netflix lumayan 65rb ya Netflix plis Netflix",0
sangat memuaskan,1
"Kenapa tiap nonton sesuatu selalu Kualitas gambar tiba-tiba jelek, baru tidak bisa atur resolusi lagi jadi tidak enak Ditonton!!!! padahal jaringan tidak ada masalah dan paket yang saya langganan itu harganya udah mahal tapi malah tidak sebanding dengan apa yang Saya inginkan!!!!!!!",1
"MANGKIN LAMA PENAGIHANYA MAKIN DEKAT TANGGAL NYA DARI TANGGAL 19 KE 8 KE 4 . Kll. DAN SERING KELUAR KELUAR SENDIRI. . LICIK NYA KELEN baru bayar tanggal 23 tanggal 10 di suru bayar lagi kan LICIK X OTAK KELEN, FILIM ITU ITU AJA G ADA YG BARU , DASAR BINATANG, dan kenapa filim Godzilla x kong/ the new empire 2024 udah hilang , masa bentar aja udah g ada , filim² lain dari filim jaman dulu pun masi ada aja",0
Ok,1
apasih masa udh langgan baru nonton 1 film pas keluar lalu masuk lagi masa suruh bayar lagi,0
"login susah + lama,sandi udah betul malah suruh buat sandi baru,kalo bisa login dipermudah!👎👎",0
"Yang gw suka dari aplikasi ini karna ada dubbing videonya, jadi nenek gw juga bisa ikutan nonton dengan nyaman, film/drama produksi netflix juga gak ada yg gagal, gw lebih suka nonton film di aplikasi-aplikasi resmi kaya gini karna kualitas gambarnya bisa di sesuaikan dengan jenis perangkat yg digunakan, jadi pengalaman menonton bisa lebih terasa maksimal, perbanyak lagi pilihan filmnya",1
keren,1
tidak tertarik sama sekali alias takada manfaatnya!,0
aplikasi kurang ajar,0
"apk dipasang di tv android, disuruh upgrade tapi pas di nuka playstore g ada fitur upgradenya, jadinya kan ga bisa nonton di tv lagi, kecewa si",0
bagus keren filmnya,1
cara konekkan ke dompet digital gmn? kok g bisa terus,0
"sering keluaran sendiri padahal udah login udah bayarrr tapi keluar keluaran, tolong di perbaiki lagi apk ini",0
ribet,0
netflix pea... sering bgt udh download film pas dibuka loading mulu. kirain update dulu eh pas da update SAMA AJA Dodol. sampe sekarang pun gitu mulu nonton film series sda yang bisa dibuka ada yang loading mulu diwaktu yang ssma. udah pake jaringan yang satu episode bisa yang satu LOADINGGGG KEK PNTK,0
bagus 1000000 persen,1
sudah bayar malah suruh daftar lagi gak jelas nih Netflix balikin uang saya,0
watch out until you Netflix delete Regular Show I will really hate you because only here can I watch Cartoon Network shows me I'm not lying I will review you wherever you put your ad,0
seru banget,1
"akun saya telah di tangguhkan, padahal saya melakukan pembayaran. sesuai prosedur",0
jelek ribet banyak mau nya pula cara masuk nya ribet banget,0
"Aplikasi Stress,,Aplikasi dan Admin Pengelola Aplikasi ini Sinting Masa ia Kita Setiap Masuk ke Aplikasinya Musti Bikin Akun Baru Terus ??? Jdi Gimana Klo Udah Terlanjur Beli Paket Langganan Tapi Pas Keluar Kita Gk Bisa Masuk ke Akun Kita Lagi ?? Jangan Nipu Dong..Cari Makan Yg Halal Halal Saja..,,Setiap Login pake Email Kita Katanya Email tidak Valid tidak menemukan Akun dengan Email yg sama..,Atur Baik² Itu Sistemnya..Sinting..!! Amnesia. .",0
no good no good,0
"kurangnya cuma di resolusi 720p serasa di resolusi 540p ga kebayang ama yang langganan 54rb se burik apa, tolong lah jangan kikir bngt,gw streaming di Disney aja 740p udh lumayan hd loh lah di Netflix 720p serasa 540p,please lah",1
muak bgt. ambil saldo gopay orang lain tanpa notif tanpa konfirmasi.. bukannya pembelian itu harus pake pin ya. kaget bgt tiba tiba langsung potong saldo.. gue g akan langganan dsni dan bahkan g akan nnton dsni meskipun dah kesedot saldo. mending nnton di platform lain. cuih,0
"aneh bngett udh langganan tpi terjadi masalah truss masalah susah login, trus pas sudah login ehh ada lagi masalah gagal memutar video, ada apa sih netflix sekarang jelek bangett jadi rugi kan langganan,.",0
Bagus,1
sudah masukan sandi yang benar tapi salah,0
jelek gak bisa bikin akun,0
gaje bgt gabisa buat nonton gangguan mulu aneh banget,0
susah,0
susah bgt buat login smpe aku hapus lagi ga akan downld lg deh males susah bgt loginya,0
"knp lagi ini gk bisa nonton d hp g bisa di tv gk bisa udah update sandi keluar semua perangkat tetep g bisa, alasnya terlalu bnyak yg memutar mana baru bayar lagi",0
adakah kontak service Indonesia yg bisa dihubungi? nampaknya akun saya di hack dan saya malah terhubung ke cs swedia.,0
baguss,1
ga guna,0
film bagus,1
ok,1
"duh udah berkali kali loading mulu kirain data habis, di ganti ke wife eh ternyata tetep muter muter mulu",0
Sudah bayar suruh bayar lagi,0
film nya kurang,1
"kaya aplikasi cacat, hp awal aku mati total belum sempet keluar terus pke lagi di akun yang sama di hp baru mau download film serial susah bnget tulisannya ""kamu menyimpan download di banyak perangkat, hapus download dari perangkat lain"" gimana caranya hp nya mati. kenapa yang download di perangkat lain gak otomatis masuk di perangkat baru padahal masih satu akun!!!",0
Ok,1
masuk harus bayar bikin buang² duit mending aplikasi yang lain gratis😹,0
"min kenapa hbs saya update gabisa nonton ya? kemarin masih bisa, terus hari ini gabisa, tekan play itu gabisa, aku coba ke tengahin terus aku coba play yang keluar layar hitam dan ngulang lagi berkali-kali, ngelag juga, solusi gmna ya min?",0
good,1
"baij, keren",1
aplikasi gak berguna,0
berkali-kali gak bisa login padahal semua baik baik aja,0
Terjadi kesalahan trus kapan masuk nya,0
gak kompatibel,0
versi lawas.,1
udah berlangganan kok malah film yg dicari gada,0
mau daftar eror Mulu aneh,0
"Guys, kl netflix msh trouble trs cb d uninstal dlu bru down load ulang sya jg sblmnya bgtu trjadi masalah trs",1
dicoba login susahh banget bilangnya kesalah terus,0
"Seram, seru, sedih",1
mantap kingg,1
ini kenapa dah netflix banyak bug bug ga jelas.,0
"Kirain teh Gw doank. Ternyata, ada banyak yg senasib: ga bisa nonton full filmnya ! Bijimana, nih...?",0
"ini kenapa sih ga bisa login, udah dicoba beberapa kali tetep ga bisa disuruh nunggu beberapa menit terus. parah bgt apk nya",0
bikin emosi cara daftar ny,0
"PLEASE NETFLIX KENAPA MAKIN KESINI MAKIN SUSAH BUAT LOGIN? KENAPA TIAP LOGIN SELALU SOMETHING WRONG TERUSS!! PLEASE DEH JANGAN MEMPERSULIT GINI, NIAT MAU NONTON MALAH JADI BADMOOD KARNA SUSAH LOGIN !!!",1
baguss.bisa nonton banyak film barat lamaa.sama banyak anime sama animasi lainn.,1
privasi sangat tidak di jagaa akun lain bisa aksen begitu saja penagihan tanpa konfirmasi.,0
min kenapa ini stuck di loading terus?,1
wajib bayar mahal lagi,0
Netflix TOP BGTtttttt🥰🥰🥰🥰🥰🥰🥰,1
gabisa login akun mulu,0
"kenapa sering banget ga bisa di tonton si setiap mau nonton muterr ajaa, terus aja ""memuat""tolong dong ini di benerin",0
"Netflix kapan ada film baru 2025 yang viral seperti, panggil aku ayah, kang Solah, Expendables, Aladin, Cinderella banyak sekali film"" seru yang gada di sini tolong di adakan ya, supaya saya selalu berlangganan di Netflix",1
👍👍👍,1
ini knp ya min dari tadi pagi Netflix muter muter terus.padhal baru 1 Mingguan berlangganan...???,1
Saya tidak berlangganan Netflix tapi saldo terpotong sudah 2 bulan ini!,0
ga bisa login woi lah plis😭😭😭,0
bagus tapi bayar,1
"gabisa masuk login, kenapa harus lewat email jadinya harus bayar gajelas udah punya akun nya juga masuk dipersulit.",0
"Kalau boleh netflix kerja sama dengan play store, biar bisa berlangganan pakai saldo google Play store",1
nggk ngotak aplikasinya,0
"masalah jaringan padahal, buka aplikasi lain lancar aja tolong developer perbaiki kendala ini, pengguna lainnya juga pasti ada yg ngalamin kaya gini , ketika buka di laptop bisa tapi di HP gabisa, percuma bayar mahal tapi gabisa digunain",0
bagus sih cuma mau ganti pembayaran dari Telkomsel ke pembayaran biasa ribet banget,1
Spiderman mana?,1
"Apaan g bisa login, mentok d logo netflix 😂kdng udh login udh mau nonton g bisa d puter, terjad kesalahan 😂😂apaan ni👎",0
gajelas baru mau login malah muter² terus gabisa login,0
"Pembayaran lagsung dilakukan saat aku mengisi saldo gopay. PADAHAL SUDAH PERNAH DI ""BATALKAN""",0
"APLIKASI JELEKKK MAU LOGIN GAK BISAA, TERJADI KESALAHAN MULU PADAHAL SDH BELII, DIHH APLIKASI JELEKKK BANGETTTTT",0
lumayan anime nya,1
"BURUK, KELUAR TERUS, SETELAG MASUK TIDAK BISA DI PUTAR LAGI PADAHAL SUDAH GNTI AKUN DAN SUDAH BAYAR. KAPOK",0
☺☺☺,1
bagus,1
"padahal sudah berlangganan, tapi tidak bisa masuk email dan pasword salah lah udh ku ulng beberapa kali tetep aja salah hadeh, gimana ini sayang loh, pdhl filmnya sama drama nya bagus bagus tapi aplikasinya eror teruss, mohon kerja samanya 🙏🏻",1
"lumayan sih tapi pakai itu ribet banget mohon di perbaiki aku jadi bosen semoga dibaca aminn dan semoga semua nya sehat selalu yah aaminnnn!! ""^""♡♡♡♡♡♡♡NETFLIK ""^"" dan Fidio nya yang lengkap yah ""^"" ••",1
"kenpa ya gabisa masuk , paa masukin terjadi kesalahan teruss , malah kesel",1
Bagus,1
daftar nya eror anj,0
tidak bisa login lewat hp. periksa kembali no terus,0
"maksa amat sih,ga bs diuninstall cm non aktif,buat hp samsung jd error atau ga enak.hrsnya terserah owner mau downloads atau ga dgn hp miliknya",0
gak membantu sama sekali mana gk bisa dihapu minta email kata sandi terus plesss deh nyesel aku downlod ini bikin gak mood aj 😡😡😡😡😡😡😡😡😡😡😡,0
"min, kok pas mau nonton video ada tulisan ""terjadi masalah saat memutar Video, coba lagi (5.10)"" maksudnya apa min, kenapa bisa gitu, udah beberapa hari begitu mulu, padahal langganan saya habis nya tanggal 29-11-2025 nanti min, tapi knp ga bisa nonton, rugi dong saya Langganan kalo ga bisa nonton, tolong dibenerin min.",0
"saat awal berlangganan harga masih 65rb+ppn, 2mgg mulai berlangganan fim tidak bisa diputar, tiba2 ada pemberitahuan kalau ada kenaikan tarif jadi 125rb+ppn, kwalitas tetap sama, film yg diputar gambar tidak bagus, film2 lama masuk lagi, dan film yg baru tidak ada yg bagus",0
kurangi iklannya dongg,1
harus bayar,0
"gaje gk bisa nonton jir, sinyal bagus apa"" bagus tolong di fiks min",0
Ga bisa login anj bilang nya ada kesalahan mulu,0
"padahal sinyalnya bagus tapi pas mau nonton vidio malah memuat terus, tolong di perbaiki",0
jangan dowload aplikasi ini soal ny aplikasi ny butut,0
udh g prlu Netflix krna dah ada ppcine vip😚😹,0
baru semalem nyoba langganan yang 54k sebulan dipake sebentar langsung nggak ada sinyall gimana ini sayang bgtt paketannya masih bnyak nyesel jadinya berlangganan,0
"apl gk jelas, buat akun aja ribet amat idih, mohon untuk aplikasi nya di ubah lagi yaa buat akun itu gk usah ribet amat makasih!",0
Bagus,1
Bagus,1
"netflixnya knp jd gini ya? setiap login malah terjadi kesalahan trs harus nungguin berberapa menit, udh saya tunggu 1jm pun ttp gbs",0
"film yang dihadirkan tidak lengkap, paling kesal sana movie yang season 1 nya ada tapi pas nyari season 2 nya malah gk ada di netflix, bikin males buat nonton film.",0
brightness nya tolong dong diatur lagi masih kecerahan kalau di tempat gelap,1
tolong dong jangan dipersulit loginnya. Saya sudah berapa kali login malah diputer-puterin dan berujung gak bisa login,0
"setiap mau nonton sllu warning terlalu banyak yang menggunakan akun ini, padahal saya cek GK ada, gimana ini min",0
gambar film nya banyak yg rusak..... susah di lihatnya,0
tidak bisa login,0
"well well well, makin hri makin buriq 😹😹😹",0
bagus banget aplikasinya tapi tolong ada in terrifier juga dong,1
bagus aplikasinya,1
bagus aj,1
jelek bgt njir LG nnton tiba2 exit sndri,0
bayar nonton 3 kali ga bisa masuk g jelas udah masuk malah ga bisa nonton,0
Ok,1
mhn tlg gimn sambung keakun nya sandi nya🙏,0
"susah bgt buat login, sering ke logout, bayar mahal cuma buat emosi aja, di perbaiki lah",0
aplikasi ini kurang banget mau masuk tapi udah ku masukan email semua nya udah gw masukin tapi kenapa link nya itu gk muncul dan link nya itu kodenya random dan dikasih 15 menit udah gw cepet cepet tapi katanya lambat ini aplikasih ampas beban,0
"netflix ku kenapa gambar nya buram ya saat nonton, pdahal kemarin fine² aja",0
payah mau ganti paket aja susah ... payaaaaaah,0
"selalu tidak bisa login padahal jaringan semua aman email dan pw pun benar tapi selalu tidak bisa masuk,dengan keterangan sistem error coba lagi beberapa menit lagi sampai beberapa bulan tetap tidak bisa",0
Good,1
tampilan netflix saat ini membinggungkan,0
mau masuk eror mau nonton eror cek jaringan .. padahal wifi aman .. ah anehh .. makin kesini makin bobrok,0
"buat akun aja ribet amat. niat download buat nonton film jadi ke hambat. sebenernya niat ga si buat aplikasi? rugi sponsor kalau masih muter2 di pendaftaran akun, apa kalian berusaha buat nyuri data kami mangkanya di buat ribet di pendaftaran??",0
aplikasi tolol setelah login malah nambah error akun banyak gak bisa login,0
login susah banyak eror ampas banget,0
"ini netflix lg bermasalah yaa.? sudah beberapa hari tdk bisa nonton, loading terus.",1
sulit login,0
saya menonton one piece tetapi episode nyaa melompat sangat jauh karna tidak ada episode tersebut dari 750 ke 1048,1
ufc bisa nntn live?,1
woy ini knp gua gk bisa download Netflix anj,1
tidak memasukan akun,0
letsgo nonton Boboiboy,1
"awalnya bagus cuman sekarang kok filmnya tidak bisa di putar loading terus, padahal jaringan lancar dan ngebut. tolong segera perbaiki",1
"apaan sih, mau masuk ada selalu kata sandi salah padahal udah bener. ribet banget ni apk",0
"Mohon perbaiki halaman login nya sejal di update suka gagal login kena fake limit padahal baru pertama kali login, makin jelek aja performa apk nya padahal lagi banyak flim bagus",0
Menyesatkan generasi,0
"Yaallah tolong kembalikan uang saya, tiba2 ketarik otomatis di akun DANA saya senilai 54.000, itu sepertinya tidak sengaja keepncet fitur langganan nya, saya mohon kembalikan uang saya, saya sangat membutuhkannya",0
semenjak uldate tampilan login baru serirng error terjadi kesalahan padahal password sudah benar,0
kenapa pas login terjadi kesalahan terussssss uda 2hari woy netflixxxxxx,0
"bagus, meski ada gejala",1
"masuknya susah banget,sudah di bayar malah bikin susah",0
"netflix skrng eror bgt waktu masuk,tolong dong gimana ini solusinya udah di otak atik masih sama aja",0
"LOPEE BANGET, BISA NONTON ANIME VAV KUH",1
nonton video ga bisa udh nunggu 1 menit padahal jaringan nya baik baik ajaa,0
saya download hanya karna mau main game nya,1
"The application has many bugs. 1. When opened, it immediately gives an error. 2. Black screen. 3. Black screen but there is sound from the film.",0
film tidak lengkap,0
ah ngelag,0
susah login 👎,0
saya coba dulu,1
lagi error ya ? 2 hari gabisa play sama sekali,1
apk gak jelas.,0
baru beli paket tapi baru 3 hari udh loh out sendiri pas mau login lagi katanya kata sandi salah padahal nggak kesel bangett karna ada Drakor yg ngegantung blm selesai nyesell nonton di apk inii,0
seru banget bisa nonton apa saja,1
"tolong adakan promo 25.000/perbulan resolusinya 240 tidak masalah, cuman mau login FM",1
tolong dong ini gak bisa masukk,1
seru bener,1
semoga menyenangkan nonton di netflix,1
anjir apknya sering main main buat login. mau masuk cuman harus masukin email atau nomor ponsel tapi terus terjadi kesalahan. harusnya kolom masuk kayak biasanya masukan email sama pw,0
susah bangat login di suruh coba lagi nanti terus,0
"bisa ga si kalau mau login atau bagian pembayaran ga ush ribet ribet,aku udah 100000× nyoba pembayaran padahal udah bener gatau kenapa sampe aku gila banting banting hp ,apk gajelas",0
Netflix tolong lah... tayangin liga Champions juga,1
udh uninstall banyak kali ini apk ga bisa login. gila,0
susah login nya,0
"aplikasi jelek loading mulu kg mulai mulai padahal jaringan bagus, APALAH NETFLIX NII",0
😎ok,1
"Film Baru 45 Episode, Ditayanginnya 1 Hr 1 Episode, Hrsnya Langsung Tayangin Semua Episode, Jd Customer Nyaman Nontonnya",0
ga bisa login👎,0
kenapa tiba-tiba tidak bisa di instal,1
sering eror log out sendiri pas masukin email malah eror. gimana ini min!?,0
ini gimana sih dah daftar akun .. dana dah berkurang ga bisa nonton tulisannya akun belum terdaftar gimana ini,0
Banyakin horror movie Thailand doong kak,1
Tidak terlalu banyak film disini,1
aplikasi jelek udah bayar 54k pas nonton eh kek nonton di tv thn 90 an gambar pecah pecah ngeblank bersemut film sampe ga bergambar hanya suara doang,0
bagus,1
"masaa harus bayar?, dipaksa pula",0
BUG,0
"Pantes aja sepi, mau login aja di persulit",0
masukin nya ribet ajggggggg,0
abadi nan jayaa,1
"aplikasinya bagus, filmnya okeeee saran siih filmnya banyakinnn biar tambah seruu buat developer semangat biar berkembang",1
kok gak bisa di download,0
Tidak bisa memulai kembali keanggotaan Semua metode pembayaran di tolak,0
ribet banget mau payment aja,0
apakah netflix error? mengapa tidak bisa digunakan? login selalu gagal,0
"D tonton ga bisa film2nya eror2 trus,tiap bulan potongan bayaran d ambil. berhenti langganan ga bisa tetap d potong trus. ini sih udah penipuan namanya",0
bad update because its hard to login,0
susah banget masuk,0
eror terus pas mau konek ke email,0
untuk apa menyediakan aplikasi ini jika di susahkan dengan cara hrus berbayar tidak semua ad tolong ringkan saja dengan menggunakan data kalo udh oke nanti ku ksih bintang 5 see you next time,0
ribet masuk y,0
"eror ml anj, gj bgt suruh langganan tapi mau masuk akun nya malah eror kocak",0
"Ampass sekarang buat log in aja susah, ga ada masukin pasword, tapi pale otp BIKIN RIBETTTT",0
"sering banget terjadi masalah selalu muncul perbarui rumah dengan akun netfli jadi mengganggu banget bikin ribet saat mau nonton di smart TV. Perbaiki lah, saya selalu muncul seperti itu sudah 3 bulan bikin tidak nyaman.",0
untuk pemilik netflix punya aku kenapa ya layar nya jadi hitam tolong di perbaikin plis,1
saya udah bayar tapi tetap gk bisa di buka aplikasinya kecewa sekali sama aplikasi ini.,0
sekarang masuk ke netflix ribet bgt anjr,0
kenapa sih kok makin gajelas log-in udah punya akun tapi masih di paksa bikin baru,1
Gak bisa login pas mau masuk Netflix👎🏻👎🏻. Pihak Netflix tolong perbaiki aplikasi ini ya! 🙏🏻🙏🏻,0
"UNTUK MASUK KE AKUN NYA BERBELIT-BELIT, SARAN AJA DAH MNDING PAKE KODE VERIF DRIPADA LINK LINK GITU",0
knp stiap gw nnton kok filmnya kyk kaset rusak plis gw mau nnton stiap gw nnton 1 menit filmnya jdi kyk kaset rusak2 gitu tolong perbaiki.😭,0
good,1
mau daftar bikin akun aja susah banget ga bisa2🗿,0
"banyak film yg gak tayang di netflix padahal film terbaru banyak yang bagus"" paketan mahal tapi film gak lengkap",0
pembayaran ovo nya bermasalah,0
"min coba tolong tambahkan film drakor school 2021 min, please pingen nonton ituu, aku blm nonton.",1
DEVELOPER YG TERHORMAT. SUSAH BGT DAFTAR DOANG RIBET BENER.,0
ngeframe nya kabangetan,0
ok,1
Ookkeeeee,1
tolongg ini gimana cara loginnnyaaa ya Allah kenapaa jdi ribettt bangetttt siii yaa tuhannnnnnnn,0
"aplikasi sering ngelag padahal jaringan ku bagus, gak bisa nge play sma cari film padahal udah gonta ganti jaringan, gak jelas",0
bagusss,1
Kikir jir 😹,0
"sudah seminggu tidak bisa menonton di HP, hanya memuat terus disemua film.. Klo masalah sinyal hrsnya di Laptop jg berpengaruh, ini hanya di HP",0
eh apk kocak gua gabisa login ini gimana aneh banget,0
Udah berlangganan berbayar suka eror pula..,0
good palying,1
Netflix tolol semenjak update akun error gak bisa login,0
Jelek gak bisa masuk login akun!,0
aku terus ngulang untuk buat akun yah gimanah nih min .. jadi aku gak bisa nonton,0
seru banget di Netflix aku bisa nonton apa aja disitu apa lagi ada film horornya pokoknya seru banget deh👍👍👍👍👍👍😎😎😍😍😍😍❤️❤️❤️❤️❤️❤️❤️,1
"verifikasi nya ribet banget, dikit "" minta verifikasi. sering ngebug lagi, ngestuck di loading screen. tolong dibenerin pls",0
gabisa daftar akun pas masukin email disuruh klik link di email giliran sudah di klik malah bukannya daftar malah beli premium ini namanya suruh bayar dulu baru nonton,0
ga bs msk terus ga jls kendalanya apa,0
apk konyol,0
"Di apk versi android tv lancar tapi kok di device hp ga bisa play videonya ya? Selalu loading, dan saat didownload juga ga bisa di-play, black screen dan no sound",1
balikin duit gw kak gmna si biar gak langganan,0
"ribet amat ni apk,",0
susahh login nya,0
👍👍👍,1
"mohon untuk di perbaiki lagi,mau nonnton tpi loding terus,ndk bisa msuk pdhal jringn internet sya bagus👎🏻",0
"susah banget si mau daftar gagal ""terus",0
"gbisa login padahal email udh terdaftar dan jadi anggota,",0
aplikasi ribetttt tolol,0
orang mana belain download netfilx cuma mau nonton abadi nan jaya,1
"I Like Netflix by Nrtflix, Inc.!",1
gangguan mulu,0
aplikasi ga jelas ini,0
bagus banget filmnya Netflix hampir lengkap tolong Adain film it dong yng series,1
selama pake netflix filmnya yang la dan gk begitu lengkap dan komplit difilm animasinya masih kurang cuma film teryentu terlalu nanggung diadain film animasi mending film lain,1
balikin film-film bagus dong 💔,1
apk tai meren,0
"Tadinya saya mau download nih apk tapi setelah saya baca² ulasanya, hmm ga jadi dehh hehe",1
gak bisa masuk padahal ada akunnya tapi malah kata sandinya gak muncul,0
woi tolong jangan sampai kalian langganan aplikasi ini karena aplikasi ini sangat pembodohan publik,0
sulit sekli menerima link pendaftaran ke akun gmailnya gapernah terkirim,0
"nyesal belinya, udah pilih paket resolusi 720 tapi gambar buram, penipuan penipuan",0
"mau liat harus daftar segal,waktu daftar aja ribet amat",0
"memuat terus, kalo di HP kayak masalah pemutaran terus",1
"najis, selalu aja error pemutaran video berulang kali gue reset, login, nonton ga ada kelar-kelarnya gitu teruus maintain dong yg punya platform",0
ni apk nya gimana sih kok eror mulu,0
"tolong diperbaiki lagi, datitadi coba log in ngga bisa",0
makasih udah ciptain apk ini. gila puas bgt nonton Boboiboy beraju nya nanti 😍,1
menginstal nya ko lama bgt sii,0
banyakin film politik atau sejenis nya,1
diperbaiki lagi aplikasi nya udah berkali² download tapi waktu mau login selalu gabisa,0
mau login ssh bgt kembali2 mulu pdhl udh selesai byk bgt muter2ny,0
"aplikasi ini tidak rekomended, apk ini pemerasan kalau langganan otomatis uang kepotong",0
aplikasi jembut!!!!!!,0
"APLIKASI NONTON KESUKAAN AKU POKOKNYAAAAAAA!!!!! sumpah anime² lengkap, drakor, western, bnyk lah pokoknya, trusss yg pling aku cinta ini tuh pas download film nya SE CEPET ITU PLIS?! kek gada 2menit, langsung ke unduh. dan terimakasih Netflix sudah hadir menemani hari hari ku🥲❤️🥰",1
"cuma dapet 3 , knp, karena semua film tidak ada yang enak/menarik, film film yang sudah ada di putar dan yang lucu nya , film yang sudah lama tayang di taro dalam slide hanya di netflix , banyak yang udah di tonton dan banyak pula yang tidak menarik, di web internet pun bahkan lebih bagus dgn film"" terbaru dan itu gratis, ini berbayar tapi banyak film yang sudah di lihat, masih mencari apk stream utk film yang bagus 2 apk sudah tumbang krn tidak menarik dengan film yang di suguhkan",1
ga bisa login kode pendaftaran nya di Gmail sedangkan gmailnya di pake buat login ya kek mana cara dapetin keluar dulu trus masuk lagi malah ngulang,0
"aplikasi macam apa ini mau login aja bayar, mana mahal banget lagi, aku rating 1 saja karena tidak bermanfaat, tidak usah di download, nanti bayar kalau mau login.",0
sudah cancel membership tetapi masih tetap dipotong,0
masak gak bisa masuk,0
"idih gk jelas, di bikin pusing pas mau daftar idih idih idih cuih",0
"sudah banget daftar netflix astaga bikin geram gagal terus, gangguan terus heran gua mah nih aplikasi global tapi kualitas buruk banget",0
kwkw sekelas Netflix Ga ada Anime Kingdom. kalah sama wibuku/animelovers yg gratisan. nyesel gua bayar,0
Lancar,1
"knp pas mau login enggk bisa, pasword nya salah trus padahal bener",0
sangat buruk dan harus pake premium,1
oke,1
wow wow,1
film lawas2 semua ga ada film terbaru. Aquaman g ada godzilla vs Kong g ada. apa yg mau di lihat. kirain mah netflix komplit ternyata ga wort it,0
"apa apaan, menyuruh membuat 5bakun agar bisa login di beberapa prangkat, baru login di 3 perangkat aja udah gak bisa dipakai",0
vilm jelek langganan baru mau masuk buat email di suruh bayar mana mahal lagi dikira kita kaya gitu?,0
"beri kami opsi untuk bisa mengeksplorasi film di beranda tanpa harus login/ berlangganan dahulu, untuk memberi kesempatan kami yg hanya sub bulanan, jika ada film baru atau yg menarik bisa jadi kami akan berlangganan",1
gw udh 3 kali donload masi ngak bisa ribet banget lagi ni apl g jlas,0
sampah,0
top,1
walaupun agak susah tapi aku berusaha sebisa mungkin walau gagal Mulu tapi aku semangat biar bisa nonton di neflix,1
"Saya sudah klik batalkan berlangganan, tapi masih saja nyedot saldo",0
sangat nenarik,1
masak gue daftar gak bisa bisa kan aplikasi tolol geram baget gue sampai hp hp gue banting. mending nonton di aplikasi vidio,0
cuihh,0
pokonx keren,1
daftar nya harus bayar. gw bokek lagi..,0
aplikasi ga bagus tolol mending kalian jangan download,0
apknya susah buat di daftarin udah ditulis akun gugel sama sandinya masih gk bisa,0
aplikasi tolol gabisa dibuka jangan kalian download,0
capek masukin password terus. sering gagal login.,1
ini aplikasi sangat jelek dan tidak gratis,0
apk tai,0
"login nya susah, pantesan sekarang murah",0
"si anying aku baru download di suruh buat akun, tapi kok malah ditolak mulu anying anying",0
bikin orng emosi,0
mantap,1
makin ke sini maki susah apknya,1
saya sudah batalkan keanggotaan 3 bulan yg lalu tetapi saldo gopay saya setiap bulan selalu terpotong!!,0
sulit cara masuk akun atau pendaftaran nya!!!,0
semenjak ada wwe langganan trussss,1
nnton kek tv hilang signal haduh hampir film gitu,0
capek pake netflix.. udah bayar ga bisa nonton.. hadeeeeh,0
bagus,1
"Saya berterima kasih kepada Netflix atas koleksi anime yang sudah disediakan. Namun, saya merasa sedikit kecewa karena banyak anime populer yang hanya tersedia satu musim. Saya memahami bahwa hal ini mungkin disebabkan oleh masalah lisensi dan hak cipta. Akan tetapi, saya berharap Netflix bisa lebih transparan mengenai masa berlaku lisensi untuk setiap judul, sehingga kami sebagai pelanggan bisa lebih memahami mengapa konten tertentu tidak tersedia secara lengkap. 🖖🏻",1
"tolong dong berikan ke Adilan untuk kami yang langganan legal, tolong berikan hukuman kepada orang-orang yang langganan elegal lewat fitur sharing akun tolong di tindak jangan di biarkan",1
tolong kedepannya update film² keren lagi,1
"Apl ga guna, ber tele tele cuman untk masuk, Banyak cing cong banyak itu lah apa lah, jadi hilang mood gw buat nonton. Ga guna buat susah org, ribettt .............................................................................................apl smph",0
"nice ,💪👍😘",1
"jujur saya suka dengan aplikasi ini, tapi pendaftaran nya benar² bikin saya emosi padahal data yg saya isi sudah sesuai, tapi selalu gagal",1
"paling ribet buat beli paket lagi, susah masuk nya padahal Uda isi saldo tapi kaga bisa bayar",0
"Netflix sedang kenapa ya sudah 2hari netflix saya tdk bisa menonton, memuat teruss sedangkan tagihan masih 1minggu lagi,,lihat banyak ulasan juga pd begitu.. tolong diperbaiki lagi! kalo sudah diperbaiki saya akan ganti rating bintangnya",0
gak guna☺️,0
"semakin berkelas, min promo dapat berlangganan setahun yang resmi dapat dimana?",1
kenapa saya mau berlangganan ga ada pilihan pakai ewallet atau bank Indonesia?,0
setelah update tidak dapat login ke akun,0
Terbaik netflix update film terbaru terus👍🏼,1
😁😎👍🏻 Ya Like Ok,1
jelek bangt jangan mau dowlod,0
"tolong perbaiki ini apk kenapa saya udh bayar atau berlangganan kok malah gk bisa nonton , tulisanya dstu saldo berkurang dan ubah metode pembayaran, aneeh padhl kan udah daftar, waduh ini sama saja penipuan namanya tlong adminnn perbaiki ini tidak bagus untuk kepuasan pelanggan ..",0
"aplikasi tolol haram,email sama sandi udah bener tapi ko gak bisa masuk??? bego bego",0
mantap,1
aplikasi loading,0
"karna netflix lebih baik dari pada wetv banyak iklannya , mana lama ada 5 menitan iklannya . untung saya inget ,kan ada netflix. tapi saya takut netflix bayar",1
daftar nya susah banget,0
tidak sesuai ekspektasi,0
aplikasi la baga-baga,0
APASIH BERBAYAR 🙄,0
"pencuri, hati hati yg langganan netfil pencuri",0
memudahkan dalam menonton sinema².. terima kasih 🙏🏼,1
gk jelas dari tadi udah pasang loh satu bintang>:(,0
sangat buruk.. saya udah 4 hari out off aja ngak bisa msuk.. padahal email benar,0
"Netflix ini knp ya? Dr kmrn² mau nonton tp loading mulu. Kl liat trailer aman jaya, giliran mau di tonton fullnya, loading mulu. Pdhl jaringan internet aman banget. Udh brp hr ini di coba gitu terus. Performa netflix knp jd makin buluk sih?",0
"Tiap nonton selalu ngebug dan ngelag, pakai wifi yang lumayan tinggi Mbps nya...tolong perbaiki jika masih mau banyak pelanggan",0
"ngiklan horor malem malem, gila lu",0
"keren,mudah mudahan akan lebih baik lgi",1
buruk gabisa login akun sndiri pdhl sandi udh betull anehhh,0
capekk kadang susah login entah apa yang salah 🤦‍♀️,1
susah banget buat login,0
Thank you,1
install uninstall ulang terus grgr pencet masuk malah ke akun baru :(,0
"sering ngebug, tidak bisa diputar dengan alasan sudah diputar lebih dari 1 perangkat, padahal cuman login di satu perangkat",1
good,1
gak jelas padahall sandi udah betul email betul tapi salah katanyap,0
"bagus, cuma kurang lengkap aja",1
"harga biaya bulanan terjangkau, mudah di akses dan series film nya banyak kualitas sudah pasti hd🤩🥳",1
"apl sampah, memeras, masuk aja harus berlangganan dlu, pepek",0
"Netflix terlalu banyak masalah , filmnya ga update seperti bioskop",0
"aplikasi gajelas demi, anj",0
"netflix bagus,tanpa sensor",1
"when login my screen show notif cant connect Netflix, though i checked there are no connection issue with my provider",0
bagus nan mahal,1
bagus keren semoga film2 nya lebih lengkap,1
"Apk gak jelas anj....mau daftar ribet amat bolak balik terus, berbayar doang tapi gak sesuai sama kualitasnya!!!!",0
"APK FILM PALING SAMPAH, TOLONG DI HAPUS",0
netflix ku kenapa ya dari semalam ga bisa putar film?,1
tiba tiba bayar sendiri cuih,0
thqy ga bisa login anj,0
"mau bikin akun baru, ada 2 pilihan antara email atau bisa juga no hp, giliran pake no hp ngga bisa, ngga masuk², ngga lanjut². kaya gitu ngapain ngasih 2 opsi? wkwkwk",0
jos,1
tolong jangan bayar ya,1
"kecewa dengan Netflix yang memotong lansg uang saya, tnpa saya konfirmasi",0
BANYAK DUBBING. GILA,0
kecewa,0
bisa gak saldo ku jagan d potong trusss,0
kecing apk ne dadak di kei akun gogle barang as,0
karena ada email sama sandi,0
"woy yang bener lah ini aplikasi gmn sih, lagi nonton malah tiba tiba pixel pixel layarnya padahal beli yang resolusi 720 woy anj tolol bener dikit lah, bug nya banyak amat anj kntl anj anj bgst",0
menonton sangat puas.,1
Ga akaj berlangganan lagi. selalu household. bener-bener merugikan.,0
tolong dong gak usah ada pembayaran,0
"saya menggunakan 2 ponsel untuk menonton netflix, jadi awal nya lancar' aja dan sampe akhirnya di hp yang samsung saya loading lama dan ga bisa nonton sama sekali, bahkan untuk download aja ga bisa, tapi di hp yang oppo aman' aja, sudah saya hapus apk ny dan download kembali tapi masih saja ga bisa, padahal 1 jaringan, tolong ya di berikan solusi atau di buat jadi lebih baik lagi untjk netflix",0
padahal udh di download tetep ga bisa di putar film nya tulisan nya memuat mulu,0
Auto delete...mau daftar aja susah,0
"film actionnya kurang bnyk, banyak film yg bahula pula",0
"Mau masuk doang suruh bayar dulu pake kartu atm lagi , gimana sama yang gapunya atm.mau nnton juga ribet amat mesti pake ini itu auto unsinstall .",0
good,1
TOLOL GA BISA MASUK DISURUH TUNGGU BEBERAPA SAAT MULUU,0
"aplikasi sampah, langganan premium sampai 3 bulan gak di kasih tau kalo saldo bisa kesedot, gak asik, padahal niat nya cuma 1 bulan aja.",0
balikin saldo gua woi masa iya udah di berhentiin langganan tetep narik saldo gua stres kali,0
"boikot, this disgusting app",0
make free bith,0
gak bisa membatalkan langganan jadinya saldo gopay saya terpotong,0
"kecewa belum bisa kebuka NETFLIX, padahal sudah dibayar",0
bgusa,1
saya suka dengan aplikasi ini,1
woy uda di batalin langganannya. malah nagih trus🗿,0
Karena saat membuat aku sandi salah terus padahal itu sandi udah ku catat dari lama kok salah tapi dari aplikasi lain sandi nya benar. apa kah Netflix nya yg error atau apa ni?,0
dah banyak film nya,1
makasih Netflix saya jadi otaku atau orang lain bilang wibu🗿🤓,1
kenapa harus bayar ku kira ga harus bayar mahal lagi dari tadi banyakk masalah buat masuk nya,0
tidak bagus terlalu banyak permintaan,0
"apknya bagus cuma film nya kurang lengkap banyak film"" seru gada di sini pdhl film nya udah lama",1
"hobi banget anjir 5.10, padahal jaringan aman2 aja. buka platform streaming lain jg aman kok, perbaiki deh ya. pantesan ratingnya makin anjlok!",0
perbanyak film yang baru baru,1
ini kalu login harus keanggotaan dulu gitu?,0
gpp sih,0
engga bisa masuk pake password bikin aplikasi berlangganan mahal tapi ngga bisa login,0
"apk jelek anjirr susah banget masuk nya , sdh buat akun msh gk bsh masuk",0
ribet banget bayarnya,0
"Saya sudah membayar paket Netflix melalu gopay, dan pembayaran berhasil. Tapi akun Netflix saya malah ditangguhkan katanya pembayaran tidak terverifikasi",0
"Super disappointed with Netflix's selection! Can't believe they're missing some of the best shows like 'Love Revolution', 'Study Group', and 'Twinkling Watermelon'. What's the point of having a streaming service if they don't have the content I want? Until they add these shows, I'll be canceling my subscription.",0
gk bisa pake google kah min masuk nya kesusahan saya pake email,0
Aflikasi tai g bsa d bka,0
Keren,1
ribet bet dah login nya,1
mau daftar saja sulit,1
apk jelek,0
"suka ke logout sendiri, nyusahin bgt :I aplg klo login lewat email sandinya suka disalahin pdhl bener, terpaksa pake kode masuk",0
suka dengan aplikasi ini,1
keren,1
"Tolong tambah kecepatan pemutaran 0,8 - 1,2 saja ,, tak perlu sampai 0,25 karena tidak ada yg butuh nonton sepelan itu ...",1
"Ini udah 5 hari gua nonton loading mulu, udah coba pake data sama wifi masih loading padahal internet kenceng, paling worst👎",0
"diperbaiki lagi min, udah 2 minggu one piece gak rilis2, sumpah jadi males.",0
akhir nya bisa nonton Boboiboy baraju,1
cara masuknya gimana anj**g,0
apk puki,0
jos,1
👍,1
ok,1
banyak banget film yg jadi incaran ku ga tersedia disini woilah kecewa udh langganan. dari sekitar 20 target film yg pengen ku tonton cuma ada 3 aja yg tersedia di netflix,0
"MAKIN LAMA BUKAN MAKIN BAGUS MALAH MAKIN JELEK AJA GRAFIK GAMBARNYA . NGERASA RUGI BANGET BERLANGGANAN , MANA BERLANGGANAN RESMI !!!",0
the best🫰🫰🇹🇱🇹🇱,1
ga jelas,1
harus ada film Skibidi toilet,1
"duh gmn yak, bgs si bgs yaaa. cm, bs gasiii jgn dikit² scene nya kepotong, dikit² animasi nya ga gerak/ngelag, dikit² ini, dikit² itu. ribet bah stiap kli itu terjadi hrs kluar Netflix mlulu. kesel kali loh, sinyal bgs pdhl bjir.. ngeganggu nntn bgt. dan kenapaa si netflix smuanya yg gue cari gaada. pdhl kan tujuan langganan netflix buat nntn yg gue mw tntn, tapi smuanya yg gue cari mlh gaada 😅. ujung²nya hrs nntn di apk lain jg 😶👋🏻.",1
"tiba² banget resolusi maksimal nya cuma SD, padahal kemarin masih bisa HDR aneh banget ni Netflix😠, saran aja ya min untuk update kedepannya semoga ditambah fitur untuk memilih resolusi disaat pemutaran film/series nya",0
makasi min,1
Can you make an option that I could look at all the movies available on the app? It's absurd that I have to use a website and look what movies you guys have,1
"pas masuk kebanyakan drama,jadi males",0
"masa baru daftar akun langsung di suruh bayar anggota, udah di aplikasi nya gabisa login. tolol",0
kualitas nya bagus,1
memuaskan,1
makasih terbayar nostalgia aku,1
aplikasinya bagussih tap111111 lebih ba9us kalo gak pake email dan kata sandi!!!!!,0
"Kita ini ga punya waktu, sekalinya punya waktu mau nonton malah akun nya logout sendiri begitu mau masuk ada notifikasi terlalu banyak percobaan masuk, terlalu banyak dari mana orang cuma sekali. 186rb menguap sia2",0
gabisa login,0
"netflik knapa ya... voice nya kecil, giliran sfx nya gede bngt, toling d perbaiki ini..smua filmnya kaya gini",1
aplikasi binatang ribet kali bah,0
terlalu banyak film korea,1
great,1
gak niat,0
good,1
jujur kenapa tiba-tiba ngestuck gak bisa play tontonan deh?? udah di perbarui padahal apknya masih gak bisa bisa,1
apaan prabayar daftar akunnya,0
susah banget skrg harus update household terus tiap mau nonton,0
aplikasi gjelas,0
bikin males banget conan di Bstation malah dihapus gegara aplikasi satu ini,0
jelek banget gua gak rekomendasiin bagusn lok-lok,0
apaan nih dulu perasaan gratis kok sekarang bayar? mending nonton ke bioskop dah. mau nonton gratis juga harus bayar sih,0
fidio nya gak lengkap,0
tak bole guna,0
udah langganan gabisa login jangan di download dah parahh,0
"ini knp ya netflix saya muter trs pas mau nonton, padahal jaringan bagus memo banyak hp g lemot,, aneh, bikin rugi aja percuma gua langgan ujung² nya g kepake 👎",0
sudah berhenti berlangganan tapi saldo masih kepotong 👎,0
stuckkk dilogo netflix tidak bisa masuk ke akun pdhl bru byr 65rb :(,0
"sudah berlangganan rupanya tidak bisa dipakai😭 bagaimana ini. mau nonton, yang muncul hanya ""memuat"" padahal jaringan oke.",0
keren,1
Sering bug system,0
Netflix anjg sinyal gua bagus banget lohh knp Ngelag banget pas nonton film di elu buka tiktok lancar jaya di dk elu ngelag banget,0
susah login.langganan super mahal,0
menghibur,1
apk towwlowlll beadjingan kayak lowentew kowntol mewmeak pass mau login tuh guys gj banget uda masukin gmail tuh uda tapi kok ga bisa tetep aan login nya kya apk ini tuh cuman buatt ngasi gmail doang ga ada kya vido kyk towlowl lah beangseaattt,0
Terbaik. Sediakan pembayaran via potong pulsa dong. boikot gasih.,1
𝖺𝗀𝖺𝗄𝗍𝗂𝖽𝖺𝗄𝖻𝖺𝗀𝗎𝗌,1
"aplikasi jelek , film tidak lengkap , sedikit sedikit harus upgrade berbayar gak bagus buat di bayar dan di download",0
Krn mau beli paket dulu biar bisa liat video,0
makin lama makin aneh makin mahal makin gajelas kalau ada eps baru tbtb ilang2 sendiri njirla,0
"tidak bisa nonton di TV, Tidak bisa juga pakai pencerminan pintar dari hape ke TV. sementara WE TV, IQIYI bisa tuh.",0
jelek harus bebayar,0
tolong reffund saldo yang di sedot secara tiba-tiba,0
Netflix bagus 👍,1
netflix ribet amat daftar ny,0
"ga jelas ni apk, udah siap Downloadterus ufah buat akun eh malah di suruh perbaharaui ini itu lah apa lah, udah siap itu nanti enta apa lagi, mending saya uninstal aja lah",0
buruk,0
"film nya gak banyak menarik.. gak seru... pencarian gak pernah ada, kurang lengkap film nya , film hilang baru setahun... payah, sia sia bayar",0
"jelek bgt, rugi berlangganan sama Netflix!!!",0
"uang saya kesedot sendiri, padahal gaada niat langganan, mohon kembalikan uang saya",0
konten anak berisi lgbt,0
"tolong ya ini saya sudah berlangganan baru 3 hari tiba-tiba tidak dapat connect to netflix, coba contact cs disuruh coba hapus penyimpanan pada settingan aplikasi namun ketika dicoba login kembali malah tidak bisa selalu terjadi kesalahan. saya coba dari TV juga tidak bisa. Gimana ini???",1
"Yang terhormat pembuat aplikasi, saya sudah berhenti Langganan tapi saldo uang saya tersedot oleh aplikasi ini, ada bukti pembayaran juga dalam aplikasi, apakah boleh saya mengajukan pengembalian? karena saya juga tidak menginstal aplikasi ini dan tidak jadi berlangganan juga",0
ingin stop langganan,0
gak lengkap dan sudah login dan susah masuk ke dalam apk ini,0
nyedot uang dengan sendirinya,0
"kebanyakan loading, padahal sinyal ok nonton yt fb atau yg lain lancar2 aja, lama2 bikin kesal",0
"saran saya sebelum langganan dengan Netflix ada baiknya lihat ulasan orang lain terlebih dahulu,,saya menyesal berlangganan dengan Netflix,, sangat kecewa",0
download tinggal 3% ga beres mulu,0
mantap,1
"males banget ngentottt, mau batalin aja ga mau",0
ku blacklist apl ini dari hidupku,0
ribet settingan ke smart tv,1
tempat nonton film yang sangat pas,1
bagus banget,1
Ini tidak bisa di instal di tab yaa,0
kembalikan saldo saya. saya sudah berhenti berlangganan kenapa masih di potong.,0
susah masuk apalah ini aplikasi,1
udh byar gbsa dbuka taiii,0
apk terbangsat,0
susah,0
mantap,1
susah loginnya anjir keluar trs ga jls mana udh bayar,0
"tiap kali pulang ke rumah harus ribet login lagi. konfirmasi sana sini. pake email , perbarui akun bla bla bla. asli tolol. bisa dipake di 4 device katanya. tapi tiap kali update harus login lagi. akhirnya netflix di rumah ga bisa dibuka kecuali gue bawa HP ini dan login ke rumah 800km jaraknya. bener bener sistem tolol.",0
ruk buruk,0
🙏,1
ga ada the mission impossible the final reckoning,1
"I really don't like this application, because there are several films and dramas that are not available or not shown in this application, so it's useless to subscribe if it's not complete, for example the One Piece cartoon series is not complete, there are several episodes that are not available or not shown in this application, it's really frustrating to have to subscribe to another application... this is the same as being very detrimental, paying a lot but there is no choice of films that you",0
"apk kadang error sendiri,gabisa login,too many login attemps padahal yang login cuma gw,ke log out terus",0
Luar Biasa mantap!!! Tolong tambahkan game WWE 2025 Netflix Edition di Indonesia agar saya bisa men download dan memainkannya...,1
tolol g bisa daftar,0
selalu puas buat dipake maraton atau nungguin drama korea kesayangan,1
setiap perpanjang manual macam2 masalahnya dialihkan ke opsi dompet digital lain masih sama juga applikasi apa ini,0
"kak sya sudah daftar dan sudah bayar juga tpi pas mau masuk email malah salah kata sandi, pdahal sudah bnar lalu di suruh bayar lagi, tolong di respon cepat",0
"kenapa ya tidak bisa masuk, kata sandi benar email benarr, masuk susah banget mana udah daftar lagiiii, disuruh salin link trus TPI GK bisa masukk",0
susah login,0
ad lgbt jir,0
ribet,0
TERBAIK......,1
Stop kampanye LGBT,0
"Tolong dong kasih fitur pengaturan pilih audio dan subtitle default. kesel tiap kali nonton/lanjut episode berikutnya, audionya selalu pakai Inggris - dengan deskripsi. masa tiap ganti film atau lanjut episode berikutnya, harus ubah audionya dulu. padahal saya kan ingin selalu pakai audio aslinya dengan subtitle Indonesia.",1
aplikasi buruk,0
maksa banget buat langganan.😡😡,0
aneh aplikasinya no telp udah bener sandi udah bener tapi gak bisa masuk emang dasar,0
apk sampah,0
good,1
please fix hp saya infinix gt 10 pro awalnya lancar semua video bisa di putar... terus tiba2 beberapa bulan kedepan harus buka tutup netflix kadang bisa kadang gk... untuk video indo pasti terjadi bug ini... udah gw reset segala macam cara seperti ganti pasword dll tetep gk bisa dan terakhir muncul terlalu banyak device yg menggunakan padahal ganti pasword lo.. dan saya berlangganan yg bisa untuk beberapa orang 4 minimal... tapi yg berdapampak hanya di hp saya sangat aneh jika itu bug tolong,0
"gak bagus, sdh di bayar perbulan tapi tidak bisa login,,,. ambil aja uangnya sekalian sedekah",0
bagus vidio vidio nya?,1
top,1
film bagus,1
akhirnya bisa nonton anime dengan legal,1
video macetttttttt,0
"tlong deh ya? q dah byr fiawal 54rb / bln, lah ini plah eror gak bsa byat jonton gmna ? penipuan kah ?",0
"mau login aja susah amat, sinting ni apk makin lama makin buat emosi",0
go woke go broke 👎,0
opsi dongload di perangkat Windows gaada jir padahal alasan gua langganan di perangkat Windows agar nonton layar lebih besar,0
No LGBT,0
"susah bgt Netflix buat di stik tv gak bisa di buka, padahal udh langganan jadi eror terus klo buka Netflix di tv",0
tampilan Netflix sekarang jelek bgt :'(,1
👍,1
Kaka maaf mau info untuk kualitas Netflix ko sekarang ngga hd lagi ya ? 🙏,1
"kenapa harus ada pembatalan anggota tiba-tiba tanpa ada konfirmasi ke pelanggan. padahal ambil yang premium yg bisa 4-5 perangkat. di telp ke cust service keterangan nya ada aktivitas mencurigakan, sekarang logika nya ngapaiin ambil 5 perangkat kalau hanya 1 jaringan. sengaja ambil yg bisa 5 perangkat agar ketika kita lagi di luar tetap bisa masuk tanpa harus keluar account dari perangkat yg utama. syarat dan ketentuan nya pun terlalu banyak,ini aplikasi berbayar loh bukan gratis. mengecewakan!",0
tombol download kadang ilang kadang muncul,1
mantap,1
bagussss film nyaaa,1
kenapa tidak bisa daftar akun? selalu muncul perintah diperlukan pembaruan,0
masa videonya gak bisa diputar loading mulu,0
hari ini kenapa Netflix gak bisa login kenapa,0
"resolusi di handphone saya gk bisa di ubah padahal HP saya termasuk yg yg bisa menggunakan resolusi HD, dan saja juga sudah langganan paket yg bisa nonton HD tapi gk bisa pke.. jadi selagi belum bisa si ubah saya bakal kasih ranting satu",0
"aplikasi bangke , mau buat akun aja ribet banget ngentod , kapan mau nonton nya asik ngecek email ngecek email🗿",0
Nggak bisa dibuka!!!,0
bagus,1
susah diakses,0
"skrng pendaftaran masuknya emg seribet ini ya?, memperhambat bgt, jdi ga mood nonton yg ada.",0
sangat baik untuk menonton film,1
"mau login atau buat akun aja error mulu, gimana mau berlangganan",0
"NETFLIX INDONESIA 👎, GK lengkap sumpah udh langganan mahal""",0
Ga jln aplikasinyav,1
cuman mau daftar aja ribet banget app sebelah nggak seribet ini,0
jangan berlangganan di netfilx nanti langganan kalian tiba tiba di batalkan tanpa keterangan yang jelas dan tidak bisa di refund!!!!!,0
filmnya gak ada yg mau diliat,0
sudah lebih baik sekarang,1
ini pertama kali ikut boikot aplikasi karna film yg menghina kristen,0
ok,1
"aplikasi bodoh memaksa upgrade, ga jelas",0
oc,1
ok mantaf x la.......................,1
woy aplikasi pepek kau balekkan uang ku anj enak kali kau aku enggak langganan lagi kok bisa dana ku ko ambil anj,0
bagaimana caranya untuk stop langganan netflix,1
"pas coba masuk akun google kaga bisa kocak padahal sandi udah benar , rela rela ganti sandi demi masuk eh ternyata tetap nga bisa masuk , apk sampah",0
pas pengen login kayak gk jelas gitu,0
seruuuu banyak filem filem horor suka banget sudah mau 1 tahun langganan terus,1
Alhamdulillah ada aplikasi ini bisa nonton tanpa ke bioskop heheh,1
Mantep bngt,1
"Sengaja nyelipin LGBT sama sex di setiap series baru, ga penting banget. Drakor-drakor jadi kotor banget isinya, netflix penghancur drakor...",0
"tolong lebih diperbanyak lagi dubbing indo nya, di anime populer film populer ataupun series populer",1
keren Topp mantap is the best,1
"udah daftar kok tetep gabisa masuk, disuruh tempel link dibrowser atau apa itu, yg dimksd itu apa ya?ad yg tau kh?, kesel bgt dicoba berkali² ttp begitu",0
oke,1
Cancel Netflix for the health of your kids,0
"Halo selamat malam admin, untuk anime ONE PIECE, episode 751-1088 kenapa tidak ada ya? Mohon ditanggapi, terima kasih🙏",0
rating ga seberapa loginnya susah minta ampun mana mahal bayarnya kocakk pantesan sepi 🤣🤣,0
Payah gak bisa dibuka percuma di donload,0
good,1
kualitas flimnya bagus sekali,1
Gpp bagus aja😊,1
sudah berhenti berlangganan masih aja saldo sya dikuras,0
"Assalamu'alaikum. Kpd yg terhormat aplikasi netflix. Aplikasi satu satu nya yg sangat jelek. Begitu saya download, dan saya coba daftar pakek gmail, langsung di arah kan ke gmail, di suruh bayar 54.000.itu kita sebagai warga Indonesia yg kurang mampu. Ngapain di buat aplikasi sejelek ini. Saya sangat kecewa.",0
loginnya susah bgt gilak padahal sandi email ama no hp ga salahhh lohhh knp ga valid Mulu,0
netflix seru yang drama,1
Mantap,1
"kok ga bisa streaming ya ? check jaringan oke, wifi lancar, video muter2, sudah selesai muter tidak muncul2 videonya?? makin ga jelas apk",0
"Tambahin fitur tonton nanti dong min, fitur daftar saya pantesnya cuman buat film yang favorite banget filmnya",1
"aneh banget, tiba tiba saldo saya terpotong dan transaksi munujukan berlangganan dengan netflix, saya tidak pernah pakai netflix, tidak punya akun, kenapa saldo saya bisa terpotong tiba tiba, ANEH BANGET",0
jangan download aplikasi ngk jelas,0
trash streaming,0
ok,1
bagus aja,1
mudah dan update vidionya,1
cukup menarik tapi kalau mau premium bukan 1 bayar aku maunya sekali bayar.,1
ok,1
"Disuruh bayar ., Daftar aja suruh bayar. Gw kira ada yang free watch.",0
tolong tambahkan film detective Conan terbaru,1
Aplikasinya jelek banget lebih bagus aplikasi sebelah(tahu kah aplikasi mana) aku lebih suka aplikasi sebelah dari pada aplikasi ini!👎,0
ini tempat nonton paling favorit pokoknya👍👍👍👍👍👍👍👍👍👍👍👍,1
aplikasi ini lumayan bagus walaupun masih ada film yg aku pengen nonton tapi GK ada di Netflix tapi sudah bagus film filmnya juga berkualitas,1
sumpah bener bener nggaa wor it daftar nya suruh bayar,0
kecewa banget udah daftar udah bayar malah ga bisa log in alasan gangguan terus,0
netflix sangat menyenangkan,1
"udah berlangganan 1080p, kualitasnya masih jelek aja eek",0
susah,0
"dulu ga da bayar apa pun kecuali VIP, ini di harus kan walau bukan member VIP , g guna .. duit duit Mulu kalian heran gw..",0
"saya juga download masuknya sulit sekali hrs email,email dah g bisa kepake padahal mau nonton aja ribet... uninstall deh",0
BURUKKK,0
very god,1
jelek,0
✌️👍,1
setiap mau nonton ko loading terus ya aneh,0
makasih Netflix sangat mempermudah untuk nonton drakor,1
pembayaran jangan Oto debit Shopee dong!! menyusahkan.ubah pembayaran Via Shopee jadi manual!!!!,0
gabisa nonton saya,0
"ini maksudnya apa? kenapa pembayaran nya langsung ambil uang saya di dana? tanpa ada minta verifikasi atau konfirmasi? saya jga punya kebutuhan lain, saya belum bayar kalau blum terpenuhi kebutuhan lain, aplikasi kurang ajar memang kau",0
"udah bayar, tp klo nonton dihp jadi ky ancur gt, mana ngeglitch lagi.",1
apaan ni gabisa login pdhal Gmail sama sandi dah bener,0
tidak bisa login,0
"login bayar ga masuk2,parah sitemnya",0
pliss Netflix tambah kan banyak lagi film dan jangan sampai menjadi film bajakan gratis di google,1
this is your own Fault realize what mistake you are,0
"CV ke""x AA",1
tolonglah jangan pembayaran jangan otomatis,1
Netflix kenapa di smart TV gak bisa kebuka?,0
aplikasi gajelas orang mau nonton aja dipersulit login nya gw saranin kalo mau pake apk ini jangan mau yah lebih baik cari apk yang lain aja,0
bagus,1
kodenya Netflix tidak dikasih jadi nggak bisa masuk gimana coba ini aplikasi masa nggak kasih kodenya 👎👎👎👎👎,0
"Sudah berhenti berlangganan tapi tetep saja uang di rekening ke ambil,, gajelas orang udah berhenti tapi masih tetep ngambil aja udah kaya nyolong",0
"SUSAH SEKALI UNTUK DAFTAR DI APLIKASI INI, AKU HARUS MEMBAYAR APLIKASI ITU!!!! PADAHAL NAMA EMAIL KU SUDAH BENAR TAPI TETAP SAJA TIDAK BISA!!!",0
Ok,1
"login gagal terus, padahal itu akun utama saya. mana skrg gak bisa masuk gara² keseringan login. sia² isi paket netflix. buang² uang aja!",0
jangan donlod kita termasuk nya du peraas!,1
gambarnya brebek gak jelas percuma langganan padahal udah support wifi tetep aja gambarnya brebekkk kaya kaset kusut gak recommen banget.,0
"very good.. can watch movies with family, it's just that there are too few movies, sometimes the movies we are looking for are mostly not available. we ask that more be provided so that we can enjoy all the movies we want to see. thank you.",1
Netflix buat semua orang jadi terpengaruh Krn aplikasi Netflix TDK mungkin membuat bahagia kebanyakan Indonesia rata rata semua saya gak tertarik mohon tolong di hapus aplikasi ini biar orang gak nonton lagi 😠😠😠😠😠😠😠😠😠😠😠😠😠,0
daftar akun sangat rumit aplikasi tidak bagus,0
g bisa login on ol,0
oke,1
apa2n sih netflix.. udh isi langganan malah kluar sndiri ga jelas g bisa masuk,0
oke,1
huuuuuu banyak agenda LGBT nya 🤢 🤮,0
parah padahal aku sudah berhenti berlangganan tiba tiba dana ke sedot secara otomatis..padahal apk sudah di hapus. jadi terpaksa download lagi gara gara saldo ke potong otomatis heemm,0
padahal udh gak langganan tapi ttp aja saldo kita di potong seenaknya kesel banget,0
eror,0
ribet,0
Oke,1
tidak bisa memutar filmnya.muncul kesalahan e100 terus.di tab atau hp juga aplikasinya tidak bisa di update.parah sudah bayar langganan dengan langkah2 yg ribet hasilnya ga bisa diputar filmnya semua.nyesel langganan,0
nyesel daftar + bayar.. film nya ga lengkap.. aplikasi nipu,0
Kesel banget sama Netflix film bagus eh di cut off gk dilanjut seasonnya.... banyak bgt malah. klian tuh liat rating dr orng yg nonton donk.. klo rating bagus ya lanjutin jangan berdasarkan quantity... kadang ada season 2 yg pertama gk ada. yg ada aq cari di applikasi lain yg pertama dan mending lanjut nonton disana.....,0
di coba semoga lancar,1
saya ingin berhenti langganan gimana yah ka caranya soalnya saya enggak pernah merasa berlangganan tapi tiba² saja ada notice di dana saya potongan untuk topup Netflix.. tolong dong ka kasih tau caranya saya mau berhenti berlangganan,0
kaga jelas anj kaga bisa login nih Netflix perbaiki dong developer,0
Opsional,1
dubbing Indonesia harus semua acara harus masa dubbing ada 2 suara asli sama suara dubbing,0
aplikasi lol gak berlangganan malah potong saldo dana,0
ssiiiippp,1
aplikasi taiii,0
the best,1
aneh suruh donload2 trus padahal gk gratisan,0
ga bisa login!!!!!!!!!!!!!!!!!!!!!!!!!!!!!!!!!!,0
cancel Netflix for health your kids,0
canceled netflix,0
Subtitlenya aneh seperti langsung di translate dari google tidak menggunakan bahasa yang baku aneh padahal aplikasi berbayar tapi subtitlenya sembarang jauh lebih bagus subtitle pada film bajakan tolong perbaiki subtitle kalian netflix saya tidak nyaman menonton jika subtitlenya tidak jelas,1
ok👍,1
"biasanya bagus smakin kesini tmbh gak jelas,gak bsa nonton d hp hrs bkin akun lg,biasa jg nonton d hp ribet bngt,,ak kn gk tiap hari d rumah jd sering nonton d hp ni mlh gk bsa,ak kn jg bayar. ak mau ngbisin bln ini aja gk mau lngganan lg,dana jg ak kosongin,,klo d isi psti lngsung d potong. bakal tk uniinstal.",0
gabisa masuk ke aplikasi!!!!! mohon diperbaiki..,0
Hati2x netflix bnyak film isi ttg non binary...gender fluid...aplagi ada di film anak2x...ngajarin ttg gender...,0
saldo gue kepotong trs cara berhenti nya gimana anj😭,0
danger for your kids LGBT support for sattan...,1
"Sekedar Saran untuk Netflix agar lebih memperbanyak update film terbaru dari bioskop, agar jadi pilihan terbaik bagi para penikmat Netflix",1
Apakah langganan di Netflix bisa di batalkan dan saldo kembali?,0
Belum bisa kebuka aplikasinya..,1
seru,1
yang mau berlangganan mending jangan karena film yang ada jadul semua,1
kenapa harus berbayar sih. kasih keringanan dong biar yang Ndak punya duit bisa nonton buat hiburan gitu lah.. 😭 dan pas lihat ulasan dibawah ada yang sampai kepotong 2 kali jadi nyesel saya download tadi. sudah aku hapus lagi jadinya. Ndak jadi nonton film di Netflix,0
ok,1
jelek,0
aduh saya tidak bisa login lagi kakak,0
Tidak ada pilihan metode pembayaran.,0
aplikasi pea,0
si anjing babi,0
bayar apaan dah?😹,0
the best ahhhh,1
"padahal seingat saya ngak pernah pencet beli premium malah tiba"" beli premium langsung ilang duit saya di dana 65k ngak ada prosedurnya gimana"" langsung beli yahh bingung dong saya knp tiba"" kebeli.",0
"Kalo memang cara masuk nya itu pakai vocer ya tinggal bilang aja, aku berjuang 4 jam untuk masuk akun ehhh ternyata pakai duit juga, Sekali mau bayar ehh gak mampu karena uang dana gak ada, tapi kan kalo memang gak bisa ya gak perlu lanjukan tu pendaptaran kan sekali aku isi dana untuk isi listrik ehhh malah abis diambil tu dana ku dasar apk gak ngotak. Udah gak jelas makin gak ada otak .lain kali kalo buat apk tu yang benar.",0
bintang 4 dulu,1
ngga bisa login,0
APK NONTON FILM FAVORIT❤❤,1
"Netflix sekarang lok jadi hancur2an ya, jelek aplikasinya, TDK seperti dulu wktu baru2 buka, payah bgt skg, filmnya lumayan jadul TPI masih ok lah , tapi yg skg buka di awalnya gak bisa2, Uda di hapus trus download lagi masih gak bisa kebuka ....parah dah !!",0
bad,0
kenapa si kok netflix gak mau mutet d hp loading mulu.giliran d tv bisa tv d hp ngga bisa padahal udah berlangganan lohh,0
"film nya gak update, update pun lama",0
"engga komplit ,pengen cari film lama ,kaya the lord off the ring ,the Hobbit ,Thor ya pokonya banyak Hollywood yg engga ada",0
gimana cara daftar nya jir,0
KENAPA GK BISA NONTON NETFLIX AJGGGG GUA UDH BAYAR !!!!!!,0
"apk tolol, email gua udh bener tapi gak bisa masuk juga. (email gak bisa ditemukan) padahal udah bener gua masukinya",0
aplikasi nya bagus bisa nonton semua film di bioskop tetapi bayar agak mahal,1
Sebelumnya terimakasih?,1
"payah, gambar nya kayak kualitas dvdrip. dah mana per bulan nya 65rb. berasa nonton bajakan.",0
boboiboy the. movie,1
aku udah berlangganan tapi ga bisa nonton. akun ku 1 malah bayar 2 lagii,0
"mending 1 bulan 200rb, dari pada 1 hari 200rb😭😭😭😭😭",1
Maaf yah netflix saya gx bisa donlod kenapa harus bayar saya tidak punya duit,0
"belum juga sebulan berlangganan malah gk bisa masuk,nonton gk bisa, disuruh up yg 120rb padahal cukup yg 720p malah di suruh 1080p gk jelas",0
"ini adalah aplikasi terbusuk yg saya pernah unduh mau masuk ke beranda aja banyak langkah langkah nya buang buang waktu,emang aplikasi busuk ini",0
tidak bisa putar film di Tab saya,0
yes ok banget,1
"Aplikasi babi, tiap nonton selalu keluar sendiri, pake app hp, app laptop, pake web juga masih aja selalu keluar sendiri. Rugi2 udah langganan setahun lebih tapi layanannya busuk",0
"udah daftar pake PC komputer pas login di hp suruh daftar lagi,gak jelas banget",0
gak bisa login pdhal udah langganan. kenapa sih ni aplikasiiiiii,0
kualitas nya sampah,0
ini gimana min nggak bisa masuk/login eror atau gimana,0
good,1
kenapa gak bisa di uninstal?????,0
"aplikasi lumayan, tapi kalau mau lanjut di aplikasi android tidak bisa pilih paket lain harus lanjutin paket sebelumnua",0
jelek bgt padahal udh bayar tapi pas mau nonton loading terus kouta saya juga msih ada tpi ttp gabisa,0
"ini knpa Netflix stuck itu2 aj filmnya??? apa2 d cari tak ada,,,, yg betul lah woy",0
lebih murah donk,1
jelek bgt,0
"kenapa ya ko gak bisa di setel muter terus, padahal saya sudah bayar tiap bulan langganan di netflix.",1
sudah dibeli paket netflix g bs login,0
masa isi dalam apk netfli cuman ada lingk buat masuk ke croom trus pas di crom cuman bisa scrol kalo ke pencet balik ke apk yang ngasih ling gitu² mulu sampe gk ada sedetik buat nonton rugi gw udah berlangganan gw pengen uang gw di balikin aja dasar apk gk guna,1
gak jelas,0
kek mn sih ini mau batal kan langganan ajah mesti masuk di aplikasi nya harus bayar lagi sedang kan netflix nya udah langsung kepotong di saldo dana gmn sih gk jelas aplikasi nya merugikan orng,0
kemahalan,0
Good,1
ok,1
"aplikasinya kurang, ketika daftar melalui Gmail trs masukin sandi yang benar di bilang salah, perbaiki yang bagus 😒",0
"plis plis plis, susaa bgt bwt dftr ny",0
"“아이치이에 있는 거 넷플릭스에도 넣어줘.” “Tolong adain yang ada di iQIYI masukinke Netflix ya, bahasa Korea, karena iQIYI rese.”",0
pendaftaran yg ribet!!!,0
"sampah,mau login aja muter muter doang,gabisa masuk,disuruh masukin kode,pas dimadukin kodenya,di ulang ulang terus, sampah",0
makin kesini neflix sering lag. suaranya ada tapi gambar video nya nge freeze gak gerak.,0
mantap,1
mau login aja setengah mati,0
filmnya ga lengkap woeeee,0
"Customer service didn't help me at all, even straight up rejected me without listening to my complaint. I'm ready to give my data to customer service whatever they need, but the service is not good, it's appropriate to give a rating of 0. I'm really disappointed, even though I need my account to watch! But CS doesn't want to help me change my email, I can change it myself without bothering CS if MY EMAIL IS STILL WORKING",0
Saya sudah putuskan ke anggota an tapi saldo rekening saya tetap terpotong,0
Gabisa masuk pake nomor hp,0
lemot,0
tidak bagus,0
"blm sebulan berlangganan malah ga bs login, aneh bgt ni aplikasi buang² duit aja..",0
"lama2 jadi males langganan Netflix,karna setiap mo nonton delay,padahal sinyal bagus,udh bayar juga",0
"langganan 186k, cuma bisa di laptop doank, giliran di HP cuma loading.",0
baik,1
tkw malaysia,0
"kalau mau nonton harus masuk/daftar dulu tapi pas saya daftar panjang prosesnya udah ada promosinya pas proses,saat udah selesai disuruh masukan sandi padahal pas awal belum disuruh buat sandi,pas mau ganti sandi prosesnya kaya dari awal terus di puter puter jadi nya saya belum bisa masuk,saya berikan masukan saat daftar/masuk beri pilihan google dan tinggal pilih akunnya trus selesai,ini membuat orang tidak bisa menonton mungkin bukan saya saja yang mengalami ini.",0
"ada beberapa film yg ingin saya tonton di Netflix seperti beberapa series umamusume (anime), saya sangat menyukai series yg ada di Netflix, namun terkadang kualitasnya pecah².",1
bayar ihhhh,0
Kenapa Netflix di Tv tidak ada tombol ke nonton???,0
Burut,0
"ribet amat ni aplikasi,cuma login aja ribet banget",0
"sudah berhenti langganan.. masih aja kepotong dan tau² berlangganan secara otomatis, sdah berhenti berlangganan lagi, bulan depannya kepotong lagi otomatis.. all hasil dah 6 bulan kepotong terus..",0
keren wak,1
"the shitties app ever. udh bayar preium yg paling mahal ternyata ga nyaman nontonnya. masa kecepatan video maksimal cuma 1,5. gw terbiasa nonton di speed 2. klo gitu jadi lelet dan buang waktu banget. gw balik aja ke tempat download bajakan. langsung gw cancel subcriptionnya. terbuang duit gw percuma",0
Sudah dibayar tapi gk bisa nonton. terus tagihan setiap bulan mau berhenti nya gk bisa,0
👍,1
gajelas apk korupsi,0
buat pembayaran berlangganan aja susah banget anj,0
keren,1
lg asik nonton tiba2 eror dan gk bisa di buka lg ke apa ini,0
gembel eror mulu,0
"Padahal udah punya akun Netflix, eh pas mau masukin akun malah ga bisa login, udh berapa kali ganti sandi gmail sama minta kode sama aja, malah di suruh daftar akunlah, di arahin kelink gmail, link chrome. Apa harus berlangganan dulu baru bisa masuk?... Ribet banget mau nonton film aja, di mana"" kalo akun gmail udh tersangkut di apk kalo login langsung masuk walaupun kita non langganan, ini mah kga.",0
"tolong masak aq mo nonton slalu gagal,perbaiki lah jgn mngecewakan,,atau suruh brhenti berlangganan?",0
kenapa anime one piece gak lengkap kecewa top up buat nonton biar hd malah gak lengkap sakit hatii tauuu,0
login nya susah banget,0
saya buka netflix masi aman banget namun ketika saya ingin menonton dia loading terus padahal paket data saya kencang,0
aku udah login dan udah bayar juga tapi ga bisa masuk ke akun nya harus daftar ulang dan uang aku hilang gitu aja jujur kecewa sih sama Netflix aku kira ini apk yang bagus ternyata aku salah Netflix ku udah aku uninstall dan ya uang aku hilang padahal aku belum nonton sama sekali jujur kecewa banget,1
nonton di hp harus make data. ga bisa make wifi. di download bisa. ketika di putar ga bisa . harga berlangganan mahal tetapi ga sudai dengan aplikasi yg bobrok,0
halo dengan saya pengguna netflix ini ad masalah di sambungan di tv ko gangguan padahal sudah langganan . tolong di perbarui .,1
filmnya sikit kali.,0
sangat baguss sekali 🔥🔥🔥,1
Sering banget ke log out otomatis sewaktu digunakan. Mau log in kembali error.,0
aku suka bgtt karna ada KPop demon Hunter jadi walaupun gak banyak tapi gpp 😀,1
lumayan utk di tonton klo BS ada tv online juga supaya bintang nya full,1
"apa ini,kok gak bisa bisa login padahal sudah buat akun,malah gak ke detek,gimana ni developer buat yang ngotak lah,apl gak bisa digunakan kenapa di promosikan,dasarrr developerrrr!!!!!!!!!",0
"kualitas gambar ga bisa di atur langsung kaya dulu, penurunan kah?",0
Kebanyakan nyuruh gw bayar asuw baru juga downlod🙄,0
kenapa ga bisa login sih ini!,0
bad,0
aplikasi ampas,0
"Saya mencoba melakukan pembayaran untuk mengecek e-wallet yang digunakan. Setelah itu, ternyata yang digunakan shopee pay dan saldonya kurang dari 50rb otomatis gagal. Selang beberapa bulan saya isi saldo 500rb dan ada notif kalo pembayarannya gagal, tapi setelah saya menggunakan saldonya 400rb, saldo saya di potong sekitar 54rb untuk berlangganan, padahal pembayaran sudah gagal kenapa masih terpotongg?????",0
JELEK,0
loading Mulu sialan,0
okey,1
"aplikasi apaan nih. gk bisa login , gw blom punya udah si suruh login tapi gk , bikin akunnya juga ribet 🗿😒",0
Mudah,1
"seru banget nonton disiniiii, ak kasi bintang 5 deh buat netflix, banya banget movie horor yang aku sukaaaa",1
"udan masukin nomor WA gak bisa WA HP ku satunya lagi juga gak bisa, email udah ku masukin email 4x gak bisa masuk",0
kenapa tidak bisa berjalan netflix nya? saya gabisa nntn karena terus memuat. padahal internet nya lancar banget,1
tidak berguna,1
Aku masih bingung cara buka aplikasi nya keluar sendiri kebanyakan keluar sendiri,1
driver,1
"buruk, tidak bermanfaat, penyedot kuota internet, sumber virus",0
penuh dengan film korea dan film serial... filmnya juga tidak ganti ganti...itu terus bertengger.,0
"bug makin parah, lagi nonton keluar sendiri, begitu terus ampe kesel",0
bagus jir🤭,1
jangan donwload bre gk recomend login susah kek musang aplikasi tidak bermutu film gk lengkap hapus aja dari playstore.admin dongok,1
apalah baru daftar doang udah langsung disuruh premium. blom juga masuk ke menu aplikasi. sangat bintang 1,0
bagus sekali saya suka,1
"mau daftar masuk email udah bener tapi katanya email salah ku cek berulang² kali tetep salah, aku ganti nomor telepon udah bener tetep salah",0
iyesss,1
"apaan sih netflix belum 1bulan udh abis gak bisa nonton lg, heran deh",1
"My account has run into a problem, and why does customer service make things so difficult for users? They always give template responses and don’t actually help at all. 💩💩💩💩💩",0
Saat saya ingin login ke akun saya malah keluar udah 5 kali jadi bintang ⭐ satu dah makasih,0
bikin akun aja susah,0
"Mantap, walau sering mendadak ada label leaving soon di film drama animenya",1
"keren banget, walau udah banyak film drama anime yang mendadak hilang",1
parah banget saldo dana ku tiba tiba kepotong tanpa notif,0
terlalu banyak penipuan,0
"bayar mahal"" cmn kebanyakan semua film"" lama tdk ad film"" baru. sangat tdk rekomendasi, sebaiknya update",0
sudah langganan Ribet setting akunya,1
belum pernah downoload tapi kayaknya 😜👈 MIKIR KIDS !!!,0
"langganan buat nonton film, eh film yang mau di tonton ga ada✋😹🤚",1
saya suka aplikasi ini karena filmnya asli walaupun harus berbayar tapi saya tetap suka nonton di netflix,1
kenapa ya netflix saya memutar terus,1
gak bebas nonton banyak aturan,0
lihat film selalu loading.,0
min gimana? gabisa nonton anjir,1
"coba putar videonya, ada suaranya tapi gambarnya gak ada cuma hitam aja",0
Sangat buruk,0
"gk jelas bgt, sya mau pogin mengunakan sandi dan itu udh benar, malah pake kode masuk. sya perbaiki bintang nya stlah masuknya dipermudah",0
"ga bisa nonton semua acara netflix tiba tiba, udh di uninstall udh hapus data sm change ttep ajh ga bisa. pdhl kuota full jaringan aman. kecewa banget sm apk ini. pdhl posisi lg nonton film komang",0
saya Rizky dari Indonesia tolong bahasa Indonesia di adakan di setiap filem jangan bahasa negara seperti tailan ada Pati bahasa Indonesia ga ada ..... bukan cuma translate tapi bahasanya tolong di buat bahan Indonesia,1
udah berhenti langganan masih aja motong saldo anj banget netflix b2,0
👍👍👍👍👍,1
"sinyal bagus , buka aplikasi streaming lain lancar tapi giliran bukan aplikasi ini malah ga bisa",1
ini kenapa udah bayar ga bisa login ?,0
sungguh mengecewakan,0
"aplikasi ribet, login aja susah bikin pusing",0
bagus banget,1
apk gjls udah dibayar tapi ga mau ke play filmnya padahal coba di apk sebelh malah lancar hadehh rusak rusak,0
sinyal full kok gak bisa nonton,0
hey bagaimana cara login padahal saya sudah memasukkan alamat email yang benar tapi tidak valid tolongggggggg😭😭😭😭,0
terima kasih ya telah membuat game ini kayak aku suka game ini cuman gaya bisa main GTA San Andreas definitive edition game ini bagus sangat terima kasih saya aku senang,1
celeng celeng ndaftar ae ribett,0
🥺🙏🏻tolong mohon update Netflix gratis..! gak perlu paket saldo dan gak perlu tambahan biaya... dan bayar terus..,1
APLIKASI GANGGUAN TERUSS,0
"saya sudah memasukan sandi yang benar,tapi masih salah dan gak bisa masuk.",0
sukses,1
Filmnya bagus bagus...,1
kok film2 yg didonlot tdk ada bahasa indonesianya lgi... tpi kl nonton langsung ada.. ini gmn ya?? abiz upgrade loh,1
"baru tau kalau netflix filmnya ga lengkap.. tujuan awal daftar paket netflix biar bisa n9nton yg gbsa di tonton secara gratis.. eh malah yg ada di gratis ga muncul di netflix. Jelek, ga rekomended, film dikit, saran yg mau berlanggan mending gausah, nyesel krn gabakal nemu film yg lu mau",0
subtitle nya kok ngk ada sihh,0
Aw234s awal 2 w22w we see Aw WW2 www3 we can w a w2 we see,1
"netflix nya kok setelah di download subtitle bahasa indonesia nya gk muncul ya, harus ntn streaming, pdhal sebelumnya bisa",0
gjls bet stuck loading video trus padahal jaringan lancar,0
"saya punya saran,untuk server Mesir atau dimanapun tolong di masukkan film Indonesia nya dong,saya pengen nonton ""norma"" tapi di Netflix Mesir gaada plis masukin 🙏",1
Sangat baik,1
apk sampah masak mau login atau daftar aja harus bayar apaan ameh banget. kocak,0
"saran, untuk film terbaru atau episode lebih baik di tampilkan paling atas, jngan di campur yng udah lama tapi ganti cover iklan",1
"Call center buruk,tdk ramah. saat ada kendala no solution pokoknya. Hati2 ges kalau berlangganan, 1 atau 2 hari kmudian dibatalkan pihak netflix alasan ada aktivitas mencurigakan, murka nya tiap diminta bukti aktivitas yg dimksd itu spt apa mereka gamau ngasih. Jujur bingung aktivitas apa pdhl gw cuman nonton doang. berlangganan jg sesuai prosedur trs dmn letak aktivitas itu? alhasil dana yg udah masuk gbs kembali ges alias hangus. Pdhl aplikasinya bagus bgt tp sgt tdk profesional. sangat kecewa",0
uuuuuuuuuu nefflix goblokkkkkk aduuuuu login susahhh daftarr susaaaaahhhh Netflix sakit jiwa mintak jantunggg plissssss banget hapus apk ini DARI GOGEL Playlstoreeee buang buang waktu GK ada guna ni apk 🤬🤬🤬🤬🤬🤬🤬🤬🤬🤬🤬🤬🤬🤬🤬🤬🤬🤬🤬🤬🤬🤬🤬🤬🤬🤬🤬🤬🤬🤬🤬🤬🤬🤬🤬🤬🤬🤬🤬🤬🤬🤬🤬,0
PESULAP MERAH OFFICIAL GTA SAN ANDREAS 🪄🎩,1
daftarnya ribet udah bayar langganan udh download tp buffering trus gak ada yg bisa di play gmna sih,0
ini aneh kenapa selalu loading cara mengatasinya itu bagaimana ya??? trims,0
Apakah saat ini Netflix ada masalah...?,1
film nya bagus banget,1
"daftar paket premium 1 bulan, eh taunya bisa nonton cuma 10 hari doang. mana bayarnya 65rb, padahal tagihan di tanggal 21 oktober lah ini malah akun di tangguhkan.",0
mantapppp,1
BAGUSS BGT gatau poko nya bintang 5,1
kenapa setelah di update beberapa subtitle di film/ drama yang di download tidak muncul ya? biasanya tidak pernah terjadi subtitle hilang-hilangan. saya jadi bingung harus download ulang atau re-install aplikasi. tolong bantuannya di perbaiki.,1
"mohon pihak netflix untuk membaca ulasan kami para costumer, disini saya juga ingin menyampaikan bahwa sudah hampir sekitar 1 bulan belakangan ini pada saat ingin nonton tidak bisa di putar, sekali bisa diputar gambarnya malah pecah seperti nonton dengan resolusi jaman bahula 360. padahal jaringan di rumah saya tidak ada masalah krna di apk lain saya nonton jernih dan lancar. tolong pihak netflix memperhatikan kepuasan para costumernya.",0
"aplikasi paling parah ini padahal koneksi aman, muter-muter doang pas di play, nyesel premium, pantesan rating anjlok",0
susah sekali untuk masuk,0
bagus,1
apk kaga jelas,0
"Hallo Netflix, sya akan ksh 5 bintang setelah bug slesai. saya menunggu lama sampai film bsa di putar tapi tidak terputar. ini tdk pernah terjadi sebelumnya",1
gajelasssss ga bisa dibuka😬,0
"bang ini kenapa tiba""akunya keluar padahal batas waktunya belum abis bulanannya kecewa banget ga bisa masuk akun nya padahal belum waktunya abis gimana ini tolong perbaiki",0
ini kenapa selalu memuat setiap film nya di putar padahal kouta banyak heran deh,0
saat menonton selalu terganggu dengan wifi padahal wifi jaringannya bagus,0
"gaa bisa masuk akun, udah ngulang ngulang tetap ga bisa",0
bosok,0
apa-apaan ini sih! pas mau buat akun nya susah banget dari tadi! tolong ya kalo bisa di permukaan pas masuk apk nya! ya kalo gini gimana mau kasih Reting gede kalo masuk apknya susah banget kaya gini! INGETTT!! PERBAIKII! WOYYY😡🤬,0
gajelas terjadi kesalahan saat mutar video mulu mending HBO Max,0
main ngundur undurin jadwal rilis dadakan lu kira kita kita ini bisa beli paket Netflix lagi apa dipikir lah t0l t0l kita beli tanggal brp mau nntn film apa malah tiba tiba diundur k0cak kocak fakyu,0
jaringannya bagus buat buka yang Laen pas buka pengen nonton ga bisa bisa muter doang,0
"mau daftar akun aja susah, kalau ada masalah di apknya tolong dikasih tau lah, bikin kesel aja",0
ini kenapa si kalo jeda nonton. trus mau D lanjutin memuat mulu anj.. keluar masuk aplikasi jadi sama aja,0
aplikasi tidak berguna.,0
aplikasi berbayar tp film tidak lengkap,1
baru kali in ad aplikasi yg minta kata sandi email,0
Sang at membantu,1
ok,1
Daftarnya Ribettttt,0
saldo kluar 186.000 padahal instal aja nggak apalah,0
"SIGN IN ATAU BIKIN AKUN AJA GK BISA YA ALLAH, NAUZUBILLAH AJA NIH APK, SOMETHING WENT WRONG TERUS BABI, BIKIN APK AJA KAGAK GUNA",0
terlalu banyak masalah,0
maaf ini bikin akun ajah ko bayarr,0
"aplikasi apaan ini,masuk di indo tp gak bisa pake kartu indo,mana gak update sama kyak netflix luar",0
ga jelas banget. udah 7 bln ga langganan netflix tiba2 ad transaksi langganan otomatis pdhl semua udh di nonaktifkan. mana paketnya beda lagi lebih mahal yg tadinya ga pernah langanan paket itu. terpaksa donlot lagi dan hapus langanan. nyusahin,1
apk burikkk gbs login nyett,0
se enak hati ngambil dana orang,0
loading2 terus ajg,0
karyawan Netflix gak ada yang becus apa gimana. login dipersulit seperti ini apa mau mematikan bisnis sendiri? tiru batasan jumlah device dan sistem login OTP Disney kalau mau winwin. heran. digaji mahal malah bodoh ini orang2 Netflix. najis hasil kerja kalian ini,0
"jelek kali koneksi kalau nonton dengan wifinya sekarang, padahal nonton yt dengan wifi aman aja di 1080p",0
baguss,1
Simple dan kerem,1
hari ini aku ultah waktu,1
Mantap,1
ok,1
"daftarnya ribet, suka error mulu, suruh bayar padahal cuma gitu doang 🙄🙄",0
"APLIKASI APAAN INI , MASAK YA FILM NYA BELUM PADA UPDATE2 , DULUAN LAYARKACA UPDATE DSRI PADA NETFLIX -_- BAD APL",0
RIBETTT!!!!,1
"terjadi masalah saat memutar video.coba lagi. (5.10) semua film kayak gitu, apaan anj?",0
"mentang-mentang udah banyak user yang langganan, advice users nya ga di dengerin. buat CS yang lihat ini, sampaiin ke atasan, jangan gitu. jangan lalai. dulu sebelum besar juga banyak user yang bantuin lo jalan, bantuin lo naik. ibarat gini, kalian udah bisa lari sendiri, malah lupa sama yang ngajarin jalan kaki.",0
"mohon isi suara Indonesia, soalnya film banyak gada suara Indonesia .🤦",1
suka,1
"Netflix mohon video yang udah lama atau pernah tayang di tv hapus,,masukan video2 yang baru² tayang biar makin rame minat nya",1
bagus tapi aku beluk login,1
siapa saja. dapat. melihat nama,1
"aplikasi ribet,imeil benar sandi benar tetap salah,kalau buat aplikasi yg bagus jangan Abal Abal atau asal saja,👎👎👎",0
gk jelas tiba² kgk bisa masuk,0
makasih terbaik,1
mau login pun susah,0
Cara daftar ribettttttt,0
bug tidak bisa play streaming di handphone hanya keluar animasi loading padahal jaringan lancar,0
buffer terus padahal pake youtube 8k lancar,0
"kepada yang terhormat Netflix, tolong lah Netflix di update Flim"" barunya, dan subtitle juga semua bahasa Indonesia",0
bagus.. tapi kurang lengkap menurut saya. selain film terbaru kurang lengkap. Mau nonton film Bollywood pun terbatas. tolong di buatinlah film Bollywood lengkap sesuai tahun biar bisa milih sesuai selera.,1
tlng tingkatkan lagi pdhl sandi google nya benar tapi di suruh buat lagi ee gmn jak mau Netflix nya ee,0
saya sangat suka namun saya ingin jika anda menambahkan movie demon slayer terbaru secepatnya,1
cara daftarnya harus bayar yaa ribet banget dah,0
kikir banget ajg nih game,0
PERINGATAN : jangan terjebak download aplikasi ini. Anda akan diminta daftar dan membayar tanpa bisa mengecek film yang ingin anda tonton terlebih dahulu. Bagaimana jika sudah saya bayar biaya langganannya tapi film lama yang ingin saya tonton ternyata tidak ada?,0
aplikasi ini sangat bagus film film nya lengkap dan seru saya kasih bintang 5,1
aplikasi ini sangat bagus,1
aplikasi ini suruh bayar dan buat akun mau nonton film gratis di teragogo aja lah,0
good,1
download cuman mau nonton jojo sbr hehe,1
Tidak bisa memutar video,0
"Rattingnya skrg 3,6... brarti netflix tdk bagus lg, saya jg sdh tdk berlangganan lagi sbb rugi, film yang baru ditambahkan saya kira film² baru, ternyata film² yang sudah basi tidak layak ditonton karna kwalitasnya juga sudah pada buram, pokoknya flm²nya NETFLIX 90% film jadul, rugi berlangganan!!! Apa lg yg versi baru skrg makin RUSUH GAME CELLULAR dimasukkan ke netflix, bikin hp berat!!! Sumpah nyesel memperpanjang langganan! Bulan dpn saya tdk akan berlangganan lg, UNINSTAL lbh baik!!! 😡😡😡",0
kenapa sih kl selalu metode pembayaran selalu di ubah kl telat langganan 1 minggu,1
aplikasi suka menarik tagihan sesuka hati,0
ang gilo,0
saya baru download dan sudah bayar tpi gak bisa mutar video nya,0
"apk ini sangat jelek,saya sudah benar memasuki sandi TPI tetep aja gabisa,bikin kesel asli,jelek👎👎",0
ini knpa netflix saya gak bisa kebuka ya,0
terima kasih,1
"saya berlangganan netfix tapi kenapa ga bisa dibuka. tulisannya, ""perangkatmu bukan bagian dari rumah dengan akun netflix untuk akun ini"". coba deh tolong dibenerin lagi ini gimana caranya.",0
saya tidak bisa log out gimana ya caranya,1
tolong paket 1080p di turunkan harganya,1
saya sudah bayar 65.000 saldo saya kepotong tapi tdk terdaftar,0
udah Bayar ga bisa masuk tolol,0
cukup,1
bagus,1
mau masuk saja susah,0
sangat membantu,1
Kenapa saya tidak bisa menonton Netflix menggunakan WIFi padah sebelumnya saya bisa,1
aplikasi rusak nge bug mulu masa tiap mau nonton suka black screen kalo ga black screen video nya nge stuck tapi suara nya tetep ada,0
y bgs klo bisa bnykin anime ny.,1
"Kekurangan : 1.Sinopsis film terlalu sederhana, tidak menarik. 2. Terlalu sering menampilkan film rating imdb rendah di beranda. Film rating tinggi justru di pendam. 3.opsi langganan hanya 1 bualanan, tidak ada yg sekalian 3 bulan, 6 bulan, 12 bulan, kalau di buat lebih murah dikit lebih bagus lagi 4. Saran, buatkan fitur untuk membuat rating usia sendiri, misal : ketelanjangan = 21+, kekerasan = 21+, bahasa vulgar = 18+, bahasa kasar = 18+ . Dll downloader bermasalah.",0
gangguan,0
"SAYA TELAH DAFTAR PEMBAYARAN MENGGUNAKAN SHOPEEPAY SALDO SHOPEEPAY SAYA 54.000 SUDAH TERPOTONG TETAPI AKUN TETAP TIDAK BISA DIGUNAKAN TULISAN NYA LANJUTKAN PENDAFTARAN AKUN PIHAK CS NETFLIX SUDAH SAYA HUBUNGI TETAPI JAWABAN NYA TIDAK MENYELESAIKAN MASALAH KATANYA MASALAH OTORISASI DLL,SEDANGKAN PIHAK CS SHOPEE MENGINFOKAN BAHWA SALDO TERSEBUT SUDAH SUKSES BERHASIL TERKIRIM KE PIHAK NETFLIX.NETFLIX MALAH MENYURUH SAYA MEMBATALKAN PEMBAYARAN DI SHOPEEPAY SEDANGKAN PEMBAYARAN ITU SUDAH SUKSES.",0
hadeh Langganan mahal mahal gambar video malah SD👎👎👎,0
mantap ka bagus ya,1
"bagus sih, tapi sekedar saran aja kalo rilis film bioskop ke netflix cepetan ya... soalnya kasihan yang udah terlanjur beli vip malah film yang ditunggu-tunggu belum masuk ke netflix",1
Aku suka Netflix karena aku menonton yang hangat film,1
aplikasi nggak jelas udah daftar bayar nggak bisa masuk bayar lagi otomatis,0
loading teros,0
ok,1
eror muluu gajelass akhir2 ini klo bukan krena ada film yg lgi on going ogah dah gmna ni perbaikan nya min eror 5.10,0
nge lag mlu,1
"udah top up malah ga bisa nonton. vidionya spt kaset rusakkk macet"". tidak layak. segera perbaiki. mau brp lama spt ini",0
Netflix tolol kata nyaa mudah tapi di persulit,0
saya tidak bisa masuk dengan menggunakan akun email saya.. entah apa penyebabnya,0
memuat doang padahal sinyal 5g,0
bagus banget Netflix nya terus biasa nya di tv ada KPop demon hunters terbuat dari Netflix dan pas aku lihat foto foto orang dan ternyata ada sebuah film KPop demon hunters tapi tidak bisa nonton film itu mendingan saya nonton di tv dan rupa nya film itu ada di bioskop aku nonton situ bagus nyo,1
"apk gajelas , susah bgt login nya (klo bisa gue kasih bintang 0)",0
bagus,1
"I really like this application, I often watch movies using this application with my family.",1
"saya gak bisa login mulu, padahal udah reset katasandi tapi masih sama gabisa",0
loading mulu,1
Aplikasi tidak jelas😡,0
RIBET BGT BIKIN AKUNNYA. mau nyusahin orang lewat apk kah? stress,0
"semua email yang di daftar kan ga valid,jelas² itu email di pake",0
"Aplikasi bagus, cuma pembayaran akan otomatis, dan itu cukup membuat saya terhambat ketika top up",0
mau nonton aja ribet anjir harus daftar,0
terima kasih sungguh memuaskan,1
good,1
"padahal sebelumnya ga pernah samsek pake vpn, tapi kenapa ada peringatan anda menggunakan vpn. pdhl GAPAKE SAMA SEKALI, udh di tes jg hasilnya ttp sama. alhasil hrs uninstall abistu reinstall. RESOLUSI NYA JG SERING NGEDROP, padahal jaringan bagus",0
netflix sebenrnya sangat bagus bila nonton di laptop kualitas videonya sangat bagus tp bila nonton di HP sangat gelap itu kenapa ya heran udh diperbarui tetep aja gelap gulita videonya,0
"Sebelumnya tdk ada masalah. Tapi baru² ini ketika play video di hp selalu saja buffering, sama sekali tdk bisa putar..tapi di tv normal saja. Udh hapus chace di hp sampai update tetap aja buffering. Mau pakai Wi Fi atau kuota tetap aja buffering mulu tdk bisa putar sama sekali",1
loginya susah,0
"udah langganan kok ga bisa di putar, bisa ga balikin dana nya nyesel banget berlangganan aplikasi jelek ini",0
Bagus,1
susah bgt daftar akunya,0
buat batalkan langgana jauh lebih mudah aku sudah membatalkan langganan 2 bulan lalu masih aja ditagih dari aplikasi dana dan gak ada konfirmasi tiba tiba saldo ku hilang,0
"film kurang lengkap,film"" terbaru banyak yg gada",0
Aplikasi mantap,1
"film yang diadaptasi oleh Netflix banyak yang bagus, tapi untuk aplikasinya sendiri sangatlah sampah, cuma butuh satu fitur, yang sangat sangat akan bermanfaat bagi banyak orang, dan saya yakin pihak Netflix bisa membuat fitur ini dalam waktu 1 jam, 'dual subtitle' saya akan kembali untuk memberikan bintang 5 setelah fitur tersebut dirilis",1
Kenapa akun saya hilang? Udah langganan tapi gak bisa login,0
ok,1
"udah daftar dan bayar 65ribu pake saldo shoppepay abis itu pas coba masuk gk bisa, disuruh selesaikan pendaftaran terus padahal saldo shoppepay sudah terpotong, trnyata pas baca ulasan banyak yg kaya gitu, nyesel bgt tdi asal bayar aja!!",0
"aplikasi yahudi, terlalu kikir",0
bagus,1
"Dalam keterangan maaf atas ketidaknyamananya kesalahan dalam pemutaran, coba judul lain.. 10 judul flm keterangan sama aja, 2 bulan lebih langganan dan otomatis kepotong via DANA, padahal gak pernah di tonton. sekarang akun malah keluar terus padahal cuman HP dan Tv. PARAH NETFLIX. Mulai hari ini (stegah jam kebelakang baru kepotong langganan) saya UNREG aja berlangganan macam apa ini gak bisa dinikmatin",0
load videonya bug tolong perbaiki,0
udah daptar tetep ga bisa masuk masuk harus daptar ulang lagi,0
"apk gajelas, daftar susah lugin susah isi langganan sudah, serba gajelas",0
"aplikasi nya udah bagus, awal langganan seneng banget. Terus coba-coba cari film Sherlock Holmes, ada sih ada tapi kok cuma 1?? seharusnya kalo udah langganan gini bisa nikmatin ini aplikasi, tapi rada nyesel juga soalnya film yang mau ku tonton ngga ada. Pada akhirnya nonton di tempat lain, Saya harap segera tingkatkan lagi dong filmnya. Udah ga sabar mau liat, dan biar saya ngga nyesel juga.",1
ok,1
loding terus,0
update movie 2025 please,1
"mohon maaf saya kali ini TIDAK langganan netflix kenapa tiba-tiba memotong pembayaran secara otomatis ya? hanya karena pernah berlangganan sekali beli, tiba-tiba memotong tanpa konfirmasi?! pada Playstore saya pun tidak ada informasi Langganan Terkait ""Langganan Netflix"" Kenapa Kalian (Pihak Netflix) secara sepihak melakukan pembayaran secara otomatis pada Pembayaran OVO saya?! apakah saya Harus Menulis Keluhan Konsumen di Website?",0
apk sampah,0
aku cinta netflix🥰🥰🥰,1
nonton video filmnya jadi asik,1
tidak bisa konfirmasi email,0
"sekarang kemahalan, film juga kurang lengkap",0
berlangganan malah gabisa dibuka aplikasinya kacau,0
daftar akun ribet,0
Nice,1
ini kenapa loading bgt skrg jelek bgt netflix muter2 aja bjirr bikin emosi 😭😭😭,0
widih mantap bisa download game GTA ah mantap sekali😍🥰🥰🥰🥰,1
"Saat menonton, kadang kualitas resolusi video berubah-ubah sehingga pengalaman menonton terasa kurang nyaman. Akan sangat membantu jika ada fitur kontrol resolusi, agar pengguna bisa menyesuaikan sesuai kebutuhan dan kondisi jaringan. Terima kasih.",0
kepotong ngga jelas,0
"saya menyampaikan keluhan tidak di response. jadi sy sampaikan dari sini. Saat saya memutar film di HP, terdapat garis garis di ujung kanan layar. saya sudah mencoba restart HP, re install apk netflik, pembersihan memori, namun masalah masih terjadi.",0
"tolol kaga jelas muter mulu, jaringan lancar",0
"FILM nya KURANG LENGKAP 😏......masa iya kalah link situs bajakan,?",1
kok sekarang jadi jelek yaaa... bermasalah trus nihh,0
kenapa saya tidak bisa akses app netflix di HP lagi y? kalau di TV aman,0
AOK SAMPAHHHH RIBETTT TAIIIKKK,0
yapapma yaokma le that temanyenh,0
"Sudah bayar langganan, dibulan pertama lancar sekali, di bulan ke dua ketika di login, tulisannya hanya Netflix doangg!",0
"tiba-tiba saldo saya kepotong secara otomaris masuk ke netflix dan saya tidak sadar setelah itu saya mengajukan pembatalan keanggotaan namun uangnya tidak kunjung kembali hingga sekarang,Sedih banget mana itu uang darurat saya:(",0
aplikasinya kenapa ya ? jaringan nya kenapa ? hati hati dengan rating yg terus turun dan banyak pesaing nanti masuk,1
seru tapi minusnya dikeluarin pas kita lagi asik asik nonton katanya itu karna nonton film banyak TPI gt jg,1
"ribet banget apansi, kayaknya tempat orang² penipuan gitu, tiba tiba aja abis kirim kode ada yang tiba tiba nelpon, heran gw seribet itu masuknya, padahal film ga selengkap itu tolong diperbaiki",0
Mantap,1
saya kasih bintang 3 dulu karena suka memuat pas mau nonton,1
i dont like your game,0
Josss,1
Developer pelit masa daftar aja harus bayar,0
cacatttt,0
"gimana ini nggak bisa nonton, selalu loading di setiap film, film yg udh di download jg tetep nggak bisa di tonton. mana baru top up ini. tolong segera perbaiki atau kasih solusi bagaimana cara mengatasinya. terimakasih.",0
mantul,1
aplikasi gjls udh berlangganan malah gabisa masuk terus👎👎,0
Good,1
gak guna,0
"Halo netflix, semoga kamu membaca ini. Mengapa saya memberi bintang 1, saya merasa kecewa, karena netflix langsung memotong uang saya yang terdapar di applikasi ""dana"". Uang saya otomatis terpotong tanpa adanya persetujuan dari saya. Saya belum mengkonfirmasi tetapi pihak netflix langsung memotong uang saya untuk membayar langganan. Padahal saya belum menyetujui nya. Untuk itu saya meminta tolong dan maaf apabila ada salah kata. Saya hanya meminta uang saya kembali Terimakasih -Mario",0
"saya sudah berhenti langganan tapi tetap di potong saldo saya ini gimana jadi nya, berguna atau tidak berhenti langganan itu",0
mau nonton doang daftar nya ribet kek t a i,0
jlek,0
ok,1
kata sandi salah terus!!,0
"filmnya kebanyakan tidak sesuai harapan, apa yang di cari tidak TERSEDIA 😡 bayarnya mahal tapi filmnya biasa-biasa aja 😡",0
Untuk Trailernya Gak sesuai dengan Filmnya tolong di perbaiki Lagi Netflix,1
good,1
"udah mahal, terus udah gak bisa berbagi bareng keluarga.",0
saya gak bisa daftar ya,0
saya ingin bertanya kenapa film k pop demon hunter tidak rilis di YouTube tolong kalau bisa film nya rilis di YouTube ya karna saya inggin sekali Nonton😭😭,1
"saldo dana langsung di potong tanpa pemberitahuan, padahal aplikasi udh di uninstall pas instal lagi aplikasi gak bisa di pake",1
"masuk akun aja ribet, minta kode susah reset password susah apk apaan ini ..",0
emang gak rekomendasi buat nonton su,0
"sekarang udah gabisa berbagi lagi walupun langganan ultra hd kecewa jujur sama Netflix, mana baru perpanjang lagi, bulan ini terakhir Langganan lagi",0
kenapa nggk bisa login ini g mail nya dah bner aku coba buat login disney bisa masuk kenapa apk ini nggk bisa aneh kerja yng bner lah,0
semoga,1
Netflix anj,0
"pembayaran udah setop tiba"" bayar sendiri",0
sangat burukkkkkkk,0
udah bayar malah terus terusan di suruh daftar dan bayar lagi padahal udah jelas jelas udah bayar slado di rekening kuga udah ke potong sama netflix begitu mau masuk malah di suruh bauar lagi anehhh,0
"kenapa pembayaran ribet banget, kenapa gk d bikim simple aj pembayaran lewat MBanking, mau langganan bayar aja susahnya",0
"Halo netflix, bingung saya mau lapor siapa, tapi saya beli paket yang hanya bisa dipakai satu device dan yang terhubung hanya tv rumah dan hp saya saja, tapi anehnya kok pas saya mau nonton ada yang pakai, padahal gaada yang pakai sama sekali di rumah. So, kenapa netflix gampang banget kebobolan sih? tolong diperbaiki",1
ngeleg bgt tiap mau nonton.,0
"aplikasi aneh, untuk aplikasi yg terkenal dan byk dipakai orang tapi untuk daftarnya super ribet, normalnya bikin akun dan sandi selesai, ini enggak masih verifikasi berkali2 dan tetep ga bisa log in..",0
"Ini kenapa saya gak bisa login"" di Netflix min? tolong bantuannya akun ku error apa gimana yah? saya udah berlangganan sama tapi jadi gak bisa digunain karna gak bisa login. Kenapa ini? mohon konfirmasi nya min.",1
tidak bisa log in trus,0
kok dari semalam mau nonton di Netflix eror ya dibuat? ini apa yg salah ya? mohon bantuannya,1
Alhamdulillah filmnya bagus2,1
oke tapi film nya kurang lengkap entah knp di akun saya yang tayang hanya sedikit dan banyak film bagus tidak bisa di tampilkan,1
terima kasih,1
tolong diperbaiki lagi. saya gabisa muter vidionya knp ya?,0
suka tp susah loh,1
"film nya ga lengkap, mahal",0
"@🐢aaz🕸🕸, a, aazzazaz",0
top,1
aplikasi apa coba ga bisa di daftar,0
"iiu, ada uii",1
harus bayar dan bagaimana jika orang yang tidak mampu harus bayar lagian orang lain juga bisa nonton di app lain.,0
Mantap,1
aplikasi gajelas mau daftar aja di persulit,0
kenapa berbayar si? kan semua yang ada di dunia ini milik Allah,1
selama saya menggunakan netflix saya sudah bayar tetapi saat saya ingin menonton Kenapa selalu buffering Saya benci,0
"log out terus , makin jelek",0
"buset baru daptar , sudah kehilangan saldo pertama , akhirnya yang ke 2 bayar lagi , kayak mana lah , rugi lah kalau gitu terus",1
ni aplikasi pemaksaan bgt sih gk di jelasin secara gamblang di aplikasi kalau aplikasi premium melainkan lewat Gmail.,0
SAYA TIDAK DAPAT MEMUTAR FILM DI HP INFINIX GT 10 PRO! SUDAH COBA BERBAGAI VERSI AKAN TETAPI TETAP TIDAK BISA?! BODOH KALIAN !,0
ㄩㄩ,0
aplikasi ini sangatlah jelek karena susah masuk nya . dari tadi saya Masuk tidak Mau masuk sampe sekarang . ada apa dengan aplikasi ini?,0
"sinyal lancar,internet lancar, tapi ngestuck di lobby gabisa dipake buat nonton, padahal pembayaran lancar",0
"semakin buruk, harusnya ada peningkatan dari film dan layanan",0
payah udah berlangganan satu tahun tp ada episode yang gabisa di tonton di drama the fiery priest,0
"tolong netflix akun sy ternyata sdh tidak aktif, dan skrg sy sdh beli pake melalui aplikasi my telkomsel tpi kendalanya tidak bs login di aplikasi netflix, tiap mau login di alihkan jenis berlangganan padahal sy sdh beli paket",0
"pas mau nonton, banyak orang yang login di akun",0
Masa masuk sandi salah terus padahal udh bener,0
netflix keren,1
salamun'alaikum bimashobartum dari sisi Allah SWT,1
"kenapa akhir"" ini flem sakamoto days kita cari gk ada padahal sebelumnya ada",0
ok,1
Film yang di tampilkan sangat bagus cuma kecewa dengan hasil penelusuran banyak film yang di cari tidak ada.,1
terlalu ribet login nya padahal udah bayar eh malah balik ke halaman sebelum nya udah coba 10 sama aja,0
sering update terus jadi saya sudah bayar dan tidak bisa di buka lewat tv android box payah nih Netflix kalau bisa versi yang lawas lawas saja gpp kan tidak semua pelanggan/anggota Netflix mempunyai perangkat dan android box yang versi terbaru jadi berpikirlah lebih jauh lagi Netflix saya sudah bayar dan tidak bisa di buka di tv android box 🤦🏻‍♂️ parah,0
bagus,1
Sangat bagus untuk hiburan semua orang,1
keren,1
mau daftar susah bgt,0
"saya membayar langganan pakai gopay, saldo gopay sudah terpotong, tapi TIDAK BISA LOGIN! dikasih link yg disuruh bayar paket, pembayaran saya ganti shopee pay akhirnya bisa login. masalahnya saldo digopay sudah terpotong tidak bisa dikembalikan karena pihak gopay sudah membayarkan ke netflix. Disarankan gopay buat membatalkan pembayaran, tapi netflix tidak bisa dihubungi cs nya hanya AI chat tidak membantu sama sekali. Jadi saya membayar hingga 2x melalui saldo gopay dan saldo shopeepay!",0
ok,1
sudah bayar tapi ga bisa nonton.. burik,0
saya sudah registrasi tapi tetap saja tidak bisa streaming film nya sudah saya ubah password nya tapi tetap saja tidak bisa saya mohon untuk bagian registrasi nya dipermudahkan,0
benerinlah netflixnya sering error gabisa ditonton padahal sinyal lancar,0
mau login aja susah kali,0
gabisa login,0
"gimana sih, sandi bener tapi tulisannya salah mulu. jelek banget, udah di coba berulang kali juga tetep salah. maunya apa si, nama doang app nonton terbesar. tapi banyak bug kocak",0
"ga bisa masuk ke Netflix, buat saya kecewa",0
ok,1
"aelah gajelas ni apklikasi duit guee diambil tp gbisa msuk netflix hrus daftar lg pdhl sebelumnyaa udh daftar trs udh ada bukti transaksi tp malah gbida msuk kan anjirr apk gaje.. hati"" kalian semuaa jebakan",0
"saya ingin mematikan langganan Netflix pembayaran di shoppy, karena saya ingin mengubah langganan di data seluler, JD tolong diubah pembayaran saya, karena saya sudah mencoba tuk sekian x lamanya tidak bisa, harap di bantu langganan Netflix saya makasih",1
Cocok banget nonton di sini pas gbt,1
sangat susah untuk mendaftar pusing saya bulak balik crome tapi GK selesai selesai malah balik lagi ke awal . saya saran kan buat yg susah buat login pindah apk sebelah iqiyi viu atw wetv lebih bagus,0
"Sorry bgt, mulai dari awal pendaftaran sistemnya buruk bgt, mempersulit bukannya mempermudah. harusnya dibiarkan login dulu sampe selesai, kalau udah login, trs mau nonton yg baru suruh bayar. ini mah masuk aja blm, blm tau di dalem nya ada apa aja eh udah kena tagihan. kalo tb tb pas udah bayar trs ada kegagalan login gmna? atau film film yg dikehendaki ternyata engga tersedia dengan baik gimana? rugi dong yg udah bayar.",0
very good,1
knp GK pke suara asli TERS dikasih translate dibawah.. dubbingnya jelek banget... merusak film😑😑,0
"neflix bagus film-film yang aku suka tonton hampir smua ada di neflix ,standar kualitasnya juga bagus dan jernih",1
mau login aja ga bisa sandi salah terus padahal udah bener,0
a very helpful application for watching the latest films,1
"amit amit dah, bukanya apa yaa... mau masuk login aja wajib berlangganan. ga berlangganan ga bisa login. apalah daya yang buat ngecek film doang? anehh",0
tidak ada konfirmasi pembayaran langsung potong saldo parah sekali,0
tidak dapat menonton download,0
"Langganan makin lama, pelayanan makin buruk",0
"langganan Netflix mau nonton Wednesday, tapi di pencarian pun ga ada. kenapa ya?",0
Bagus,1
padahal baru bayar 54000 ribu mau nonton pake akun 1 perangkat doang malah kebanyakn perangkat malah di taikin lagi harga nya jadi 120000k cuman di HP min min gimana sih upgrade ko malah naik harganya kecewa bgt😭,0
saya baru bayar tadi siang tapi kenapa gak bisa masuk yaa tolong perbaiki netflix,0
film y itu itu aja payah,1
"saya tidak ada berlangganan tiba"" kepotong, permintaan refund juga di tolak, apk sebelah aja minta refund masih bisa",0
film nya tiba-tiba hilang di bilang nya kita pakai proxy atau VPN.. btw film yg saya tonton better call saul hilang terus film nya saya harus restart akun logout/login hapus aplikasi terus download ulang hapus data cache kadang tetep gak berhasil juga kesel banget mau nonton udah bayar kok jadi ribet gini habis series ini kayak nya auto berhenti berlangganan mau mencari jawaban untuk permasalahan saya juga bingung mau kemana.. tidak ada solusi,0
mantap,1
MANTABBBSSS,1
ini apaan si akun gw dipake 2 device padahal udah gw log out in smua tapi sama aja gak bisa,0
not good,0
jelek banget,1
APK ELITE LOGIN SULIT. LOGIN DOANG RIBETNYA KEK NGURUS SURAT TANAH,0
apa si gajelas bet dah di muter muter udah bayarr gw Masi aja di ribet ribet kecewa apaa afk ini trus aja di muter muter suruh ganti ulang sandi udah di ganti ttep suruh ganti lagi di kirim link baru beberapa menit yang lalu pas di pencet udah kedaluarsa di minta kirim lagi kedaluarsa lagi ini gimana si pusing gw,0
"netflix ku tiba² gak mau mendownload. padahal jaringan bagus memori juga bnyak, biasanya sangat lancar tapi tiba² gak bisa lagi di dowload cmn 1%trus. sudah saya hapus dan download kembali aplikasinya berulang kali dan sudah restart hp, memastikan wifi aman juga sudah. jadi ntah apa yg salah. mohon bantuan nya netflix atau sesama costumer yg lebih paham 🙏, terimakasih sebelum nya",1
gajelas pelayanan buruk tidak dapat membantu sama sekali,0
"tiba² suka berubah grafiknya jadi yg low padahal udh bayar yg hd, dan saran film lama tayangkan lagi",0
Netflix good nice,1
duit gua diambil netplik,0
sebulan mau play film gabisa-bisaa. loading terusss pdhl jaringan juga kenceng,0
video sexy ya gan yang penting adalah di mana mereka berasal dan tak lama setelah itu sexy yang paling penting dari sebuah perusahaan swasta di Indonesia ensiklopedia yang sama dengan cara yang lain 🙏🙏🙏,1
ini apaan gabisa login jir,0
ribet buat login,0
apa siii saya udah bayarrr ... pas udahh bayarrr kenapaa gbsa ditonton videonyaa.... nyesal saya bayarrr....tolong balikin fiture yang lamaa..... nonton videooo selalu erorrr... dan layarrr hitammm ... hapus aja apk nyaa ... biae tidak banyak orang orang dowload dan buang buang uuang,0
ini dafar ny gmana.?,0
loading doang,0
"buat yg gatau, ini aplikasi berbayar/berlangganan.",0
sandi udh bener tapi tetep salah dan gabisa masuk ke akun,0
error loading,1
uda beli langganan di netflix tapi pas mau masuk akun selalu gabisa sandinya mana uda beli langganan nya amit,0
film yang di tonton ketika berhenti lalu ingin di lanjutkan suka menghilang,0
maaf ni netflix kenapa lagi? daftar putar yg d tonton tetiba ilang.. pas ada d beranda mau d buka gak bisa.. perbulan saya bayar lho ini,1
"ini gimana login nya, padahal email sama sandinya udah bener malah ga bisa-_-",0
eror mulu,0
"lu klo gk niat nayangin animasi mending gk usah tayangin apalah satu series isinya 25 eps tp lu cuma tayangin 20eps udahlah langganannya mahal gk lengkap pula vinland saga,fruits basket dua series ini yg eps per seasonnya gk lengkap",0
serius mau awal daftar langsung berlangganan?!?!! gilee pemaksaan,0
siop,1
app terburuk mengapa kalian tidak menyematkan fitur kualitas vidio tanpa perlu memandang perangkat keras/ lunak,0
tambah film horor indonesia nya..,1
gak bisa masuk padahal sandi email bener gak jelas apk ini jangan download,0
"aplikasi jelek, udh bayar ehh pas masuk ke akun ga bisa lagi. TOLONG KAU BALIKIN AJA DUITNYA KALAU GA BISA DIPAKE NIH APLIKASI.",0
"padahal nonton sendiri pake akun sendiri 1 profil doang masa keterangannya ""Terlalu banyak perangkat yang menonton di akunmu saat ini""?",0
"bug anjaay,tiap play video muter muter mulu,wifie kenceng,udh 3 hari ga bisa play video,muter muter mulu,benerin dulu tuh bug ny!!",1
jelekkk anjj apknyaaaa,0
Pelayanan customer service netflix super duper cepat. Saldo shopepay sempet terpotong gara² netflix padahal sudah nonaktif akun netflixnya. Tapi waktu chat ke Cs langsung respon dan uang kembali. makasih banyak,1
"ga bisa di putar vidio nya,padahal udh saya bayar,gimna sih ini ,tolong di perbaiki dong",0
"apk gaje, gabisa login padahal sandi udah bener",0
udah daftar udah punya akun udah bayar pas nontkn film muter²doang sampe setengah jam padahal jaringan oke kuota aman,0
"mau masuk gk bisa, bikin akun juga gk bisa, aplikasi gk jelas",0
login aja susah amat,0
apk nya bagus tapi tolong dong kasih kecepatan Vidio nya sampai 2x kalau Udah ntar saya kasih bintang 5,1
"sudah batal langganan, kenapa tetap terpotong saldo saya secara otomatis",0
Gak recommended apk nya,0
"sering terjadi masalah saat memutar video (5.10) sudah dicoba berbagai cara tetep ga bisa, kadang lancar kadang ga bisa. kalo gini terus mending stop berlangganan",0
notgood,0
bagus banget saya suka nonton drama.,1
"Gak bisa buat nonton. cuma muter aja, padahal sudah ganti pakai wifi tetap saja tidak bisa. zonk...!",0
udah bayar tapi gabisa nonton keterangan nya pembayaran di tunda udah jelas udah bayar,0
"ni apk g niat ajg, dri tdi kesalahan mulu, ni hapus aj apk dri play store, nyusahin gblok, mau login aja kya mau lewatin jembatan siratal mustakim kntol",0
kenapa disamsung A06 gabisa putar film?,0
sy tidak bisa masuk di netfix padahal sy sudah memasukkan email sy tapi tidak bisa masuk juga,0
bagus,0
bagus,1
"Daftar kurang lebih 3 bulan yg lalu, abis tu ga bisa login. Sampe sekarang 1 September 2025 ngga bisa login, tapi selama 3bulan ini saldo otomatis kepotong hampir 200ribu njirrr. Aplikasi ga jelas, mending bagi yang mau download dipikir-pikir lagi. :( Kecewa banget, login ga bisa tapi kepotong otomatis saldonya.",0
sebenarnya Netflix ini bagus banyak film dubing nya mempermudah banget dan semuanya lancar lancar aja walaupun ketika kita coba log in atau masuk sering terlihat sandi salah padahal benar itu restart aja terus aplikasinya dan kalau benar tidak bisa masuk nya mending pakai email atau ganti kata sandi rada ribet sih dan juga filmnya tidak terlalu lengkap tapi bagus dan keren jadi ya lumayanlah untuk Netflix semoga bisa di perbarui untuk memperbaiki bugnya dan perbanyak filmnya,1
"bagus jir tapi minus nya s1 Spongebob gak ada jadi nya merasa kurang,tapi gapapa yang penting ada Spongebob,horee i like Spongebob,lain kali adain Doraemon series + movie Doraemon nya dub indo,gak ngerti bahasa jepang soalnya",1
susah untuk login ke aplikasi ini,0
knpa jadi GK bisa di buka ini Netflix padahal cuma 1 prangkat yg terhubung aneh .semenjak di perbarui malah muncul notif trus terlalu banyak perangkat.,0
"pembayaran saya ubah dari shopee pay ke dana,tapi tetap di potong dari shopee pay jadi saya bayar Doble",0
"sering stuck loading, walaupun sudah didownload tetap gak bisa terputar. hapus data, relog akun, bahkan download ulang aplikasi tetap sama",0
"baru coba netflix sudah payment tapi vidio gabisa play muter muter loading doang,kecewa sih",1
"orang mau bayar kok ribet bgt gabisa bisa padahal tinggal potong saldo aja ribet nya minta ampun, nol",0
"baru memperpanjang keanggotaan, saldo udah kepotong, masih belum bisa, katanya pembayaran tertunda",0
aneh ga jelas beli paket 180p masih tetap saja kualitas jelek,0
"jujur kecewa, karna beberapa series seperti TAWOG hanya ada 2 musim sedangkan aslinya ada 6 yng membuat penonton menjadi tergantung. beberapa seri juga sudah dihilangkan seperti family guy. overral untuk film² nya lumayan lengkap.",1
Trash app. You have to log in to the TV via the web.,0
"sudah melakukan pembayaran tapi tulisan di tv pembayaran belum di setujui, tolong itu gimana yaa",0
ribet masukin email aj slah mlu apk rusak,0
"sering leg/bug soalnya pas login muter"" terus tak tungguin sampe ketiduran eh bangun"" masih muter""kocak banget",0
bayar cuman buat liat loading aja,0
"ini udah 2 minggu saya gak bisa nonton netflix di tv android, loading terus menerus, kualitas gambar pecah², udah di download ulang pun masih begitu aja, cape bgt dah, berasa rugi bgt.",0
Mantap,1
kualitas nya oke bgt cmn gada kecepatan 2x trs juga kebanyakan film yg mau aku tonton gada trs jg knp kualitas nya ga hd si plis lah ini aku udah berlangganan malah dikasi kualitas yg minim bener² burem bgt 😔😔😭,0
kenapa sya sdh tdak berlangganan tapi masih dipotong woii,0
ga guna,0
sangat bagus,1
"Sangat nyaman karena minimnya jeda iklan dalam pengalaman menonton,kekurangannya hanya film yang tersedia cenderung tak lengkap dan terkadang dalam satu series,ada film yang sudah tak tayang,dan filmnya seringkali ngefreeze yang mengurangi rasa senang",1
buruk,0
"Netflix gimana si? masa banyak film yang gaada, padahal gw mau nonton The nun, the Conjuring, Willy wonka & the chocolate, dan lain-lain, GW UDAH BAYAR MASA KAYA GINI?",1
buruk. sudah saya uninstall,1
dont remove anime🤬,1
"berbahaya sekali sistem Netflix sekarang, saya sudah melakukan tindakan pembatalan keanggotaan demi menghindari tagihan bulanan..,katta sistemnya saya sudah berhenti.. tapi knapa diakhir bulan ini tanggal 31,08,2025. saldo dana saya tetap dipotong?????? smpe saya gak bisa belanja kebutuhan anak2. jadi saya memutuskan untuk menghapus akun secra permanen. kalu tidak bisa juga saya bawa ini ke ranah hukum.",0
"saya gak pake VPN ato wifi, cuma pake data seluler, tapi ada notif dari Netflix bahwa saya pake VPN dan saya jadi gk bisa nonton drama favorit saya. Trus tiba-tiba judul drama favorit saya hilang gitu aja dari Netflix. Padahal saya bayar loh, gak gratisan.",0
"ga jelas,udah beli masak salin link salin link aja,gajelas banget",0
"simple, mudah.",1
"dari tadi coba login atau buat akun baru,tp selalu ndk bisa. selalu diarahkan ke pembelian paket auto delete si kalo kayak gitu.",0
"The movie is good, it just seems like sometimes the movie stops for about 10 seconds, only the sound is there, and.. Where is the anime Ranking of Kingsss???? I like that anime and want to watch it again but it's not there :(((. Wasn't there one before..? :D",1
ga jelas pendaftaran aja susah pake salin link tapi g bisa masuk,0
"kesel bgt kadang tiba2 film yg lagi ditonton suka ilang, dicari judul nya ga muncul, aneh padahal lagi marathon anime tiba2 ilang tuh film nya gaada di pencarian Netflix",1
ribet login ny kntl,0
"ampppuuuuuuuunnnnn, taiiiii banget gagal jaringan server Netflix android mau di tv juga sama ajaaaaa",0
padahal sudah bayar bulanan. kok gak bisa nonton,1
bagus,1
"jelek banget, padahal yang login netflix cuma 1 perangkat masak download aja ga bisa katanya ada perangkat yang lagi download ga bangettt",0
g ada kny infinite castle sia sia beli netflix,1
loading yg begitu lama bikin kesal ngabisin waktu,0
saya ingin batalkan akun dana saya yg terhubung dengan Netflix karna selalu mencuri saldo dana saya tanpa konfirmasi padahal saya tidak pernah membeli bahkan menonton netflik,0
saya daftar bingung banget soalnya harus isi kata sandi maksudnya apa ya saya udah isi kata sandi juga tetep nggak bisa Sama sekali,0
Aplikasi Ter Ribet Sejagad Raya,0
ok,1
"aplikasi nda jelas, nda bisa berhenti untul berlanggan dan nda bisa login",0
bagus sekali menurut gw cocok,1
Sering tidak bisa di buka aplikasinya,0
"gila mau daftar aja susah bgt udah daftar, udah bayar, tiba"" akun keluar pas mau login lagi, pasword udah bener, malah gak bisa masuk keterangan sudah banyak upaya masuk, yaaa gilak sihh apk tolol",0
"jadi yang gabisa login tu, langkah pertama salin link terus buka link lewat chrome disitu baru akan muncul opsi paket 480, 720, 1080 dan 4k kalau maih bingung bisa lihat tutorial youtube.",1
film yang lagi gw tonton kok tiba2 ilang ? di pencarian juga ga muncul ?,0
"kesel banget sama netflix, baru ini kecewa. payment sudah masuk tapi tetep ga bisa nonton, mana ngambil yg 120.000 rb, balikin saldo gua. mana metode pembayaranya muter muter aja",0
giliraan login sistem sibuk aneh banget,0
"Udah langganan Netflix, tapi error mulu pas mau login, kecewa sama aplikasi ini jadi buang-buang uang aja, udah langganan mahal error mulu nyesel pake aplikasi ini.",0
"anime anime yg ramenya pada ilang, kya one piece kaiju dll, server indo pada gak ada, pake sever jepang baru pada kluar, tpi subtitle indonya gak ada, ada apakah ini",0
••••••••••.live,1
apk apa ini sussah kali masuknya......jangan di dontload nanti nyesalll,0
iloveyou,1
susah kali padahal udah benar semua malah gabisa masuk,0
Error banyak drakor yang hilang,0
lemot bngt mau daftar juga lama,0
"setelah update, drama yg sudah setengah di tonton malah hilang dan tidak bisa di akses",0
apalah .masuk aplikasi aja gak bisa,0
zyirizal. Netfelil. Fonlokok.,1
banyak pilihan film bagus dan murah,1
Ga bisa di pake,1
ini bisa download GTA San definitif,1
"daftar yang saya tonton hilang semua kenapa padahal saya bayar mahal"" film yang saya tonton ga ada di daftar saya semua hilang",0
apalah setiap mau nonton terjadi error pdhl udh hps file dan game ttp aj gbsa huuuu app ga ada bagus nyaa,0
bagus,1
aku sudah bayar 65ribu lewat shopee pay dan saldo sudah terdebet tapi kenapa akun ku masih ditangguhkan dg alasan ada masalah pembayaran ????? hilang dong uangku 65ribu..sialan ini Netflix GAK JELAS BANGET !!! BALIKIN UANG SAYA DEH.!!!!,0
"tolong dong permudah pendaftarannya, ribet amat perkara daftar trus bayar doang padahal kolom udh keisi semua ttp gk bisa, saldo udh di lebihin juga males jadinya",1
"Hey, why didn't I subscribe and my balance was still taken? What's this, dammit, it's not my balance, I shouldn't play, just take it, plok, I don't want to know, I want my friend's money back, it's okay to play a",0
"capek banget anj, aplikasi ga jelas, setiap mau pembayan baru selalu keterangan dompet digital telah digunakan di akun lain, lah kocak akun yang tertaut dengan dompet digital ini ya akun yang aku mau bayar ini, gmn sih, masak setiap mau bayar langganan harus perbarui metode pembayaran mulu, ribet anj",0
"kenapa ini aplikasi semua filmnya ga bisa di putar, saya sudah bayar loh ini, ini lama kelamaan kok jadi gini ga jelas banget, mending pindah aja lah ke aplikasi sebelah",0
untuk ubah paket sangat ribet,0
"Apk miskin!!! udh bayar langganan akun gabisa dibuka, terus saldo berkurang 180k setiap bulan, padahal akun udh gabisa di pake HATI HATI JANGAN DOWNLOAD NETFLIX",0
sangat memuaskan,1
mau bayar netflix pakai ovo susahnya minta amppuuunnnn.....,0
"zat, ini dapat di ci Donna dr,,yg dr, r😄😙😙🥱🤭Rz r, Dan XD es a `",1
INI VIDIO YG UDAH DI DOWNLOAD GABISA DI PLAY,0
mau login aja susah banget bikin emosi aja,0
"susah msuknya ,sudah di daftarkan segala macam ttap mntak msukan lagi email dan sandi 🤦🏻‍♀️",0
akses untuk login nya sgt menyulitkan.,0
"padahal udah bayar, saldo udah terpotong.. tpgak bisa log in aplikasi,, gimana ini",1
bagus banget saya jadi bisa nonton squid game menurut saya ini aplikasi rekomendasi banget sih lengkap semua film ada,1
"netflix knp ini, kok ada gangguan yerus, padahal wifi ku baik2 saja",0
"they just remove all of my show, weirdly enough they just remove just on my account.",0
Aplikasi ini tidak bisa login,0
PERBAIKI APLIKASI NYA MAU DAFTAR AJA SUSAH BANGET,0
"kenapa di tv sama di HP nggak sama ya, di hp nggak update ini",1
Kenapa film yang ku sukai semuanya menghilang seperti demon slayer dan Sakamoto days?,1
"ribet Ama, mau nonton film lokal dipersulit, dr pendaftaran aj udh d bikin ribet gmn si",0
"ini Bgai mn sih, ktnya pmbyrannya bln September akhir, in kok malah minta byr sblm waktunya sih...!",1
dari smlm netflix bermasalah ga bs diputer filmnya padahal udh cb segala cara knp bs gt? pdhl jaringan cb buka app lainnya lancar kok,0
best,1
"saya sudah login akun google tapi knpa ga bisa masuk, ku kira akun google ku salah,aku perbaiki lagi tapi tetep gabisa,saya bkin akun google lagi eh tetep aja ga bisa,ini aplikasinya knpa ya? tolong jawab",0
APLIKASI STREAMING terbaik ...,1
"saya sudah donwnload udah langganan enggak bisa di tonto, rugi aja yg ada",0
"seru sih, tapi pas aku udah enggak download/berlangganan saldo ku malah ke potong",0
emang kalau login harus berbayar ya aplikasi gak jelas,0
"Filmnya bagus-bagus. customer servicenya top! barusan baru sadar bahwa kedebet otomatis padahal sudah saya batalkan sebelumnya di aplikasi pembayaran lain, direfund dong.. terima kasih banyak atas profesionalitasnya. kedepannya kalau ada kesempatan saya akan pakai lagi.",1
APK PENIPU GUA UDAH BATALIN LANGGANAN MASA OTOMATIS BAYARR ANJGGGGGGGG DUIT GUA BALIKIN TAIIIIIII APK HARAMMMMMMMM AJGGGGGGGGGG,0
jelek gak jelas aplikasi ini kecewa uda kalong paket 50 rb gak bisa di gunakan kecewa kapok,0
ini kenapa di email tidak ada keterangan pembayaran lunas dari gmail? sedangkan saldo sudah di potong.,0
"aplikasi yang tidak mengutamakan kenyamanan pelanggan, hanya karna qris dibuat oleh China maka netflik gak mau pake",0
sumpah netflix parah banget.. notif nya akun banyak yang pakai.. padahal g ad yang pakai sama sekali...,0
perangkat tidak bisa dioperasikan pada android 13 !!!!,0
tolong di bantu saldo sudah terpotong tapi belum juga bisa bergabung,0
Terjadi kesalahan saat memutar video (5.10),0
netflix nya muter2 mulu di pakai di android,0
daftar aja ribet padahal mau langganan,0
"aplikasi GK jelas, harus banget gitu pake sandi? gak bisa pake email aja? kita Dateng buat nonton bukan cari masalah. ayolah gak usah pake sandi segala gak penting tau gak? terus kalo lupa bikin akun lagi gitu? mending gw kasih bintang 1 kalo bisa 0 aja",0
jelek,0
mantap,1
b aja,1
kenapa aplikasi tidak dapat di unduh selalu tertunda terus,0
"halo admin netflix tolong di tingkatin dong kualitas film nya, perbanyak update film film baru, masa saya bayar 120rb /bulan tapi yg saya dapatin ga sesuai sama yg saya bayar, lama banget nunggu update film nya. terimakasi",1
mantap,1
apa sih ini gak bisa di tonton mau pake data wifi memuat terus masa cuman bisa nonton trailer doang. Jelek banget 😡,0
aplikasinya kurangajar memotong saldo tanpa persetujuan custumer dan tidak ada perjanjian untuk langganan,0
ngelag ini gimana.,0
tetbaik,1
asli parah sumpah... daftar harus bayar... kaga ngotak apa. kek pemerasan aja semua harus bayar . udh la nnton kadang lag... kacau emak apk zaman sekarang,0
bagus,1
dah bayar dan saldo terpotong. pembayaran tertunda. gak bisa nonton. suruh nunggu maksimal 24 jam,0
udah di gak membership lagi tapi malah ngambil duit saya,0
rempong skli daftarnya harus bayar pula,0
mantap,1
"aplikasi busuk,susah digunakan",0
"untuk perbaruan episodenya lama gak kaya yang lain,,, di apk lain udah episode baru,lah di sinih mah lama banget jarak tayangnya sama yang lain",0
bagus tapi sering eror,1
GAJELAS GABISA NONTON LELET,0
"tiba2 film exclusive nya hilang nggak bisa di cari, padahal produksi dari netfix juga, nggak tau bug atau apaan, udh langganan juga bikin kesel",0
ok mantap tapi kenapa sekarang tidak lagi kompatible dengan perangkat proyektor saya awal semulanya didukung sekarang kok tidak bisa lagi padahal udahlangganan,1
bagus banget kartun kartunnyaa!🌟,1
uwow,1
"nih apk, kalau semisal gak ada tugas dari dosen juga, gw bakalan ogah buat download, apa apaan nih apk, keluar sndri mulu, udh gitu g bisa masuk, kalaupun masuk harus ganti katasandi tapi g bisa diganti, terus gitu ad opsi pakai kode, pas udh ad kodenya malah g bisa masuk, nih apk lagi ngelawak kah? pantesan rate-nya aja turun drastis 👎👎",0
keren,1
masuk aja ribet auto unistal....cuma pengen nonton susah ..,0
aplikasi ini sangat baik,1
kenapa tidak bisa berbagi layar? dasar pelit,0
susah masuk kedalam aplikasinya,0
"Gajelas, gak bisa masuk sama sekali",0
"sangat bagus, cepat , banyak pilihan film.. aku mau nanya apakah ntr akan muncul demon slayer infinity castle?? semoga muncul di netflix",1
"masa mau daftar uda masukin email tp gabisa lanjut, tulisanny ""maaf, terjadi kesalahan"" lh kesalahan apa? mau daftar doang kesalahan?",0
KEMBALI KAN TAMPILAN KE VERSI SEBELUM NYA !!!!!!,1
"oy ko g bisa dibuka ini, bagus bgt si apknya cuma nape ini kaga bisa dibuka",1
tolong diperbaiki' kenapa di smart TV susah buka..,0
terbaik,1
"seru sih bisa nonton film biar gak nonton bajakan, tapi kenapa saya setiap nonton loading nya lama banget pake banget, jadi kayak percuma uda bayar buat berlangganan gak bisa ditonton, padahal kuota ada wifi ada, hmm",0
tiba tiba tanggal 24 Agustus 2025 saya lagi nonton dungeon meshi jam 7 am tiba tiba film nya gada dan gabisa di putar dan beberapa anime yang saya tonton tiba tiba gada padahal lagi nonton saya keluar app bentar pas masuk gada aneh emang ngeselin padahal dikit lagi kelar,1
"gajelas banget subtitle indo nya,jauh dari arti sebenarnya bahasa jepang,ini duit buat subtitle nya dikorupsi apa gimana?",0
"kenapa yah, saya sudah berlangganan tapi gak bisa masukin akun, itu maksudnya apa, katanya akun saya tak terdaftar, trus saya harus pake akun yang kayak mana? percuma.",0
"gak jelas, tau tau akun keluar dan gak bisa masuk, padahal langganan setiap bulan dan pemakaian pribadi",0
Warna setiawan,1
baguss banyak bgt film nya!!!,1
sekarang sering ERROR 😰🤦‍♀️🥺,1
"filmnya kurang lengkap contohnya The Raid Redemption1- 2 + boyka undisputed juga tdk ada, tambahan kalau bisa biarkan kami yang belum VVIP melihat isinya terlebih dahulu sebelum harus membeli VVIP agar bisa melihat isi, atau film yang dicari-cari, untuk meminimalisir pengeluaran. 👎👎👎",0
"fully entertaint, a lot of choice movie , documenter and other channel",1
"bisa dibantu, kenapa mau bayar pakai ovo ada keterangan akunmu sudah terhubung dengan akun netflix lain? padahal selama ini bayar langganan bulanan selalu pakai ova dengan nomor yang sama",1
keren,1
sudah dipotong Uangnya pas mau masuk terjadi kesalahan terus,0
saya bahkan tidak bisa buat akun,0
mau daftar lagi aja susah payah,0
saya baru daftar baru 1 minggu di pakai kenapa pas mau nonton di bilang harus bayar lagi bagaimana kah ini netflix,1
Netflix gobs lalajo kudu Aya kouta unggal bulan potongan wae strees,0
good,1
"Ini gimana si cara daftarnya. Ribet banget. Padahal udah mau selesai. Malah di balikin lagi ke menu awal. Ini aplikasi film menurut gw paling ribet si, di bandingin dengan aplikasi film lainnya. Tolong jelaskan cara daftar yang benar.",1
tidak bisa di hapus memori kebanyakan,0
tolong dong dibantu saya langganan netflix ini kenapa saya gak bisa bisa untuk masuk dengam akun saya ada yang tau? jelek bgt skrg netflix ini pokoknya buruk SEKALI,0
film horror nya sedikit sekalaiiiii,1
"banyak anime yg season nya tertunda, ada jg film Wednesday season nya pernah lengkap tapi sekarang tidak lengkap. payah",0
saya sudah langganan tapi tidak bisa menonton film nya,0
Sekarang aplikasinya ga bagus. Aplikasi sering kali gangguan dan tidak bisa menjangkau layanan yang ada.,0
di persulit sekali ya saat ingin mncoba login,1
"ampas... macem aplikasi abal abal gini,menyesal belik premium. kualitas film gabisa setting sendiri, film nya bnyak yg kurang update. klo nonton yg episode nya bnyak ribet carik nya, astagaa🤣. itung sedekah x yaa",0
yg bilang ga bisa ini itu mending lu ganti hp karena yg error hp lu terus yg bilang burik juga berapa hz hp lu atau monitor pc lu 100hz apa 4k ? ya pantes burik klo masih 60/59hz sdm lu keliatan gtuan ga ngerti sosoan koar koar,1
saya kasih bintang 4 dulu,1
email gw dah ratusan masuk aplikasi tapi di Netflik daptar Z. dibuat sulit alasan sandi salah itu salah... bnyak bacot..,0
anime banyak di hapus,0
"gak jelas bngt udah punya akun tapi gak bsa masuk , email salah. no hp salah, ribettttt",0
aplikasi teribet,0
bagus buat hiburan,1
"dalam seminggu, udah 2x netflix nggak bisa dipake. tiba2 balik ke akun lama, history nonton yg lama. history drama yg baru ditonton nggak ketemu kalau dicari, nggak bisa buat nonton serial yg lain juga karena episodenya nggak ada yg keluar. please deh yaa kalau mau update, segera update dehh. ini bukan aplikasi gretongan lho yaa 🫠",0
jlk aplikasinya,0
ok,1
netflix gk ada rencana bikin paket untuk mahasiswa kah?,1
sya cukup lama berlanggann neflik..lama2 sya bosen..pilm nya itu2 mulu monoton..kebanyaknnya drakor...coba pilm movie nya kurang komplit...jdi sya berhenti...,0
"Sudah dftar membayar, sering bug, nggak sesuai ekspetasi pula🙄",0
tidak bisa masuk ke netflik,0
saldo kepotong sendiri padahal baru download gaada konfirmasi lagi ngeselim banget lemot minta ampun,0
"knp Netflix g bisa putar filmnya....aneh buruk, udh update Mash aja g bisa",0
masa harus restart hp untuk nonton nya,0
ribet amat Buat masuknya,0
"mohon perbaiki lagi masalah teknis loading sebelum menonton, selalu delay ""memuat"" disemua film, cek jaringan pengguna? saya tidak pernah ada masalah jaringan lemah dirumah semuanya stabil, mohon pihak netflix untuk memperbaiki masalah tersebut yang membuat pengguna netflix resah. terimakasih, saya berharap ada perubahan lebih baik.",0
hai min saya mau nanya nih padahal kan saya gk pakai vpn kok tetep kena vpnnya ya saya udah cari cari gk ketemu vpnnnya netflix saya dari tadi kek gitu mulu min soalnya,1
"saya kasi reting tinggi untuk kalian liatt, Netflix ini pendaftaran nya anehh",1
aplikasi ini gk jelas padahal udah kasih masuk email yang benar tapi dia bilang tidak menemukan alamat email jelas jelas udah benar aplikasi tolol gk jelas buat apa aplikasi ini di buat kalo gk bisa dipakai nonton hapus aja aplikasi ini dari play store aplikasi gk jelass,0
di coba dulu,1
kenapa susah kali masuk nya..nyesel donlawd..hapus...,0
okeh,1
Best bgt😍😍,1
kadang keluar sendiri akunya terus tiba tiba gak bisa di masukin gak jelas,0
"sering ngga bisa dibuka di tv android, harus bolak balik instal uninstal😡😤😕",0
"bayar sekali belum juga nonton udh ada panduan buat restart alhasil data pembayaran hilang,disuruh login dan bayar lagi,tetep tidak bisa nonton,kalau dana tidak bisa dikembalikan,setidaknya sistemnya diperbaiki.2 kali lo bayar,tetep gabisa,akhirnya kuhapus aplikasinya",0
sy sudah bayar netflix & saldo sy sudah kepotong tp kenapa sy gak bs nonton,0
setiap mau nonton episode keluar terus berasa nonton di aplikasi bajakan padahal kan bayar,0
"sangat bagus. kita bisa menonton drama drama yang kita suka, semuanya ada disini, apalgi drama Korea, sangat lengkap di sini, kualitas juga baguuss. the best pokoknya",1
kurang kumaha jaringan alus tapi Lemott,0
apk jore patut,0
tolong kasih fitur mengganti kualitas secara manual 🙏🏻🙏🏻 please provide a feature to change the quality manually 🙏🏻🙏🏻,0
memuat 2 hari 😂😂 bayar tapi gak fungsi,0
good luck Netflix,1
"stupid, sering ke logout sendiri padahal sandi dan email sudah benar",0
sangat jelek,0
daftarnya susah anzing,0
aplikasi gak bisa terbuka,0
"Eror ! ngk jelas tiba² ngk bisa di buka padahal sudah langganan, please di perbaiki !!!",0
Aplikasi tdk bs di uninstall...bgmna gooplaystore.BERESSSIIINN.PAYYAAHH.,0
kok saya tidak dapat menonton beberapa film aneh sekali.,0
"Makin kesini makin gak bagus aplikasi nya tiba"" suka keluar sendiri di tengah"" lagi nnton pas udah coba masuk lagi riwayat yg kita tonton udah gak ada pasien kita search di pencarian juga gak ada jadi kesel",1
Mau login aja ribet....,0
kalau g niat bikin aplikasi jngn buat aplikasi,0
Aplikasi BUTUT MAU NYA UNTUNG DOANG,0
aplikasinya bagus banget,1
"Overall ok, cuma udh 2 bulan ini ditengah video sering freeze screen dan adegannya terlewat, sudah coba nonton film lain pun sama seperti itu. padahal internet 25MB/s di samsung S24. segera perbaiki",0
"pls netflix gua kenapa jirr masa riwayat tontonan ilang tinggal film"" sama movie doang dicari juga ngga ada mana belum selesai lagi nonton animenya",0
aplikasi abis dibayar malah bilang pembayaran bermasalah 😂,1
yaelah😂😂,0
👍👍👍👍👍👍👍👍,1
"sekarang ada suara² selain dari dialog, jadi mengganggu",0
apk error2 mulu. bngst,0
masalah terus menerus padahal jaringan baik paket data ada,0
"saya kasih 5 bukan karna aplikasi nya tetapi sebab pelayanan servis nya yang memukau satset langsung kelar masalah nya ,puas deh ,makasih yah",1
buffring pas mau nonton. padahal jaringan gw lancar.. tolong lah perbaiki..,1
"tagihan sudah saya bayar, sudah update, tapi dr kemarin kenapa film apa aja gk bisa diputar? suka bintang satu kah aplikasi ini?",1
"pengalaman nya sih bagus bgt, tapi ini kok waktu mau ngebagiin ke ig ga kaya dulu lagi sih🥺",1
"aplikasi Netflix tidak bagus,pdhal udh hapus apl nya tp masih aja ada notifikasi untuk bertransaksi,trs tb"" uang diapl dana udh dikirim ke Netflix,pdhal udh ngk berlangganan 😤😤trs aplnya jg udh dicopot,kok masih bisa ya keambil,dasar nonton aja ngk pernah,tp disruh bertransaksi huuu😏😏😏",0
Saat saya mau login ke aplikasi dan masuk itu gak bisa sudah di masukkan email dan nomor telepon masih tidak bisa kirim kode juga tidak bisa jadi saya kesal,0
mantap,1
bagus saya suka nonton di netflix,1
Ribet syarat masukny gagal terus lagih aneh,0
good,1
sebel bget..ktny suruh di upgrade k versi baru..stlh coba u di up grade h bisa2.. pdahal hp dan memori sangat2 mendukung u pk aplikasi ini.. spertinya harus hijrah k aplikasi la innya,0
makin jelek sudah tidak bisa akses di beberapa perangkat tidak seperti dulu lagi sudah terputar di perangkat lain.,0
sedikit pengalaman gua ya dari awal download ini apl aman² aja tapi sehabis transaksi gua sukses terkirim ni apl malah eror² ga nentu ni bener dah apa gua kena tipu?? tolong hubungin gua pihak nya eh please apl ga bisa di pake uang dah ke kirim ini gmna dong,0
apknya sih bagus buat nonton film tapi masalahnya gimana cara login,0
sangat bagus buat nonton film yang sangat banyak dan menghibur dan bagus barang itu bro,1
"bad bangettt, gabisa masuk kalo ga premium bener² harus beli dulu baru bisa di buka apk nya, makin ribet bad bangett beda banget sama yg dulu, skrg malah lebih jelek pliss",0
hai netflix. masukan aja nih. buat ONE PIECE tolong dilengkapin lagi dong. episode 750 keatas nggak ada. langsung ke episode ribuan. Pleaseeee,1
"rusak bgt diih kocak, masa orng nonton tiba² jdi kaya kaset kusut, kocak kocak sia² banget berlangganan. berlangganan terakhir yaa bos next GAAKAN PERNAH LAGI",0
lagi ga bisa buka netflix hari ini knapa??? kesekiam kali netflix tidak bisa di akses,1
tolong d perbaiki ya ini kalo login incor malu,1
kenapa akun saya jadi tidak dapat terhubung dengsn netflix? padahal selalu bayar tepat waktu,0
gabisa login padahal sudah bayar paket basic 65 rb,0
udh mahal susah lg,0
"kenapa sih,, beberapa hari ini g bs mauk login,,netflix tidak dapat terhubung terus,,,,buata apa langganan,, g bs nonton,,parahh bener sih ini",0
"moso mau nonton tdk terhubung terus, ini ngerjain biar kita bayar tapi gak bisa nonton yah??????",0
udah 5 tahun pake gak pernah bermasalah knp skr sering eror gak jelas,0
"apaan sih, kgk bisa dibuka di applikasi hp & browser Laptop. bayar mahal"" kgk bsa dipke. kocak kocak",0
susah daftarnya,0
good,1
sinyal hanya bagus pada jaringan wifi namun tidak dapat ke neflik saat menggunakan paket data. saya kasih bintang 1 karena tidak menemukan solusi dan harus tetep menggunakan sinyal Wifi.,0
"aplikasi tidak bisa masuk, eror. keluar notifikasi coba lagi. dan sudah berlangsung satu minggu. sudah di lakukan reset, sudah dilakukan uninstall dan install. tetep tidak bisa.",0
sedang ada masalahkah? aku tidak bisa masuk ke netflix padahal mumpung libur mau nonton,1
"aplikasi KONTL, tiba2 logout pas mau login, aplikasi error",0
masalah mulu,0
ini kenapa yah netflik saya eror. katanya pake VPN padahal saya ga pernah pake VFN?,1
"ini Netflix sekarang kenapa dah keluar notif ""tidak dapat terhubung ke Netflix"" terus setelah update, bisa dipake kalo habis restart hp dan itu juga setelah nonton beberapa film balik lagi ke notif sebelumnya",0
udh berlangganan tapi film tidak bisa diputar dengan alasan vpn pdhl saya tidak pernah pakai vpn,0
ini knp neflixnya error terjadi kesalahan tolong donk servernya di perbaikin saya uda update langganan kl ga di tonton rugi,1
"Netflix sering error sering gak bsa masuk, SAMPAH !!",0
tolong ya buat pihak netflix saya sdh tdk berlangganan lg tb2 saldo shoppey saya berkurang tolong di kembalikan uang saya 54rb !!!!!!,0
Netflix jelek,0
"terlalu banyak drakornya padahal ga semua orang pengen nonton drakor,jadi susah nyari2 drama2 negara lain karena home selalu ketutupan sama judul drakor yang berderet2. bikin eneg",0
"Apk penipu, kita udah stop langganan masih aja kena potong.!!!!",0
"Please deh sebelumnya udah bagus, ini setelah update malah banyak film atau series yang hilang gak bisa di searching aneh banget.",1
tidak bisa masuk appk lol,0
aplikasi gento,0
top,1
ko punya saya keterangannya tidak terhubung terus ya,0
"susah masuk dan error terus, padahal pakai gawai yang lain dengan akun yang sama, oke2 aja",0
jelek,0
sumpah udh berlangganan tapi eror mulu gajelassss bikin kesel.,0
"baru banget abis diupdate eh gabisa masuk, udh restart hp jga masih gabisa, di reinstall mo login ulang netflix gak terjangkau halah pen nonton aja ribet amat",0
"disuruh update udah update tp pas masuk tbtb keluar lg, padahal baru perpanjang keanggotaan",1
wahai pemilik aplikasi Netflix saya komen di sini bukan ingin mengkritik tapi ingin meminta tolong hadirkan kembali kartun Shimmer and shine dari season 1-4 saya sangat memohon pada anda. (semoga anda membacanya),1
"apk ngga jelas, cari di pencarian Netflix malah ngga ketemu film yg kita cari",0
"parah aku gak bisa buka Netflix padahal sudah bayar perpanjangan loh merasa dirugikan sangat, udah ikutin aturan untuk hapus data sekarang malah eror gak bisa masuk, mencuri uang dong itu namanya",0
"Saya pindah akun dari hp Samsung ke hp Poco kenapa history tontonannya berbeda ya? pilihan film nya pun berbeda,, saya jadi tidak bisa melanjutkan tontonan saya yg sebelumnya di hp samsung",1
udah Dr kamis tgl 14 Agustus 2025. net flix gk bisa terbuka... Kata nya Tidak Terhubung??? Sy udah Byr Setiap tgl 1 or 2 Sebelum Jatuh Tempo tgl 4. Emai n pass masih sama... Hp Terbaru Memori Byk... Internet Byk... Hello NETFLIX KENAPA KM??? BIKIN KECEWA...,0
Ini kenapa tidak bisa log in ? tiba² log out dan ga bisa mana baru payment langganan,0
"keluar sendiri, malah akunku ga bisa login",0
"gajelas ini netflix ,, duit udh kepotong tapi ga bisa login , mau ngadu ke help center jawabanya bot semua ,, cacat bgt",0
ini juga seru tapi aku tak tahu ini cara ya apa,1
"padahal koneksi jaringan aman² saja tetapi kenapa tidak dapat terhubung terus, menyedihkan",0
"kenapa tidak bisa diakses sudah 2 hari, muncul tulisan kami tidak dapat menjangkau netflix(-2)",0
kacau,1
hdh banyak episode yg kurang contoh nya aj one piece lagi nonton ampe episode 745 terus tiba tiba langsung lompat arc👎👅,0
susah bgt loginnya ah,0
abis di update Netflix sy ga bisa kenapa ya?????,0
"ini kenapa selalu muncul "" tidak dapat terhubung dengan neflix "" why ? padahal langganan nya aktif",0
"napa ngga bisa nonton di tulisan nya gw di kira pake VPN padahal ngga, sinyal lancar-lancar aja, pas gw coba hapus download trus Log in eh ngga bisa 🥲 baru 2hari langganan hadueh",0
"udh 2hari tidak bisa digunakan, tulisan error. tolonglah paket berjalan tauk",0
"saya sudah bayar 54 RB tapi tidak bisa masuk, sampah hapus aja dari plystore penipuan ini",0
knp ga bisa terhubung ke netflix di hp saya?,0
sangat dapat menghibur hari-hari keluarga,1
Netflix nya eror gak bisa masuk ke akun terus film nya kadang suka hilang,0
"masaa ga bisa terhubung,,,padahal udah diperpanjang 😒",0
tidak bisa masuk atau daftar,0
kesalahan mulu udah di bayar juga tetap salah,0
Film sedang ditonton tau-tau pada hilang. Payah Error mulu,0
"banyak flm yg ilang di akun saya,pdhal baru tgl 6 kemarin di bayar,flm2 baru ilang semua,di aplikasi tmn ada,aneh bgt sih pdhal udh lama pke netflix baru ini ngeseliin di bikin fak mood bgt sma netflix..",0
beberapakali download tapi dari televisi tidak bisa di buka hanya 2 hr kemuadian ada tulisan eror -121 payah,0
"Daftar paket ful HD via browser hari ini, pas install apk nya gk bisa login. Menghubungi pusat bantuan gk ada solusi, menghubungi nomor call center nya gk ada bahasa indonesia! Udah bayar tapi gk bisa nonton, dan pelayanan customer care nya gk jelas gk ada yg bisa tanggap!!",0
tidak ada bad guys dua demon slayer infynity castle belum ada,1
banyak masalah nya akun ga bisa masuk terus harus nunggu lagi nanti mending hapus aja ni artiker pusat bantuan juga kaya ga menyelesaikan masalah,0
Pembaruan malah jd tidak bisa login,1
kecewa berat ngak kumplit dan suka telat rilis anime baru baik episode dan anime baru mending nonton bajakan kalo gitu,0
kenapa susah login😭,0
"bagus sih, tapi masa tiba² tidak dapat terhubung ke netflix 😑,, udh di upgrade sampai restart hp masih aja tidak dapat terhubung. padahal jaringan nya 5G loh 😒",0
mendaftar pakai email yg sama tp disaat login tdk bisa digunakan. mnta perbarui sandi stelah diperbarui tp ttp tdk bisa. sdh bayar tp tdk bisa digunakan #rugi260k,0
"Saya minta refund uang, udah langganan tapi gak bisa masuk, eror terus padahal sinyal bagus.. aplikasi aneh.",0
"bingung, pendaftarannya disuruh bayar duluan cok, padahal mau periksa dulu isinya",0
netflix nya buruk,0
tidak dapat terhubung ke netflix,0
ko susah masuk ya,0
aplikasi apaan ini baru pakai sekali udah langsung gak bisa. rugi bayar 65 RB. tidak usah download aplikasi ini. gak jelas,0
"tiba tiba banget tidak dapat terbuhung ke internet, baru seminggu berlangganan udah begini 🥺🥺",0
"Halo admin,masukin dong film superman terbarunya. Agak disayangkan bila gak dimasukkan tapi sudah bayar mahal²",1
sudah bayar di apk NETFLIX malah pembayaran tertunda dan akun ditangguhkan,0
"hi. netflix, saya mau berhenti berlangganan, boleh tau caranya? thx y",1
kenapa netflix eror gak bisa masuk ke akun sudah berapa kali di buka eror terus,0
keluar sendiri tidak bisa masuk lagi. padahal baru membayar langganan,0
Kenapa tidak bisa diakses? tanggal 15/08/2025,0
Netflix memang bagus tapi kadang suka sebel lagi nonton nanti tiba2 berhenti sendiri dan tulisannya tidak dapat terhubung padahal sudah bayar langganan,0
please bring back LOST SERIES!,1
"ga bisa masuk dan tehubung aplikasi padahal koneksi lancar, data cache sdh bersih, perangkat sdh di restart. jelek aplikasinya.",0
"kenapa ada tulisan ""tidak dapat terhubung ke Netflix""",0
"halo, knpa saya tidak bsa nonton ya. tiba"" error. terus saat saya mau login ulang ga bsa login. uda uninstal instal lg pun tetep ga bsa. pdhl sejam yg lalu habis nntn. tolong dong di cek. Tulisannya : Maaf, kami tidak dapat menjangkau layanan Netflix. Coba lagi nanti. ( -2 ) sinyal oke, youtube lancar"" aja. aneh banget. update : sekarang bisa login tp tulisannya ""Can't Connect to Netflix"" sama aja, ga bsa dipakai nonton. capedehh",0
"Sayang, ngga bisa Scroll di TX 98",1
bukan cuma paket sj yg habis tambah bulanan iya jg parah...,0
"saya langganan biasa nonton di tv. tapi kok ini aneh saya pindah ke aplikasi mobile, filmnya malah gak ada, jadi gak bisa melanjutkan nonton di hp. apa salah di hpnya atau apknya yaa ? soalnya kadang bisa kadang ngga. padahal emailnya sama. ada yg gini gak ??",0
bagus,1
Good Job👍👍,1
film terkadang tidak lengkap,1
"saya heran banyak yang komentar negatif. saya ga tau apa masalah mereka, tapi sejauh ini sudah cukup lama berlangganan mungkin sekitar 2 tahun belum pernah menemukan kendala, baik buka lewat aplikasi, tv, maupun website. sebelum pakai netflix saya sudah pernah pakai hooq, iflix, dan catchplay. dan menurut saya netflix tetap terbaik, karena sampe detik ini saya masih berlangganan.",1
"hello netflix , saya sudah membayar biaya paket bulanan . 2 kali dalam bulan ini , tapi kenapa selalu tertunda pembayarannya , bahkan akun ditangguhkan terus . sedangkan saldo saya sudah keluar 2 kali .",0
Aduh bayar nich. G4wat,1
langganan cuman buat maen FM 2024,1
"bintang 3 dulu.. tampilan di Android sudah oke... cuma ketika dipake ke TV Android.. engga ada pilih menu kategori film.. indo, anime, asia dll.. kecewa.. kemudian menu film baru engga ada.. sepertinya ada update disana.. yang ada menu cari, beranda, acara dan film...",1
apk jelek,0
gabisa dibuka,0
tim yang pernah nonton film kpop Demon Hunter episode terakhir suka banget 😭😭😭👏,1
apasih susah bgt daftar login doang,0
"tidak bisa menemukan judul apapun di kolom search, padahal sebenarnya ada di netflix. serial yg ditonton pun kadang tidak bisa dilanjut otomatis/hilang jika app habis ditutup. tolong diperbaiki.",0
"kenapa pembayaran saya tertunda min, knapa akun saya di tangguhkan? 🤬kecewa saya udah bayar langganan akun di tangguhkan 🤬",0
"susah bgt masuknya hadeh, nunggu berjam jam tetep susah masuknya",1
"bgusssss, aku bisa nonton apa aja yg aku mau, udh gtuuu gk ada iklan iklan gjls, bnyk bgt film dari yg terkenal sampai yg terbagus, film film luar juga d kerenn",1
"saya tdk bisa uninstal, menghapus aplikasi...",0
SUDAH ISI PAKET NETLIF 2X TIDAK BISA DI GUNAKAN UNTUK NONTON !!! TOLONG DI PERBAIKI DONG MASA USER TELKOMSEL PROBLEM TERUSS MENYEBALKAN NETFLIX !!!,0
ga bisa nonton film padahal udah bayar langganan,0
"This application is very good, seriously",1
"gambar buram setelah di update jaringan padhl stabil, tolong respon nya , giliran Nagih fast respon",0
Kesalahan 5.10 mulu kesel tau ga... yang bener apa!!! Udah bayar ini!!!,0
"mahal bgt langganan di lu, ga semua ada juga. ogah ahh",0
buat Netflix terimakasih serba gercep bagus pokoknya mah double oill,1
"why you deleted FM24 ????, you know what, i played FM since 98/99, when this app acquisition FM24, i buy your membership even i can search by pass version and play it free, that was my way to recognized how FM team put their hard work, suddenly you stopped FM24 out of nowhere and my time wasted without notification, Netflix SUCKS",0
aplikasi nya gajelas bgt udh perpanjang langganan malah gabisa masuk percuma udh langganan kalo gabisa dipake,0
"GK bisa login, padahal udah berkali-kali 😕",0
saya beli paket dengan berharap bisa memainkan fm24 tapi nyatanya baru bulan ini tidak bisa.. aneh banget sih kalo begini terus.. kalo ketemu solusinya saya naikin bintang nya.. terimakasih,1
"ini kenapa? padahal kemarin baik2 aja, hari ini tiba2 tiap mau mutar film apapun cuma ada blank hitam dan tulisan loading, padahal suara dri filmnya ada, dan lama2 hp jadi restart sendiri, plis fix it",0
Saya sangat suka dengan aplikasi ini karena ada beragam film yang saya sukai,1
ternyata masih banyak video yg tidak ada dan masih ada video yg tidak ada sub indonya,0
Netflix aplikasi yang bagus.,1
sumpah ini game gatel banget sih ini matinya kayak gimana ini kan aku lagi main gamenya tiba-tiba game neet nggak terlalu flu,0
"netflix sekarang sering ngelag, pas mau putar video gabisa memuat ulang terus",1
saya sudah mendaftar tapi aplikasi nya GK bisa di update ulang mengecewakan saya mau dana saya kembli,0
susah buat masuk,0
kenapa gak bisa di update oi,0
reibet ditangguhkan muli,0
saya tidak memerlukan aplikasi ini tolong di hapus Karna menggangu memory saya,0
"kenapa tidak boleh nonton dua perangkat, waktu beli paket Netflix itu bisa dua perangkat secara bersamaan...??",1
cukup bagus tapi banyak kan film nya jangan film hantu aja kasih film ejen ali the movie 2 tayang kan lah plis,1
suka eror masa lagi nonton film tiba2 ga bisa di toton film nya di pencarian juga ga ad,1
saya kasih 1 bintang karna aneh kok saya gak bisa log in,0
gk bisa masuk ahh,0
"admin kenapa daftar tonton saya pada hilang, drama china drama Tiongkok semua hilang diakun ku",1
the best cuma film ny tolong lebih lengkap lagi,1
Gk bisa dibuka udh login beberapa kali teramat sgttt mengecewakan netflix ini..,0
"tolong lah ini kenapa ga bisa muter film, loading terus, cek di fast.id sinyal aman, udah coba restart hp tetep ga bisa, padahal hp sama laptop udah versi terbaru, payment juga lancar tiap bulannya, dan satu lagi.. tolong lah buat bantuan netflixnya diperbaiki, ini lemot lemot bgt apa apaan nih",0
lebih baik versi lama,0
jelek masuk!!,0
"Gambar berkualitas FHD, Suara jernih dan hemat dikantong untuk ditonton sekeluarga .",1
memuaskan dan menghibur,1
"kalau udh habis infoin oon, jgn langsung sedot saldo",0
"ada beberapa film yang macet, rusak gambar pecah gak karuan,tolong admin memperbaiki kualitas film,khususnya umur film 5 tahun kebawah. cek dan upload ulang film tersebut.",1
gw kecewa banget anime nya gabisa di tonton padahal itu anime lama dan anime baru tapi gabisa di tonton gw ngeluarin duit buat nonton itu,0
suka,1
susah banget masuknya masa harus berlangganan dulu kan bisa minimal masuk dulu ke loby nya biar bisa yakin kek ini malah susah,0
"kenapa ya valid terus dan malah suruh ganti aku baru tulisanya, padahal itu sudah benar semua,baru pertama kali daftar Loh ini😏aplikasi jelek",0
ga kumpit mlh udah top up,0
"ya tuhan sumpah netflix apk nya error terus sumpaj,masa aku dari tadi nyoba login malah stuck di logo awal mulu gk bisa masuk masuk anj tolong dong bantuan nya rugi gw langganan kalau kyk gini ya sumpahhhhhhhh",0
ngeselin... saldo kepotong tali pembayaran ditangguhkan... maksudnya gmn coba....,0
setelah diupdate kok beberapa judul yang mncl di deretan lanjutkan menonton jadi hilang semua.,0
susah masuk..harus pake sandi padahal sudah benar sandi nya..tp tetap gk bisa masuk..percuma downlod gk bisa di pake,0
kenapa selesai update bukannya bagus malah eror lanjutin nonton episode baru gx bisa di putar udah berbayar tapi malah gx bisa nonton tolong di perbaiki dong,0
keren,1
"q kasih bintang empat lah, kecewa banget mahhh, langganan q masih lama non aktifnya tnggl 24/08/2025,tapi sdh 3 hari ini tidak bs kebuka atw nonton, tolong donk Dev nya gmn ini, percuma donk langganan tp bikin kecewa😭😭😭",1
pokonya suka banget deh the best👍👍👍,1
"gajelas udah bayar bayar giliran di cari di pencarian gk ada,, padahal gw udah nonton 300 lebih episode",0
repot harus dipaksa beli,0
"dari kemarin tidak bisa menonton, padahal sudah berlangganan. selalu ngestuck pas mau play film, selalu loading terus, bagaimana ini solusinya, masa langganan habis percuma",0
lengkap banget,1
apk gaje ini login nya ribet,0
suka bnget nntn di netflik udah mkh HD lgi,1
"tak kasih bintang 2 soalnya sudah didownload kok tidak bisa masuk, padahal sudah masukkan akun",0
one Piece tidak update episode stak di 750 loncat arc egghead,0
ga bisa buat nonton memuat terus padahal jaringan bagus udh sekitar 4 hari ga bisa,0
aplikasi ga guna daftar udah bener tetep salah Mulu,0
kasih bintang full me,1
sering terjadi keluar aplikasi,0
"lho lho kok one piece nya pake ilang d search ga nongol, kenapa nih, apa udah kena pres Konoha sampe d hapus juga tuh kartun, parah banget sih ini bela belain ikut member, biar bisa nonton aman malah d apus kecewa dan perlu d boikot ini.... sampe di balikin lagi tuh anime",1
"Terlalu ribet, kenapa harus pakai akun segala,🙄",0
bagus,1
kenapa lama sekali memutar film/seris nya tolong perbaiki,0
bikin akun doang disuruh bauar gilakk,0
pintan satu dulu karena gabisa lihat aku masuk emai mulu aku gabisa juga aku kasih pinta dulu aja,0
good,1
"aplikasi tolol, udah berhenti berlanggana, udah di uninstall juga masih aja nyolong dana gue. udah berbayar masih aja filmnya gak update masih film2 lama. Gimana sih pelayanan aplikasi ini. buruk banget.",0
"gajelas apk nya, udh bner masukin email dan sandi mlh gbisa, pdhl itu email asli dan sandi asli, dan gw nyoba semua email gw dan sandi gw semua nya tetep gbisa",0
"kenapa ya skrng Netflix sering banget gak bisa dibuka, padahal jaringan baguss, tolong dong di update layanan nya padahal udah langganan",0
"Netflix kenapa sekarang di TV suaranya kecil kali, tapi di HP normal, tolong la perbaikannya",1
"gajelas sumpah, kalo mau bikin akun dipaksa harus bayar dulu gapaham deh mending apk lain",0
suka nonton don lee⭐️⭐️⭐️⭐️⭐️,1
"Harap memberi notif untuk pembayaran Netflix, tidak memotong saldo secara otomatis dari E-wallet pengguna..",1
no good no good,1
gak bisa login gmn nih,0
sangat ribet dan sangat pelit,0
sub nya delay,0
"mohon bantuan, kenapa netflix saya tidak bisa login lagi (keanggotaan telah dibatalkan) sedang saya tidak melakukannya. tks",0
AYOLAH RILIS SCISSORS SEVEN MUSIM 5!!!! ITU ADALAH SERIS MASTERPIECE!!!!!!!!,0
"baru memalukan transaksi, malah akun di tangguh kan padahal saldo sudah kesedot,",0
TERLALU SUSAH UNTUK LOGIN,0
tidak bisa masuk akun,0
sudah bayar tapi GK bisa login emang B2 lebihbaik pakek vidio aja.!!!!!!,0
seruu bgt bzirrr,1
dikit-dikit ga bisa masuk Nyebelin,1
lumayan bagus,0
saya sudah dowload aplikasinya tapi tidak bisa masuk mohon petunjukny susah kali masuk aplikasinya,0
"nggak bisa masuk, udah beberapa kali dicoba nggak bisa gimana sihh ini greget gueee 🤬🤬👊",0
apk eror gajelas pas mau diputer malah ngeframe gabisa di otak atik hp ku sampe 3 kali mati loh burik emng,0
sudah banget mau daftar,0
payah,0
we can watch the movie easily great app,1
film nya gak lengkap mending bajakan,0
film nya sedikit,0
suka bangettt,1
GTA nggak bisa main GTA,0
ok,1
tolong lengkapi eps one piece 751-1088,1
video tai susah betul masuk nya,0
woi pa bikin aplikasi yang bener dong gw Uda masukan Gmail lalu kanapa ngga bisa sih aku udah kebelet nonton anime yang udah ilang di YouTube,0
kenapa ga bisa di buka?? udah bolak balik uninstall sampe,0
dana kesedot,0
kurang suka soalnya susah buat masuk ke dalam aplikasi nya,0
"sampahhh saya saldo saya ke potong 65 ribu tapi pembayaran tertunda terus, padahal saldo udah ken potong",0
apk burik 👺👎,0
apalah ribet bgt mau jadi anggota,0
"keren, tolong buat mode VR kayanya bagus",1
"keren banget, CS nya sangat membantu sekali. pelayanannya nomer satu",1
"gara"" netflix Tiba-tiba saldo kepotong ntah kok bisa tolong bantuannya",0
ini kenapa malah ga bisa kebuka di tv weeii,1
keren,1
good,1
"kenapa sih udh ngebatalin langganan masih kepotong dana aku, mana enggak di refund, najis banget",0
no ok,1
tolong film Indonesia di perbanyak seperti film believe,1
bagus sih cuman pas mau mendaftar akun nya gak bisa bisa padahal udah benar,0
woi apk knp saya gk bisa nonton naruto lagi,0
banyak adegan yg di potong di stiap movie,0
"buruk, 480p sama saja dengan 240p",0
suka gabisa masuk. video nya... error mulu 5:10,1
"yaallah tolong kembalikan uang saya, tiba tiba ketarik otomatis di akun DANA saya senilai 65.000 itu sepertinya tidak sengaja kepencet fitur langganannya, sayamohon kembalikan uang saya, saya sangat membutuhkanya",0
bagus lah,1
grafik hd,1
sedikit kecewa. film tidak lengkap. padahal banyak platform lain dengan harga yang sama bahkan lebih murah. tapi filmnya lengkap.,0
daftar AZ susah slh trus password,0
"NETFLIK ADALAH APLIKASI SAMPAH !! SAYA SUDAH MEMBAYAR PAKET PREMIUM RP189.000 SUDAH TRANSFER LEWAT DANA EH PAS DI BUKA DI SURUH GANTI SANDI PADAHAL SANDI UDAH BENER, PAS DI UBAH LAGI SANDI NYA ,ADA TULISAN TERLALU BANYAK USAHA UNTUK MASUK ,COBA LAGI NANTI. JUJUR INI PENGALAMAN PRIBADI YANG SANGAT MENGECEWAKAN .JANGAN DOWNLOAD APLIKASI MENIPU INI. SUDAH BERAPA BANYAK ORANG YANG DI TIPU. KALO GAK PERCAYA COBA AJA BIAR KITA SAMA SAMA DI TIPU OLEH APLIKASI INI",0
Yeah,1
Sangat suka bgtttt sama Netflix,1
"sy sdh langganan tp malah gak bisa memutar video. ""terjadi masalah memutar video 5, 10"" sdh hampir sebln. sdh uninst inatal lagi ttp sama saja. mengecewakan aplikasi besar layanan kecil. biar bintang yg berbicara. terima kasih",0
layar hitam kadang bisa kadang tidak nanti di ubah klw sudah normal,0
tidak bisa langganan aplikasi gaje padahal udah menyelesaikan pembayaran,0
"Tiba"" akun di non-aktifkan, tanpa pemberitahuan, setelah di hubungi pihak Netflix baru di beritahu dan jujur kecewa.",0
"tidak bisa di download dan di update,aplikasi eror jelek",0
Adain fitur speed,1
gabisa di download,0
"Netflix kenapa ya sekarang? padahal jaringan saya lancar, mau itu buat tiktok atau game dan ketika saya mau membuka kembali Netflix untuk mengaktifkan berlangganan malah tidak bisa masuk di karenakan permasalahan jaringan. tolong dong di perbaiki padahal saya baru mau mulai berlangganan kembali",0
ga bisa di buka padahal sinyal bagus .banyak iklan jga,0
Pabrik Gula Mantappppppp,1
"jaringan bagus tapi gak bisa masuk, gimana ini percuma langganan.",0
"aplikasi ga jelas mau masuk aja ga bisa sampai pake 3 akun, keterangan sandi salah sandi perlu di perbaharui ujung² suruh daftar lagi, bolak balik situ² aja, kalo bisa rating bintang 0 dah kasih bintang 0 ni aplikasi",0
tidak bisa menonton,0
Tolong perbaiki sistem pembayaran nya donk. Masa aku udah bayar pake Sh*peepay saldo kepotong tapi di Netflix nya pembayaran tertunda sih?? Kan udah bayar jd nya gabisa nonton ini gimana udah 2x kayak gini,0
update mulu,1
susah banget buat login padahal udah masukin email sama password yg bener,0
masuk akunnya ruwett,0
aplikasi gajelas gw mau login gabisa ribet bet mau masuk juga,0
bagus aplikasi nya . tp film nya kurang lengkap.,1
"dulu pernah install tapi hapus lagi ,jujur film nya bagus bagus apalagi yang zombie gitu ehh pas instal ulang filmnya banyak yang hilang jadi fikit apalagi yang zombie",0
film nya udah buluk... jadul banget. mahal lagi...,0
filmnya pada ngegantung yg 2 season kyk welcome to Eden.. ga ada season 3 nya.. dll... trll byk Indonesia sedang saya sukanya film barat menegangkan kyk the canal.. remain.. jumper yg py kekuatan dan smcmnya...,0
"mau daftar pun susah ribet amat, mau daftar mlh diarahin ke berlangganan",0
gwe udh top up ya udh gwe kirim dana tapi masih GK bisa bos,0
best,1
"banyak film yg tidak ada,",1
"aplikasi lucu, cari toy story saja tdak ketemu, cari galactus juga tidk ketemu, APLIKASI ANEH, Rugi sy telah membayar.",0
aku pengen pake aplikasi ini,1
akun sudah benar malah tidak bisa masuk dan ribet banget kalo mau masuk,0
"apk ny yg jelek apa gimana sih?udh bener semuany tapi malah disuruh bikin akun baru lagi,tolong dong di baikin apk nya.",0
bagus bangat Netflix gak kayak Disney+hotstar jelek bangat gak bisa ngakses haha,1
ini knp si susah amat masuk akun ny pake Gmail kok GK bisa di akses2 peke nomberny sama aja tidak valid.lol gimna si ini tolong perbaiki,0
udah ngebatalin langganan eh malah tetep kesedot 🤦,0
"Gak benar ni apk di download ko gak bisa"" udah dia buat smuanya sama ajah",0
payah.. 👎,0
buat akun baru donlot aja ribet banyak syarat harus isi ini itu tapi tetap gak bisa buka aplikasinya gak jelas,0
ini bagus sekali,1
"gabisa di buka, parah",1
bagus,1
sudah berkali kali pake netflix pembayaran selalu bermasalah padahal saldo udah kepotong tapi dari netflix pembayaran tertunda terus terusan. sangat menggangu,0
"kami keluarga tapi tidak satu rumah, untuk langganan kenapa hanya update Netflix hosthold terus. tidak seperti dulu. kalo mau di batas batas saja 5 tv aktif jgn update2 terus2an",0
Kok gk bisa nambah akun dri 4 jdi 5? dan gagal akun ke 5...,1
pertama kali masuk langsung di bikin males padahal email nya udh benar tapi malah gk bisa,0
terimakasih tontonan yang bermanfaat,1
"Kenapa tampilannya berubah..? saya kecewa saat ""Daftar Saya"" di ubah tampilannya, malah sama dengan tampilan yg Di ""Beranda"", jadi bingung mau nonton film apa gua, karena tampilannya gk kecil² kayak dulu, jadi tambah bingung milih film nya, Film yg saya simpan di daftar saya -+ 100 judul film yg saya simpan, jadi kalau mau pilih filmnya harus geser² kesamping, (Jadi Lama), kalau dulu kan geser ke bawah aja lebih cepat, karena tampilan gambarnya kecil², sekarang jadi LAMAAA, tolong kembalikan.",0
udah bayar mahal sulit untuk masuk c padahal akun dan sandi udah bener,0
knp udah di bayar malah tertunda pembayarannya🤦‍♀️🤦‍♀️,0
"baru gabung, lalu top up. saldo udh berkurang. paket ponsel aktif tp ga bs buat nonton",0
"overall good, tapi tolong lebih banyak kerjasama dengan drama atau film lain",1
payah!! pemerasan!,0
nice,1
app setan,0
ini kenapa ya pas nonton film gambar nya suka ke jeda kayak di pause tapi audio tetap jalan dan makan lama makin sering jadi GK nyamanan buat nonton,0
knp awal daftar gk bisa ya.. padahal email dan sandi juga sdh benar. tolong diperbaiki lagi aplikasinya,0
susah mau masuk,0
"gimna si ini udh mana kepotong otomatis dari dana waktu udh bayar langganan lgi ga bisa buat nnton filmnya muter"" trus pdhal mah sinyal jga oke",1
"sebenernya netflix bagus' aja tapi di pendaftaran nya itu loh, padahal udah ngasih email sama sandi yg bener malah bilang email salah, sandi slah agk mengecewakan sih, menurutku juga pendafatran agak ribet soalnya kita kan cuma mau nonton ya,tolong bgt cara pendftaran nya yg simpel aja",1
good,1
"tolol banget masa ga tau apa""tiba""dana gua kena tarik siapan emang",0
aplikasi yang bagus,1
"GABISA LOGINN, PADAHAL SANDI UDAH BENER",0
baguss,1
Baguss,1
setelah up date android 15 di tablet redmi pad SE kenapa Netflix saya TDK bisa dibuka? kalau di handphone bisa? mohon pencerahan nya. bintang nnti saya update setelah masalah saya terselesaikan.,0
kenapa tv saya ga bisa membuka Netflix ya. selalu kode NW-2-5. padahal sy setel untuk perangkat tv untuk netflixnya. apakah bisa dibantu?,1
Pengunduh 1 M tetapi film yang ditawarkan kurang lengkap contohnya resident evil dan jurrassic park malah lebih lengkap website LK21 sudah gratis.,0
JANGAN DI INSTAL ATAU DI BELI KARNA INI NETFLIX PEMAKSAAN HARUS BAYAR KALAU MAU NONTON!!!!,0
"tolong Don min saya sudah tidak menggunakan aplikasinya tapi ttp ada tagihan dan saldo saya si sedot buat bayar tagihan itu ,padahal saya sudah tidak menggunakan aplikasi nya.... bintang 1 untuk apk ini",0
SUKAAAA BGTTTT BAGUS KUALITAS NYA👍👍,1
huu udah batalin langganan masih disuruh bayar,0
bosan nonton disini filmnya ngak update...,0
"emang cara buat daftar kudu muter"" dulu ya kesel banget",1
saya udah bayar ya netflix kenapa tulisan di aplikasi nya saya belum bayar padahal saldo saya udah berkurang tuh mana nih adminya balas dong,0
gak bisa masuk,0
Apk aneh,0
setelah pembaruan netflix tidak bisa dibuka,0
apk nya Berti 👍 Trmksh,1
"Tampilan baru setelah update jadi BURUK. Nonton di TV yang biasanya nyaman pilih2 genre jd RIBET. Harus geser jauh ke atas untuk pilih menu bar. Pilihan kategorinya juga hilang. hanya ada : Beranda, Acara, Film, Netflix saya. Bisa tolong tampilannya d design ulang? Atau kembalikan ke tampilan sebelumnya saja. Thanx",0
sukaaa banget,1
kenapa tadak bisa di bukaa banggg apk nya tolong dong di benerin,0
"padahal akun g nyantol kemana2, cuma ke 1 hp, tp mau nonton g bisa, tulisannya mesti upgrade ke yg nonton 2 perangkat, konyol sekali",0
gak bisa di tonton video nya,0
oky,1
"maaf kasih nilainya segini dulu, karna setiap mau pembayaran terkadang bisa masuk dgn mudah, kadang gak bisa kebuka dan suka error (perlu diperbarui informasi pembayaran lan, salah sandi akun lah, dsb) jadi kurang memudahkan aja..smoga bisa lebih baik kedepannya utk memudahkan pembayarannya..",1
pas mau nonton eror Mulu padahal udh bayar loh,0
bagus banget,1
"pas udah login malah disuruh login terus disuruh lagi lagi dan lagi pas udh bisa login mlh harus bayar,jadi bingung deh tolong diperbaiki lagi",0
Balikin Uang saya min intinya Balikin,0
saya sangat kecewa karena saya tidak bisa daftar.mau dari nomor hp email tetap ga bisa,0
terima kasih,1
sy sering berpergian dan menggunakan netflik di hp dan terkadang di tv saat di rumah. namun pada saat di luar rumah akses di hp sudah tidak bisa karena di anggap di luar rumah. aturan menyusahkan karena harus menggunakan 1 jaringan internet yaitu di rumah.,0
"eror tanpa kejelasan, dan belum ada tanggapan dari pihak netflix nya... Berhenti Berlangganan!",0
tolol kebanyakan eror aplikasinya,0
akun tak dapat masuk ini!,0
i think it will be fun if the audience can leave a comment in the movie. Something like leaving a comment in youtube,1
maharani,1
sunoah ni netflix padahal gw dah batalkan keanggotaan. pas gw top up buat keperluan auto disedot njir balikin duwit gw woiij,1
mau daftar juga ribet gangguan gajelas,0
Sush login,0
mantap tambah terus tontonannya,1
"Filmnya bagus, hanya saja kayaknya kadang² filmnya berhenti sejenak sekitar 10 detik gitu, suaranya aja yg ada, dan.. Dimana anime Ranking of Kingsss😭???? Aku suka anime itu dan mau nonton ulang tapi gak ada :(((. Bukannya dulu ada yh..? :D",1
"gak bisa muter film, rugi mbayar",0
knapa gak bisa dibuka netflixnya di tablet eror terus padahal udah langganan. tolong di perbaiki apknya spy gak rugi udah langganan tapi gak bisa dibuka.,1
karna saya suka sekali,1
saldo shopeepay sudah terpotong namun akun Netflix tetap meminta pembayaran,0
g bisa login,0
"security(keamanan akun) gak banget, akun kena hack 2x langsung terganti emailnya. tidak ada pusat bantuan yang bisa mengatasi cepat. sistem pembayaran langganan juga bisa berbahaya. tolong bantuannya dan peningkatannya. lama lama tidak pakai netflix lagi karena tidak aman",0
kemana aja film bagus nya jir,0
gaa bisa login mulu,0
langganan original blom 1 Minggu udh gabisa putar film lagi itu maksudnya gimana? udh bayar kontan itu astaga,0
ok,1
gak bisa login aneh2,0
jelek,0
cari di google katanya film yg sama mau nonton ada di Netflix. jadi saya langganan langsung eh taunya pas udah langganan filmnya ga bisa ditonton. aneh banget dah kocak2 ni apk.,1
filmnya seru aja sih lumayan,1
susah daftar,0
Krna bnyak yng yng berbayar,0
"setelah muncul notifikasi selangkah lg itu klik apalagi ya min ? di layar cuma ada salin link,cek email sm di pojok kanan atas bantuan dan keluar . bingung banget gk masuk2.",1
"saya ingin download vidio di Netflix, tapi katanya sudah banyak vidio yang terdownload di perangkat lain, katanya disuruh hapus. padahal udah dihapus sama di uninstall vidio sama aplikasinya, tapi tetep gak bisa. filmnya juga gak lengkap. duh agak nyesel dikit karena download Netflix cuma karena squid game.",0
"filmnya tidak terlalu banyak,film yang lama dihapus,harga langganan cukup mahal",1
"SAMPAH! SAMPAH! SAMPAH! bget netflik skrg, ngak ikhlas gua udh beli paketan yg mahal malah eror terus ngak bisa diputar video, stiap kali mutar video ganguan tunggu beberapa detik, udah gua tunggu smpe 2 hari ngak berubah² masih juga kyk begitu, kapok gua langganan netflik",0
"Sering bermasalah. Tidak bisa dibuka dan selalu terjendala jaringan padahal buka aplikasi lainnya lancar. Sudah coba restart ponsel, mode pesawat, hapus cache juga tapi tetap tidak bisa digunakan",0
"saya masih 5 bintang karna puas menonton berupa rupa film di aplikasi ini, pokonya keren dan bagusss yeeyy",1
susah bgt mau masuk akun ajaaa,0
oK,1
belum juga nonton udh minta bayar,0
tilong perbanyak dubing indonesia. I have glaucoma so I can still see but it is very difficult to read subtitles.,0
good job,1
bagus banget banyak drama korea terbagus💗,1
bagus baik dan keren,1
Mau login gagal terus padahal dah sampai bikin email baru masi aja gabisa,0
vidinya banyak sangat jelek,0
bagus,1
"now we have entered the era of AI AGI and AI ASI. I hope Netflix continues to improve and increase its capabilities to become a Super AI, a super AI that can do anything that exceeds humans, an AI that can improve and repair itself, an AI that can analyze and structure documents accurately and in detail to make training on itself or the output that will be produced, an AI that can be fully integrated into the entire system, an AI that can be fully integrated into humanoid robots.",1
"ini aplikasi gk ada peringatan nya kalo paketnya habis, uang saya di aplikasi jadi terkuras sendiri, jadi diperpanjang lagi otomatis gk ada peringatannya",0
gak laku🤣,0
ok,1
"Netflix saya sama sekali tidak bisa dibuka, sudah 2 mingguan dan parahnya lagi saldo saya beberapa hari lalu tetap tersedot untuk bayar langganan netflixnya. Jadi bagaimana ini ya?",0
kasih tema warna warni kalau bisa,1
netflix lumayan bagus tapi di tempat saya agak ngebug sih,1
Sungguh memuaskan,1
terlalu ribet untuk masuknya nya sudah download aplikasi malah di arahkan ke websitenya,0
bagus,1
"sampah, mending hapus saja",0
oke baik apl nya,1
스크린샷을 찍을 수 없어 짜증나,0
"baru aja mau daftar selalu gagal mulu, terjadi kesalahan trus",0
harus bayar kah.. ga bisa daftar anjay,0
"aplikasi jelek, jaringan bagus padahal giliran nonton ga bisa malah disuruh restart hp konyol👎👎👎👎",0
"sudah bagus semuanya , tolong kalo bisa tambahkan donghua",1
PLEASE ADD PERSONA 5,1
bru mau mnontn ya,1
"bagus, tapi sering sekali grafik nya nurun tb tb pdhl saya sudah pakai yang 720 biasanya emang bagus tapi suka kesel kalo lagi nonton tb tb jadi burik kualitas ny pdhl wifi aman aman saja",1
kurang baik,0
good,1
kirain ga bayar jir ternyata bayar,0
udh berlangganan yg 700 tapi. masih aja buram kualitas vid nya,0
"Netflix skrg jelek bgt penggunaan di batasi, mau nnton jd susah loading teruus hufft",0
"saya langganan sebulan,belum nyampai 2 Minggu sudah gak bisa nonton",0
tidak cocok untuk kaum mending mendang,0
apk ngebug dipakai lihat di hp pakai wifi vidionya kagak muter muter trs pas lihat di tv malah bisa kocak coo mending hapus aja ini kalau gk bisa di hp,0
apaan sih nih apk mau login aja gak bisa peh hapus aja nih apk,0
apl nya bgs,1
mau login aja gak bisa padahal baru download katanya terlalu banyak upaya,0
udah bagus tampilan yg kemari ini malah d update jdi ribet cari film nya,1
sangat keren buat hari libur anak2 jdi betah di rumah👍👍,1
"tidak bisa memutar, layar hitam padahal sudah bayar",0
mantap,1
kacau saya bayar tapi skrg gak bisa masuk krn update,0
bagus,1
Sangat seru dan lebih gampang untuk menonton,1
"maaf sebelumnya, apk nya bagus tapi.. kenapa waktu aku ingin login, tidak bisa-bisa terus ya? padahal sudah benar.. gimana dong ini? aku binggung, akun, email, nomor ku benar semuanya kok, tapi tetap ga bisa... tolong 🙏🙏🙏",0
Good,1
luar biasa,1
Bagus bisa buat hiburan,1
"tolong refund dana saya karena saya tidak melakukan pembayaran apapun ke netflix. keponakan saya melakukannya karena ingin menonton tapi apk nya harus berbayar, jadi dia hanya menyetujui utk bertransaksi. baru lewat beberapa menit saja transaksi yg dilakukan. tolong utk ditindaklanjuti komentar saya secepatnya. terimakasih 🙏🏻",0
bagus,1
"Udah bayar udah dipotong saldo pembayaran sukses, tp waktu masuk aplilasi malah salah pasword terus, trus gimana maksudnya. email pembayaran sudah benar sandi juga sudah sama. udah bayar tp nggak bisa di pakai. mohon solusinya",0
i like it,1
"mau buat akun aja ribet,terjadi kesalahan lah, Padahal wifi gw lancar!",0
"karena saya sering sekali keluar dari aplikasi, mau liat film malah hp saya ngefreez sampe ngerestart sendiri",0
kok makin ribet yaa?,0
melakukan pembayaran berulang tanpa konfirmasi,0
ini knp apk nya ga bisa di buka dh??,0
baguss bangett,1
"setiap masuk sandi salah , perbaruan sadi lagi, oke kita ikutin dan Sani sudah di perbarui. masuk Netflix lagi sandi salah lagi. apa coba maksudnya. kita sudah langganan pakai ovo loh . kok kayak gini",0
good,1
mau daftar aja repot bener dh,0
"apk gak beres, nyesel beli pqketannya, gak bisa di buka sama sekali",0
"Sangat kecewa dengan fitur keamanannya ""Bukan dari Akun rumah"" yang menyulitkan sekali login... padahal langganan masih panjang. Disuruh ikuti instruksi buat konfirmasi link lewat email, eh link nya malah gak valid ketika diklik. Akhirnya ga bisa nonton, kecewa sekali, sangat merugikan.",0
"aplikasi bodok gw dah buat akun terus sudah bayar pas mau log in malah tidak ditemukan email nya, kemaren kemaren gw bayar aman aja. sayang juga uang gw",0
ga bisa login. akun ama sandi udah bener tetep aja ngotot sandi salah,0
tolong dong audio untuk bahasa Indonesia untuk film atau drama Korea di banyak in jagan cuma 1 atau 2 film biar seru ntn nya,1
apk ini sangat bagus,1
mantap,1
oke,1
ini sangat bagus,1
Aplikasinya bagus film nya seru jadi enak nonton bareng keluarga.,1
kek apaan aplikasi pass udah bener minta reset mulu. log in salah trus disuruh nunggu lagi,0
bagus,1
kurang lengkap!!!,0
aplikasi anjeeeengg dipaksa buar bayarrr emang gak becuss ini aplikasi,0
"aplikasi ppk loading mulu ga kelar² di hp netflix gt10 pro, di hp lain bisa semua langganan 180 an sebulan pepek pepek",0
kurang bagus update kali ini,0
good film,1
okkkkk,1
keren pokoknya seru kalau di tambah ada komen,1
jelek,0
"kebanyakan flim yang di cari ngak ada. kurang update dari segi flim-flim baru. terus flim nya kebanyakan pisah-pisah. contohnya, musim 1 nya di netflix dan musim 2 nya di disney, padahal itu dalam satu judul. tolong untuk pihak netflix agar flim-flim nya terus update, supaya pelanggan dari netflix tidak beralih ke applikasi yang lain. sekarang sudah banyak applikasi yang menyediakan flim-flim yang ter-update. di tunggu perbaikan nya.",0
ga bisa di bukak,0
gagal masuk aplikasinya bangkrut,0
subtitle Indonesia kdg ada kdg gak,1
kenapa akun saya gak bisa masuk padahal udh diganti kata sandinya TPI tetep gak bisa masuk tolong perbaikannya,0
very good,1
sampah,0
mau ganti paket aja susah minta ampun permudah lah pea,0
goceng digasken,1
"Ini kenapa lagi... Padahal baru sja diperpanjang pembayarannya kok malah bgelag gak jelas gni... dibuka dari kemarin gak bisa, muteeer aj... padahal kuota jaringan masih full... Klo kayak gni terus, mohon maaf dada babay aj...",0
Menurutku Sih Bagus Ku Kasih Bintang⭐⭐⭐ Dulu Deh☺️,1
"ribet tlol, pake ada problem household segala, udah bayar mahal, mata duitan, kualitas produksi film netflix juga ga sebagus itu.",0
aplikasi gal jelassss,0
"kenapa ga bisa di buka, padahal aplikasi udah di update?",0
"saat menonton film hanya memuat terus padahal jaringan stabil buat nonton tapi hanya memuat melulu, film nya di download pun hanya memuat melulu, sudah offlin relog juga memuat, online relog nnton yang suda di download memuat juga, semuanya memuat, berbayar percuma, jaringan padahal lancar jaya",0
gx mutu.... apk gak jelass,0
"kenapa email saya tidak valid dan tidak bisa digunakan untuk login Netflix, padahal email ini bisa digunakan untuk login ke aplikasi lain tetapi kenapa di Netflix tidak bisa, aplikasi Netflix rusak atau bagaimana?",0
Aplikasi tolol. Mau login via kode gabisa karena terlalu sering make kode. Lah gua baru mau login bodoh,0
Gak ke buka,0
"ini tiap bulan di bayar ko update film nya lambat banget.....!! seneng bangt menyandang review buruk...!! sombong kaya nokia gtu, akhirnya tumbang....?????",0
bagus banget,1
Sangat bagus,1
netflix cak mana jelaskan ya duit saya di ambil dengan lu karena saya izinkan ke Shopepay jadi di ambil 186.000 ngak ada setujuan saya malah di pakai dasar aplikasi dak guna gua tunggu kembali duit gua itu banyak 186.000 cok dasar netflix idak ada Guna ngambil duit belum di setuju sama orang nya,0
bad,0
aplikasi paling keren saat ini,1
seruuuuuuuuui,1
okee,1
pendaftaran terlalu ribet lebih ribet dari daftar pns,0
aplikasinya bagus,1
"isinya bug semua. Pake WiFi ga bisa sama sekali, pake data pun ga semua film bisa diputar. padahal saya udh berlangganan bertahun² tpi semakin kesini malah semakin banyak bug. android 14 .",0
ok mantap,1
ok,1
g bisa login,0
🗿👍,1
"daftar aja ribet minta ampun masa udh 2 email ga bisa bisa,niat ga sih ??",0
Ok....👍,1
"film nya ngk ada yang baru, film lama semua",1
Good,1
awalnya gratis ujung ujungnya bayar tiap bulan,1
Netflix CUKII SALDO GW DI KURAS TRUS ANJM,0
keren,1
ok,1
lain kali daftar akun di permudah ya admin apa apa ini baru mau masukin akun aja ribet minta ampun dah lah di suruh nunggu lama buat masukin ulang,0
bagus banget..,1
apresiasi,1
"Aplikasi penguras saldo, setiap bulan tiba tiba ambil saldo!!!!! Padahal udah gk pernah nonton",0
apk sampah masa mau daftar aja harus beli dulu premium daptar accone doang loh sampah banget netflix,0
bagus,1
paling gx jelas apalagi klw dismart tv,0
sudah dibayar tapi tidak bisa di tonton gimana sih,0
"vidio lag terus, saya putar memang suaranya terus berjalan tapi vidionya berhenti",0
jelek,0
aplikasi gk guna udh coba berkali kali log in ngk mau padahal semuanya udh benar buang buang data aja,0
"daftarnya susah, ribet",0
"Makin Parah, biar berlangganan juga film belum TAMAT sudah hilang, tdk ada update. Anime Kingdome mana ?",0
Netflixxxxx tambahin film Chi's sweet homeee😭😭😭😭😭😭😭,1
netflix is the best aplikasi,1
"Jujur saya agak kesal dengan Netflix karena persyaratan nya itu mudah tapi saat sedikit lagi untuk selesai,, di situ saya tidak paham karena di suruh menempelkan linknya di browser,,sedangkan saya sendiri tidak tahu browser apa?? Atau di suruh melihat kembali Email tapi saat saya lakukan, dan kembali lagi,, saya belum bisa masuk entah kenapa,, kenapa saya kasih bintang 5?? Agar bisa melihat langsung di saat melihat ulasan",1
frte😍,1
daftar aja susah banget,0
sangat bagud bagus banget aku suka,1
terlalu banyak film yg gada,0
ini kenala error baru 2 hari langganan udah error,0
dah gila main sedot2 aja saldo orang tanpa izin atau minta pin,0
top,1
bagus,0
aplikasi ribet....daftar doang juga,0
Mantap,1
"Error melanjutkan menonton. Banyak film yang saya tonton, namun saat ingin melanjutkan terjadi kesalahan/error saat memainkan film. Mohon agar menjadi perhatian saat update beriutnya. Terimakasih.",1
"gajelas kenapa film nya Ndak stay aja, kenapa ada batas waktu nya",0
Aplikasi nya sangat bagus banget dan berkualitas. Semoga aplikasi ini jadi terbaik lagi di dunia No 1. Amin,1
ok,1
"sangat bagusss sekaliiiiii flem nya serruuu seruu dan bermanfaat, yukk donload sekarang pokok nya gak akan kcewa😍😍,tapi agak sdikit susah pas login nya",1
I WANT TO WATCH A MOVIE 🤪🤪🤪🤪,1
apa apa salah pake sandi salah pake Gmail salah saya saranin gak usah di pake,0
netflix gua tiba2 gabisa login lagi padahal masih aktif member nya. sudah coba login masuk berkali2 dari kemarin gabisa2.. parahh,0
good,1
"apliksi scam,sudah bayar premium malah dibatalkan keanggotaan,uang tidak dikembalikan,mulai skrg tidak mau lagi premium di aplikasi tidak berguna ini",0
"tolong dong film film lama yang masih layak di tonton jangan hilang, bukannya tambahin film film yang kurang peminat bahkan dari ratingnya aja udah kurang 🥲 please ya netflix udah beberapa kali kecewa, mau nonton film itu waktu filmnya masih ada tapi sayang masa nya udah abis pas mau langganan lagi filmnya udah gaada 😭😭 tolong tambahin film western yang romcom jaman dulu plisss 😩",1
apk susah masuk.. apk Sampah..auto delete,1
saya tidak bisa masuk alasan nya tidak ad verifikasi tolong di permudah dong agar yg lain bisa lebih mudah menggunakan apk Netflix padahal saya ingin sekali menggunakan apk ini,0
kita semua sayang icha😝😜🤭😹😘Netflix aku pengen aib sampe season 10000,1
KOK SAYA GK BISA LOGIN YA ??? KLUAR MULU.. GMN INI ?,0
Aplikasi BODOH....,0
kurang upgratd film nya,1
nonton SOUID GAMCN3etflix Anda bau SOUID GAMC4,1
sedap,1
terbaik dalam informasi perfileman,1
"udh 2 hari ini ga bisa nonton dr hp, loading mulu. padahal udah update. kalau pake laptop mah lancar sih.. kira2 knp ya?",0
Puas banget oi nonton film populer apapun ada,1
kaga jelas udah bayar suruh bayar lagi aplikasi dongo,0
aman jaya,1
"kenapa setelah transaksi saya d suruh ganti sandi terus, gak mau masuk, giliran pembayan gampang banget, sampe sekarang saya GK bisa masuk",0
best,1
kode error NSES-500,1
sangat vagus,1
"neflix update an di tv nya jd jelek, kita jd susah buat nyari per genrenya aduhhh. balikin aja kaya dulu",1
"mahal doank, klo ujan gambarnya gak jelas n kebanyakan putus2. Tdk berkwalitas",0
Device manapun luarbiasa tenang menonton,1
saran tambahin anime Eyeshield21,1
bug loginnya euy meresahkan,0
selalu eror,0
pay to win pay to win mau nonton doang bayar mana mahal lagi hedeh serba pakai duit gila duit nih dev nya,0
kok dari semalem aplikasinya gak bisa dibuka ya?? apa emang eror atau gimana??,0
"Bayar berlangganan mahal, tp film nya gak lengkap banyak gak ada daripada ada nya !!! 😳🤏",0
Mantap Sloermd,1
oke,1
bagus,1
"gimana sii ini netflikx udah tau pas daftar email sama sandi nya udah bener semua tapi masih aja gak bisa masuk selalu ada bacaan""maaf ada kesalah coba lagi nanti""kesalahan apa coba dongo",0
gak bisa masuk,0
tidak bisa login,0
muncul tulisan jika sedang berbergian maksudnya apa masak gk bisa dipake,0
"log in susah ,sering log out sendiri, akun pribadi sandi salah terus, govlok memang apliksi ini berlangganan terus tinggal log in aja gak bisa. pindah aja ke aplikasi sebelah",0
bagus,1
The app so good best people try ok,1
sangat baik,1
"kacau muteeeerrrrr aja teroooooos padahaL Lg seru""nya",0
Ga bisa kebuka,1
"terlalu maksa, ga bisa masuk kalo belum langganan. harusnya kasih mode guest supaya bisa lihat ada film apa aja, percuma bayar kalo isinya jelek",0
bagus,1
bagus ini ada anime kesukaan ku😋,1
ribet amat masuk aja bnyak syaratnya hadeehh,0
film aja gak ada ampun gua mah,0
terlalu ribett masuknya,0
Netflix kang maling duit,0
mau daptar aj bingung.,0
"sukaaaaa,selalu update yaa sama film baru",1
"the translate only japanese, why? do u think live in japan only japan people, why just u make all the same for all country. dang bro.. can u think again...",0
bagus banget,1
"udah mahal, film ny ga lengkap pula",0
aku instal ternya ta bayar jadi1/4,0
app sampah.. error trus tiap mau di buka.,0
"uda bayar 54 rb tp ternyata isinya drakor lama yg terbru on going gak ada sm sekli kbnyakn yg uda tamat baru bisa dilihat pdhal diplikasi lain mah gak usaha bayar update terbaru, sayang sekali gak lanjutin lagi kecewa uda bayar mahal ku kira bisa lihat paling pertma nyesel uda berlangganan",0
ga bisa masuk,0
bagus,1
bagus :),1
Banyakk bugg naa pdhal udh langganan juga,0
filmnya banyak yang jelek kalah sama aplikasi gratisan,0
kontoll aplikasinya ga bisa dibuka,0
keren bgt apk nya,1
"buat akun aja di ribetin njir, najis banget",0
"pengalaman paling buruk udah beli paket sebulan,720 kualitasnya tapi 10 hari lagi mau habis,nggak bisa lihat movie tulisan memuat terus, telpon cs 3 kali sudah buat semua tetap sama,udah pakai wifi internet,udah hapus install lagi,tidak bisa juga .telpon cs lagi hasil pun takda.. banyak tanya lagi cs, android berapa merek hp apa, jaringan apa...konyol,kalau Castmer udah membeli paket bulanan nggak perlu lagi mau telpon Cs tri/Telkomsel konyol aja...",0
selalu error (5.10) kalau di putar di tab. padahal OS dan app sudah versi terbaru,0
agak kecewa masih banyak film yg mau di tonton tapi belum ada di sini,1
"sering error, kalau kaluar dari app disuruh login terus dan pasti ga bisa login",0
mantap,1
jelek gk bisa login,0
gajelas gua mau login pake akun email salah mulu padahal udah bener email nya tapi gak bisa masuk,0
8 u,1
ribet mau masuk aplikasinya,0
"semuanya udah oke, tapi setiap bulan setiap mau bayar selalu kesusahan asik di suruh ubah metode pembayaran, ribet banget, tolong dong di permudah lgi cara pembayarannya.",1
saya kasih 4 dulu soalya baru mau cobo klo bagus aku kasih 5 bintang,1
gak bisa di daftar,0
oke sip,0
👍👍,1
sukak banget,1
ribet banget kecewa berat sih padahal mau nonton film tapi ribet banget mau daftar nya😡,0
iklannya dong itu ganggu banget tolong,0
"gk jelas, sdh dftr beli paket 193 tp malah gk bisa dipakai, masuk aplikasi sja susah. disuruh dftr beli paket lg,padahal yg 193 ne belom lg dpt d buka. yg jelas donk sistem nya,, mudahkan konsumen",1
BARU AJA BAYARR NETFILX TAPI GAK BISA LOGIN INI APLIKASI SCAM INI UDAH BAYAR TAPI LOGIN GAK BISA DENGAN DALIH (-56) PADAHAL CUMA LOGIN DI HP 1 AJA,0
gimana ini aplikasi scam ga bisa di pakai,0
kenapa translate indonesja jadi bahasa melayu? Tolong diperbaiki dong admin Netflix indonesia🙏,1
"nyesel langganan, film yang mau di tonton aja nggak ada, anime movie juga nggak masuk, banyak film-film bagus malah nggak ada, terus ini isinya tu apa. benar benar nggak berguna",0
Baru juga mau daftar tapi dah langsung di suruh berbayar baru bisa buat akun,0
"saat mendownload video, progress nya stuck, saya sudah mencoba semua nya dari mengosongkan ruang penyimpanan, reinstall aplikasi, menghapus chace, restart handphone dan juga relog di akun netflix saya, mohon bantuannya, sinyal saya juga cepat",0
"bagus y,aplikasinya",1
maaf sebelumnya admin kenapa pas saya mau top up tiba-tiba terkirim aplikasi ini mohon bantuannya,0
"pas daftar malah di suruh login, padahal belum ada akun yang di buat sama saya, pas saya reset sandi bisa tapi pas login gabisa, ga jelas dan bikin bingung",0
ini lama2 tagihannya mahal. padahal filmnya itu2 aja.. tagihan awal hanya 80 rb an sekarang 186 rb tagihannya... apa2an ini aplikasinya 👹👺👹👺,0
"Cuma g langganan beberapa hri aja udh hrus gnti metode pembayarannya, emg hrus bgt gitu ya? cpe loh gonta ganti pembayarannya",0
minta tolong pa. saya udah punya akun di netflix. dan berlangganan. HP saya format. dan saya download lagi netflix cuma lupa email dan sandi nya pa terimakasih atas bantuan nya pa.,1
OK,1
"jelek bat nih apk suka ke logout sendiri terus pas dicoba login malah gabisa mulu selalu terjadi kesalahan, pas coba gunain kode masuk juga gabisa. Kalo gabisa gunain kode masuk mending hapus aja pilihan itu. padahal waktu berlangganan masih banyak terus udah di-update juga. Gimana nih Netflix percuma dong berlangganan tapi gabisa nonton",0
bisa minta tolong pa saya format hp lupa email sandi .. jadi tidak bisa masuk netflik.. saya sudah berlangganan pa.. tiap bulan bayar pa. makasih banyak atas bantuannya,1
sudah langganan tapi tidak bisa login,0
bagus bngt aplikasi nya,1
tidak bisa login,0
aplikasi kikir,0
grafik enak buat di nonton -film nya ajah ga lengkap jadi agak bosan,1
Untuk Masuk Susah Skli.tdk seperti aplikasi yg lainnya👎,0
sudah perbarui pketan lngsung otomatis tidak da pemberitahuan Mlah error ga bisa kebuka film nya tolong diperbaiki,0
sangat Bagus,1
gk guna,0
aplikasi buang buang kuota segala ini udh berkali kali untuk daftar ke akun dalam aplikasinya tapi kenapa tidak di terima segala malah selalu di tolak tolak terus disaat mendaftar kan ke akun pribadi masing masing selalu di bikin ribet sehingga buang waktu hanya karna aplikasinya,0
manfaat,1
kurang karna bayaranya mahal,0
Netflix saya eror sekali mana bayar lagi GK mau rugi banget gimana misalnya orang GK punya duit buat Beli tolong deh segera di perbaiki Netflixnya mohon sekali saya sangat tidak sanggup lagi menahan,0
susah untuk daftar!! tolong dong netflix jangan susah susha buat daftar tiap mau daftar selalu di buat ribet!,0
"pls, perbaiki klo incor incor gitu..",1
"bruh, sekelas Netflix dikit bet filmnya, tambah lah masak kalah ama lok""😹",0
dipersulit buat mendaftar 😑,0
gak bisa dipakai,0
"INI APAAN SI, aku udah bayar 65k tapi tetep ga bisa login ,giliran login ulang malah di suruh bayar lagi, jijik bgt, balikin duit gua, padahal mah belum nonton apapun, niatnya biar ga nonton bajakan, giliran mau nonton yg legal malah susah bgt",0
sudah setahun saya pakek Netflix film nya itu itu aja gak pernah ganti,0
apk bug waktu pertama kali daftar masuk di suruh isi sandi padahal sandinya sudah benar masa di apk ini sandi nya di bilang ngak benar padahal di apk lain saya masuk sadi google ini benar (kesal),0
episode nya gak lengkap,0
aplikasi sampah gua login kagak bisa,0
bagusss,1
"loginnya susah bet, dah ini mau laporan ke polisi apa login nih 😹😹😹😹😹😹😹😹😹😹😹😹😹😹😹😹😹😹😹😹😹😹😹😹",0
ok,1
banyak glitch,0
bagus banget saya suka,1
apk ribet dan ruwet,0
sungguh luar biasa membuat kantong ramah dapat hiburan,1
Netflix kenapa GK bisa login padahal dah bener emain sama sandi tapi tetep GK bisa heran gua 😒,0
film tidak bisa di putar kenapa ini,0
okee,1
saya tidak menyesal telah membeli netflix premiun,1
bagus,1
sinyal bagus gak bisa dowload gimana aplikadi bayar gk busa download film gimana to,0
"mau daftar aja ribet , harus ke dana dulu , gagal terus lagi",0
Busuk,0
cara login yg aneh,0
susah bgt daftar nya dahlah capek mnding pake apk ungu(L)aja gampang,0
bagus,1
waste of money,1
parah sih filmnya masih banyak banget yg gaada..,0
aku belum paham gimana cara masuk Netflix aku kaya bingung banget himana sihh cara nasuk nya padahal aku sudah naro email sama no telepon terus ga bisa emang harus gimana sihh masuk Netflix susah banget sunpahh,1
"apk norak ketinggalan zaman masuk doang gak bisa, gimana mau beli, setidaknya bisa lah masuk ke beranda apk nya untuk lihat lihat film yang tersedia dan trailer nya, mana tau ada film yang menarik dan jadi berlangganan, karena itu para penggemar film jadi pindah ke apk gratisan yang menyediakan banyak film bisa di tonton secara gratis!!!",0
SUKA,1
"sandi udah bener tapi malah muncul tulisan sandi salah,udah bener kata sandinya,udah ku cek juga sama tapi kok sandi salah!",0
Good luck and the city of wae dia nyaa yaa sayang byee assalamualaikum,1
bgus,1
aplikasi gk berguna,0
susah mau masuk,0
"udah bayar mahal mahal ,kaga bisa download, padahall ga pernah login di divice lain ,emang kocak rugi rugi padahal udah sering langganan",0
Netflix has a very wide and diverse content library I can find movies and TV shows from various genres and countries I'm really impressed with Netflix's recommendation feature.lThe app always suggests movies and TV shows that I'll enjoy,1
Mau langganan aja ribet ya nek,0
"aplikasinya tidak bagus, kita suda beli untuk nonton pada saat sudah beli malah gak bisa nonton film. aplikasi abal-abal",0
tidak bisa login salah trs,0
baru juga makek udah jelek banget aplikasi nya masak mau masuk gak bisa pdahal alamat email bener,0
"ini kenapa kaga bisa login kocak, masa sandi salah terus orang semuanya bener tolong ini dibenerin lah gw mo main football manager doang kaga mau nonton film",0
cara login nya gimana 😭😭,0
bad,0
disuruh login eamil pula,0
tidak bisa login akun. padahal password yang dimasukkan sudah benar,0
kenapa sekarang Netflix jadi aneh. film yang di download ngk bisa di putar offline atau online. rugi udah langganan,0
BISA MAIN GTA SA NDREAS BAGUS BANGET MANTUL CAKEP KEREN BANGET 😀😀👍,1
kualitas nya bagus,1
terbaik,1
terlalu banyak korupsi sehingga kesalahan yang fatal tidak ada perbaikan.....,0
sangat lengkap,1
bagus,1
"sya pelanggan Netflix, tolong film dan drakor2nya yg terbaru lebih d banyakin dong!! masa sih byr mhal2 tp tontonan ngk byk pilihan,",1
kecewa sih. kirain ya mudah pendaftaran akunnya. eh perangkat gak didukung mau login aja gak bisa😒😔🙄,0
selalu susah kalo mau nonton film apalagi versi pc nya selalu ngga bisa masuk jadi rugi berlangganan,0
aku ga bisa login😭😭😭,0
aplikasi mantap penghilang setres 🥰🥰🥰🔥🔥,1
jelek banget kayak gini nih kalo mau download harus bayar beda kayak dulu Netflix,0
"sudah bayar malah nggak bisa dibuka, baru besoknya bisa burukk, mana eror ..!!!!!",0
Knpa sya tidak berlangganan dana sya di potong ad pembayaran netflix tolong kembalikan dana sya,0
Netflix ini gimana saya sudah bayar paket tulisannya pembayaran tertunda..tertunda dari mana orang saldonya dah hilang mana ga refund lagi,0
selalu ada beri paket,0
"padahal sudah lama berlangganan Netflix, mau login ulang susahnya minta ampun,,",0
kok gak bs play ini knapa? langganan msih tgl 19 hbisnya. why??,0
pembuatan akunnya ribet,0
ada film favorit ku favoritku one piece,1
bagus banget tapi mahal tapi worth it sih buat kaum rebahan yang suka liat film,1
mahal bet,0
"belumm mulaii sii, tapii ngedowload Netflix cumaa buatt nonton squidgamee aaaaa tapii emangg di Netflix terthebesstt dehh soalnyaa semuaa adaaa",1
film dengan tulisan season baru tapi isinya tetap season lama,0
nice,1
Saya sudah mendaftar kenapa ketika mau masuk ke akun langkahnya berputar-putar terus. Sandi sudah saya ubah tetap tidak bisa masuk.,0
"saya menggunakan paket keluarga, dan aneh nya cuman di hp saya saja yang tidak bisa memutar video selalu ada tulisan memuat, awalnya lancar tiba2 masalah ini muncul dan sampai sekarang udah 3 minggu saya tidak bisa menonton dan masih saja ketika nonton ada tulisan memuat nya. tolong direspon admin nya bagaimana bisa terjadi seperti ini",0
ini semua video kaga bisa di play nyesel bgt langganan udah mah paket yg mahal!!!!,0
jelek,0
suka aja sih,1
"makin kesini makin gajelas, mau ubah sandi aja error terus padahal no sama email udah bener semua. pas mau konfirmasi password baru malah error anehh anehh. mau login lewat kode masuk malah kena suspen gajelas gajelass",0
susah masuknya ribetttttt,0
Suka,1
"tolong dong,pembayaran tarik saldo otomatisnya d hilangin,, KLO bisa tunggu ACC dlu,jngan tiba2 nyomot saldo orang,sama aj lu maling,, kepake kga tuh akun,nonton juga kga prnah masa bikin akun doang suruh bayar,,",0
mau login bermasalah padahal sudah berlangganan 👎🏿,0
Film gak ada yg terbaru dan terupdate.!,0
"terlalu ribet, byk loading.",0
masuk susah banget sandi salah mulu padahal udah di perbarui,0
"saya sangat sedikit kecewa dengan Netflix, karna saat saya memasukan Gmail saya dan sandi saya langsung muncul tulisan perbarui akun,Padalah saya sudah memperbarui akun saya tapi kenapa tidak bisa masuk tolong bantu saya 🥺😔",0
jelek kagak bisa masuk walaupun udah buat akun tolong Netflix ini bagaimana,0
ribet banget!!!!!!!.,0
"saya baru download Netflix mau daftar tapi malah harus langganan dulu,, langganan nya mahal banget 54 ribu,,tolong lah kasih gratis selama 5 hari pun gak apa apa",0
"capek banget yaallah, mau masuk aja udh pakai 3 akun dan katanya SANDI NYA SALAH udh diperbaiki tetap juga SALAH kok makin kesini makin aneh ini aplikasi gk jelas ntah apa yg mau diperbaiki nnt dibayar susah masuknya minta bayar kencang kali tulisannya pas mau masuk asik salah terusss padahal udah bener akunya, udh di jeda juga tetap salah nggak tau letak salah nya lg",0
sorry netflix aku kasih bintang satu karena kamu udah hancurin cerita resident evil di game dengan membikin action film yang berantakan dan kacau balau serta memperlihatkan aktor aktor yang tidak sesuai dengan karakter gamenya meskipun sulit terutam albert wesker dia jadi sangat beda padahal jelas dia karakter favorit pertama saya di game resident evil kecewa banget padahal banyak banget yang cocok loh jadi albert wesker 🙄😒,0
apk rusak,0
bisalah harganya dikurangin cik gw lagi mode hemat nih,1
jelekk saya sudah sewa akun tetap pas saya mau login tidak bisa.,0
"pengalaman yang sangat buruk,tidak ada pemberitahuan saat pembelian premium",0
oke,1
Mau daftar akun dan ingin berlangganan pun susah. Ingin berlangganan melalui DANA pun tidak bisa. Tidak recommend,0
Bayar ya min?,1
film nya dikit anime nya juga dikit nyesel langganan disini mana mahal lagi,0
"bagus aplikasinya! jernih videonya, suara oke banget, aku suka nonton squid game, grafik nya oke, bukan grafik kartel, suaranya ga terlalu kenceng atau terlalu kecil, ga kayak mic proklamasi, aku cinta lee byunghyun 😘, follow akun tiktok aku : ciaa | Byunghyun Fans like sama komen video aku ya, kalau ga like nanti dajjal ada di samping kalian 😡😡",1
ok bgt,1
"suka bngttt,apalagi sering lngganan di zugmaaaa❤",1
"udah langganan tapi sering keluar² terus, giliran nyoba masuk, ""terlalu banyak upaya masuk""",0
bagus,1
Duhh ya ampunnnn bermasalah banget buat masuk padahal pembayaran udah berhasil.,0
DISNEY HOTSTAR IS THE BEST Begitu coba netflix sudah bayar 120 ribu malah di HP sendiri gak bisa diputar filmnya. begitu pakai HP lain malah bisa di mainkan. bagi yang pertama kali langganan mending pilih DISNEY HOTSTAR GAK PAKAI RIBET,0
"tolol buat akun aj ribet banget,lebih mudahin napa dah dikit"" chrome apalah",0
bergituu sulit untuk masuk ke apk ini,0
"suda daftar dan kepotong tapi pas mau login sulit ,pendaftran tidak selesai dan di alihkan trus",0
hati hati pencurian data (semisal kata sandi akun),0
tidak butuh aplikasi ini,0
"kadang bisa dibuka, kadangtidak",1
sejauh ini ok lah ya,1
gw daftar netflix gak bisa2 padahal sandinya udh bener,0
banyakin film nya,1
"woii ajgg ini gmna cara hapus akun, aplikasi maksa ini, org udh di jeda tetap aja di potong saldo nya, gabisa hapus akun terhubung ke aplikasi dompet digital Mala lngsung motong saldo otomatis, pantekkkk",0
gua kasih bintang satu kenapa? bukan karena game Transformers forget to fight,0
gw udah bayar jadi anggota malah suruh daftar balik,0
mantap,1
"kenapa sih Netflix ini sering eror, kalau lagi lihat video kadang gambarnya berhenti tapi suaranya jalan terus, harus di pancing keluar video, dan nanti ada tulisan eror",1
ok,1
apk jelek mau login aja maksa beli paket premium,0
seru banget deh... Pokoknya semua yang ada di Netflix ada semua!,1
masuk app ribet dipersulit,0
bagus,1
aplikasi tolol langganan nya sudah dibatalkan tiba-tiba langganan lagi,0
"aplikasi ini cukup baik , cukup baik dalam menguras duit saya",1
update drakor dan anime lama. banyak film seru yang tidak bisa di tonton karna kontroversial. menyesal berlangganan.,0
"masa mau masuk Netflixnya gabisa padahal sandi sama emailnya udah bener, aneh",0
netflix bisa akurat dalam merekomendasikan film2 yg sesuai dengan minat kita😍😍,1
"aplikasi jelek masukin imail sama sandi dah bener gk bisa"" aplikasi rusak, gk cocok unuk di donlot",0
ini gimana dah cara masuk nyah,0
susah log in,0
"knp masalah terus yaa mau puter video nya, padahal aktif sampai 14 Juli trus quota masih bnyk sinyal bagus, ampunnn dahh kecewa benerrrr dahh",0
susah bikin akun,0
banyak vidio nya dan seru seru juga,1
"Pengalaman pertama nonton di Netflix dengan paket standar Full HD = seperti menonton film bajakan di aplikasi2 yg banyak beredar. Padahal bagi saya harga langganannya cukup mahal. Saya menonton di PC dan HP, hasilnya sama saja 👎 Bahasa sederhananya, ""Burik""!",0
saya tidak suka dengan apk ini akun ny udah bgus malah ngeyel bikin kesel saya kasih bintang 1 bisa aja 0 aja,0
"sudah melakukan pembayaran namun susah login, ganti password tidak bisa, minta kode email malah terjadi kesalahan, aplikasi tidak jelas.",0
"Akun Netflix suka error, KUALITAS VIDEO PECAH"" rugi gw beli KUALITAS 720p berasa 480p, kadang suka logout",0
"Astaghfirullah, udah bayar tapi ga bisa login...Cuakkkkkkkk",0
senang bisa terhibur,1
cant login,0
mantap,1
mantap,1
aplikasi penipuan,0
"bagus sebenernya, cuma pas mau masuk ke netflixnya suka eror, katanya sandinya salah padahal sandinya udah bener, jaringan saya juga bagus, sudah di coba berkali kali dan sudah dicoba di web juga masih gabisa, tolong ya pihak netflix diperbaiki secepatnya soalnya saya mau nonton jadi menunggu gara gara hal ini.",0
lumayan bagus,0
sangat baik,1
susah daftarnya.,0
ok mantap,1
"susah bangett buat akunya katanya gmailnya salah udah bbrp hari di coba tetep salah pdahal ga ada masalah apa apa sama Gmail saya,pusing banget da mauu bayar atuh nontonnya ga gratisan.lebih di mudahkan lagi lah yang mau join nya.",0
sangat membantu untuk menggantikan ke bioskop😁,1
loading mulu padahal jaringan bagus,0
gabisa daftarin udah coba berulang kali juga gabisa,0
jelek aplikasinya,0
"engga jelas nih, udh ambil paket yg 200 tapi keterangannya too many device pdhl cmn 3 device yg login",0
Aplikasi buruk mau daftar akun ajah dipersulit aplikasi bangke emng padahal sandi udh bener tetap ajah salah buruk,0
"mau daftar login doang dibikin sulit Ama nih apk, ingat ya gua disini cuma daftar bukan BELI FILM",0
"bagus sih, cuman saya aga kecewa pas daftarnya, padahal email saya sudah benar, tadi tetap saja di bilang tidak failed, saya sangat ""KECEWA"" pendaftarannya sangat tidak bagus!",0
"heyy ak kembali mengedit ulasan ini, udh bagus, gaada blur2 an lagi. maaci ya",1
bagusssss banget,1
mantep,1
mencoba..,1
sandi sama akun sudah benar tapi tidak bisa login. katanya sandi salah padahal sandi sudah jelas2 benar😹😹,0
ribet bgt login nya,0
"dari segi aplikasi dan fitur2 nya sih udah bagus ya, tapi tuh yang kurang film2 nya, kenapa jelek2 (yang bagus ga terlalu banyak), saran dari aku tambahin film jadul yang seru gitu, selain roman holiday",1
apknya bisa top ap sendiri aja tanpa seper tujuan saya gimana nih netflix,0
agus,1
judul tidak sesuai dengan apa yg kita mau kerek,0
"Bayar tidak murah, kualitas film membosankan tidak ada yang menarik.",0
terbaik,1
terlalu rumit,0
"dari pengalaman pribadi, cara daftarnya ribet banget, harus masuk ke email lah, lanjut ke browser lah ribet banget pokok,tolong diperbaiki untuk cara daftarnya agar lebih mudah",0
belum apa2 suruh bayar. auto uninstal,0
"Aplikasi bagus dan cocok buat nonton film entah itu genre horror,komedi dll cocok untuk ditonton bareng keluarga ataupun sendiri juga cocok bagus banget lah..!",1
susah banget baru buka aplikasi nya udh ribut ka kaya dulu sekarang ribet susah gk masuk ke akun nya 😒,0
minn gua dah bayarnas aga bisa masuk gimana nihhh,0
"pilss bikinin Netflix gratis dong,,, jangan bayar",1
"kenapa tiba tiba tidak bisa buka Netflix di tab, padahal sebelumnya bisa, dan masih berlangganan",0
"gbisa masuk,bikin susah aja",0
bgst susah bet login nya,0
good 👌🖒,1
saya sangat tidak suka dengan apk ini karna katika saya memasukkan email saya malah tidak valid,0
kenapa ya udah beberapa hari netflix bermasalah? pdhl udah berlangganan loh,0
apaya kak kok susah banget buat masuk akun padahal sandi nya juga udh bener tapi ttp aja salah terus,1
"bgs bgt, film dlu dibnykin jg yaa",1
sekarang paket ny per 3 bulan..jadi mahal,0
susah masuk,0
"buruk karena proses membuat akun nya sangat rumit sampai gak bisa malahan, terima kasih",0
mohon kepada pihak Netflix. mohon diperbaiki lagi untuk masuk nya dikarenakan saat memasukkan email dan password salah padahal sudah saya sama kan dan saat di coba lagi tetap gak bisa tolong ya pihak Netflix untuk diperbaiki lagi,0
tidak bagus,0
Very good Netflix I like watching movies,1
"ruwet, mau login aja pake tetekbengek banyak bgt. sandi perlu di atur ulang lah, perbarui perangkat perbarui browser.",0
bagus bgt😭☝,1
aplikasi sangat bagus buat nonton film yg bagus,1
good,1
ga bisa login.,0
"kasih iklan juga, biar yang gak punya rekening atau duit bisa nonton iklan. dan permudah kan login nya kon",1
daftarnya ribet,0
ok,1
minta tolong saya ga bisa liat video setelah download hanya memuat aja,1
"saya sudah berlangganan otomatis,tetapi tetap saja tidak bisa menonton film di netflix.gimana ini sistemnya Netflix saya merasa di rugikan sekali",0
Bagus,1
aku gk bisa masuk 😭 coba lagi katanya,0
aku mendownload apk ini karena suatu hal .,1
Masukin film Final Destination dong,1
sangat buruk,0
anime movies nya kurang lengkap dan kebanyakan film lama.,0
mau nonton sq3 😙,1
saya kasih bintang satu karna saya sudah kasih no telepon saya tinggal di setujui kenapa ga bisa ya,0
bisa gak sih langsung masuk aje malah doftar daftar,0
Ada 2 film yang ingin saya tonton tetapi 2 film itu juga tidak ada saya pikir disini banyak film yang saya cari,0
"ini gimana ya? mau berlangganan tapi melakukan pembayaran aja sulitnya minta ampun. bayar pake ini gak bisa pake itu gak bisa, gini Mulu tiap Mao berlangganan. kaga ada kemajuan",0
"untuk login nya saja susah padahal saya sudah memasukan email dan sandinya tapi knp di alihkan ke link lain, setelah saya coba masuk ke link tidak bisa lagi padahal sudah masukan email dan sandi",0
"pas aku daftar, kok malah tidak valid sih? kan aku udh bner daftarnya, kok malah tidak valid sih? ini gimana sih yang buat!?",0
buruk banyak mintak,0
"jumlah film yang mau ditonton terbatas, padalah termasuk film baru dari thn 2000/2024. apalagi film jaman dulu, pasti tambah susaj",0
keren jir apk nabir jr nya 😹,1
"apk anj. Mau login apk aj ribet, daftar ini itu hduhhhhh",0
"tolong untuk Netflix kasih pilihan langganan 6 bulan atau 1 tahun, jangan hanya 1 bulan saja",1
i love so muchh netflix♥️,1
"aplikasi kagak jelas, login gk pernah bisa gagal mulu keterangannya, sandi salah padahal jelas² sandi nya benar mau ditulis berulang kali, login pake akses kode juga erorr mulu keterangannya",0
ok,0
oke,1
"udah beli paket berlangganan, malah gak bisa login, padahal passwordnya benar. aplikasi ampas!!!!",0
"apk yg sangat buruk, mendaftar ajh di persulit entah apa yg salah,gk jelas padahal pendaftaran baru",0
jelek,0
aplikasi dongo ngebug Mulu,0
"gabisa daftar, padahal udah coba berkali-kali tetep ga bisa. udah masukin email yang sama persis kaya yg aku punya sama sandinya, tapi tetep ga bisa. tapi pas giliran lanjutkan pendaftaran malah di suruh berlangganan di browser.",0
gk jelassss pdahal email ku udh bner tpi mlah di salahin tolong dong itu email ku udh bner aku udh cpeeekkk GK TRLALU MENDUKUNG AKU KSIH RATING 1 udh excited mw nnton film kpop demon hunters eehh mlh g bisa masuk JELEEEKKKKKKKKKKK,0
app nya bagus bgt terus GK gampang ngeleg,1
susah login,0
"kurang lengkap filmnya,jadi kek sia sia gtu",0
mantaaaaap,1
bagus juga bisa nonton khusus anak anak sampai dewasa,1
kereen banget bisa nonton squid gameeee😘,1
aplikasinya bagus tapi gua gak bisa login padahal suda betul email sandi dan lain lain tolong perbaiki,1
Mahallll,0
oke,1
cara daftar nya susah saya coba berkali kali tetep gak masuk,0
oke! sekarang sudah banyak film bagus yang tayang disini👍,1
bagus,1
sampah,0
banyak kendala setelah menonton,0
tidak bisa ditonton di tablet. Padahal di HP dan PC bisa saya juga pakai paket yang 2 device. Tolong diperbaiki,0
good aplication,1
"tolong itikad baik nya. saya tidak tau kapan melakukan langganan untuk aplikasi ini, saya juga blom ada akun untuk apk ini. mengapa tiba tiba pembayaran terjadi di akun dana saya. ketika saya mencoba masuk ke apk dengan akun google saya ini tidak dapat masuk. tolong perjelas atau balikan uang saya dalam waktu 24 jam",0
"sorry aja gw kasih nilai 1 bintang biar netfix sadar pendapatan perkapita indo ini minim 480p 54K perbulan dan lucunya netflix pakistan 14K 480p perbulan, mesir 30K 720p perbulan Netflix anda sehat? dan ya akhirnya orang beralih ke netfix sharing dari pada pelanggan lu kabur ke netflix sharing mending buat paket harian mingguan bulanan tahunan, dan gak usah pakai sistem family yang bikin orang jualan akun sharing, lu melarang akun sharing tapi lu dengan terang terangan ngasih akses sharing.",0
tidak lengkap,0
cukup lumayan buat hiburan di luang waktu senjang terimakasih,1
aplikasi tidak bisa di buka setelah membayar bulanan,0
"buffering terus padahal jaringan normal ga bisa play vidio padahal sdh download, tolong perbaiki jgn hanya tagihan terus",0
"Kenapa saya tidak bisa masuk ke netflix,,padahal udah berlangganan ,tp saya tidak bisa menggunakannya",0
good,1
mau login pake otp tapi terjadi kesalahan trs,0
"ini netflix error apa gimane, masa gk bisa login",0
tolong gak bisa daftar,1
APK apaan mau login malah kluar gk jls trus udh berhasil udh seneng langsung suruh bayar ngapa gk ada fitur pemakaian gratis satu minggu aja ini apa gk jls mending di hapus aja apk nya,0
tapi saya tidak bisa menginstal 😭😭,1
i like,1
Ok,1
"tolong diperbaiki soalnya masalah sinyal, terutama pada jaringan wifi",1
kenapa login ngga bisa padahal udah ku kasih email dan lain lain,0
"aplikasi ga jelas, mau buat akun selalu load lama padahal jaringan bagus juga, udh ketika password bener tapi katanya salah, ga jelas banget",0
belum coba sih😅,1
bagus,1
please banget jangan pakai email dan sandi dan jangan bayar saya ingin nonton film horror dan squid game 1.2.3 please lihat komentar saya yang pembuat,0
bagus,1
"app busuk, tiap mau nnton bug macet hp lgsg error",0
"ya bagus, sejauh ini belum nemu kekurangan yang jelek banget cuma beberapa aja",1
oke,1
"sekarang lebih lemot parah kenapa ya, wifi normal padahal dan youtube aja lancar. Kenapa netflix buffering terus, kecewa udah 2 hari ini lemot",0
bagus cok bisa nonton squid game s 3,1
aplikasi nya bagus aku pengen bgt download dulu biar bisa nonton squid game👀,1
banyak bug,0
app jelek! gak usah instal deh app jelek ini!,0
"Aneh, ditblet huawei gak bisa padahal sebelum2nya bisa. udah bayar masih gak bisa 5.01 terus. udah di unistal trs dowload lagi masih aja tetep gak bisa. mau minta aduan pun sama erorr gak jelas banget gimana sih aplikasinya ini aduh. udah langganan lo.",0
jelek,0
baik,1
aplikasi GAJE susah loginnya😡😡,0
gagal login terus,0
I hate this app,0
Hai... Kenapa sekarang pembayaran ditangihkan? Padahal pembayaranku belum jatuh tanggal tempoh. Gimana solusi?,1
"makin kesini gaseru solnya banyak film indo padahal lebih seru big movie , sama movienya kurang lengkap pas dicari judulnya gaada nyesel langganan",0
ini Kenapa Kalau Di Handphone Eror terus yak ngestak di loading. padahal di TV lancar aja cuma pas di HP yang eror sudah di download masih aja tetap sama blackscreen stak di loading.,0
Aplikasi nya sangat bagus,1
Mau Login aja ribet tolol,0
heh INI KO GUA GABJSA LOGIN COK DI APKNY KENAPA PADJAL DI WEB NYA BISA PLIS LAH,0
aplikasi tidak jelas 😡buang2 waktu sja,0
bagus banget,1
mau daftar aja susah banget padahal kata sandi nya udah bener tapi tetep aja gabisa masuk!!,0
mau masuk login Susa,0
disini juga ada Film kesukaan aku tapi dia ini bisa Nonton film gapake Wi-Fi?,1
"awal berlangganan kualitas film nya bagus, jernih, tapi lama kelamaan hasil nya sekarang udah ngeblur padahal baru seminggu,mau nyalahin wifi tpi wifi lancar² aj. aduh gimana sihhhhhhh tolong diperbaiki donggg",1
"gabisa di login kan, sandi dan email ku udah bener tetep engga bisa, tolong di jelas kan",0
kecewa sama netflix udah langganan 1 bulan tapi layarnya malah nge glitch ijo suara tetep maju tapi gambar nya ngestuck dan ngebug aneh banget padahal sebelumnya gapernah kaya gitu,0
bagus,1
"mau login aja susah amat min,disuruhh muter2 Mulu bolak balik kegmail. ini sya download pake hape khusus buat nnton Mlah bikin pusing",0
"permisi saya mau di batalkan langganan saya di netflix saya mau dikembalikan uang sebesar RP186.000 UANG NYA TIDAK SENGAJA kesedot dari akun dana saya,saya tidak sengaja melakukan jadi saya mau uang saya di kembalikan dari netflix🙏🙏 soalnya saya perlu uang Rp187.000 itu,saya tidak sengaja membayar itu🙏",0
ini saya sudah bayar tapi kok gak bisa memutar filem sudah pake wifi jg gak bisa. gimana ini solusi nya atau saya batalin ke anggotaan aja,0
"sy beli paket yg 65rb tp kalau mutar video lama bet loading nya padahal jaringan bagus lancar jaya tp ini sy mau nonton loading nya lama bett, tolong dong Netflix sy ga mau rugi pliss perbaiki yang itu nya",0
payah ga bisa nonton harus bayar,0
gk bisa log in apk tolol,0
gak jls sumpah bikin emosi mau daftar aj susah nya bukan main,0
FILM NY BNYK YANG GAK ADA MASA FILM TERKENAL SAMA BAGUS GAK ADA DI NETFLIX,0
sudah bayar tapi masih pembayaran tertunda 🤔,0
excellente,1
Apk sampah,0
"udah download, tapi gak bisa daftar!",0
tiba tiba gax bisa di buka padahal sudah di bayar,0
"gimana si ini, udah bayar gabisa login, terlalu banyak upaya masuk, salah sandi padahal udah bener, aplikasi sampah",0
proses login dan daftar sangat merepotkan dan juga ketika slh beberapa kali login/daftar dia tidak mau memproses lgi disuruh coba ulang padahal uangnya sudah di ambil👎,0
netflik gooobbbblookkk bayar mahal mahal mau lohin aja terkadak susah.. server eror terus.. bajingann,0
knp ya gw udh berhenti berlangganan tetep kesedot,0
"film nya masih kurang,,tolong lebih di perbanyak lagi.",1
Udah bayar tapi malah gak bisa,0
pls free,1
"kenapa one piece episode 747-1088 ga di tayangkan,. padal udah bayar buat langganan Netflix untuk nnton onepiece,. jujur kecewa sama aplikasi ini😭😭",0
aplikasi kocak mau daftar aja susah amat,0
"repot banget cuman mau daftar aja suruh milih paket dulu, kalo mau milih paket pas udah bisa masuk dlu jangan diawal suruh milih paket",0
"Tolong Neftlix, balikin fitur beranda yang dulu di TV, fitur beranda di TV sekarang bikin ribet lihatnya, dan nyari film/series (tanpa fitur search) jadi lebih sulit karena tampilannya berandanya",1
"ribet cara daftarnya, sangat payah sekali",0
GATAU CARA LOGINYA ANJ,0
kudubayar etdah kalau geratis bitang 5,0
saya tidak suka,0
gooad,1
enakk,1
males bayar,0
NETFLIX KOK TIBA TIBA BER BAYAR,0
"bagus bisa nonton film apa saja , dan kualitas hd tetapi daftar akun netflix ribet sekali",1
"kenapa tidak bisa masuk netflix ya padahal sudah daftar, tapi pas masuk sandi salah. udah kepotong juga saldo shop##*** apakah ada solusi?",0
jelek banget lama bener coba laginya,0
ketika mau login gagal terus ga tau gimana eror apa g huh,0
"apk gak jelas, suruh masukin email buat akun malah gak bisa lol",0
minimal ada yang gratis lah,0
gabisa daftar cacad amat,0
"jaringan udah bagus tapi tidak dengan aplikasinya, sangat mengecewakan mending apk yang lain aja jangan pakai apk ini!!!",0
bagus,1
"error, gak bisa nonton, tolong perbaiki!!",0
tiap bulan bayar tanpa di konfirmasi (otomatis) giliran video/ film gak bisa di puter tanpa tau masalah.,1
"seru banget, tapi kenapa sekarang malah macet yah padahal baru aja bayar buat langganan untuk bulan ini lagi, lagi seru2 nya nonton squid game season 3 padahal.. tolong dong netflix ini kenapa",1
gajelas lama lama netflix,0
seru .,1
"kemarin saya memakai Netflix pas sekarang saya mau buka Netflix kok saya harus daftar lagi yah? padahal saya sudah daftar,pas saya daftar lagi pake email maupun nomor wa kok eror ya? coba diperbaiki dulu,untuk saat ini saya kasih bintang 1 dulu",0
"ini apk lu bikin buat apa? mau daftar aja gak bisa, pakai akun lama mau bayar juga gak bisa, lama"" netflix makin ngaco apk nya, kalau kyk gini mending nnton bajakan aja dah, mau nnton premium aja di persulit, aneh!!!",0
"ga jelas, mau masuk aja susah",0
gk bisa login,0
joooss,1
burik,0
"Akhir-akhir ini banyak banget kendalanya, kayak pemutaran 1.5x yang bisa dipencetnya di 1.25x, sekarang juga video yang udah di download ada masa kadaluarsanya tapi mau download ulang nggak bisa harus dihapus dan download manual, mau dipilih banyak juga nggak bisa. tolong dong perbaiki",1
"aku ko ga bisa masuk ya, baru aja mau daftar udah ada tulisan ""maaf, terjadi kesalahan coba lagi nanti"" terus menerus seperti itu.",1
mau daftar aja terjadi kesalahan terus,0
tidak bisa memilih paket berlangganan,0
lemot susah masuk daftar nya,0
Coba benerin ni aplikasi. mau login/daftar aja gabisa-bisa. PARAH,0
ga bisa masuk/daftar,0
"sekarang ada WWE di Netflix. mantap. ada RAW, NXT, Smackdown. Event2 nya jg tayang d Netflix. meski harganya tinggi tapi worth lah 😁",1
buruk,0
keren,1
mau langganan di keterangan coba lagi terus aplikasi busuk!!!,0
"masukkan email tidak bisa, coba lagi nanti coba lagi nanti, haha, dasar app aneh.",0
buffering mulu udah langganan mahal² malah dikit² buffering apalah,0
"login gak bisa, padahal udah coba beberapa kali, gak guna ni aplikasi, jadi aku kasih bintang lima😂",0
"sumpah😭😭 buang waktu, gw kan pernah batalkan keanggotaan karena jarang nnton, sekarang mau di aktifkan lagi susah masa HK Mulu gw tinggal indo woy masa tadi nya bisa gopay ini gak ada ada nya aplikasi dompet digital HK",0
cuman mau liat squid game,1
"aku mau login tpi gabisa bisa, bilangnya internetku yg lemot pdhl pas ngetest di apk lain lancar tuh jaringan ku😞",1
Hallo saya mau berlangganan kembali tapi akun saya di tangguhkan dan disuruh perbarui pembayaran tapi pasbmau diperbarui malah ngk bisa apk gaje,0
kenapa tidak bisa login akun ke aplikasi nyaa. padahal udh bayar😭,0
sangat cocok,1
burikkk,0
"Sorry, but I want to watch the deleted One Piece episode.",1
"susah masuk ke app nya,udah di kasih 5 email masih salah aja,mengkek",0
kode Netflix GK muncul login juga GK bisa,1
mau daftar aja susah banget padahal nomer telepon na sama email nya udah bener,0
Baru download udah tiba tiba keluar,1
kok Bayar :(,0
masa nggak bisa buat akun kan aneh,0
Harus banget daftar klo mau nonton??,0
ini kenapa ? kok gk bisa login muncul kata kata maaf terjadi kesalahan coba lagi nanti ini lagi males ya? sampe gk mau liat orang login mohon benerin bukanya bikin rame malah jadi sepi,0
login perlu bayar,0
saya tidak bisa masuk membuat akun di Netflix 🙄,0
Netflix burik gabisa berbagi layar padahal mau nobar sama gadis kecilku,0
sangat seru menonton.,1
maaf netflix tolong refund uang saya 65.000 saya sudah daftar Netflix tapi pas saya tonton tidak bisa di putar dengan alasan belum di bayar tolong di balikan uang saya,0
keren pokoknya,1
aku baru donload aplikasi netflix pendaftaran pertama nya susah banget gak suka sm aplikasi ini harus ad pendaftaran' nya malas banget knp gak langsung masuk??,0
bagus,1
"padahal udah berhenti langganan tapi masih, bayar otomatis",0
download ini karna mau nonton squid game haha,1
good,1
"seru bgt bisa nonton squid game, cok",1
bagus buat pake nonton squid game,1
aplikasi scam bayar mahal mahal film ngga lengkap udah gitu jadwal penayangan cuma janji Jani busuk buktinya squid game yang tertulis tayang hari Jum'at mana buktinya ini sudah hari Jum'at kalau semisal tayang hari Jum'at ya tayangkan dari jam 00:01 pas hari Jum'at kecewa sudah ambil yang mahal juga,0
jelek banget Aku,0
ini sudah bener sandi email nya tapi masih gabisa ni Netflix jnck,0
sangat mahal d banding kompetitorny hbo Dan disney,0
happy,1
bikin ribet aja perkara donload harus pake wifi niat hati mau langsung pake data malah bikin susah,1
"mau daftar aja dipeesulit bikin akun muter"" ngulang"" mulu",0
aplikasi bagus sih. TPI kenapa sering GK bisa buka. pdhal udah mulai ulang hapus cache TPI msh GK bisa buka video nya.,1
anime kacau,0
"jelek, banyak maunya, pake akun berbeda2 gak bisa masuk, dasar bikin emosi orng tinggi",0
kenapa Netflix saya gabisa di putar videonya padahal sinyal lancar dan sudah berlangganan juga mohon di perbaiki lagi,0
"APLIKASI KIKIR, PELIT, MASAK WAKTU DAFTAR HARUS BAYAR KIKIR HAMA,",0
mw login aj kudu bayar,0
Ok,1
bagus,1
ketika buka chaenal tapi lodingnya minta ampun. keluarpun juga gak bisa. bikin emosi tingkat tinggi.,0
Good,1
mantap,1
good,1
bestlah sangat menghibur,1
keren,1
"uda berlangganan tpi pas login masuk gabisa, katanya terjadi kesalahan apaan coba? mau tilep uang org apa gimana????",0
"apa sih harus pake L1 segala buat nonton hd ,lah kalo gini rugi lah beli paket yang 1080 P palingan cuman mentok di 480P doang aplikasi aneh",0
"apk macam apa yg kita tidak nonton, tetap debit kita dipotong setiap bulan. sya kecewa karan sudah mau install apk Netflix di hp sya.😡😡",0
Bagus banget,1
KENAPA SUSAH LOGIN SIH,0
"saya berhenti utk berlangganan, dr dua bulan yg lalu, tp smp sekarang tetap aja d potong saldo di rek sy scr otomatis tiap bln.",0
sinyal bagus sering eror rugi sya bli paket premium,0
"Film-film yang tidak bisa kita tonton di Bioskop, bisa kita temukan disini... Amazing app to watch all movie in one app. 💖💖💖🎉💯",1
sangat bervariatif,1
"ngotak lah saya sudah berlangganan sudah selesai tiba tiba ke bayar sendiri langganan nya tanpa saya melakukan aktifitas pembayaran tolong ya Netflix ini udah kyk modus penipuan, tiap saya ada saldo ketarik saldo saya ke Netflix untuk berlangganan padahal saya tidak melakukan pembayaran untuk berlangganan sekali lagi saya mohon perbaiki sistem ini saya sudah muak dengan aplikasi ini soalnya udah dua kali saya kena seperti ini mohon atas bantuan nya ya Netflix",0
lambat,1
manatab,1
sempurna gambar nya,1
Admin Netflix. tolong kasih lengkap film fast and furious dong disini cuman ada 2 film.,1
"film tidak lengkap, sekelas netflix tidak ada film harry potter 🗿",0
ok mantap kualitas dan tayangan bagus,1
kacau,0
jelek dan mahal,0
"Saya pelanggan Netflix sudah lama, saya bayar terus setiap bulan, saya bayar untuk 1080p supaya bisa masuk ke TV android dan hp saya dan istri saya, tapi sekarang saya kerja di luar negeri dan istri saya masih di Indonesia, entah kenapa saya tidak bisa pakai Netflix dengan akun saya yang saya selalu bayar setiap bulan, saya malah dikonfirmasi keluar sementara 15 hari, padahal saya disini satu tahun, lalu saya coba konfirmasi itu lalu disuruh masuk email, tapi malahan tidak bisa",0
film nya bagus² tolong dong tambahin kek film luar nya marvel fast furious Spiderman dan lainnya bosen kalo film indo mulu,1
film yg di up bnyk yg sampah,0
"aplikasi ampas, udah bayar langganan gak bisa login",0
oke,1
"apasih susah bnget masuknya, udah daftar tapi gabisa masuk, katasandi udah bener masih aja salah, sampe 1jam nungguin elah",0
saya suka,1
Bagus,1
jelek ah bayar,0
login susah bgt gasuka,0
sukanya nyedot dana tanpa ada notifikasi hrusnya klo memperpanjang tu ada notif gak langsung otomatis ambil dari dana,0
Saya baru download apk ini tapi knapa gk bisa login?,0
mau login aja malah ribet banget. salah ku sendiri sih ga liat rating,0
Netflix itu bagus banget terus ada juga episode episode gitu tapi kekurangan nya gak ada film favorit ku yaitu upin ipin😣,1
mau daftar aja ribet banget. gak bisa² terdaftar. kembali ke email. gitu aja terus sampai mampus.,0
ini gimana ya saya baru aja login kemarin terus saya juga bayar Rp 65.000 tapi kenapa waktu saya mau nonton di suruh login. udah saya masukkan sandi tapi gak bisa padahal emang itu sandinya tolong di perbaiki lagi ya. jujur kecewa banget,0
saya tidak bisa mendownload aplikasi Netflix,0
"tolong bantu saya untuj refund keanggotaan, karna sebelum nya saya sudah non aktifkan keanggotaan saya tapi tiba2 terpotong oleh netflix tks",1
coba perbaiki lagi kualitasnya kenapa saat nonton di tv sering sekali log out,0
ga bisa daftar,0
"mendaftar tidak bisa, uuu.",0
maaf saya kasih bintang 1 karna film nya kurang komplit,0
aplikasi tolol,0
"ga nyaman pakai Netflix ga puasss nonton nya karena sering erorrrr, udah bayar tapi sering eror gimana sih eror terus plis deh!!",0
Ga guna,0
"login nya ribet banget, gada di kirim email",0
Belum sempat masuk dan Nonton uang sudah terpotong nyesel deh,0
gua mau daftar ribet banget mangkanya gua kasih bintang 1,0
seru seru tau jadinya aku bisa nonton all of use are dead deh,1
Netflix bagus bgt tapi saya ngasih bintang 4/5 karena login nya ribet banget dan kalo udah berlangganan pake dana . kalo Uda abis masa aktif nya suka potong saldo dana secara tiba-tiba,1
Registration is too complicated and requires transactions,0
apk rusak mau login aja ribet Langsung unistal aja,0
Bagus aja sih,1
"gw beli yang 120an buat nonton film' fantasi, udah gw cari semua judul film yang pengen gw tonton malah ga muncul film nya. kecewa gw beli neflix, udah film' nya terbatas+lumayan mahal buat kualitas yang gak seberapa",0
bikin kesel,0
bagus,1
good,1
"tiba"" langsung gak mau mutar video",1
tampilan barunya jelek,0
"saran: boleh tambahin lagi menubkecepatan jadi 2x, biar nggak usah skip skip Selalu menunjukan acara tv baru yang blm di tonton",1
"saya sudah daftar 1 bulan rek sy sudah di potong 58000 tapi gak bisa login, setiap mau login katanya atur ulang kata sandi. udah beres diatur di kirim kode otp ke email langkah sudah benar tapi tetap saja gak bisa masuk",0
"bagus banget!!tapi ada satu kesalahan akunya ,pas masuk Netflix tapi harus daftar tapi GK bisa terus 🙏😁😌!!!",1
sangat keren sekali,1
"why korean drama ""goodboy"" nothing in the application?",1
masuk ya susah banget udah di ulang beberapa kali tetp ngga bisa masuk udah pakek semua cara gimana sihh,0
Bayar mahal mahal berlangganan tapi ga bisa ditonton . Lebih banyak ke error gimana ini ?!!,0
seruuu nonton dsni kala jenuh,1
"one piece nya jangan dilongkap, upload semua episode one piece plis 😭",1
mantap,1
kebanyakan iklan ga bagusss,0
"saya udah daftar dan menyelesaikan pembayaran, tapi stelah masuk ke aplikasi nya malah di suruh bayar lagi kocak",0
"saya udah langganan , film udah di download masih juga gak bisa di tonton.. aplikasi parah. nyesel gw",0
good,1
pokok nya kalian harus download,1
"udah bayar gabisa di pake, cacad",0
seru banget bisa nonton apapun anak ada dewasa juga bagus banget tapi yang aku ga suka itu bag soal nya aku baru masuk ada bag tapi bagus bgt suka deh sama Netflix,1
aturan household ribet,0
Cok i,0
ini gimana ini udah pake sandi yang panjang masih salah,0
mudah menonton,1
ya sangat bagus dan luar biasa,1
aplikasi najis mau login ke akun aja susah bgt,0
aplikasinya berat suka not responding,1
mau daftar aja ribet bangettt,0
"sudah membeli paketnya ditelkomsel, di telkomsel diarahkan untuk menunggu pesan dari netflix, tapi sampai sekarang masih belum ada pesannya, dan masih belum bisa langganan walau sudah membayar paket netflix di telkomsel",0
platform streaming paling lengkap menurut saya.,1
want to start but have to pay,0
cara masuk engak yangbung,0
Saya suka atas product netflix,1
tinggal masuk saja bikin ribet,0
Baik.mantap.hanya filmnya lama updatenya. Bnyaknya film2 lama.,1
susah bngt login ny,1
ok siap,1
"malesin BGT... sekarang kalo aku telat bayar, terus beberapa hari kemudian ngisi saldo MALAH KESEDOT DI NETFLIX... padahal waktu itu engga ckk!!! balikin duit gwe plz 💔",0
tambahin fitur baru dong biar bisa nonton bareng jadi ga perlu aplikasi tambahan,1
Bagus,1
ok,1
gimana caranya biar nonton bisa barengan di hp atw tv. nnti tambh lg bintang,1
mantap,1
ngapain pake browser tolol yang buat,0
Mayan lah,1
min kenapa one piece episode 747 gak ad?? langsung ke episode 1080 an,1
layar item padahal udah langganan berbayar apk gaje,0
"pengalaman saya sangat buruk menggunakan netflix, sudah ambil paket dengan kualitas vidio basic dengan kualitas vidio 720 tetep aja pecah pecah, memuat videonya juga lama di beberapa film tertentu. untuk tontonan serial juga ada yang tidak lengkap hanya sedikit episode yang dimiliki. merasa rugi berlangganan dengan netflix.",0
good,1
memuat terus gk tau knpaaaa sudaa berhari hari mau nonton gk bisaa,0
"Sebenernya bagus, tapi saya udah langganan lagi videonya ga bisa di puter 🥲",1
sangat bermanfaat sekali aplikasi Netflix,1
"percuma gak sih lu beli premium , nonton film/anime lagi seru ny tapi gak jelas gak sampe full epsd ny ada.. sekalipun lu tunggu stngh taun juga tuh film/anime ny gak bakalan updt lagi epsd ny. netplix mh emg kek gtu kali ya..",1
berasa nonton Kaset macet layarnya jadi hijau tiba² padahal internet lancar heran,0
kereeen,1
"untuk UI UX terbaru sekarang ini, bukan mempermudah, malah mempersulit untuk navigasi pada film, saya sudah berlangganan lama padahal pada Netflix, tapi updatean yang skrng ini, yang bikin jadi ga sreg, semoga di ubah lagi deh, navigasi nya dimudahkan untuk user, kategori juga ada di navbar, dan ada film yang baru ditambahkan tuh ada juga di kategori, enak yang dulu lah pokonya",0
Ok,1
gak sanggup bayar,1
ribet.,0
"BAGUS BANGET tapi minus nya.. - banyak film bagus yang udah ga ada, dan itu pun ada yang baru muncul - GA GABUNG SAMA BEIN SPORT, PLS GABUNG DONG",0
"sudah lakukan pembayaran tapi tidak bisa masuk, selalu di arahkan ke salin link terus, terus muter muter ke login begitu terus sampai pembayaran abis jangka waktu nya",0
ini sangat jelek karena belum mainin,0
gak rekomendasi banget cuih,0
Aplikasi ini sangat bagus tapi tambahkan sports,0
kenapa ga bisa daftar akun siiii ribettt bgt deh,0
nonton apapun palinggg serruuuuu hanya disini!,1
"Netflix sudah download,suruh ketik no hp atau email tapi gak bs juga buka gimana sih🤦",0
"apk jelek, mau login pun susah amat",0
baru donwload lang sung kesedot berlangganan padahal belum pencet apa apa,0
aplikasinya bagus banget,1
gak ada final destination dan interstellar😡,1
gw suka banget,1
aplikasi gak jelas film Udah di download malah gak bisa di putar karena kesalahan perangkat. udah langganan mahal² malah gak jelas aplikasi nya,0
sampah baget harus bayar,0
"filmnya terlambat update dan kurang lengkap, nggak bisa cari film sesuai judul yg kita mau cari",1
Buset kaga kebuka buka vidio udah 2 hari begini Bae Netflix 👎,0
flm nya bagus2,1
Aplikasi nya jelek mau login tapi gak bisa huh,0
udh berlangganan padahal jaringan full tapi ga bisa nonton film cuma bisa trailernya doang udh coba hapus data dan download ulang juga sama aja,0
anjay,1
jelek,0
terlalu banyak film Korea,1
udah bayar tapi mau play vidio lamaaaaaaa banget. padahal sinyal kuat. mau pake kuota mau pake wifi sama aja ga bisa!,0
seru banget,1
"Netflix bagus karena resmi, cuma yang yang bikin stres adalah saya sudah bayar kan,udah bayar nih 65ribu tapi karena saya kan lupa kata sandi saya nah ketika saya mau ubah kata sandi dan udah beres terus saya mau masuk ke akun saya udah nonton tayangnya dulu gimana,nah pas udah kini saya mau klik mau nonton full tapi tidak bisa karena disitu notifnya bilang saldo saya kurang dan harus coba isi lagi, jadi tolong ya diperbaiki lagi, maaf ya terimakasih🙏🏻😇",1
agak bagus,1
login aja setengah mati. gajelas,0
buat akun juga harus bayar ya,0
netflix lagi eror apa ya g bisa di buka g bs nonton padahal baru berlangganan baru 3hari...cepet dong di perbaiki,1
tidak bisa login,0
terkadang eror,1
"apk cacat saya sudah daftar pakai email dan sandi yg pas, dibilang ga bisa masuk sandi salah malas download nya uninstall aja",0
"udah donwload , ehh pas masuk buat daftar , tidak bisa daftar ..ribet sekali. sungguh mengecewakan",0
"udah selesai bayar tapi kg bisa masuk karena sandi salah, padahal udah betul, kwkwkwkw apk ga jelas",0
bagus,1
mau masuk aja susah amat,0
bagus,1
masak aplikasi gak bisa di buka,0
ok,1
gak bisa login pas udah langganan,0
"MAU LOGIN DOANG DIPERSULIT. SAMPE 3 KALI GANTI PASSWORD LOH, 3 KALIIII !!!!!",0
kasih bintang 5 kalau tombol play diperbaikin,1
kok mutter2 terus mentok 25% ga bisa play video nya ad yg sama ga sih padahal wifi normal 😭 ternyata pas. di cek aplikasi nya update terakhir 2018 di tv Samsung ini sudah 2025 ga di update Netflix pantes ga BS muter semua video nya astagaa rugi bayar😭😭,0
"device tekno error 5.10, tolonglah developer perbaiki aplikasinya, rugi saya udah langganan gabisa nonton apapun",0
"harus bayar untuk film yang sedikit, itu enggak Worth it banget",0
baik sekali aplikasi ini,1
asik apalagi game nya,1
Tidak bisa di tonton alias tidak bisa terbuka dan semua pakai bahasa spanyola,0
apk bosokkkkk,0
"Mau nonton film, tv series, anime, kartun, animasi, sejarah, dokumentasi. Semuanya ada. Bisa nonton dimana saja asalkan ada internet. Bisa juga didownload kalau tidak ada internet. Tontonannya fresh diupdate setiap minggu. Rekomendasi banget buat kita untuk mendapatkan hiburan.",1
mahal banget harga paketan nya.,0
"tambahin lah film2nya,bayar mahal2 film isinya itu2 aja mending pake apk ilegal yg lengkap",0
Aplikasi Spesial buat Nonton Film,1
please add hades game on android,1
aplikasi opo Iki gak kenek bukak😮‍💨👊👎👎👎👎👎👎,0
baguss!!!!,1
Apk asw,0
"nyesel udah bayar paket dan saldo kepotong ternyata Netflix tidak bisa.. puter puter di pembayaran, padahal udah berhasil pembayaran dan saldo kepotong sendiri dari Netflix..",0
"susah dalam akses masuk akun,ini salah satu apk reting tinggi tapi kualitasnya kurang",0
"Aplikasinya bagus, film²nya menurut saya sudah cukup banyak. Tapi saya merasa fitur di pemutaran videonya kurang. lebih bagus apabila diberi fitur untuk mengatur volume dan brightness hanya dengan menggeser bagian kanan dan kiri ponsel, ataupun menaikkan kecepatan video dengan menekan agak lama",1
"mengapa sekarang erorr, saya tidak bisa memutar film di netflix, loading terus padahal sinyal bagus",0
apakah netflix bisa ajukan refund ? saya ingin mengajukan refund karena saya tidak bisa streaming sama sekali,0
"Plisss masa gada film baru ,film"" lama trs yang di munculin .",0
"masak kalah sama lok lok, Bollywood nya kurang lengkap, kebanyakan gada film lama aja war atau jab tak hai jaan pun gada",1
"request banyakin film-film barat jadul min. banyak film bagus tapi ada bbrp judul yg gak begitu terkenal. kayak filmnya Renee Zellweger, Demi Moore, Winona Ryder, Nicole Kidman, sama yang angkatannya Audrey Hepburn.",1
tiba² motong dana,0
tidak bisa memutar film menggunakan Wifi,0
"Skrng nonton di netflix daftar nya harus bayar dulu,nyesel gua dulu promoin pas bru muncul kerja sma sma xl",0
ok,1
udah ga berlangganan masih kena biaya,0
good job,1
good klo bisa dr bioskop yg terbaru,1
aplikasi paan kaga bisa daftar ini gabisa Ono gabisa payah pokonya,0
sumpah ga jelas bngt udah selesai pembayaran . malah disuruh penyelesaian lagi.,0
"kenapa netflix gak bisa ditonton, padahal sudah langganan",0
hebat gratis lagi,1
masuk ke netflix nya susah amat netflix gendengggg,0
"kasih bintang 5 aja dulu, walaupun masuknya susah banget, ada yg bisa bantukah",1
sangat bagus,1
terlalu banyak perangkat yang menonton kok bisa? aneh banget,0
Keren bgt,1
"Saran untuk netflix, tambahin metode pembayaran pakai QRIS dan harganya di murahin lagi (opsi ada iklan gpp si asal range 20k wkwkwk) moga aja dibaca sama netflix.",1
"Meresahkan, mau putuskan hubungan pembayaran dari payshope aja gabisa-bisa,",0
"keluar dari akun sendiri, disuruh masuk terus. banyak bug gini, serasa nonton bajakan aja.",0
ga bisa di pake di 4 perangkat padahal pas beli tertulis bisa di pakai di 4 perangkat,0
bagus,1
"the price is too expensive, it's better to use the next platform",0
"bukan jaringan yang bermasalah, bukan juga update aplikasi nya, APLIKASI NYA BERMASALAH, NETFLIX MAHAL, TAPI SERING EROR, BUFFERING GA BISA DI PLAY, KECEWA",0
mantap,1
lumayan,1
saya berlangganan netflik dah 1 tahun lebih .. tapi kenapa nggak ada update soal histori yg pernah di tonton Lis nya dalam 1 menu yg kongkrit... payah.. tolong lah masukin dalam menunya... platform Segede ini masih ja nggak melayani dengan baik.. kan jadinya susah kita para pelanggan cari lagi judul dan episod nya.. mana di kolom pencarian sering gak muncul judulnya yg udah di tonton,0
keren keren,1
"sudah di perbaharui dan byar langganan.. eh waktu mau lihat video malah ""terjadi kesalahan"" buka tutup apk nya tetep saja tidak bisa. maksud lu apa nett.. udah bayar malah ga bisa lihat film, terbatas lagi gak semua drakor ada! ciihhh",0
aplikasi nya sangat bagus,1
"My money was automatically withdrawn from Netflix, and I have canceled my Netflix subscription but I can't get a refund, my question is why can't I get a refund if the subscription is automatic without my knowledge. It's strange that my money is still withdrawn from Netflix. Squirrel",0
"user interface (UI) tidak terlalu nyaman sekarang, ga tau film yang coming soon",0
knp login nya harus lewat situs,0
jelekkj,0
bagus nemlik saya suka seru banget,1
👌,1
susahhhh login,0
"saya sangat suka the karate kid , tolong kembalikan Part 2 karate kid dan lanjutanya. film itu sangat berkesan dan banyak yang ingin tonton ulang 🙏",1
seru buat nonton nonton keluarga,1
"plss bgt netflix, perbaiki opsi layarnya. aku kan kalau nonton drakor lewat handphone ya tapi kenapa si kalau untuk drakor yang rasionya ga 2.35:1 atau 1.85:1 layarnya ngezoom jadi kepotong (entah ini device aku doang atau emang di ponsel bakal kaya gini). padahal excited mau nonton wlgyt di ponsel malah kepotong rasionya. PLSSSS DIPERBAIKI 😞😞",1
ribet bet anj daftarnya,0
sdh tdk bisa nonton dikantor. dibatasi hanya bisa nonton pake wifi dirumah,0
"apa coba gk ada konfirmasi tiba"" saldo dana kepotong",0
"mau login aja kok malah ribet yaa ,asik bolak balik aja mana lngsung di suruh bayar langganan tpi blm ke login2",0
saya pecinta drakor. terima kasih sudah disajikan drama2 terbaru yg bagus,1
saya sudah berhenti ke anggotan kenapa d potong saldo gopay saya otomatis,0
mls bngt daftar ny ribet,0
tolong di perbaik servernya,1
keren,1
ribet masuk tidak bisa,0
to watch anime the season is never updated,1
kenapa engga ada update untuk tablet xiaomi sampai sekarang ga bisa dipake di tablet...ayo lah sekelas dan sebesar netflix masa engga support di beberapa tablet,0
oke,1
👍👍👍👍👍,1
sumpah susah bgt login nyaa 😭 gasuka,0
keren sih,1
Kok ga bisa3,1
sering eror,1
"LOGIN AJA SOULIT,APP MACAM APA INI, SANGAT BURUK.TIDAK MEREKOMENDASIKAN UNTUK INSTAL APP INI.",0
nonton film lawas aja pake bayar segala.. lebih baik uninstall dan beralih ke viu atau genflix,0
jelek banget mau nonton malah error gajelas,0
sulit banget mau masuk akun. udah selesai bayar langganan malah mau login disuruh reset pasword,0
"aplikasi payah, restart sendiri",0
sudah bayar ga mau masuk akun nya,0
"ui/ux netflix untuk tv malah tidak nyaman karena kategori hilang. padahal untuk akses cepat saya pakai kategori, misal stand up comedy",0
Great 👍,1
lelet.. film nya horor Mulu,0
"saya udah bayar yang pake 2 perangkat tapi malah ada peringatan di netflix nya kalo tidak bisa dimasuki perangkat lebih padahal saya cuma pake 2 perangkat malah disuruh upgrade jadi 4 perangkat, kecewa bgt karena udah bayar mahal²!",0
sulit untuk melakukan pembayarab dengan metode dompet yg sama..,0
"netflix hanya memutar saat play video, nonton trailer movienya lancar. begitu play film buffering yg tidak ada ujungnya!, mau wifi ataupun kuota. untuk nonton youtube ig dll lancar tanpa buffering, ini hanya buffering saat play film di app netflix. sangat buruk",0
makin kesini makin kesana...kadang gabisa play film padahal belom jatuh tempo,0
bayar ga asik,0
sering terjadi keluar akun dengan sendiri ketika nyoba masuk akun malah selalu gagal dengan alasan kendala teknis,0
susah masuknya,0
apk tua Bangka masa mau login pun bayar,0
"sudah bayar langganan, mau login netflix pun masih di persulit tolong di update lagi ya sistim nya, terlalu ribet untuk login!!!",0
"HARUS PREMIUM RIBET, KEUR TEU BOGA DUIT TEH",0
ok,1
jelek bngett njirrr nggak bisa masuk ke netflix nya pdhl udh coba beberapa kali njirr,0
"Tampilan berandanya malah jadi gk enak , kembalikan seperti dulu",0
BAGUS BANGET,1
banyakin lagi dong pilihan film nya terutama detective conan,1
Halah jembut,0
masa banyak yang VIP sih🤬🤬🤬🤬🤬🤬,0
gak lengkap huuu,0
"Ribet, mau pembayaran aja dipersulit.",0
okkkkk,1
lumayan lah ada gtanya wkwkwk,1
bagus,1
"punya saya tidak bisa diputar 2 hari ini...padahal utk lihat streaming lainnya bisa, dan saya sudah perbaharui pembayaran juga ..mohon pencerahannya",1
"tolong dilengkapi lagi filmnya pihak Netflix, filmnya kurang lengkap, tolong dilengkapi lagi filmnya",1
thanks Netflix,1
good 👍👍👍👍 very thank's you dear,1
ok,1
ok,1
apk gajelas daftar ribet,0
"dasar mafia, saya sudah membatalkan berlangganan dan setelah saya punya saldo, malah saldo saya terpotong 54.000",0
seru saat menonton anjay,1
grafik nya sangat bagus Terima kasih!,1
"percuma langganan ga ada film nya Pixar, kirain ada lho😢",0
bgus,1
kenapa tidak bisa play film nyaa??? jaringan bagus malah muter terus udh sebulan bgini yang ada rugi gk bisa nonton saya,0
"klo nonton di hp tu memuat terus, bikin males nonton padahal udah di update",0
tampilan netflix di tv kenapa berubah sih? jadi jelek banget. tolong dong dibalikin lagi ke tampilan lama 😭😭,1
"SDH premium msih suka eror sperti download ngk bisa, film nya sangat terbatas,",0
perbaiki lg aplikasinya klo ga ada jaringan internet biar g ke log out mulu ga ky apk lain harus login mulu,1
seruuuu,1
aneh mau bayar buat langganan gagal terus ribettt,0
DAFTAR MASUK NYA RIBETT BGT PAKE ACARA LINK LINK GAJELAS,0
kaga bisa di play kocak,0
"saya merasa dirugikan dengan aplikasi netflix ini, di tempat saya susah sinyal jdi perjuangan buat nonton itu butuh download berhari hari setelah kedownload ganti no hp di akun dan apk nya keluar sendiri pas begitu dimasukin malah film yg udh sya download menghilang......tau kan berapa ratus giga buat download film segitu banyak nya........ehh malah ilang ga jelas sepertinya saya akan beralih ke aplikasi lain, krna saya udh muak pke NETFLIX",0
"film gak bisa di buka, cuma muter² doang .. wifi dan data padahal bagus semua, nonton YouTube dan tiktok aman aja... aplikasi ny mulai tidak bagus lagi.. 👎👎👎👎👎",0
mantap benar deh,1
Gabisa screenshoot pelit banget najis,0
bagus banyak filmnya,1
"Aplikasi nya sangat bagus penempatan fitur dan menu menu nya gampang untuk dicari dan dimengerti, Kualitas film-filmnya juga oke banget banyak yang update dari bioskop pokonya experience nonton di aplikasi ini sangat bagus, legal, dan puas sekali.",1
"sangat bagus untuk menonton film, sangat menghibur, filmnya juga bagus bagus",1
"baru beli paket dan gk bisa dibuka videonya bahkan yang udah di download sangat² kecewa saya , mana udah beli paket mahal",0
gk bisa masuk lol,0
"Susah banget login akunnya, padahal sandi google ku udh bener, tolong benerin dong, susah jadinya.",0
"tambahin film yg seru woi, yg gada seks scene nya, pls. rada bosen soalnya, sama tambah season di series ""Amazing World Of Gumball"", "" Steven Universe"". Dll, soalnya kalau nunggu series seru lain masih pada proses, udah itu aja Netflix.Inc Terimakasih",1
"Brightness di s23 ultra error, mau diterangkan gmn pun tetap gelap",1
"hiburan waktu libur,,dapat memilih jenis yg di sukai,,entah horror,,aktion,,cinta ,,dll",1
netflix please adain fitur percepat,1
film udah di download banyak masih aja loading terus. percuma dong sy download film nya tp gak bisa juga terputar. aneh kali ini netflix,0
bgus,1
aplikasi bodoh gak jelas minta email pas diisi kagak bisa aneh aplikasi,0
bloen nonton,1
"jgan berlangganan film tidak lengkap rugii mahal""",0
"gaya bngt aplikasi berbayar, padahal vidio² populer ajh bnyk yg gda di Netflix",0
gak bisa masuk akun.. susah,0
gak seru gak ada film jumbo nya,0
"pls lah, masa mau Redeem VCR aja ga bisa-bisa. suruh nunggu 10 mnit bahkan lebih tpi akun ttp kosong. cape bgt",0
jelek sering lag udh dibayar tapi GK bisa dipake jelekkkkk,1
my fav app,1
jelekkkkk bgtttt kenapa sih kalau kita itu mau mendaftar selalu salah padahal udah bener nomor telepon sama nama gmailnya tapi tetap kagak bisa knpa sih selalu begitu,0
baguss flim semua,1
Gak bs dbuka,0
kurang puas,0
good,1
tdk bsa d trima Netflix aku saya sllu valid trus katanya,0
netflixx mantappp,1
sangat bagus,1
"CEWE GUA BILANG NETFLIK IS MY LIFE, LU SIAPA ANJ.",0
min tolong ini kenapa pas buka Netflix trus ada tanda metode pembaruan Padahal saya Sudah membeli Nya Lo maaf ya min agar bisa saya bisa nonton di Netflix,1
kenapa film yg sdh di download tetap buffering?,0
buruk,0
👍🏻👍🏻,1
there is no way to scan or enter the code from the phone,0
aplikasi monyet bnyk gini gitu saldo dana gw aja ke ambil,0
uda dihapus masih aja minta tagihan,0
"SAYA INGIN REFUND UANG DI APLIKASI NETFLIX TIDAK BISA DI BANTU, PADAHAL SAYA LIAT ORANG' BISA DI REFUND UANG NYA !! APLIKASI JELEK !!!",0
Cool,1
kurang lengkap ada banyak film yang gak ada season kedua/ketiga,1
GK jelas tiba tiba bayar aja padahall mau berhenti berlangganan,0
bagus,1
Oke,1
apk sampah,0
"Aplikasi apaan sih , ribet amat orang udh 5 kali verifikasi tidak bisa bisa",0
ok,1
mudah,1
ok,1
mantab,1
apk gak worit. masuk akun harus reset beberapa kali,0
suka sekali,1
baru di downlod pas nonton layar nya hitam ga bisa,0
Baik,1
Netflix aplikasi Gk guna,0
filemnya itu itu saja percuma bayar,0
woi apk gak jelas suruh bayar tipuu,0
netflix melakukan pembayaran yang tidak sah,0
hiburan 👌🏻,1
"sudh bagus,tapi tolong di optimalkan untuk lag/signal/bugnya agar nontn lebih nyaman,thanks",1
"mau nonton film atau video,harus pakai kuota,harus bayar pula lagi..🤦‍♂️ film atau videonya juga gak lengkap. gak seperti di aplikasi sebelah,download buka langsung nonton,gak perlu bayar atau berlangganan,lengkap lagi..",0
"Sampah,mata duitan,daftar akun saja harus bayar dlu",0
mantap,1
knp gk geratis aja🙂😇,1
mantap,1
Netflix aku nyesel😡😡😡😡😡😕😕,0
Terima kasih..,1
kecewa sama aplikasi nya gak ada gunanya,0
aplikasi nya kebelet haji,0
Permudah pembayaran menggunakan pulsa,1
baik,0
"sukaa banget sama pelayanan netflik gercep banget kalau nanggepin masalah, buat kalian yang ngeluh saldo terpotong otomatis, atau mungkin masalah"" lainnya coba deh chat cs netflik nanti bisa dikembalikan dana nya, pokoknya aku suka banget sama pelayanan netflik!!!!!",1
mau login aja ribetnya minta ampun makin kesini makin gak jelas mending cari aplikasi lain yg gk ribet kaya gini,0
"home page ,beranda yg baru jelek membuat frustasi,lebih baik tampilan lama",0
dah lah ngak usah gua kasih tau pasti udah tau kan kenapa gua kasih bintang 2,0
"nonton video di Netflix sungguh seru, apa lagi ada program video khusus anak anak . Ayo dong jangan lihat komentar aja gas aja langsung download",1
"tambahin dong episode Spongebob nyaaa, bosenn anjay nonton eps yg sama terus😡😡😡😡🤬",1
good,1
apalah ribet amat loginny,0
"rugi udh berlangganan tapi gabisa nonton,tolong dong kalau bikin aplikasi yang bagus dikit,kasihan kalau ada korban yang lain",0
baguss sihh tapi aku kira lengkap teryata gak selengkap itu sorry to say banget yyaa dulu pindah dari loklok ke netflix tapi gak jdi deh aku oingin ke netflix bagussss kok murahh jugaa,1
"tolong aplikasi nya diperbaiki lagi, mau log in aja susah banget, muter muter aja terus udah masukin email, disuruh log in lagi buat orang emosi aja",0
👍,1
bad bad,0
Ribet ya mau daftarnya,1
Aplikasi bagus menurut saya sangat recommended buat yg mau nonton movie online bisa kalian temukan disini!,1
ini kemarin saya udah berhenti berlangganan tapi kok tetap bayar sih kembaliin lah udah 2 kali gini loo mana kalo dihitung 120k gara gara netflix.mana kalo ditonton g bisa harus beli padahal udah,0
"Tolong diperbaiki bagian brightness,kdng suka kepencet,otomatis terang sendiri,diturunin juga sama aja ga bakal bisa,solusinya ya uninstall and download lagi,brightness baru balik ke semula,tolong ya",1
"Boikot, lol, buat banyak2 gw nnton di lk21, gk bakal langganan lagi, bodo amat sama iklan!",0
saya tidak ada melakukan transaksi tiba² dana saya di sedot untuk membayar Netflix dan film² di Netflix tidak lengkap,0
"pilihan film dan serial nya sedikit, tolong hadirkan serial the walking dead.",0
"saya sudah tidak menjadi anggota lagi lalu saya hapus, pas saya top up dana eh tiba-tiba ada notif ""54 000 membayar ke netflix"" maksudnya apa? SAYA SUDAH TIDAK MENJADI ANGGOTA DAN SAYA HAPUS TAPI TETAP DI TARIK??? EMANG SAYA TERIMA?",1
aplikasi ribet.,0
saya suka squid game,1
mantap,1
susah bet buat akun dong aplikasi hma,0
film terbaru tidak bisa di buka,1
"Netflix kenapa sih ko muter terus padahal jaringan wifi nya lancar, tolong perbaiki jangan sampai saya rugi udah bayar tapi gak bisa nonton. kalau sudah di perbaiki baru nanti saya ubah lagi reting nya",0
pengguna baru wajib bayar 100 ribu. dan tidak boleh masuk sebelum bayar. aplikasi pelit.,0
"jujur saja saya kecewa dengan platform Netflix, sudah berlangganan premium 189k+ tapi film yang tersedia SANGAT TERBATAS, sedang kan di platform lain dengan harga yang sama bisa untuk dua platform, sudah film terbatas harga langganan mahal, sangat tidak sesuai dengan apa kata orang yang nonton film tuh di Netflix banyak filmnya, apanya nyari film edaran tahun 1950-1980 an saja tidak ada APANYA YANG PLATFORM SERBA ADA.",0
"jgn donwload netflik atau langgan filmnya itu"" aja mending Vidio keren"" seriius",0
"hari ini saya baru berlanggan untuk menonton film transformers, tapi sayang nya film di hapus besok.. coba pertimbangan lagi untuk menghapus nya min, kalo udh kembali saya kasih bintang 4 dan kalo lengkapin film sama serial transformers saya kasih bintang 5",1
mengapa selalu bermasalah dengan 5.7.1 solusinya bagaimana.,0
"tolong tambahkan film anime donghua please ,, terimakasih",1
"Bagus sayaa nonton dan langganan disinii, aplikasi nonton high tier ini mah apalagi marathon anime ampe pagi , saya mau minta One Piece tolong arc nya di update gua udh mau nyampe Dressrossa ini nnti langsung Egghead arc kacaw , saran saya nonton di TV lebih mantap ygy .",1
"Update tan Film Terbaru nya Lama,... dan Hanya Kebanyakan Film Drakor !!! 🥱",0
"banyak kali peraturan"" nyusahin",0
"buruk, dapat notif kebanyakan pakai di device lain, padahal cuma tonton dari hp. udah log out all device, reinstall, tapi masih muncul notifnya",0
g jelas gw g bisa masuk padahal udh cba berkali-kali tapi g bisa,0
udh langganan 120K knp ko masih ttep burik???,1
kebanyakan incorrect.,0
"aight, gimme back bundersnatch",0
eror tidak bisa nonton padahal baru saja bayar langganan tolong di fix kalau tidak di fix brrti ini app scam,0
kenapa netflix bermasalah terus eror tidak dapat memutar video,0
sialan udah berlangganan malah ganguan Mulu benerin dong gw udah bayar juga,0
Netflix error ni gag bisa gimna ni bayar mahal tp error mulu,0
"kenapa saya tidak bisa buka film? ""Terjadi masalah saat memutar video. Coba lagi. (1.1)""",0
gk bisa nonton,0
"mau nonton gabisa, mana penjelasannya ribet",0
sering error ni netflix,0
sangat bagus dan membantu saya menonton film yang saya sukai,1
ada apa ni? ga bisa nonton tiba-tiba 🤨,0
"sdh dperpjg knp ga bisa trs? ""terjadi masalah saat memutar video .coba lagi.(1:1)"" bisa tolong jelasin?",0
kok aku ga bisa nonton netlix ya apa lagi mintenence ? tagihan berikutny masih 14 juni,1
"TOLONG DONG INI KENAPA GABISA NONTON. Selalu muncul ""terjadi masalah saat memutar"" jaringan gue pdhl bagus.",0
pls netflix nii knp deh padahal habis byr member lgi tapi tiba2 malah error malah gabisa diplay itu knp yaa?,1
sering tiba2 eror saat digunakan,0
"Setelah updtar netflix ny tidak bisa memutar film sama sekali... dgn tulisan terjadi masalah saat memutar video, tlg utk bisa diperbaiki, krn kita update dgn harapan aplikasi ny semakin baik",1
"sering error, gk bisa mutar video, sudah liat panduan help malah disuruh hapus data/uninstall sia sia dong download an gw",0
eror mulu...gak jelas,0
sangat memuaskan,1
tiba-tiba tdk bisa terbuka flm walaupum sdh di updet apk nya,0
ok. mantap,1
login aja ga bisa co,0
"gokil ini film"" nya😊😊",1
mantap,1
"udah masukin sandi sama email ttp ga bisa masuk pas masuk malah keluar sendiri terus pake SMS email bisa masuk TPI keluar lagi gimana sih , perbarui dong Netflix nya",0
"Aku menonton memuatnya lama banget, padahal Jaringan bagus looh. kenapa ni?",0
Sangat menghibur,1
Kasih Lengkap lagi Film nya lah Netflix banyak yang belum ada aku tetap berlangganan disini,1
pengalaman saya ketika di hotel ada fasilitas tv smart coba coba masuk ke Netflix ternyata sensasi nonton di Netflix memang beda,1
bagus,1
bagus banget,1
jelek,0
"since Desember 2024 langganan , sampai saat ini .. tidak pernah ada kendala apapun...",1
good,1
membuat akun ya terlalu susah dan gak masuk akal,0
"hadeuh kenapa kalah sama platform ilegal atau iQiyi dan viu, masa iya gak bisa full HD meskipun udah pakai langganan yang bisa ultra HD cuman gara-gara ponsel L3???",1
update baru yg bikin susah cari film,0
netflix ni film anime dah lah gak lengkap. satu film judul banyak. apalah,1
"aku kan pengalaman pake Netflix ini di hp, nah mau pindah langganan ke pc masa gk bisa pake, walaupun pake akun yg sama. dicoba hapus paket biar bisa daftar paket lagi tetep malah muncul ke si android aja, gmn sih Netflix ini mau pindahin paket jadi ke pc di akun yg sama gk bisa",1
Apk GK jelas.mau daftar aja ribet,0
"banyak bug, salah satunya ketika video di putar malah ngestuck padahal jaringan bagus bangett. Jadi kalo mau nonton saya harus hapus data/chace dari aplikasi netflix, kadang juga harus uninstall aplikasi netflix. agak nyesel aja",0
"Saya berharap film seru untuk ditonton bareng keluarga , tapi adegan sex , cipokan, tidak disensor. Walaupun anak usia 16 tahun keatas tetap saja risih menonton hal Seperti itu bareng keluarga terlebih mertua. Parah si, neflix gak ngerti pasar. Kalo di Indonesia beda'in dong jangan samakan dengan AS yg family sec",1
jancook ribet amat mau masuk. lewat debit susah pakai dana juga gak bisa bosok!!,0
bagus,1
belum juga masuk sudah Sruh bayar aja,0
menyesal banyak erornya 🗿,0
"saya udah minta refund karena pembayaran otomatis yang tidak saya rencanakan, setelah akun dinonaktifkan malah saldo saya berkurang lagi untuk pembayaran netflix kembali, saat mau ke pusat bantuan malah gangguan, mohon bantuannya",0
gimana sii tolong la login aja susah udah berlangganan masih aja ga bisa masuk,0
stuck di loading saat ingin menonton film,0
film nya bagus bagus banget,1
susah att si login nya gajelas,0
Susah gagal terus mau daftar masuk akun. Kek kesel bngt aja semua udah di coba hasilnya ttep sama gak bisa,0
Bagus,1
"Woy, gw bayar loh yaaa ! Masa mau nonton aja Loading terus. Jaringan gw lancar loh! Klo aplikasi gratisan wajar, ini berbayar loh !",0
bagusss,1
lawak bet Udah langganan tapi gabisa di puter filmnya,0
Bagus sekali film film nya,1
"drakor full aja kagak, suruh bayar pula",0
ini kenapa sih netflix dah 3 hari cuma bisa di beranda cuma muter muter doang woi ini bayar pake duit,0
"ga rekomen buat berlangganan karnaa dia otomatis gituu kebayar sendiri, padahal udah gak berlangganan. Jelekkk",0
"saya berlangganan tgl 13 mei, belum genap 1 bulan sudah suruh bayar lagi ? apk penipi , ini baru tgl 27 mei baru 15 hari , yg bener lah",0
"perbanyak lagi film will ferrell woi, perbanyak lagi komedi klasik",1
jelek banget gagal terus buat daftar,0
udah bayar tpi ga bisa login ke akun lagi padahal pengen banget nonton (Email udah bener no hp bener sandi bener)😭,0
APLIKASI TOLOLLLLLL,0
apasih kok ga bisa diputar aneh bayar mahal mahal gabisa ditonton,0
kooonntool proses login jangan di oper oper lu kira latar belakang hp orang kuat enggak beda beda udah gada akun guest lagi di ribetin banget ya mek,0
Gabisaa downloadddd,0
Di tv Lg webos kenapa gambarnya bercak gak HD.. padahal beli yang UHD 4K.. terus di android jga gambarnya jelek.. padahal internet lancar 100MBps.. udah gtu ga stabil videonya bluur.. mohon bagusin lagi kayak dlu....,0
"bongko,videone ora HD",0
aplikasih gak guna padahal udah di masukin imail nya tapi tetep gak bisa aplikasih lolot,0
Terimakasih,1
Netflix di PC tidak bisa menampilkan resolusi FullHD 1080p padahal sudah berlangganan plan FHD. Sungguh amat sangat mengecewakan. Semoga bisa berbenah ke depannya.,0
Bagus,1
"""Terlalu banyak yang menggunakan akun anda"" terus menerus keluar notif ini, padahal nonton sendirian dari satu perangkat. Walhasil gagal nonton terus, percuma sudah bayar.",0
"sampah, udah mahal filmnya ga lengkap lgi",0
SUSAH BANGET BUAT DAFTAR NYA DARI TADI GAGAL TERUS NI APK SAMA WEB SAMA AJA KAGA BISA KOCAK,0
ribet banget mau masuk akun sendiri juga,0
"sering tidak bisa nonton, disuruh melakukan pembayaran atau ubah pembayaran, padahal paket masih ada. .",0
Biar bintang yg berbicara,1
"padahal udah lama make netflix tapi akhir2 ini kok masuk aja gk bisa udah di coba berkali2 tetap gk bisa, malah di suruh buat akun padahal udah ada akun dan udah bayar juga",0
ngacoo baru update malah gk bisa nonton film,0
top,1
"Tolong perbaiki bug seperti video eror tidak dapat di putar dan hanya audio yang muncul tapi video nya tidak, sudah berulang kali membuat saya kesal padahal udah mahal langganan",1
"daftar netflix tgl 22 klo ngga salah, eh saldo dana ku malah kepotong barusan, padahal saldo nya tu aku butuh ada keperluan. untuk admin kalo bisa diperbaiki lagi supaya pembayaran nya tidak otomatis terbayar setiap bulan nya karna mana tau org² diluar sana saldo nya ada kepentingan untuk hal yg lain🙏🏻",1
mantapp,1
ok,1
"ini gmna cara daftarnya tolong, apakah apk ini berbayar?",0
"bagus, tp ada bbrpa film yg ga muncul",1
ini kenapa memuat terus sih dari 3 hari yang lalu yatuhan😭 padahal jaringan ku bagus + udah uninstall berkali kali😭,0
filmnya membosonkan itu itu aja tidak berubah bagi pelanggan lama jadi membosankan,0
"jelek amat sii,,udh diisi paketnya malah ngga bisa di tonton",1
gimana sih developer kagak bisa masuk gw padahal udh gw masukin email sama pasword gw,0
bagus,1
"aplikasi tolol mau masuk aja rubet amet, udh daftar emeil masih aja gak bisa nyesel gw dowload ini aplikasi",0
aneh burik busuk bau tak kusing,0
susah MW dftr jga sialan emng salin link Mulu giliran udh di browser kaga bisa Mulu ngapa di bikin ribet se cuma dftr doang jga,0
Ok..👍,1
recomended,1
"saldo terpotong, akun di tangguhkan. tidak ada solusi",0
"netflix sering error tnp alasan yg jelas. padahal langganan resmi di kanal netflix sendiri, bayar via shopeepay sehaga 54rb/month. pdhl ram hp masih luas, jaringan juga terbaik sinyalnya. kemungkinan jika terus begini akan berhenti berlangganan netflix",0
saya Mohon untuk pembayaran menggunakan google play sangat dibutuhkan. plis bikin,1
great day 😀,1
gangguan netflixnya,1
"Pembayaran langganan melalui gopay susah sekali, gagal terus.",0
ok,1
aplikasi bego...udah masukin sandi alamat email yg pas tapi ngk bisa msk,0
"Aplikasi nya udh bagus sihh, tapi kenapa akhir² ini banyak error atau bug pas mau masuk aplikasi nya, di tv sama hp 2 2 nya gk bisa. ada tulisan ""Netflix mengalami kesalahan. Mencoba kembali dalam beberapa detik"". tolong segera diperbaiki dongg biar bisa lancar kembali masuk apk nya kaya dulu",1
aplikasi ampas uda langganan film ny dikit,0
aplikasi tidak benar setiap saya mau nonton harus masuk ulang terus menerus ribet mau nonton doang,0
memori berkasih,1
Mantap dan keren,1
"kenapa sii setiap mau nonton ada bacaan Terjadi masalah saat memutar video. Coba lagi. (5.10)"" jaringan wifi bagus, data bagus tapi gak bisa bisa, udh saya restart ulang hp tetap gak bisa, udh saya hapus jugak apk Netflix saya download lagi masih jugak ada bacaan Terjadi masalah saat memutar video. Coba lagi. (5.10)"", tolong dong udah mahal mahal bayar tapi gak bisaa, rugi saya jadi langganan di Netflix",0
masa masukin akun ny susah bener sihhhhhh jadi sebel coba dong Netflix jangan susah susah,0
ok,1
ga baguss,1
saya dah daftar dan saya dah bayar kenapa saya gak bisa nonton,1
buruan donlod,1
menyenangkan nonton tidak perlu pakai data dan serono,1
bagus banget!!!!!! Lebih seru,1
"sampah asli malah muter"" di pendaftaran padahal udh masuk verivikasi",0
"aplikasi apa ini,,. saya coba masuk malah gak bisa².🥱🥱🥱",0
"sampah bngt,baru daftar disuruh beli paket. VIP mana mahal pulak,paling kecil 50k, mending download apk lain,gak rekomen banget ni aplikasi,jangan download jika tidak mau menyesal",0
sanggat bagus,1
hallo min kapan film india SIKANDAR DAN JAAT UPDATE DI NETFLIX,1
taaiiii tbtb nonton malah kaya kaset burikkkkk macet²an anjirrr,0
gk bisa masuk,0
hmm kecewa bangettt dari pembayaran nya udh banyar malah gk bisa nonton uang gk di balikinn lagii,0
"apasih ini aplikasi ? udh bayar,udh di download malah gak bisa ditonton,kocak banget snjing. tutup aja tutup,buka warung nasi aja Netflix",0
aplikasi ga guna njirr,0
pas mau login ga bisa tulisannya coba lagi coba lagi padahal jaringan udah bagus dan sandi sudah benar tolong di perbaiki,0
"beberapa hari ini saya kendala d nonton,, sebagian film ada yang tidak bisa di putar sebagian lagi bisa, kira2 apa kendala nya itu kak",1
keren,1
kenapa di saya itu kaya tv tidak ada sinyal ya gambarnya tidak jelas saya sudah bayar jadi tidak bisa nonton rugi dong saya bayarnya perbulan,0
loginnya ribett bjirrr,0
"Netflix tolong lebih update lagi untuk film, drama dan anime nya, masa kalah sama aplikasi sebelah",1
"kenapa gak bisa masuk ke netflixnya,udah di upgrade,uninstal,instal ulang masih tetep gak bisa cuma keluar tulisan netflix",0
film dan lain lainnya bagus cuma tolong harganya itu mahal,1
good,1
"Mau bayar aja susah, aneh banget!. selalu gagal mau bayar dengan gopay. Payah!!!!",0
Banyakin lagi film Hollywood dan Indonesia nya,1
"woe minimal apk itu bisa belaha layar, bagi layar, biar bisa di nobarin su, apk kurang bagus bintang 1 🤪🤪",0
mantap,1
ini seru dan nonton squid game bareng sama temanku,1
aku udah donlod tapi pas mau masuk malah gak bisa selalu gak falid,0
tolong dong yugioh nya update ...,1
aku suka sama aplikasi Netflix soalnya video nya sangat memuaskan😊😊✨,1
Malas dengan apk jelek ini. Mau dftar aja harus bolak balik ganti sandi... Jelek apknya,0
Bagus film nya,1
gak ada pegalaman baik apapun,0
"banyak bug saat nnton film lama kaya tiba tiba gambarnya ga gerak kaya di pause gtu tapi suara sama subtitle masih jalan, masalahnya gambar nya diem aj ad sampai 1 menit bnr"" ganggu bgt",0
Good...Very Thank's You🖒🖒🖒,1
"aplikasi error,,error ubah paket...🐷🐷🐷",0
"belum ada pemakaian sebulan, gabisa buat nonton. selalu loading dan berujung eror. padahal udh langganan",0
sudah dua hari loading nyaaa ...ga terbuka buka gitu,1
sumpah ini netflix ya tiba² apk telah terhenti pas tengah² nonton...plis lah perbaiki lagi,1
naaise platform,1
"aku coba daftar pake email tapi gak bisa terus ada tulisan ""email ini tidak valid"" aku coba pake email yang lain, tapi tetep gak bisa. akhirnya aku kesel habis itu langsung ku hapus!!",0
"Mao login Netflix aja ribet bgt harus isi Gmail, terus ke browser segala macem ribet bgt",0
gw dh daftar udh berbayar juga saldo gw juga udh berkurang tapi gbisa masuk malah d Sruh daftar lagi.gmna ini?,0
ini gimana sih netflix ko aplikasinya gabisa di buka padahal juga baru bayar seminggu udah nge blank aja padahal jaringan bagus saya udah re instal sampe 3 kali sama aja hasilnya. Mohon di perbaiki masalahnya,0
sempat ga bisa login ...setelah chat bantuan ...admin ramah dan arahan sangat jelas ....see you kak,1
saya tidak bisa memasuk kan email saya,0
Nyesel donlod apk ini,0
sumpah ini kenapa gua mau masuk pake email tapi gak kedeteksi emailnya aneh bet tolong perbaiki kerusakan nya,0
parah kali aku dh bayar masi ga bisa nonton katanya belum bayar padahal udah bayar,0
"sebagai siswa langganan Netflix enggak mudah apalagi di masa fokus ngejar nilai, udh ku batalin kok malah ke beli lagi ? uang 120 rb mau buat buku hangus.Mana uang sendiri lagi",0
ampas gak bisa login gw,0
belum bisa di buka,1
Aplikasinya Gak bisa dibuatbayar bulanan error terus saya udh nyoba berkali² tapi tetep saja error,0
masih nonton The 100 sampe season 6 malah diapus gimana sih min,1
maaf saya pernah pakai Netflix premium dari shopee itu katanya ilegal maaf dan maaf lagi ayah saya malah memakai lagi itu katanya akun sharing kah?,1
susah sekali buat login nya ribet banget,0
wantap,1
Versi Good,1
aplikasinya ga guna hapus aja gabisa di masukin pake akun google juga gabisa hapus aja,0
"ribet mau nonton aja,hapus lagi lah",0
kok gk bisa yg 18+ ada suara doang gak ada gambarx gmn carax,0
"tolong dong netflix buat paket pelajar,biar agak terjangkau sama anak muda,tapi filimnya di batasi gitu yang filim-filim dewasa",1
fil nya bagus,1
"Developer nya cuma mau uang ya, ga mikirin rakyat kecil apa lu?",0
udah bayar malah disuruh bayar lagi gk tau kah itu ibu ku yang bayar udah bayar malah disuruh bayar lagi GK tau diri kah udah ngescam GK sadar diri Lo,0
bagus tapi yaa agak gimana gitu,1
"seru,lancar bgt nntnnya,banyak film yg blm aku pernah nntn",1
apk jahanam login aja ribet,0
"benci banget dah asli, masa nonton video aja gak bisa dibilang langganan udah, jaringan pun aman aman aja masih aja gak bisa di putar videonya, udah di download pun sama aja, aneh banget asli ini aplikasi makin lama bukannya di perbaiki malah makin rusak, masukan dari orang orang juga gak ada yang di denger",0
"kurang lengkap filmnya, btw masukin film zona merah donggg",0
Ok,1
PLIS NETFLIX GUA GABISA LOGIN UDH HAPUS APPNYA DONWLOAD LG MASIH SAMA JUGA HUHUHU MAU NONTONNNNN,0
kacau.,0
sangat baik,1
"Aplikasi kena screen limit terus, padahal beli resmi",0
Many of the stories do not match the original plot,0
"ini aplikasi bagus,tapi saran saya lengkapin lgi animenya,masa one piece gak full cuma nyampe punk hazard loncat ke egghead",1
aplikasi apaan padahal gw baru langganan sekali pas gw top up dana tiba² saldo dana gw kepotong padahal gw udah GK berlangganan,0
loading tidak habis2 saat membuka film di android.. padahal klo buka di tv lancar jaya..,0
sangat bagus,1
good job,1
Minta tolong film yg baru2 admin...jngan yg lama di tayang ulang mulu.,0
ok sekali,1
"Sering EROR MULU Padahal sudah keluar masuk terus tetap saja gak bisa Apa karena pakai tablet, tapi premium ada pilihan tablet jugaaaa Ini berbayar loh netflix",0
"kenapa ya videonya ga bisa diplay, kondisinya loading terus. Sinyal wifi bagus speed 50mbps, clear data sudah, clear cache sudah, re install sudah, tapi tetep ga bisa play videonya",0
tambahkan dubbing Indonesia untuk naruto,1
kenapa bayar gratis aja cuman Netflix gak guna apa gunanya,0
Netflix adalah aplikasi yang bagus. Tidak ada keluhan untuk saat ini.,1
"I hate to say it. Is Netflix this bad now? I just wanted to watch a movie, but it says the device I'm using is not part of my home? What the heck is that? I use the same phone that I used to sign up for Netflix? If the problem persists, I will cancel my subscription next month. I am disappointed with this. I have also tried asking for a code to watch temporarily but still, the email is always invalid and the code is not there. I really didn't think Netflix would be this bad now.",0
niceee,1
susah untuk daftar,0
apalah aplikasi ga jelas klamaan buat download nya aplikasi jelek,0
"security so weak, i register with my phone number, suddenly i cant login, seems hacker user my wallet with other Netflix account",0
login aja harus beli premium,0
Login aja gak bisa.payah,0
❤️❤️❤️❤️,1
sulit mau pembayaran netflix pengaturan paket pun payah di ubah,0
film berbau gunung horror min tambahinn petaka gunung gede contohnya the best.,1
apps gagal produk,0
susah login,0
min tolong lah one piece dilengkapi masa episode nya loncat jauh dari 600an ke 1000an,0
"Apaan tiap jam 10 gak bisa muter vidio ,, ntar normal lg jam 1 mlm kan bnke",0
koleksi filmnya itu2 saja. baru langganan 3 bulan udah gak asik lagi. mau tak stop aja nih kalau netflix gak nambah koleksinya.,0
Apk gajelas tidak worth it beli mahal mahal kualitas video setara YouTube 360p,0
apk apa ini masuk pun susah,0
mantap,1
tiap bulan berlangganan mantap,1
mau nyoba login g bisa bisa malah harus bayar,0
pendaftaran nya belibet susah ngulang² mulu padahal tinggal bayar diaplikasinya apa susahnya sih min,0
keren bangettttttt,1
buruk,0
bagus memuaskan,1
mantap,1
SAYA SUDAH BAYAR MALAH DI SURUH BAYAR LAGI DAN ENGGA BERLANGGANAN DI NETFLIX KAN ANEH BALIKIN UANG NYA KALO GITU NONTON GK DAPET MALAH DI SURUH BAYAR LAGI TRANSAKSI TANGGAL 11 MEI 2025,0
"sampah netflix sekarang, udah paketan mahal pas masuk dan mau play video bahkan pas video udah terdownload, malah error, udah relog, restart, reinstal, clear data and cache, update software bahkan sampai ulasan bintang 1 ini dibuat tapi masih tetep aja ga bisa play video, nyesel gue sumah ga lagi lagi langganan ini aplikasi",0
susah nak masuk. padahal sandi sudah benar dan tidak bisa menggunakan nonton gratis dari bonus paket xl ... sangat kecewa....,0
bagus sekali,1
sangat bagus,1
woi benerin 5.10 nya ini ga bisa nonton sma sekali,0
good amazing,1
aku bingung udah daftar akun nya ga masuk masuk..mau login prabayar harus pakia kode negara +65,0
Netflix sangat bagus banget untuk menonton film dengan lengkap. Film yang kita cari semua ada di netflix,1
"apk gede masa ngambil uang di ewallet org,ga ada kata2 panjang,yg penting uang saya kembali lagi kalau gini ceritanya mah",0
Aplikasi jelek masa kyk gini berbeda sama kompetitor lain,0
"ada filem pelecehan agama di Netflix ,penghinaan terhadap suatu agama dan ada menyimpang nya",0
Ini bagus sekali banyak pilihannya dan banyak film anak anaknya,1
jangan download berbayar ini,0
jelek,0
mau masuk aje ribet bet ajg,0
ok banget,1
"ini apk apa sih? saya berlangganan ambil paket 65 rb, berjalan seminggu tiba2 saldo saya ke potong lagi 186 rb, ini maksud nya apa netflix ajnk, tolong saldo gopay saya di pulangin dan pihak playstore apk ini tolong di blokir aja...ini sudah penipuan.....",0
good,1
"tolong tambahkan fitur blokir, supaya tidak bisa terhubung kembali menggunakan akun milik yang sama setelah dikeluarkan",0
"film the conjuring udah ga ada, padahal film itu alasan aku daftar netflix. annabelle aja hrs pakai vpn biar bisa nontonnya",0
bagus aja gt buat nntn anime,1
"Payah nih aplikasi ,ga biasa2 msuk mlu! hadehhh,bangkrut apa!",0
"karena film yg saya nonton seasons 2 dan 3 nya gak ada, padahal kata orang orang ada",1
"demi, sukaa banget aplikasi ini saranghaee Netflix jangan berubah plss ini uda bagus bgt lop u",1
"gak bisa login di hp tablet android samsung, bisanya di ios iphone ato ipad",0
"untuk film2 drama China nya kurang lengkap, jd kudu cari di wetv dkk, kedepannya tolong lengkapin ya krn kita sdh berlangganan, udah bayar, tp krn gak lengkap kudu kesana kesini, selebihnya bagus2 aja",1
habis d upgrade koq kualitas videonya jalannya delay gitu sih? jadi ga enak nontonnya gimana nih?,0
aplikasi terkocak yg pernah saya download,0
ini penagihan nya tgl 14 juni tapi sekarang udh di tagih Pembayaran teruss?? gimana ini Netflix?,1
bagus,1
suka banget pake netflix kerennn polll,1
katanya Film apa ajah ada tapi Faktanya banyak yang ngga ada udah berlangganan tapi Film Nya ngga komplit cari judul Film 12Hours Of Terror ajah ngga ada. dan banyak film² lain.,1
"Enak jadi bisa nonton film dari hp dan legal,tapi tolong tambahin dub indonesia nya plis ke Film film,sub Indonesia nya aja juga gakpapa kok, soalnya kadang ada film yang gada sub indo nya",1
sebulan perpanjang otomatis 2x... gk bisa direfund pula...,0
di kondisi kan lagi ini gimana udah premium masa pas mau di tonton hitam layar nya,0
"Ini sistem langgananya ga jelas. pembayaranya susah. suruh perbarui pembayaran sana sini,mau bayar ribet amat. pakai gopay y gopay aja. ga perlu gonta ganti pembayaran.",1
untuk one piece kenapa arc wano gak ada ya ?,1
payah sih masa ONE PIECE episode nya langsung lompat dari 688 lompat ke 1040 payah payah,0
bagusss,1
sangat cocok untuk saya,1
apk sampah masa login nya aja harus bayar gila ini apk,0
"gag bisa masuk akun,padahal sudah bayar bulanan",0
"tiba2 gak bisa masuk, Netflix makin kesini makin gak oke. makanya suka males berlangganan",0
memuaskan,1
bagus dan menarik,1
"mau login aja ruwet, mau berlangganan tmbah ribet email udah bener masih ga bisa, padahal emailnya udah bener ga bisa",0
good jobs,1
saya udah berhenti berlanganan kenapa masi ada potongan di tabungan saya.? tolong do g kalo mau nyolong ja gan gitu caranya!,0
bintang 5,1
"tolong aplikasi nya di perbaiki karna saya mau login gk bisa login terlalu banyak cara login email, nomor",0
"Nasib hilang Rp. 54.000 buat daftar keanggotaan, begitu mau login malah dikasih link isinya suruh daftar lagi sm bayar lagi. Muter aja di situ. Waspada yg mau coba"" download",0
"mahal, dan gak lengkap",0
bagus barusan saya nonton bareng kakak sayaa rate nya 1000/10,1
Netflix asikk,1
"Nih aplikasi bermasalah mulu tiap kali login ada tulisan terlalu banyak upaya masuk, gajelas anjg pdhal gw udh bayar mahal-mahal, benerin dulu lah aplikasinya tll.",0
"pusing banget login nya balik lagi"" mulu",0
nice,1
ok,1
"aplikasi OTT streaming terbaik dan terfavorit, fiturnya sangat melimpah dan mudah digunakan, dan satu hal yg saya suka adalah di pencarian, selain bisa mencari menggunakan keyword nama aktor/sutradara, kita selalu diberi alternatif pilihan terdekat bila film yg kita cari sedang tidak available di Netflix, so thank you",1
"bayar 65rb cuma disatu perangkat doang😅 tertipu dengan tulisan bisa di pake di HP, laptop dan tablet. bisa emang tapi ga bs bersamaan😅.",1
saya sudah jarang nonton. keanggotaan sudah dibatalkan. tapi tetap ada penarikan dana/pembayaran. film nya g ada yang seru. buat apa saya langganan terus. biayanya terlalu mahal sedangkan film sama aj dengan tempat streaming lain.,0
"Nyesel sumpah gw download ini aplikasi, udah mah ribet, loginnya harus ini harus itu, perasaan di aplikasi lain tinggal dua kali klik paling banyaknya, lah ini, beeuuuhhh, gk mau lagi - lagi gw download ni aplikasi",0
"aplikasibpenipu, saya sdh bayar tapi gak bisa login",0
baik,1
aplikasi sering berhenti,1
apk netflix jancooook daftarnya g kayak dulu kok rumit daftarnya taiii Netflix,0
"ini kenapa ya setiap melihat video yang saya download tidak bisa untuk dilihat, padahal sudah saya download dan bisa offline tapi kenapa tidak bisa di lihat???",0
apk asu dongo daftar aja ribet,0
"bagus banget, cuman tolong kalo ada series season nya yang lengkap",1
sistem nya gajelas,1
"tolong buat kepastian nonton anime ini season 3 nya cepat di liriknya Record of Ragnarok, nanti aku baru kasih bintang 5",0
"TOLONG JELASKAN!!! saya baru subcribe tanggal 8 mei dan pada tanggal 11 mei saldo dana saya berkurang, dan keterangan nya saya subcribe netflix lagi, padahal acount netflix saya cuma itu aja?????",0
good,1
kok gk bisa msuk y,0
mau nonton aja harus buat akun ribet,0
"akun sy ini knp ditangguhkan padahal jatuh tempo masi lama tapi gabisa ditonton, katanya pembayarannya nyangkut di akun lain padahal sy baru pake satu akun, gaada notif di email juga padahal sy udah isi saldo, udah ganti email sm buat akun baru tetap gabisa pembayarannya kocak kocakk",0
NETFLIX MEMANG BAGUS 👍,1
"MASA UDAH BAYAR LANGGANAN TIBATIBA ILANG LANGGANAN SAYA,SAYAA UDAH BAYAR MAHAL LOH,BILANGNYA PEMBARUAN INFORMASI,ITU SAYA KAN UDAH BAYAR MASA HARUS BAYAR LAGI,TOLONG PERBAIKI KALO TIDAK BISA KEMBALIKAN DUIT SAYA,MASA HARUS BAYAR DUA KALI,KEMAREN BANGET LOH SAYA BARU BAYAR,TOLONG PERBAIKI SISTEMNYA NETFLIX",0
kok GK ada solo leveling season 2 ya???,1
Apk busuk dari tadi mau buat akun gabisa padahal email sama sandi nya aja udah bener apk Sampah hapus aja👎,0
mau daftar aja di persulit,0
ini aplikasi bisa di request biar lebih hemat baterei gak sih,1
MANTAP,1
udah berapa kali login tapi gabisa masuk trus,0
"ribet amat pembayaran kalo akun ditangguhkan,kesana kemari tetap gabisa padahal termasuk aplikasi legal tp ribet",0
sering error gajelas. tolong perbaiki.,0
mau daftar aja ribetnya minta ampun,0
"udah apk nya kikir login susah email sandi udh bener semua TPI kata sistemnya email tidak di temukan, lalu gw ganti email sandi udh bener eh kata sistemnya sandi salah, gw ganti sandinya setelah di ganti gw masukin sandi barunya eh kata sistemnya terlalu banyak aksi, bacotttty",0
baguss,1
"udah bayar tapi pembayaran katanya gagal, tapi saldo gua berkurang, ni aplikasi gaada bantuan yak?",0
kecewa disuruh upgrade perangkat mulu padalahal perangkat tidak melebihi sesuai paket nya 🙂,0
"baru bayar 24 jam sdh tdk bisa menonton lagi, harus update pembayaran lagi, ribet sekali. tlng di sederhanakan caranya",1
udah bayar akun ditangguhkan,0
"tolong adain yang langganan premium sehari doang dong, karena saya gk tiap hari nonton netflix,mubajir uang saya kalau paket sebulan yg ke tonton cuma 4 sampe 6 hari doang, kaya di t*rab*ox",1
susah bet buat login,0
bagussss bangetttt,1
kenapa langganan saya ditangguhkan? padahal gopay saya masih banyak saldo dan tidak ada notifikasi dari netflix.,0
ingin dapat axces ke Xetflix,1
Baguss,1
"trouble payment, like wth u dont wanna get paid?",0
"sudah di download knp gak bisa d tonton? kemaren "" bisa",1
"Netflix tolong lahh buat paket mingguan/hariann, aku tipe orng yg jarang nonton film/drama, sebulan paling 2 atau 3 drama aja yg aku selesaikan itupun dalam dua hari bisa aku nyelesain 1 drama, klo terus²an bayar perbulan cuman buat 1-3 drama doangg boncos juga dompet inii, aku jg udh nahann diri buat enggk beli paketan dr orng² disosmed dan lebih milih nunggu Netflix update paketan permingguu, pls ya Netflixx 👉🏻👈🏻",1
mantap,1
daftar ruwet,0
padahal aku udah bayar tapi tetep nga bisa nonton,0
"kesel ih. subtitle suka telat dan ngga sesuai, ditambah kalau mau ganti subtitle di tengah berlangsung nya film malah error. ada beberapa film yang ngga di temukan di perangkat lain. dan terkadang suka lemot ngga jelas. ngga ngerti lagi deh..",1
bagus,1
"update pembayaran ribetnya setengah mati wkwkw mau bayar malah di peribet. coba dibikin lebih simple lah, bayar pakai gopay katanya saldo kurang, atm di bilang saldo terlalu sedikit kurang ajar....",0
"login pake email pdhl sandi udh bner ttp gabisa daftar akun, di perbaiki lagi ya tolong",0
Sangat bagus film2 dan TV nya aku menyukainya terimakasih Netflix 🙏👍,1
apk gk jls gua mau buat akun malah di kira mau login. mau buat aku aka di persulit,0
apa lah ini mau bayar ada banyak Maaaf coba lagi nanti hdh,0
"pembayaran langganan nya kok otomatis tanpa pemberitahuan terlebih dahulu, giliran mau pindah paketan ke premium malah di potong jeda 22 hari, harus bayar lagi langganan nya, bagaimana ini gak ada solusi nya",0
kereeenn,1
ini gimana mau konfirmasi pembayaran malah ga bisa ini katanya lagi tidak tersedia macam mana ini aplikasi nya yg bener dong,0
Ngak punya kartu kredit bye,1
very good..👍👍,1
ribet banget cuma mau log in,0
one piece episode 686 - 1000 mana?,1
bisa nonton film sesuka hati,1
login ulang disuruh beli lagi padahal baru seminggu,0
SERUUU BUAT AKUU NONTON DRAKORR,1
amplikasi sampah.login aja gak bisa.jaringan 4g,0
Netflix error layar hitam,0
"monyet 🐒 kadang pas mau nonton series/film masih sering muter/memuat padaha sinyal jg bagus memori internal jg masih banyak trs apa sih masalah lu? platform Segede ini ko masih aja eror nya, kecewa gue😮‍💨 yg bener aja masa mau nnt nungu muter/ memuat yg ga pasti waktunya",0
"mau ganti paketan Netflix, kenapa kok tidak bisa masih disuruhnya lanjutin paketan lama. tolong dunk pencerahan nya?",1
apk taikk login akun lama ribet nya minta ampun,0
ini knpa si ga bisa langganan? aneh bgt asli,0
pembayarannya super duper ribetttt.. pke gopay malah kaga bisa udh transfer sana sini tetep aja kgk bisa,0
"tiba tiba banget pembayaran Netflix otomatis,saldo gua baru isi langsung ilang",0
Developer tolong dong diperbaiki bug nya disaat nonton film agak ngebug neflix nya developer plisss🙏🙏🙏🙏,0
Apk terjelek,0
keren menyala,1
jelek amat,0
"mau login susah amat, kayak ada 1jt bitcoin aja loginnya susah, pas sudah berhasil login malah disuruh bayar kikir kikir",0
saya membuat akun netfilx dengan paket dasar senilai Rp65.000 dengan metode e-wallet menggunakan gopay dan berhasil bahkan saya sudah menonton beberapa film. Namun hari berikutnya saldo gopay saya ternyata tidak berkurang dan ada notifikasi di email bahwa pembayaran saya tidak berhasil padahal akun sudah dibuat dan ketika ingin melakukan pembayaran ulang adan peringatan bahwa dompet gopay saya sudah digunakan untuk akun netflix lainnya.padahal itu kali pertama saya menggunakannya.YANG BENER AJA,1
"Saya hapus akun permanen. Karena tiba2 akun saya ditangguhkan. Padahal ketika berlangganan pembayaran saya dinyatakan berhasil dan sempat bisa saya gunakan. Ketika saya coba ikuti untuk bayar ulang, aplikasi tidak mau menerima akun gopay saya. Ya sudah, masih ada aplikasi lain kok.",0
burukkk,0
"Login nya susah, udah coba berkali kali tetep gak bisa login",0
suka,1
Sampah,0
Saya sangat puas dengan pelayanan nya,1
"saya sudah kasih email saya yang benar tapi tetep disalahin saya ulang gabisa² gimana mau nyobain mikir dulu sebelum buat, terus sebelumnya di HP bapak saya, dia ga berbayar tapi tetap ditagih duit gimana sih gajelas banget.",0
apk apaan yah daftar atau buat akun baru aja ribut amat apk ngk ngotak,0
apk gajelas mau daftar gabisa terus,0
Asik! Bisa nonton film bareng keluarga hehe.,1
"bagus si apk nya, ada banyak filam, vidieonya hd, bisa di download, langganannya murah, tetapi setiap saya login akun netflix di hp lain selalu muncul ""terlalu banyak upaya masuk (-56)"" dan itu saya tunggu lama lama pun tetap begitu, meskipun ganti account, device, masih aja kaya gitu",1
hiburannya mantap,1
"aplikasi ini saya benci banget karena susah banget buat di login in masukin kata sandi gmail tapi di bilang ""tolong masukan ulang"" padahal kan saya sudh masuk kan kata sandi dengan benar, ni buat kalian yang mau download Netflix mending pikir pikir dulu sih",0
gabisa masuk padahal Emai dan sandi akun sudah benar,0
"kenapa saya uda bayar kemarin lewat gopay besoknya malah di tangguhkan ganti metode pembayaran, ganti ke shoppe malah jadi bayar lagi",0
masih banyak series maupun movie yang bahkan sekelas netflik tidak ada seharusnya apk berbayar menyediakan lengkap ini bahkan satu pun yg pernah saya tonton diapk lain terutama k drama sangat tidak lengkap seharusnya untuk sekelas netflik sudah bisa dipastikan lengkap tapi apa lah daya dengan sedikit kecewa semoga kedepannya lebih baik lagi,0
daftar gagal terus kpn ya,1
"udah batalkan anggota, udah unistall tetap aja melakukan pembayaran",0
"UDAH GA BERLANGGANAN TAPI MASIH DI TAGIH OTOMATIS SALDO DITARIK, GAJELAS",0
ok,1
"apaan sih ni apk, gue udh stop langganan masih aja ketarik saldo gue! lawak",0
"Beberapa series yang harusnya update, disaya tidak ada, seperti wind breaker season 2 tidak ada. mengecewakan",0
Sangat puas,1
bagus sii tp kadang² pas lagi nonton suka kaya fidio nya tuh diem tp tetep ada suara dari dari fidionya strus kadang² juga suka tiba² ke cate fidionya kadang ampe kesel si tapi bagus aja si,1
kena kode 5.10 Mulu Gajelas,0
filmnya berkualitas,1
"daftar Netflix udah kek daftar mau naik haji,ribet bangett pliss lahh",0
boring movies,0
cepet tambahin film baru dong masa lama bgt h,1
ya semua nya aman aman saja tapi untuk kualitas di smartphone android resolusinya ga 720p sama dengan paket yang kita beli sedangkan untuk perangkat Apple kualitas nya lebih baik daripada android dengan wifi yang sama dan sama sekali tidak ada Masalah pada jaringan tetapi perbedaan kualitas nya sangat berbeda. Mohon perhatian nya terimakasih,1
"ini gimana film udah di pencarian sesuai judul tapi gaketemu, padahal di perangkat yang lain ada di perangkat ini gak ada, sistem pencarian error malah recomend film yang baru dirilis pihak Netflix dikira gua mau nonton film saran jeleklu apa, gua pengen nonton yang gua suka aja tolong perbaiki sistem pencarian!!!",0
Ok,1
GK terlalu bgs filmnya,0
kurang puas,0
tolong min film nya yang bagus,1
sia2 120k cuma bisa 480p doang bjir lee tambahin spesifikasi pemutaran lah Ama server juga perbaiki masih lemot,0
mau melakukan pembaruan paket langganan saja sulitnya minta ampun,0
suka menonton film,1
bagus nyeeeewwwww,1
masukkan anime conan series dari season awal sampai akhir,1
bagus,1
"udah login ga bisa bisa, apk aneh jelek burik🤢🤢",0
Terimakasih netflix karena mendengarkan masalah dan mengatasi masalahku dengan baik terimakasih banyak🤩👍,1
apl bagus tp sayang film nya kurang lengkap,1
padahal udah gak berlangganan tapi masih ada penagihan netflix.,0
"Ga jelass bgt, gambar buffering tp suara filmnya lancarr tolong dong di benerin bugnya",0
"Netflix sekarang jelek sekali , sudah bayar full tapi video ga bisa di tonton ,di bilang harus upgrade software pdhl sudah terbaru, dibilang upgrade aplikasi ,sudah update juga, tapi Masi belum bisa ...",0
film nya keren2 g macet2,1
kenapa di pembayaran tidak di cantumkan lagi metode pembayaran menggunakan dompet digital..,0
"Ribet masalah pembayarnnya , segala pakai di tangguhkan dan ga bisa di ubah pakai ewallet, mending hapus ganti provider yg lain",0
susah banget gua mau bikin akun kaya mau jadi presiden,0
susah masuk nya,0
ok,1
netfli apk yang paling cari untung nya gede d suruh daftar terus bayar udah bayar malah d kasib link d suruhdaftar bayar lagi hadehhh,0
"mantap, tapi sayangnya sistem Pemutarannya otomatis tidak bisa Pilih sendiri resolusinya.ini juga satu kekurangan fatal netflix dibandingkan Disney+, Di Disney+ Hp saya support 1080p tapi di Netflix cuma 720p saja,Berasa rugi beli Premium tapi UHDnya tidak kepakai sama sekali,bayangkan di Iphone 13 yang sudah pasti mampu di rsolusi 4K UHD saja yang kebuka cuma 720p juga, seharusnya Developer Tau bahwa Iphone 13 Pro max sudah Pasti lebih dari mampu melahap hal kecil seperti sekelas 4k UHD itu",1
keren aja,1
saya sudah ganti paket tapi ga bisa terhubung ke tv gmna coba,0
bagus,1
mantappp,1
sangat bagus,1
luar biasa,1
"apk parah daftar aja kga bisa , hpus aja tuh apk dibikin gaguna 😑😑",0
mantap,1
"biarkan kendali kenyamanan penonton sepenuhnya kenapa cahayanya harus dibatas coba???, sekali dinaikin gabisa balik lagi ke nol pls Netflix what the hell wrong with your develop don't you know UI/UX???",0
sangat bagus,1
"susahh bngeuuuttt buatttt msukk nyaa kembaliin lagii kembaliin lagiii keselll jdinyaaa udaa ngulang"" smpee 4jamm ttp ga masuukk masukk",0
Sudah malas langganan netflix sejak acara tv a love to last tidak ada lagi,0
apk burik daftar aja di persulit,0
"aplikasi apa ini mau masuk sama login aja ribet banget suruh ini suruh itu gajelas kalok suruh login akun google jangan ribet"" kenapa susah banget buat login kecewa banget sama aplikasi ini buang"" paket instal hps dri tadi gitu Mulu GK bisa""",0
aplikasi ini sangat membantu untuk menonton video👍👍,1
dah bagus tapi lengkapin serial Detective CONAN baru gw bkin bintang 5,1
"mantap nonton film apa aja bisa di TV Rumah dan di Hp, Netflix tolong tambahkan terus film barunya. INGAT BELI PAKETAN Netflix yang resmi lebih aman via aplikasi operator resmi seluler ada (MyTeklomsel / MyIM3) anda jangan karena tergiur harga murah di medsod akhirnya banyak yang gak bisa login.",1
susah bgt pake apk ini,0
bagus banget rekomen banget,1
tolong dibantu kenapa Netflix saya katanya lebih dari 2 prangkat tertaut,1
mantul,1
mantap,1
"harusnya ada menu buat membatalkan pembayaran kak....,",1
apik,1
ok,1
aplikasi rusak,0
"masukin film anime china, donghua",0
bagus banget dan offlen,1
ga bisa masuk aneh,0
"pake dua hp android cuman layar hitam,jaringan padahal ga masalah,hp android nya juga masih yg bagus tapi malah kaga bisa error. di coba pake hp apel baru bisa hadehh",0
susah banget login doang belom nonton logonya lama banget,0
"gajelas, masuk aja susah",0
ribet amat sih masuk nya,0
"Bad, gembel",1
"ada drama yg masih on going, tertulis 'tersedia 3 mei' dan sekarang udah 3 mei pukul 11.56. ini kapan woyyy rilisnya",1
mau nonton spiderman homecoming gabisa padahal uda berlangganan,1
kalau in sulit masuk akun,1
"make wifi buffering mulu,paket data bisa,padahal kencengan wifi. gajelas anj",0
"udah beli paket netflix di XL, daftarnya malah minta bayar lagi. auto uninstall aja. ribet loginnya",0
"jangan downlod netflix dan jangan sambung kan bank digital anda ke neflix kalau tidak mau seperti saya, di hack nya uang saya di dana tanpa sepengetahuan saya, saya mengira netflix apk bagus dan terpercaya karna di plastore , nyatanya tidak yg di bayangkan",0
bisa nonton rainbow bubblegum season 2,1
apk tolol udah mau daftar pas masukin sandi mlh salah pas di cek ke akun google ternyata emg bner sandiny tapi knp pas mau daftar mlh gak bisa tolong perbaiki sudah 7 kali dwonload ni apk tapi tetep aja sandiny yg salah pdhl mah udh bnr sandinya,0
"aplikasi penipu. baru donlod,pas di buka udah ambil saldo saya... aplikasi pencuri.... buat kawan kawan aplikasi ini gak usah di download... serius",0
"gabisa milih kualitas video, layar terlalu cerah, tiba2 nge freeze terus",0
"klo bisa gw kasi bintang 0 rugi bgt, udh dua bulan stop langganan, saldo gw malah ditarik Mulu gimana si apk sepopuler gini yang ada ngerugi rugiin",0
bisa nonton dimana saja,1
Bagus banget,1
aplikasi apa dah ribet amat mendaftar nya ngg jelas,0
baagus,1
apk kederrrrr sumpah baru dowloand 2hari daftar nya meuni repott eh hari ke tiga apk gk ada gambar udah coba update apk hapus apk juga dowload ulanh sama aja anehh mau masuk apalagi di bikin emosi email katasandi bner tpi suruh ubah coba cara no telpon atau email katanya tidak ada sngkutan asli dah sudah apk Kederrrr bikin Darting 🥵🥵🥵,0
ini netflix kenapa dah udah seminggu ini jadi pada blank gini list filmnya ga ada gambar fan judul film....udh upsate tp masih blank daftar filmnya... musti dibuka 1 persatu biar tau filmnya apaan... tolong perbaiki,1
tidak merasa lanjut berlangganan kenapa saldo dana saya malah di perpanjang otomatis. 👎🏼,0
susah masuk,0
ngk bisa masuk padahal udah bayar jadi sayabg banget duit ny kecewa ah,0
"aku kira lengkap film nya,ternyata banyak yng gk ada😿💔",0
"KENAPA INI GABISA DIPAKE BUAT NONTON KALO PAKE WIFI, MASA HARUS PAKE DATA, GIMANA INI",0
ok,1
bagus banget tp kurang,1
"Netflix tambahin lagi dong serial hannibal,blom sempet nonton nihh",1
"Apalah aplikasinya ga bisa masuk trs padahal udh login,klo masalah internet mah lancar2 aj",0
flem Orville dan knights of sidonia gak ada dan juga beberapa flem yang lain... sama saja seperti nonton di bioskop keren atau LK 21,0
syuka banget,1
benar-benar kecewa,0
Kecewa sama drama adaptasi webtoon Weak Hero😮‍💨,0
good,1
udah bayar ga bisa dibuka!,0
"tiba tiba ga bisa buka di tab samsung setelah pembayaran perpanjang , kenapa deh netflix ah👎",0
I have so many and i mean MANY COMPLAINS. First of all..Sing 1 and two..Ninokuni... NOW HAIKYUU? Are you kidding me right now?! ONE OF THE BEST ANIME?! REALLY? I hate you Netflix.,0
udh daftar premium ttp aja gk bisa di buka,0
stop making anime adaptations that make the original characters change stupid you guys bad at it,0
too expensive maybe,1
tapi gak bisa daftar,1
kenapa saya tidak bisa melakukan pembayaran selalu di tangguhkan?,0
udah langganan malah ga bisa nonton pas muter film ada tulisan terjadi masalah saat memutar video . coba lagi (5.10) udah dilakukan semua solusinya ttp ga bisa,0
"saya sudah melakukan pembelian paket melalui aplikasi My Telkomsel, Tapi paket belum aktif. Film tidak bisa disaksikan",1
"halo netflix, saya sudah membeli langganan 1 bulan tapi sekarang di smart tv saya bahkan tdk bisa masuk sama sekali padahal jaringan saya stabil",1
masa mau di batalkan anggota kok ga bisa padahal udah jatuh tanggal nya pas udh dua bulan,1
"admin, gue beli yg paket 4k tapi kenapa videonya kayak 3 GP begini",0
aplikasi yang berguna,1
ok,1
"tiba tiba langganan anggota, mana duit ga ada lagi malah dipotong , minimal ada pemberitahuan dulu ke, aplikasi rusak, sampah gaguna",0
WEAK HERO CLASS S3 Plss,1
sangat bruuk tdak ada gambarnya,0
"parah, udah berlangganan ternyata serial THE ROOKIE gak ada!!!",0
udah mantap tapi sebaiknya film film terbaru keluar segera di hadirkan di apk sebelah sudah muncul di sini belum,1
"sudah bayar kok gak terverifikasi, akhirnya bayar dua kali buat subscribe 1 BULAN",0
lumanyan,1
akhirnya gak bayar lagii,1
"Bagus menarik tontonan seru, mkzh",1
"aplikasi sampah, dia suruh masukin email sama kata sandi, TAPI KENAPA EMAIL SAMA KATA SANDINYA SALAAAAAAH. padahal email sama kata sandi nya sama TAPI MALAH GAK BISAAAAAAAA. MEMANG APLIKASI DONGO!!!!!!!!! MEMANGNYA GUA HARUS GANTI EMAIL SAMA KATA SANDI GITU!!!!. MAKSA BANGET",0
susah loginya,0
suka error dan loading,0
ok,1
"knp ya bisa diputar di laptop,tidak bisa di hp tablet?padahal kualifikasi hp tablet sudah kompatibel.",0
iya,1
masuk nya aja susah padahal kita mau bayar ga kaya vidio satset,0
ga bisa login padahal email dan pasword nya bener jadi rating 1 aja soalnya ngeribetin dan gak bisa menerima layanan dari netflix,0
apk ajing mau daftar ajah susah .. nyesel gw download....,0
"Sering banget error ga bisa putar vidio nya, kalo lewat Web nya aman,",0
ok,1
gaje,0
mantap banget,1
tolong saya kenapa saya gak buka Netflix lagi,0
bolehh uga yukkkkkkkkkkkkkkkkk,0
mantap,1
bagus,1
percuma berbayar klw filmnya sedikit/terbatas..sangat merugikan sekali,0
Bos...tambahin film kolosal ....the lord of the ring....the hobbit. all....makasih ya,1
sesuai,0
mantap,1
sangat bagus dan nyaman,1
"baguss,cuma film dracin nya di perbanyak lagii yaa minn😘😘",1
ada gta lebih seru lagi,1
sangat amat baguss,1
sejauh ini aman gak ada kendala selama streaming film semoga kinerjanya makin bagus,1
"daftar filmnya kurang lengkap, setidaknya daftar rating film diatas 7 dilengkapi lah.",1
NICE,1
suka sekali dgn flim2nya,1
dangat bagus,0
kurang lengkap dan tidak update film terbaru,1
"video sering kepotong, kadang ngefrez",1
untuk fitur bahasa okee sih namun untuk pemilihan film tidak tersedia semua,1
"Mantap bgt nonton di Netflix, tapi sayangnya mulai dari tadi malam Netflix aku ga bisa di buka😭😭 ada yang tau ga solusinya?? padahal baru bayar 😭😭",1
Pakai akun google ngapain coba males hapus aja...😠😠🤔🤔,0
Kenapa banyak pemeran di netflix yang ireng ?,0
makasi,1
juara penghibur,1
daftar nya gimana sih sudah benar malah salah heran deh 😤..!!,0
Sering error di tablet terbuka tapi ndak bisa di tonton,0
seru banget nonton film ini,1
baik,1
anak rantau setia selalu menunggu mu,1
"aplikasi sampah, gabisa masuk.",0
bisa nonton film baru dan semua filmnya seru seru semuaa,1
knp mau login aja susah di blg email tidak valid lah tidak apa cobalah bantu saya,0
jangan tanya alasannya 🙂,0
"seru bgt bnyk film"" seru",1
"kenapa ga bisa login terus? tiap login kata sandi salah, pake kode masuk dibilang terlalu sering login. aneh",0
kalau perangkat tidak didukung karena apa? Karena sebelumnya bisa akses,0
"udah berlangganan, tapi ga bisa kebuka",0
apalah ko ga bisa masuk sih,0
bagus,1
"film nya banyak yang kurang lengkap ga ada avangers civil war,endgame, infinity war, Thor Ragnarok,the incredible,dll",0
mantap 🗿,1
terima kasih,1
bagus,1
"Saya gak merasa memakai layanan Netflix, paling dulu cuma pernah download doang tapi itu juga udah dihapus lagi tapi kok langganan nya tetep nempel.. gapernah pake tapi ditagih? gimana sih ini sistemnya, harusnya itu minimal konfirmasi dulu jangan malah langsung ngambil saldo, kocak banget sih anjng. Buat kalian semua kalo yg gak niat pake Netflix jangan sesekali iseng download nih apk soalnya kalo lu gak sengaja daftar nanti saldo lu otomatis kepotong tanpa konfirmasi.",0
saya sudah mendaftar tetap tidak bisa masuk saya sudah berulang¹ mendaftar juga tetep tidak bisa masuk,0
kurang lengkap,1
ok,0
suka banget sma ni aplikasi,1
susah untuk buat aku mau makai cara apapun tetap tidak bisa,0
langganan gak sengaja itu malah gak tau kirain sudah berakhir langsung potong aja lewat ewallet gopay uang 65 berharga kaget saya konfirmasi dulu lah duh gmn batalinnya saya gak mau nonton Netflix udah sering banget potong bgth duh tolong balikin uang saya balikin tolong konfirmasi,0
mau bikin akun baru aj d persulit,0
"sering ada tulisan "" terjadi kesalahan dalam pemutaran vidio"" padahal udh langganan rugi kl gini",0
pilemnyq kebanyakan lawas,0
saya suka film di netflix sangat membantu,1
gaje,0
Mohon responnya kami pengguna samsung A20s tidak bisa menjalankan aplikasi ini dengan keterangan - Maaf kami tidak dapat menjangkau layanan netflix - cobalagi nanti ...,0
puas bngtt dngn video di netflix,1
aku ingin sekali daftar ke appk inii Tpi tidakk bisaa🤔,1
kok bayar,0
ok,1
bug ga jelas,0
pendukung woke,0
bagus kalau bisa banyakin film bioskopnya dan jangan hilangkan film,1
bagus,1
boleh tambah anime diamond no ace?? tidak banyak anime woe.. lebih bagus lock2,0
bisa BHS indo,1
good,1
"ga bisa loginnn,padahal cuma di buat main fm.punya akun 3 ga bisa semua",0
bagus,1
alah daftar nya ribet bangt,0
hmm....salahnya ga ada uji gratis atau potongan brp persen nya,1
kenapa mau melakukan pembayaran susah banget,1
ribet daftar,0
Ribet amat,1
Apk tolol ga bisa daftar,0
ga bisa di buka ngeblank,0
vidio nya bagus semua,1
film nya sangat bagus dan aplikasi ini sangat bagus sekali,1
rekomendasi bangettt,1
maksih Netflix I love you 🌹🌹🌹🌹🌹,1
tolong kembalikan saldo shopeepaynya ga sengaja berlangganan 186rb gimana,0
Download karena lihat Jisoo the blank menu. Soon ada boyfriend on demand. stay tune.,1
kok Netflix sya ngk bisa d buka ya,0
sangat bagus,1
jelek sekali hp saya jadi eror,0
sangat bagus,1
i am Steve...............................................................................................................................................................................................................btw itu premiumnya murahin napa,1
mantap,1
mantaab,1
mantap,1
bagussss,1
sangat bangus,1
mau daftar akun baru aja susahnya minta ampun,0
"film anak tapi hanya bisa audio inggris tanpa bisa audio Indonesia, bagaimana anak bisa memahami,",0
sama sekali ngga bisa dibuka aplikasi kurang ajar,0
aplikasi nga jelas mau masuk aja susah,0
untuk menonton film,1
"subtitle sering hilang muncul. jujur awal2 langganan b aja, tp skrng mulai terganggu bgt gara2 ini. tolong diperbaiki lg dong masalah subtitle biar ga ilang2 an. masa harus replay adegan trs baru muncul. mohon diperhatikan ya.",1
the best,1
semoga berguna,1
ini kenapa netflix gak bisa di buka ya aplikasinya?sudah di install ulang tapi masih gak bisa.,0
👍,1
saya sudah mencoba mendaftar beberapa kali dengan akun google yang berbeda-beda namun tidak bisa padahal saya belum pernah mendaftarkan akun google itu ke netflix tolong bantuannya,0
perfec sukaa bangett,1
burik kaga masuk masuk,0
appnya ga bisa dihapus dari bawaan,0
"Tidak rekomendasi bagi para pecinta film, karena film disini tidak lengkap, banyak film bagus tapi tidak ada di netflix. payah",0
"apk streaming ter bobrok ya netflix,baru mau masuk suruh login doang aja gabisa ,mending pindah ke lk21 aja deh nonton yg elegal makin seru dann asik,gratis lagi ketimbang netflix udh bayar ga bikin customer nyaman cuih",0
bagus,1
ok,1
harus langganan,0
"maaf kurang lengkap, soalnya tujuan saya langganan netflix buat nonton series fast furious TPI kaga ada, kecewa:(",1
ok,1
baru pertama kali download dan mau bikin akun aja gagal terus. katanya dikirimin email tapi pas dicek link emailnya ga bisa,0
"ayolahhh ,jangan terlalu ketat sampe membatasi film yang lagi rame, malah gada di Netflix, kecewa GAKKK LENGKAPPP, Avenger, Justice league sedikit banget",0
ribet pendaftaran nya,0
tidak bisa putar video film di hp padahal compatibilitynya sudah sesuai,0
"Sering banget error. I mean, tiba-tiba 'kata sandi salah', padahal jelas-jelas bener. Soalnya beberapa waktu kemudian dicoba bisa. Ini buruk banget sih. Semoga segera diperbaiki",0
"sangat bagus, film""nya sangat' menarik dan seru untuk di tonton.",1
burik semua email di tolak!,0
"Udah berlangganan bulanan, eh di TV perangkat sudah tidak di dukung, udah ga bisa ditonton atau di download lg aplikasinya. Masa tiap perangkat tidak di dukung kudu ganti tv? Masa aplikasi pilih2 merk tv. Aneh. Cara non aktifkan berlangganan gimana? Soalnya tiap bulan ke potong otomatis utk berlangganan.",0
"fitur'y lengkap, tp maaf yg di tv ga bisa kebuka² ya padahal film'y keren² sih terpaksa donlod apk'y via hp yg di tv ga bisa kebuka,sedih bgt",1
"aplikasi scam muter"" d situ aja gajelas",0
ribet daftarnya,0
Mantap,1
"pls dah mao masuk ke email selalu kena ""terlalu banyak percobaan masuk"" pdhla baru sekali anjr",1
the best,1
susah login,0
kenapa di huawei tablet ga bs play?selalu error..di android TV di rumah juga tiba2 ga bs diputer pdhl bertahun-tahun sebelumnya aman,0
gantel suruh bayar,0
"gabisa masukin akun, salah pw trus padahal gkada yang salah samsek, kebuang buang jadinya langganan",1
"Netflix kecewa gua ama lu gabisa login gua, udh bayar padahal, emng ya lu nyusahin orng aja!!",0
bagus,1
"aku sudah berlangganan sudah bayar lewat ovo tapi pas buka aplikasi netflik nya ga bisa,ket di suruh dftar sudah dftr sudah selesai bayar pokoknya tapi tetep ajh ga bisa masuk...bagaimana yaa..tolong deh..",0
"puas banget selama nonton di netflix, selama di bulan April ini. keren banget pokoknya, kualitas gambar HD nya ok banget + pilihan film nya juga. jangan lupa tambahin animasi jumbo juga nanti nya atau kalau fokus di genre lainnya juga gak mengapa",1
aplly Taek..ribet banget,0
nggabisa daftar,0
email padahal sudah benar tapi tidak bisa mendaftar,0
metode pembayaran terlalu sedikit,0
SURGAMU DI DEPAN MATA SOBAT,1
"udah langganan untuk 2 perangkat, tp pas login di hp ga bsa krn bukan household.. mencet tonton sementara link sudah tidak valid minta di perangkat asal"" padahal blm login ke tv",0
Untuk perbaikan berkomunikasi,1
jgn eror trs boss,1
aplikasi ini seru sekali untuk yang suka menonton film dan cocok,1
beberapa film tidak ada dinetflix,1
bagus bgt,1
"BAYARAN SUDAH TETAPI NGAK BISA LOGIN DI NETFLIX PERBAIKI BAIK""",0
gk jelas,0
"Aplikasi nya lagi down?? atau gimana?? buka di browser bisa, buka di aplikasi malah gaisa terus dr tadi. Berasa ini hape gue yg error atau aplikasi nya yg error, pliss terakhir nonton tgl 15 April loh",1
ok,1
"aku menyukai segala series didalamnya. akan tetapi, bisakah kau menambahkan series season Spongebob? tambahkan versi yang lama. dan tambahkan series Teletubbies dengan versi lama. itu mengingatkanku pada masa kecil yang indah. terimakasih pihak Netflix, aku akan sangat senang apabila itu benar terkabulkan",1
Mulai lagi keanggotaan tapi tiap mau play video terdeteksi akun anak di bawah rating usia. Giliran akun anak dihapus tinggal akun dewasa katanya akun sudah tidak lagi aktif. Padahal sudah bayar keanggotaan. Ini netflix sengaja mau cari cuan aja? Baca-baca ulasan ternyata banyak yang mengalaminya,1
"Netfilx saya sudah berbayar tapi tetep ga bisa login masuk,mubazir uang aku,kembaliin aja kalo aku ga bisa login masuk padahal uda di coba semuanya tetep aja ga bisa masuk,ayoo dong netflix benerin banyak yg ga bisa login loo padahal mreka uda berbayar",0
k..tol emang app ga jelas saya udah daftar udah bayar juga tapi disuruh salin link ke pendaftaran ulang lagi,0
loginnya susah,0
udh di download 3 kli ttpi ttp gabisa masuk,0
ok,1
"karna kita manusia biasa kita harus berterima kasih sebanyak mungkin dikarenakan netflix sudah memberikan kita segudang hiburan, hidup netflix jaya jaya jaya",1
thankyou netflix..kapan2 sy akan kembali lagi😉,1
Good👍👍👍,1
udah di download udah bayar gk bisa masuk. kecewa hilang dah uang gw.,0
aplikasi oke sekali tapi film nya sangat lama updatenya harus update film terus dong min biar kita semangat untuk berlangganan terus,1
"aplikasi ku tiba² erorrr ktanya jringanlah pdahal jringan ku bgus,",0
"no play button for ""Ca$hero""",1
nyesel udh langganan 65k ternyata kebanyakan film lama semua,0
"pelayanan nya bagus, ror. kapan kapan langganan lagi ne.",1
mantap,1
apalah kenapa harus bayar seharusnya gratis,0
udah bayar 1 bulan 65 rb gak bisa login,0
ok,1
nggak bisa daftar akun💩,0
MONEY HIEST,1
mau daftar aja bolak balik terjadi kesalahan,0
I like it aku bisa nonton. Minecraft movie!,1
uang tidak kembali jika sudah tidak berlangganan jelek,0
saya tidak uang masuk,0
Uda saya download tapi gak bisa masuk gak jelas aplikasi ini,0
yh keren,1
apk ga berguna.,0
👍,1
Iya,1
terbaik,1
good,1
banyak minta update ya Netflix,0
"menghibur bangett,, bisa nonton apa aja yg d sukai ,mulai dari film horor smpai Drakor semua ada..",1
very expensive,0
udah bagus semuanya cuman filmnya kurang update terbaru kebanyakan film film lama,1
apk nya bagus cuman gabisa nonton bareng sekaligus di dua hp berbeda yaa apa harus beli devicenya dulu ya? tapi gimna caranya?,1
KECERAHANNYA GABISA DI ATUR ANJJJJ GANYAMAN BGTT,0
Senang,1
ok,1
"terjadi kesalahan, tidak bisa diputar. menyebalkan... sudah install ulang tetep seperti ini, jika kendala di bulan ini tidak diperbaiki sepertinya pindah aplikasi saja..",0
ok,1
tolong lah saya sudah berhenti netflix saldo dana saya kepotong terus,0
hiburan yg nyata 👍👍👍,1
Apk sialan ... mau daftar akun harus bayar dulu baru bisa di daftarin 54 ribu paket perbulan lagiii gillaaaa emng nyesel pernah instal ni apk mata duitan,0
Buat kalian yg udh berlangganan tapi ga bisa dipake ataupun gangguan dan sejenisnya coba kalian berlangganan di aplikasi nya ataupun di situs situs yang legal kan biasanya banyak yg nawarin berlangganan dgn harga yg sgt murah tapi itu ilegal. yang pasti lebih aman ke akun dan perangkat.,1
"film tidak lengkap, saya kecewa berlangganan",0
ok,1
apa ini masak harus bayar jangan di download,1
good,1
bisa nonton bareng aku,1
Bagus banget untuk nonton,1
Lumayan Bagus,1
payah sda di coba segala arah tetap jga error TDK bisa terputar,0
apk tidak jelas login susah ribet.,0
aplikasi rusak,0
gjls gbisa login,0
untuk mentode pembayaran susah udah saya cobak pembayaran semuanya tetep aja ngak bisa,0
keren,1
ok mantap,1
Makin bobrok aplikasi ini...kendala terus saat menonton video...rugi saya sudah bayar tidak bisa ditonton...😡,0
"Video tidak dapat diputar. tulisannya terjadi masalah saat pemutaran. coba lagi (5.7.6). sudah buka tutup aplikasi, sudah hidupkan kembali perangkat. versi os androit sudah yang terbaru.",0
"kok ga bisa di play ya hp saya baru ga mungkin hp saya eror, tolong dong ini diperbaiki, udah berberapa kali play nya ga bisa ditekan fitur yg lain bisa di tekann",1
"aplikasi jelek,mau masuk ga bisa padahal email&sandi sudah benar semua,baru banget bayar yg 186 ribu malah ga bisa masuk,rugi dah gue",0
saya paling suka aplikasi kayak gini bagus banget ada dubbing nya bagus banget pokoknya🤩🤩🤩,1
sangat baik tapi kenapa pembayarannya jadi 120000 ya,1
"payah ahh miskin koleksi filmnya, masa film Batman aja kaga ada",0
gaje,0
tambahin ip man 3 4 kalo bisa jadi komplit,1
tambahin film pabrik gula,1
netflix skrng ad iklannya? ganggu bgt,1
apalah tiap mau masuk dianggap terlalu banyak upaya :> opsi pembayaran nya ga ada e wallet kenapa ya? pindah ke sebelah aja lah gw,0
"mengapa saya tidak bisa masuk atau bikin akun? dan apa masalah nya,ini aplikasi sudah terkenal pesat di mana mana,jadi jangan begitulah caranya anj memang!!",0
cara login susah pw udah cocok gak masuk masuk di suruh terus ke Gmail,0
"apk sampah, udh dicancel langanan masih aja terbayarkan, udh gitu akun tb tb hilang, emang tolol apk sampah, nyesel gua pake, masa udh dibayar akun gua tb tb dihapus",0
"kurang lengkap aja sih, untung pilih yang murah jdi ga terlalu kecewa. 👍",1
Saya sudah langganan paket dasar kenapa yang keluar malah konten anak-anak semua!,1
buruknya,0
cocok buat nonton anime dan yang lainnya bagus sekali,1
gk bisa login,0
gatau mau komen apa intinya bagus,1
suka force closed,1
sangat tidak rekomended,0
gw udh berhenti berlangganan Masi aja saldo gw kesedot bjingan,0
boikot!,0
seneng nonton bioskop di ponsel sendiri,1
tidak bisa masuk,0
sudah putus tidak berlangganan masih kepotong,0
parah aneh Susab bangt padahal udh BNR tetep aja GK bisaaa,0
Sangat Suka.,1
sangat Baguss aplikasi netflixnya,1
"tch aplikasi yanh bguz, tapi ga sebagus itu hhhh hayuk",1
"ga seruu kebanyakan film drakor nyaa , mending banyak film film action dan fiksi barat , kaya film dokter strange, iron man , thor , masa gaada di netflix ,",0
"update.....sudah ada perbaikan, semoga konsisten",1
great,1
to make subscriptions cheaper again,1
ribet banget masuk akunnya harus nunggu 30 hari proses pendaftaran,1
gak bisa masuk ke aplikasinya!,0
bagus,1
Kembalikan game Transformers kami,0
ga nyesel deh.. pokoknya the best,1
ini di aplikasi memang gak ada bahasa indonesia yah?,1
Baik,1
aplikasi orang kaya cok. yang kehidupan nya menengah ke bawah gak usah daftar nanti tambah susah,0
apaan update filmnya delay 1 hari yg parah onepice dimana mana sudah update disini stak kocak netflix,0
Kenapa yah daftar nggak bisa terus,1
"kok GK bisa login padahal email dan sandi benar malah GK bisa, aneh...",0
apk qon tol. udah daftar ga bisa login,0
enak buat nonton sambil makan gk usah capek capek download video,1
aplikasi nya jelek banget,0
"saya login gagal terus, udah bisa login, trus berlangganan tapi film gak bisa d Tonton hanya loading terus menerus. ada solusi nya gak ya kan sayang udah bayar mahal tapi GX bisa di tonton",0
cara anu kan ya,1
very good,1
jangan di download ribet banget loginnya,0
film bahasa indo nya kurang banyak anime bahasa indo nya juga kurang tidak tertata rapih dalam kategori bahasa indonesia nya,0
top,1
good,1
john wick chapter 4 kapan ada di Netflix...?,1
sangat burukk,0
sangat bagus dan aplikasi ini dapat mambantu kita saat kita ingin melihat berita atau pun sinetron flim yang kita suka. 😍😍😍😊😊😊,1
mantap,0
Sangatlah bagus sekali,1
buruk sekali,0
sangat susah login,0
udah daftat dengan akun bayar sudah tetep gak bisa bungol,0
terlalu ribet daftar nya,0
sangat bagus,1
netflix bug,0
"penipuan GK sich nich aplikasi,,habis bayar malah GK bisa nonton,,",0
bagus dan tidak lalot,1
kok episode 4 devil my cry gk bisa diputar,1
aplikasi ter ribet yg pernah ada,0
kurang mantap,0
"susah daftarnya, aku hapus ulang deh",0
kenapa subtitle tidak bisa beralih bahasa,1
min ini kenapa ya ada bacaan eror pas mau login🙂,0
aplikasi yang sangat Ribet,0
udah off langganan tp saldo tetap kepotong....kesel bgt,0
"gabisa masuk, padahal gmail sama password udah bener, emangg annnnjjkkkk apk makin kesini makin gajelass !!!!!!!",0
duit saya butuh kok bayar sendri 🤦🤦,0
ko susah di buka,1
keren,1
apa nii film luar gk lengkap fast and furious aj kgk ad,0
Meskipun berlangganan melalui agen dalam mode sharing saya sangat puas dengan kualitas tontonan Netflix dari pada aplikasi tetangga sebelah 👍🤣,1
ini kenapa yah aplikasi tidak bisa kebuka padalah saya udh bayar,0
keren bgt udh itu aj,1
aplikasi gak jelas aku udah bayar kok gak bisa masuk padahal sandi password udah bener semua!,0
lumayan ini 😋,1
selalu gak bisa masukan email ntah lah udh masukan email yang benar masih gak bisa masuk akun,0
mau bayar aja susah bngatt,0
mantap sangat bagus tapi aturan gausah bayar biar enak nontonnya,1
ngak bisa login,0
Baguss,1
"aplikasinya bobrok,,di Sruh login ke akun,,ulang"" smpe TPI nggk bisa,,aplikasi blum terpake sdh di Sruh upgrade..mau login sja susah banget..",0
we pay for trash?,0
hot,1
keren,1
ribet,0
anime ga lengkap jir,1
ada yang pernah keluar sendri gak . pas lagi nonton gitu. trus login lagi gak bisa malah di lanjut kan ke menu pembayaran.,0
bagus banget,1
mantap kita coba dulu ye..,1
lebih enak bstation,0
KEREN,1
tolong kembakikan uang DANA saya yang kepotong sendiri senilai 65000🙏😭,0
"seperti nya saya sudah pernah masuk tapi pas login dan masukan sandi salah dan saat ingin menggunakan kode dari pesan Gmail malah gak bisa, katanya ""terlalu banyak aksi"" jelas ini sangat tidak kompeten dan bodoh, sebenarnya apa tujuan kalian,huh? GK guna punya tim!",0
oke,1
puas,1
sangat menghibur,1
sangat membantu dalam menonton film2,1
kenapa ya saya memutar d hape saya blank hitam tapi preview nya ada gambar nya?,1
benci bgt sme apk ini saya sudah masukkan akun banyak kalu tapi tetap tidak bisa masuk tolong perbaiki apk ini !!!,0
"ga banget, aku login ga bisa"" apalahh",0
netflix itu jelek aku tu susah bangan akun nya disuruh orang udah berhasil malah gagal,0
aplikasi ribet anj B95T,0
udah aku batalin keanggotaan tapi kok tetep bayar langganan ya? aplikasi aneh,0
ribet banget anjirr mau daftar malah di suruh premium dulu. mana harganya mahal lagi,0
Bagus,1
"kenapa saya ngestak di link ya?padahal saya mau bayar loh,saya udah coba di 3 hp yang berbeda tetapi tetap sama saja",1
"mau daftar kok gak bisa , malah disuruh perbarui perangkat atau browser tapi gak ada pembaruan ini bug apa gimana",0
bagus filmnya dan bening gambarnya,1
"mantap, seru dan menyenangkan.",1
"tagihan aman, tapi pas mau nonton suara ada gambar tidak ada, sudah coba disemua film. knp netflix?",1
"belakangan di chromebook saya sering lompat tampilan ny, apakah ada solusi?",1
"filmnya bagus. banyak yang bagus. aku rekomendasi kalau mau mabar ama temen disini, ada rank classic sama brawl",1
seruuu,1
"netflix memang 👍👍joss walaupun masuknya agak ribet dikit aja tapi enak sih buat nonton, buat nonton sambil makan bisa, buat nonton pas lagi gabut bisa, pokoknya bisa semua deh sekian dari saya",1
gw pengen nonton fire force gak bisa cok tolong untuk dev tambahin anime fire force,1
netflix nya gk bisa di download,0
film yg direkomendasi itu itu aja sdh ditotonpun masih direkomendasikan..aneh,0
"padahal udah di japus tpi masih juha di tarik saldo dari dana saya, tanpa sepengetahuan saya, info cara pengembalian dana saya",0
"udah berhenti langganan, malah ketarik mulu saldo.",0
"Film sma drama korea ny di perbanyak lagi trtma drama korea tahun 2000an , trus film india ny juga, jepang ,cina ny juga 😊, subtittle ny juga tolong di adakan bhs indo ny",1
aplikasi sangat jellek,0
"SORY YA DIKASI BINTANG 1 , SETIAP ABIS DI DOWNLOAD GAPERNA BISA UNTUK LOGIN/MASUK KE AKUN PADAHAL SUDAH PAKAI EMAIL , DAN KATA SAMDI SUDAH BENAR TAPI TETEP GABISAAAA TOLONG PERBAIKIII",0
good,1
좋하🔥🔥🔥🔥🔥🔥,1
kok ngebug ya? gabisa buka. cuman sampai di tulisan netflix,0
salah 1 penyesalan sudah berlangganan terimakasih atas kekecewaan ini,0
GK BISA didownload di Poco pad ....... payah,0
"semoga dibaca sama pihak netflix. tolong gak usah pake dubbing indonesia. saya nonton trauma code, when life gives tangerines malah gak nyampe emosinya ke penonton. cukup pakai translate aja. mlah nyampe emosinya pke suara asli pemerannya.",1
gabisa login,0
enak Bae,1
GK bisa masuk wehh,0
bagus banget,0
Semuanya berjalan lancar dan saya sangat menikmatinya :),1
saya download ini soalnya main fm24 harus login netflix,0
"apk apaan,daftar aja gabisa padahal udah memenuhi syarat.malah dibikin muter², jangan download deh daripada nyesel gabisa dibuka buang² kuota",0
"malas banget sama pendaftaran Netflix kaya dipersulit seharusnya dipermudah kan ini malah dipersulit andai bisa bintang nol kukasih bintang nol, cape banget bolak balik Gmail, masukin sandi dan kode masih gak bisa maunya apasih udah ku hapus aplikasinya👎",0
aplikasinya ada ejen ali the movie sama malaysia,1
pancen iye pake telur ini apk mantap betul,1
please banyakin lagi drama China kisah cinta yang straight 🥺,1
susah banget mau masuk gaa sukaa,0
gimana sih.. acara tv marvel universe kok gak ada? mau nonton daredevil,1
good,1
sgt baik dan bagus,1
bagus tapi kan masa yang kita cari film yang lama nggak lagi,1
update anime one piece lama aneh banget najis,1
bagus,1
update nezha 2 pls don't be so outdated,0
tiap mau nonton pasti ada kesalahan vidio coba lagi terus begitu sampe saya restart aplikasi. yg bikin jengkel lagi nyari judulnya lagi buat mutar itupun kalo bisa diputar kalo gk ya error mulu tolonglah ini sudah berlangganan kenapa tidak ada perbaikan sama sekali anda ini niat apa tidak,0
tidak Bermutu apk Nya...,0
"ini tuk paket bulanan 54k tp belum ada sebulan sudah gak bisa lg dibuka, knp ya..... apa paket ini bukan tuk sebulan",0
luar biasa bagus,1
saya tidak bisa login pada Netflix,0
mantap,1
"tolong diperhatikan keluhan customer donk, masa di mirror ke tv cuman suara, gambar hitam... padahal semua menu tampil...",0
"untuk pemutaran film sendiri gak ada masalah, dub and sub nya juga bisa diganti pas play film, tapi ada beberapa judul film gk ada di Netflix, mungkin udah habis lisensi kali ya. Minta tolong tambahin lagi dong, overall it's ok",1
Ok,1
apk buruk rubet bangat mau ganti paket aja susah😡🤬🥵🥶😮‍💨🥴🤢🤮,0
mau login aja di buat susah👎,0
gmna cara menyelesaikan pendaftaran akun?,0
neflik,1
nice,1
"every time i want to watch movie the loading takes too long, but my home singal is pretty good so im very disappoint of it 💀",1
amlikasi ini bener bener gabisa dibukak samasekali cuman gambarnya donga yang keliatantapi widionya gaada sama sekali amli kasi ini tidak layak tapi gambarnya bagusih 😴😦😦🗣🦁,0
"Netflix benar-benar bagus, rekomendasi film juga banyak. Harga untuk berlangganan juga worth karena film yang disediakan juga banyak, top bgt!",1
"mau daftar aja susah minta ampun, terjadi kesalahan Mulu aneh",0
OK Banget,1
👍🏻,1
Baguss,1
gak bisa log in,0
fitur pembayaran nya dikit,0
uwauww fitur yang sangat lengkap😍,1
"pembayaran udah berhasil tiba-tiba akun ditangguhkan,penipuuu",0
update mulu nih kenapa yaa,1
Netflix mh ga bisa daftar nya susah,0
gak bisa login ke aplikasi woyyy,0
susah daftarnya,0
heh kok sekarang netflix mandang ios sih?!? kn salwa mau donlot juga🥊,0
"udah bayar berlangganan 1 bulan.. pas mau di tonton film nya malah gak bisa²,, makin gak jelas Netflix👎",0
"gabisa login tulisannya "" ada masalah coba lagi """,0
kok aplikasinya abis update malah gak bisa dibuka ya?? udh di uninstal trus instal lagi ttp gak bsa dibuka..,0
APK TOLOL,0
pertama bisa masuk vidio hari kedua gabisa co padahal udah langganan kalo udah keluar gabisa masuk lagi dahlah,0
banyakin promonyaa,1
"kenapa banyak film yang ga ada, pdhl udh byr loh",1
Andaaa bagusss sekaliii,1
disuruh tempel link malah gak bisa kebuka..gaje. emang,0
meresahkan,0
Netflix ok 😊👍,1
dah login sandi benar ga masuk masuk,0
"Bagus banget woi, ga nyesel beli, tapi aku req tambah series Overlord dung, masa cuma 1 season😅🤭",1
bagaimana cara mendaftar Netflix,1
"Eum aplikasi nya dah bgs sih, tapi kalo mau daftar sebelum masuk ke Netflix nya agak ribet jadi dapat poin 3 dulu ya monmaaf 🙏🏻🙏🏻",1
tidak bisa mendaftarkan akun coba pake kode masih tidak bisa tolong perbaiki,0
kereen,1
"Kurang Bagus, Film pun kurang lengkap, membosankan!!!",0
brightness nya bug pdhl brightness hp sdh rendah pas nonton malah terang bgt,0
apk terjelek yg pernah saya download,0
gue kasih 3 dulu kalu bagus di aplikasi ini gue tambah ok,1
sangat bagussssss god,1
kerena ribet amat,0
ribet masuknya segala di minta email.mending gak usah di install.tak berguna.aku hapus aja.Netflik titi an....Ng🤭,0
"baru berlangganan paket, coba login di hp lain malah gabisa. kocak betul",1
tokong ilangin skip nya. biar pacar saya engga skip skip Mulu kalau nonton,1
"gimana si masa denda 500k, ngawur",0
aku sangat suka tapii aku penasaran ada anime gak ya?🤭,1
jelekkk jangan dowload ini,0
keren,1
👍🏻👍🏻,1
Sangat-sangat bagus dan lengkap,1
Applikasi SAMPAH... kebanyakan film dalam netflix kelas B semua,0
Keren,1
"buruk banget, udah di coba berapa kali pun gabakalan bisa login, percuma, minimal kasih keterangan alasan ngapain gabisa login, gitu kan kita jadi tahu kekurangan kita apa sampe"" gabisa login, buruk bet dah pokoknyaaaa, mohon diperbaiki lagi",0
saldo gw langsung di potong tanpa persetujuan pdhal itu buat makan di kosan. sama aja sistem kalian ngerampok namanya,0
bagus,1
bagusss,1
tidak bisa berkata - kata 😋😋,1
Netflix pls kembaliin Barbie series,1
ribet Netflix tolol,0
banyak bgt bug nya. padahal sy premiumin dari apk nya langsung. gabisa pengembalian dana pula,0
"apk ini ribet mau login aja sudah 100 kali ttep gk mau masuk nah kan sudah pake von pun masih gk mau masuk, harus creator cache segala macem pun ttep gk mau masuk, trus buat apa apk ini di buat kalo diakses pun susah masuk, apk busuk mau dipake aja ribet bener buat masuk, malah mempersulit pelanggan untuk menikmati apk ini, saran sy jngn di buat ribet ini apk, banyak peminat nya, tapi apk nya yg buat pelanggan lari dari apk busuk ini",0
"gak bisa login, keterangannya perangkat bukan bagian dari rumah dengan akun netflix. padahal login di hp yg sama, tolong solusinya tim netflix",1
"ini kenapa jdi ngelag gitu?? udh langganan, udh di apdet. kok ngelag?",0
"saldoo Gopay saya balikinn bang pliss,itu saldoo saya ke sedot",0
bagus dan tidak buruk disini iklan nya banyak tapi GPP bagus dehh,1
"baru mau daftar bikin akun ga bisa, tulisanya silahkan coba lagi payah bgtt ini aplikasi",0
aku masih pendatang baru tp lumayan bagus sih menurutku,1
kenapa di noise kaga bisa sayang banget saya dah beli alatnya mohon di tambahkan lagi buat menambah perangkat lain juga,1
"Bagus banget dan hd filem filem nya! Tapi saya ada kendala saat pembayaran, saat ingin melakukan pembayaran untuk ke 2 kali nya malah ulang terus terusan di web nya, katanya perbarui pembayaran, tapi saat memperbaharui, malah ngulang terus terusan, mohon bantuannya 🙏",1
"gatau kenapa susah banget buat daftar sampe bikin email baru tulisan nya terjadi kesalahan smpe udh hapus download ulang ulang, tetep gabisa haduhhh",0
tidak bisa daftar akun sama sekali. ntah apa yang salah,0
Very good,1
"malesin, login gabisa bisa padahal BARU AJA instal suruh UPDATE LAGI!! kenapa gak baru pertama kali instal langsung update terbaru sih?? login ga bisa bisa padahal email dan sandi bener, bapuk amat!!!PERBAIKI LAGI!",0
Susah konek ke jaringan di tv,0
4 bintang aja yeah...🙏,1
"Gw udh bela2in download terus bayar, eh ternyata the good doctor series Amerika gada, yg ada good doctor drakor..... kecewa berat, payah payah cuihhhhhhh.......",0
benerin dulu apk nya kocak mau masuk aja susah hadehh,0
🤮,0
saya tidak bisa masuk netflix saya sudah coba semua hal dari bayar tukar kode gmail sandi dll tapi tidak bisa bagaimana ini Netflix saya tidak tau harus bagaimana lagi saya hanya ingin menonton film baru saja tapi tidak bisa. itu saja tolong dibaca ya dan tolong jangan di cuekin aja ya makasih sudah mendengarkan ulasan saya dan ini juga khusus untuk netflix ingat jangan di cuekin 😉🙏 🙏,0
minta pengembalian dana soalnya ga sengaja kebayar,1
"tiba' saldo gua ketarik gara' ini apk padahal gua udah ga langganan lagi,ketarik otomatis nyesel gua pernah langganan ni apk",0
bagus dan sangat memuaskan,1
"Bagus banyak juga film dan drama yang baru tayang , walaupun lebih banyak yang lama ..",1
Filem² sejarah nya lengkap ga ya? Sejarah ri ada ga ya? Semoga lengkap dan anim gk perlu😂,1
payah ga bisa masuk,0
good,1
udh daftar udh bayar GK bisa di buka,0
udah bayar tpi gak bisa nonton gimana coba,0
mantap full movies,1
"apk gila.. udah dibayar masih aja ada peringatan ""pembayaran ditunda"" ngga gitu juga konsepnya.. jangan dipermainkan seperti ini dong kan sayang apk yang sudah dibayar. jelek banget pun sumpah, ngga ngerti maunya apa ini apk.",0
bagus,1
koq gag bisa di buka Netflix nya,0
aplikasi gk jelas ribet keliatan mau untungnya doang,0
sangat membantu,1
Beriratingapikasiini,1
Kocak kocak 😂 apl thae . ga bisa d pake. pcuma bli paket,0
bagus,1
masuk saja tidak bisa gimana mau nonton apk kocak😂😂,0
freeze,0
"saat menonton video selalu terjadi kesalahan dan video tidak bisa di putar.saya sudah mencoba perbaiki beberapa kali,merestar ulang handphone & instal ulang apk tetapi video tetep saja gabisa di tonton. kalau begini terus ga worth it sudah bayar lumayan mahal,tapi tidak dapat hasil yang memuaskan.",0
login susah,0
kan tidak salah aku kasih 5 bintang lagian apa salahnya tinggal pencet bintang saja biar tetap semangat pembuat aplikasinya.,1
Oke,1
"aplikasi nya bagus, banyak tontonan sejauh ini pun masih belum ada bug atau semacamnya",1
wei netflix saya bayar yah..kenapa minta konfirmasi mulu buat nonton?,0
Good,1
"login ke akun susah,mau ganti paket berlangganan ribetnya minta ampun.tolonglah di permudah untuk berlanggananya masa bayarnya harus pakai no hp yg sama.",0
tolong di masukan film DragonBall terlengkap.kalo dalam bulan ini belum di masukan ke netflik mohon maaf saya akan berhenti berlangganan.,0
filmnya aku suka semuanya bagus,1
good,1
"terlalu banyak aturan, banyak perangkat tidak kompatible, tidak bisa mirroring, menyusahkan penonton, PASTI nya bulan inj terakhir saya berlangganan, dengan sangat menyesal saya ikut paket bulan ini, 👎",0
the best lah pokoknya,1
"Bagus, bnyk pilihan. sayangnya my Happy Marriage season 2 nggak utuh, episode 12 blm ada dan tersedia. padahal sebenarnya sdh tersedia. saya kecewa, knp Netflix tidak menyediakan episode 12. sekarang pasti sdh selesai. gara-gara nggak ada saya jd kesal",1
"kenapa gabisa bayar ya, padahal udah ada saldo. tapi malah si suruh top up lagi",0
"udah bayar langganan malah gk bisa di tonton ,cuman bisa nonton tariler aneh banget",0
Aplikasi nonton film streaming yang paling aku suka,1
acaranya bagus2,1
"tidak bisa masuk, jadi yg sudah daftar gimana ya. apa ngasih gratis",0
"baru coba yg paketan bagus, kalau kualitas ok akan aku tambah bintang mu 👌",1
bagus,1
Bagus Sekali,1
"wah bener smua ulasanya bintang ⭐ smua, gua ngerasain sendiri buat masuk aja susahnya minta ampun, udh gonta ganti email jg ttp aja gk bisa masuk, ini pgmna ini urusanya. hadehhh kocak",0
bagus film kualitas tinggi tapi banyak film action,1
bagus,1
Cara Login netflix pls,1
satu kali salah sandi tidak bisa lagi. sekelas netflix lho... payah👎,0
udah nyoba login berkali kali tetep gabisa bayar nya udah lewat aplikasi yang bener (bukan ilegal) tapi tetep gamasuk masuk 😔😔😔,0
masuk aja susah,0
uuuuoooooooy baggguuusssss banget,1
karna ada bokep 2,1
tolong ya netflix kamu tuh berbayar ko bisa²nya filmnya ga lengkap 😔,1
gabisa ndaftar nya gagal terus,0
ok,1
"mau masuk aja susah kode otp tidak di kirim"" padahal nomer sudah benar",0
gabisa bikin akun ege,0
"aplikasi bagus enak buat nonton film SM doi, cuma 1 ajaa yg bikin w males, kenapa si bayarnya harus mahal bgtt diskonin dong harga anak kostttt biar nyamann",0
Kenapa dah kadang muter vidio nya GK bisa,0
"Netflix susah masuk, susah dapet kode susah berlangganan, kenapa ya akhir"" ini kualitas menurun padahal Netflix tempat nonton film"" terbaik dan dari penilaian yg lain juga banyak kendala dan rating bintang mereka nurun juga tolong di perbaiki kendala"" nya mimin Netflix",0
bagus,1
banyak film yang belum sub indo,0
ok,1
"Aplikasi penipu...semoga cepat di tangkap ini ,,yg punya aplikasi",0
bagus trus semangat jangan menyerah dikit lgii. sampe,1
aplikasi p2win !!! apa apa harus bayar mata duitan dev,0
"oi bang ada bug tuh, di backstreet rookie ada adegan ke eps 11 skip sebelum menit 52:37, ada detik"" ke skip juga di episode ini, tolong di fix, dan berikan kompensasi ke saya 3.000.000 won",1
aku sangat suka pokoknya keren abiszz,1
"fitur upgrade layanan tidak ada safety klik dan tidak bisa di urungkan padahal belum ada 1 jam pembelian. ini seperti menjebak pembeli yang harus mengikuti cara kerja sistem. hanya karena tidak sengaja/terpencet, langsung otomatis pindah paket. heran sama aplikasi sebesar ini. hapus akun saja.",0
selalu berhenti sendiri,1
"aplikasi menipu, sudah bayar tapi tidak bisa login,, bayangin aja brapa juta uang yg sudah masuk tpi tidak bisa login",0
"masuk doang bikin emosi, udah bener akun nya pasword nya tapi ga masuk. Sumpah udah berkali-kali ganti akun, ganti nomer telpon, tapi tetep gitu terus.",0
ok,1
"nonton dengan nyaman, kurangnya cuma di harga untuk membership nya",1
Bagusss,1
Aplikasi sudah bagus namun mohon tambahkan opsi pembayaran tahunan. Beberapa aplikasi streaming sebelah sudah ada opsi untuk bayar tahunan sehingga lebih murah.,1
aplikasi tipu,0
bagus,1
"Taik, gak bisa diakses padahal pembayaran lancar. Dan dari komentar orang lain gak pernah ada saran dari pihak Netflix, payah.",0
sangat menyukainya,1
keren,1
mantap,1
"mohon kembali kan dana saya yang sudah di tarik di aplikasi ini, soal nya aplikasi nya sudah saya hapus tapi masih ketarik otomatis dana saya, jadi tolong di kembali kan dana saya yaa🙏🙏",0
mantap,1
bagus,1
deskripsikan pengalaman andaa,1
cara batalin member gimana sihh ini aplikasi maksa banget dehh nagihnya gada persetujuan apa kalo mau berlanggan malah main ambil ajah dobol gawe kesel tok sia,0
oke,1
SUSAH UNTUK MASUK APK NYA,0
gatau males susah login,0
", login nggk bisa , daftar email baru sama aj nggk bisa,",0
kenapa netflix saya tidak bisa dipakai utk menonton? padahal saya barusan melakukan pembayaran sebesar 54.000 tolong segera diperbaiki ya,1
ribet duh pke update segla..busang2 duit,0
aplikasi gak jelas,0
Netflix ribet cuma buat bikin akun aja ribet 👊🏻👊🏻😡😡😡,0
netflix kenapa selalu upload film sampah??... bisa gak sih doawnloader ny aja yg request film 😂,0
bagus,1
puas banget.nntn pakai netflix,1
sangat bagus bagi yang g punya tv download ini bisa jadi tv loh,1
"Netflix lg knapa si?? udah 2 hari berturut-turut ga bisa nonton, error mulu",0
"gak bisa masuk 😒😒, aku mau hapus aja males bikin emosi dari tadi gak bisa bisa masuk, udh di cb mskkin email, sndi, dll, pun gk bsa bsa CAPEKK BIKIN EMOSI 😒😒",0
kenapa memuat terus pas mau nonton?,0
"aneh banget tiba tiba-tiba saldo dana langsung di tarik di tambah penggunaan data nya boros banget, banyak film yang cuman subtitle Indonesia doang ga ada dubbing nya.",0
susah banget login ya ampunn ribet banget,0
membantu,1
keren,1
gabisa masuk akun bikin emosi aja,0
aplikasi rusak ga jelas mau login aja susah,0
serunya Netflix ni,1
keseringan eror padahal baru bayar,1
netflix kenapa sih?.. saya lagi suka nonton film horor.. malah di beranda kartun semua.. dan menu kategori tidak bisa di klik sama sekali..,1
apk apaan gw udh masukin email masih aja susah login,0
"tolong dong kenapa suka tiba² ga gerak, padahal jaringan wifi/data lancar jaya",1
ini kenapa ya tiba2 gak bisa di tonton di tv? sedang eror atau gimana ya?,1
Bagus,1
mantap👍😎,1
PENIPUAN... sudah kepotong gopay malah dikasih link suruh bayar lagi untuk langganan,0
woww squid game netflix,1
Sangat tidak memuaskan,0
bagus,1
susah masuk/login nya harus kirim kirim email apalah itu,0
ga bisa masuk,0
kakk mintaa tolong adain film Kingdom of Heaven (king baldwin IV) 2005 terimakasih,1
mantap,1
tidak bisa masuk,0
susah bikin akun,1
sagat bagus dan bosa nonton nila ibu esok tiyada,1
"BURIK, LOGIN AJA RIBET BANGET, NGUJI BANGET KESABARAN MANA LAGI PUASA",0
GK bisa login,0
aplikasi sering tidak dapat memutar film padahal jaringan bagus tolong perbaiki,1
Ribet Padahal Sudah Daftar Akun Pake Pembaruan Segala Gak Suka Ribet Bangat,0
bagus,1
kayak nya ini bagus/ya tapi sekarang ini tidak boleh dicoba pakai aplikasi ini luar biasa,1
"Netflixx GAK JELAS mau login gak bisa bisa udah dari duluu tetep aja gak bisa bisa , pdhal gak ada permasalahan apapun , kyk kyk seolah olah ak gak bisa bayar aja, dah deh gakjelas!",0
"sudah bayar tapi di suruh bayar lagi aplikasi g guna, baikot aja ni aplikasi, cek email juga g ada yang masuk. Netflix aplikasi sampah",1
sangat bagus cepat donwload sekarang,1
"susah sekali mau bayar ulang klo akun sudah ditangguhkan...masa tiap bulan hrs langganan...giliran mau langganan ulang susah sekali ,gmn caranya..hrs ganti cara berlangganan lah..mau langganan ulang kok dipersulit..",0
saya tidak bisa masuk,0
halah,0
sangat bermanfaat,1
"kenapa ga di kasih free nonton coba,kan orang² banyak yang bayar demi nonton doang",0
"aplikasi ini sangat bagus semua film movie sudah tersedia, tetapi yang menjadi permasalahnnya adalah aplikasi ini kenapa harus premium? tidak semua pengguna aplikasi ini orang kaya bro, jadi saya mohon untuk di mengerti, ini adalah kata-kata yang sudah lama saya simpan di lubuk hati saya yang paling dalam, sekian terimakasih🙏🏻",0
"tiba tiba logout, setiap mau login error, udah ganti kata sandi tetep gak bisa juga, pas login juga bilangnya ""maaf terjadi kesalahan, coba lagi nanti"" udah 5x nunggu dan coba tetep aja error",1
aplikasi nya Bagus enak buat nonton film Barat indo juga,1
sangat bagus untuk nonton film,1
baru aja instal pas masuk akun udah gabisa,0
tidak bisa login,0
masa update tiap hari..lama-lama gak jelas,1
"belibet,mahal",0
perasaan sandi Gmail gw bener dah knp gak bisa?.,1
worth it bngtt buat nonton semua genre fillm+semua fillm dan seris yg ada di apk ini selalu Ter update+fasilitas resolusinya sangat jernih pokonya mantap puooll dehh,1
Permudah pembayaran via online wallet kalo bisa,1
banyak bug nya sudah berkali-kali saya coba tetap ga bisa,0
keren..,1
"nih aplikasi jelek bgt mau masuk aja harus bayar dulu, aturan mah nanti klo mau nonton video baru pasangin fitur berbayar, nanti klo udh bayar di awal pas mau masuk trus gw cari film yg ingin gw tonton gak ada di apk Netflix kan jadi rugi duit gw",0
very good application,1
ga ada anime,0
aplikasi yg sangat tidak baik🙏rugi data saja,0
good,1
Netflix emang berbayar gini ya?? plis kalo mau nonton apa apa itu jadi sulit apalagi buat anak sekolah yang mau nonton film ke sukaanya.,1
kenapa ga lengkep sih filem filemnya banyak yang ga adaa..!!,0
Plis ini Attack on titan ada bagian yg hilangg.,1
menyenangkan...,1
"kalo suka yang luar negeri jangan pake netflix, banyak yang ga ada.",0
apakah ada yang sama tentang bug di perangkat saya saat ingin menonton pasti stuck di loading hanya ada suara dan lama kelamaan di tunggu pasti restart ulang/reboat tapi di HP temen ku sih ga gitu di akun yang sama,0
gak bisa masuk,0
"ini kenapa ya kok apknya, gmail saya gabisa login mau buat akun tapi selalu gabisa",0
knp di TV gak bisa ya,1
"bisa ga, jangan dikit dikit habis dibayar langsung dibilang, ""perangkatmu bukan bagian dari rumah dengan akun netflix untuk ini"", cape aku liatnya, masa tiap habis ngebayar tagihan yang ditagih trus harus minta code dlu, malas banget kocak, tolong hilangin hal ga guna itu ya min",0
ga nyangka sekelas netflix pake auto translate?? padahal konteksnya artinya 'benar' tapi jadi 'kanan' 'nabung' jadi 'menyelamatkan' bikin bingung nontonya. duitnya di korup ga bisa bayar translator kah? udh mana naek terus harga premiumnya,0
keren,1
Sangat bagus,1
top,1
daftar ajah ribet coba lagi terus ga jelas,0
"gabisa buka katanya jaringan saya, yaampun udah login berkali2 tetap sama. aplikasi sampah jangan di download",0
tidak bisa membuat akun pakai google,0
"gak jelas gak bisa di tap, gimana kali tolong lah udah bayar malah malah ini",0
bagus,1
keren,1
"setiap kali saya mencoba masukin email/nomor ponsel saat masuk di Netflix nya slalu GK bisa padahal email nya udh bener² loh saya juga udh berkali-kali pakein email saya terus tetep gak bisa terus pake kode masuk aja GK bisa email GK bisa padahal itu udah bener² loh, semoga ini nanti Netflix nya diperbaiki lagi ya.",0
hiburan di kalah santai,1
"Halo Netflix. tolong perbaiki regulasi lokasi pengguna, beri akses ke WNI ataupun seseorang yang berada di luar negeri tapi ingin mengakses film-film netflix sesuai aturanfilm negara asalnya. karena untuk para migran sangat berguna ketika ingin mempelajari bahasa di negara yang sedang mereka kunjungi/tinggali untuk waktu lama, bukan hanya 14 hari. terimakasih",0
sumpahh cok. masak baru login ribet amat. disuruh apalah. apalagi email nihh. badahal gw udh kasik email gw yg bener gitu. tapi tetep aja gk bisa dan disuruh cobain lagi. apalah coba. yg tadinya mood gw ada sekarang malah gk mood. mending hapus aja lahh nihh aplikasi gk jelas dan rusak. (mohon di benerin ya😤🙏),0
5 Bitang,1
bagus aplikasinya,1
"gajelas, dipersulit pdhl cmn mau daftar akun doang",0
luman tapi susa di masuki.,1
ok,1
ribet,0
"Kocak, masukkin email udah bener. malah ""kesalahan, mohon di coba lagi"" tapi nggak di kasih solusi kesalahannya dimana. orang mah kalo salah itu di kasih tau letak kesalahannya di mana, mau nyoba opsi lain tetep ga bisa masuk. KACAU",0
Menghibur dan mendidik👍🏼,1
rilis episode nya gak sesua tanggal kadang ngaret 1 sampai 2 hari,0
"pasti nya bintang 5 dong, karna aku suka net tv, laah ko jadi nettv mueehehe kocak, lopyou netflik",1
"apakah bisa refund dana saya, saya berencana untuk tidak berlangganan dahulu karena ada keperluan lain tapi auto berlangganan sendiri tolong di balas karena ada keperluan lain🙏🏻🙏🏻",1
"netflix kenapa dah, dikit dikit bermasalah. sering bgt gini lagi nonton tiba tiba eror. padahal paket nontonnya resmi beli di apknya langsung. tolong diperbaiki lah. bikin badmood aja.",0
ga bisa login,0
karna bisa nonton film,1
"saya uda coba masuk ke pendaftaran nya, tapi nga bisa bisa, padahal uda bener sandi nya",0
mantap,1
"cukup oke,dari kualitas yang bagus film yang Orisinal.tetapi ada suatu kekurangan yang membuat kurang nyaman yaitu film yang kurang lengkap seperti film mad max,fast and furious Tokyo drift itu belum ada,jadi saya berharap semoga cepat diperbaiki terimakasih",1
👍,1
Gabut kasi rating 1,1
aplikasi nyA sangan tidak bagus😮‍💨,0
"knp Netflix yg saya pakai sekarang, tdk bs di update via Google Play Store ?",1
Bagus,1
best ott of all time,1
tiba tiba perangkat tidak kompatibel,0
"semakin susah masuk akun, katanya bukan akun rumah netflix lagi, padahal saya sudah logout dari semua perangkat lainnya, tapi tetap tidak bisa masuk, lewat link pun tidak bisa, link selalu kadaluarsa meskipun link langsung dibuka setelah diterima, belum ada 5 menit tapi sudah kadaluarsa, tolong perbaiki, saya sudah bayar, saya berlangganan langsung dan resmi dari aplikasi netflix, bukan beli paket ilegal.",0
bagus sih tetapi banyak film yang kurang ada di sini,1
gak bisa cok,0
bagus banget,1
mau masuk gabisa padahal saya sdh mau mendaftar pake akun gmail tapi di anjurkan untuk ttp berlangganan.,0
ok,1
Ini bAgus plg flm expendAblenya no 1Actor n Jetset abisss...,1
"g bisa log in, padahal udh reset password",0
good,1
ribet banget login nya malesin apk burik,0
"sumpah duit gw???? gw udah berlangganan, udah berhasil payment tapi kenapa ada Pemberitahuan kalo gw belum bayar???? masalahnya saldo gw gkbisa di kembalikan INI GIMANA TOLONGGGG",0
bagus,1
pas masuk buat daftar kok gak bisa ya? padahal udah capek capek malah ulang lagi ke awal,0
good service,1
buset baru download aja mau login harus maksa berlangganan kalo ga berlangganan gabisa login aplikasi apaan ini,0
"kenapa tiba' saldo gopay saya ke sedot otomatis tanpa sepengatahuan saya, plis bagaimana caranya kembali lagi?",0
penbayaran tidak konfirmasi saldo ilang,0
"Kenapa sih Netflix kok gini, ga kyk dulu mau masuk aja susah email udah bener pass juga sudah, sampe bbrpa kali ganti ttp gini , *APLIKASI RUSAK TOLONG DI BENERIN, KAMI INI BAYAR*",0
anj ngosa mau login aja bayar,0
"kenapa apk nya suka log out sendiri? setelah log in lagi mapah disruh bayar lagi, tolong ya diatasi masalh begini,saya jadi rugi!!",0
baru nyoba,1
aplikasi yang bagus hanya gps nya langsung otomatis tidak ada pilihan manual,1
inikayaasu,0
bagus,1
apilikasihnya bagus cocok bgt buat di tonton,1
susah login,0
"Aplikasi apaan, ga jelas",0
tidak bisa diuninstall di hp,0
lumayan buat aku tersenyum,0
episode one Piece nya ngeskip langsung ke arc eghead jir wkwk,1
lumYan bagus,1
Sering keluar sendiri ketika mau nonton,1
Turunkan harga langganan perbulan..... Klo udh 20rb an per bulan kuganti bintang 5,0
Pilihan filmnya selalu bagus dan tidak ketinggalan jaman,1
gajelas kadang ga bisa di play,1
"film2nya banyak yang udah tayang di youtube,rugi gua beli paketanya,login mengen nengok aja ga bisa musti beli paketannya. giliran di beli,banyak banget film2 yg udah ada di youtube nyesel2.",0
b aja,0
"min saya udh berhenti berlangganan knp masih dipotong juga pembayaran nya, tolong dikembalikan min",0
"apk miris, btw maksa amat buat premium😹",0
"pusing dah sekarang kalau mau login lagi minimal harus berlangganan, apa emang saya aja ya? yang lain sama?",0
bagus,1
oke banget,1
masuk nya gak bisa nyebelin aplikasinya gak kayak di vidio mah langsung masuk pake email bisa lha ini ribet,0
"ini knp deh Netflix,masa g bisa putar film alasannya kontrol orang tua, rating 18+ why",1
keren,1
bagus,1
"ga banget deh, bikin kesel login ga bisa buat akun baru ga bisa, muak lama-lama ama ni apk",0
"BRO jangan Asal sedot dana shopeepay begitu dong BRO, perpanjang harusnya ada pemberitahuan dong ke saya sebagai pengguna Netflix MAU / TIDAK ! JANGAN ASAL SEDOT.",0
aplikasi paling top,1
daftar nya susah banget,0
burik gabisa masuk,0
"apk gak jelas, udah coba login selalu gak bisa, udah masukin email dan lain"" tetap gak bisa, alesanya jaringan gak stabil lah informasi tidak valid lah, gaje emang.",0
Baguskah,1
banyak eror lol,0
log in bikin emosi!!!!,0
tolol,0
apk ngelek pas buka profile ak nalah nunjukin lanjutkan menonton dari series2 ayah ku apaan cb,1
"entah kenapa subtitlenya gak nyaman, mungkin kurang tebal font nya, atau kurang besar, pokoknya gak enak",1
Mantap,1
Apk tolol gak guna apk ini,0
tetap semangat dan menjaga kualitas 1 lagi kenyamanan pengguna itu yang penting,1
"Ribet banget ini aplikasi ga seperti aplikasi film yg lain, masa masuk aja harus langganan dulu mana mahal semua harganya. Kalau aplikasi yg lain mau masuk ya tinggal masuk aja urusan VIP itu kan bisa belakangan, ini mh baru juga download baru masuk udah disuruh langganan aja padahal niatnya mau lihat-lihat dulu lho disitu ada film apa aja nanti kalau memang bagus baru langganan bukan malah disuruh langganan dulu baru bisa lihat-lihat aneh nih aplikasi",0
Mantap aplikasinya,1
"Udah ok. Tapi seringkali ketika mau lanjut menonton malah error, di close+masuk lagi masih buffering lama. Sinyal pake WiFi bahkan seluler pun 4G aman aja, emang bug dri aplikasinya. Tolong diperbaiki",1
padahal udah ga pake aplikasi nya bahkan udah di apus tapi pembayaran tetep lanjut gimana si!!!!,0
APK NYA GK BISA MASUK DAH BEBERAPA KALI UDH PAKE NOMOR TLP UDAH PAKE EMAIL DLL MASIH GAK BISA,0
Banyak iklannnnnnnn,0
"Aplikasi gajelasssss langganan angota tidak malah uang ngilang emng gakkk jelas ini aplikasi,,masa uang tiba tiba ke tarikk ,gimna mau mengajukan uang kembali",0
Wey Netflix sayah kan sudah tidak berlangganan kenapah masih di potong saldo saya,0
"Buat Netflix, tolong Film The Society 2 Kapan akan di tayangkan 😭, saya sangat menunggu season 2 dari the society sejak 2019/2020 yang di batalkan karena Covid 19.",1
"ini kenapa sih mau masuk akun aja susah banget, udah ga butuh orang nonton apa gimana !?",0
login daftar ribet!!,0
di bayar mahal² tpi nggak bisa msuk,0
sampah,0
Oke,0
TDK bisa login,0
"pas mau melakukan pembayaran kenapa selalu stuck yaa?? padahal saat saya buka apk lain itu lancar² aja ga ada kendala, tolong diperbaiki lagi,baru juga daftar mau langganan udah ga bisa masuk aja nih",1
sudah melakukan pembayaran namun tidak bisa memutar filmnya,1
"sering update,klo gak gak bsa muter film",1
kalo mau ligin Imel pasti eror gak bisa,0
"kenapa ya padahal email sama sandinya udah sesuai engga ada yang salah, tapi pihak netflix tetep aja katanya salah. perbaiki dong sangat menjengkelkan.",0
"Saya tidak bisa masukan email, tidak bisa nonton karena sandinya salah, biasa saya bisa masukan email dan sandi yang betul bru kali ini tdk bisa apk gangguan, tolong perbaiki cepattttttt",1
"kenapaa masuk harus membayar paling murah 54 ribu, apakah ini pemaksaan?",0
Bagus,1
Bagus ajasi,1
sumpah pas mau masuk ternyata harus berbayar,0
"mau login aja susah banget, udah pake no tlp pake gmail ttp gbisa, menjengkelkan coba di perbaiki!",0
Bagus sekali,1
gabisa masuk 😭😭 padahal aku udah coba berkali kali aku juga udah pake email dan nomor telepon dan kode summpil gbsa msuk,0
"ini aplikasi apa coba gue udah masukin email berkali""tapi tetep aja gk bisa masuk . seharusnya ratingnya 0 tolong di perbaiki lagi wahai developer",0
saya pusing sama tata letaknya nya,1
pembayaran nya di per sulit,0
Love,1
mau masuk apk aja susah bener,0
A+,1
Semoga bagus,1
"siapapun jangan dwonload apk ini wkwk, apk tolollll",0
Not good,0
"gjls bgt sih orng udh bergabung 65k malah hangus sia"" gjls bgt sumpah gjlssssss buang"" duit gw anjr 70k ga dikit tau ga buat gw yg pelajar apaan bgt dh dosa bet netfix sumpah orng udh berlangganan malah suruh berlangganan lagi ga bisa login harus bayar lagi yallah capeee",0
terlalu banyak premium nya,0
"makin di update, film yg sebelumnya ingin saya tonton malah hilang, judul film : Chinese Odyssey 1&2",0
"kenapa tidak bisa klik ingatkan saya,malah error lagi....mohon responnya",0
Baik,0
Menyenangkan,1
ok,1
ga bisa daftar jir,0
Apk nya bagus,1
ga bisa masuk email udh bener ga bisa masuk,0
Mantap,1
"aplikasi dongo,mau daftar aja mesti ke browser pembayaran(langganan),tidak bagus memperlambat",0
Ngga jelas ni aplikasi masak udah bayar baru 2 minggu dah di tagih lagi,0
"Gwe berkali kali bikin akun gara gara sandi,tetep g bisa anj",1
gw mo bikin akun g bisa aneh bgt bgst,0
tolong update lagi metode pembayaran dengan spaylater,0
"aplikasinya bagus karna ada kenangan sama mantan, cuma asing hehe",1
Gk bisa daftar suu,0
tp film tidak bisa di putar hanya keterangannya loading saja padahal masih berlangganan dan smpe skrg belom ada info lebih lanjut lagi,0
Tidak bisa login dan meminta pembaruan padahal sudah di update,0
tak ada orang yang kaya dari judol,1
saat mau masuk susah banget jadi bikin kesel,0
mau login aja susah kali,0
Menurut saya sih gausah ada login akun jadi pake akun guest aja,1
Bagus banget,1
baru tahu aplikasi bayar kocak,0
"Kenapa film nya kurang lengkap,loklok bahkan lebih banyak film yang terbaru",1
setiap mau nonton tulisannya harus upgrade paketan Mulu padahal kebutuhan saya hanya untuk saya pribadi dan say menggunakan hp sendiri,0
"Aplikasi mencurigakan masak masuk harus pake Email. terus saya udah masuk tapi gak bisa di buka aplikasi ini. Terus malah ada tulisan Hampir selesai. Buat kalian yg baca komen gua, tolong di viralin yah, ada banyak sekali sekarang org penipuan. Terutama di akun Google kalian hati hati.",0
"Ada 3 episode Attack on titan yang hilang, di final season part 3 (episode 88 sampe 90). Tolong diperbaiki bug nya ato kendala apapun itu..",0
Good,1
untuk menonton,1
Sangat bagus,0
Sy coba dulu cooy.....,1
"kok pada ngeluh login ya padahal gw udah langganan dari 2023 sampe sekarang aman aman aja tuh sampe ganti device juga masih aman,, ya semoga gak sampe kayak yg lainya deh ,, mungkin yg susah login beli akun di toko online kali yaa wkwkwk",1
"Gabisa daftar, no telfon udh bner dibilang salah, pass gmail benar dibilang salah",0
mantap👍🔥,1
"Setelan bahasa arab, setiap langkah harus ubah bahasa. Tagihan sudah otomatis dibayar, tapi susah login, susah juga buat batalin, jadinya bayar langganan percuma.",0
"Aplikasi yg sangat tidak berguna,",0
"buat daftar aja susah , masuk harus bayar dulu , akun email aja belum bisa masuk di Netflix. malah di suruh bayar ,, di bayar GK masuk akun nya sama aja. kek mna nya Netflix ini. GK jls. seharus nya masuk dulu akun nya di Netflix , walau pun GK bisa di tonton GK mslh karena harus bayar. tapi ini belum masuk udah bayar. aneh aplikasi nya",0
Mantap,1
Kayak nya di paksa untuk berlangganan baru juga daftar malah gak bisa masuk bolak balek login malah disuruh berlangganan,0
jelas tidak bisa masuk. sangat merugikan,0
"Udah bayar tapi ttp gabisa nontn malah di surih bayar lagi,GIMNA SIHHH⁉️BALIKIN AJA DUIT NYA KALO RIBET GINI ANEH JADI G MO0DDD❗️",0
"apalah ni baru nyoba pertama kali langganan udah dapet hal gaenak aja, sering kluar sendiri dari akun kadang klo pengen dicepetin loding lama banget hrs sgala instal ulang lgi sm masukin akun. kan bikin bt yg tadinya mau cari hiburan tapi klo dipersulit gini jadi ga mood.. tolong lah diperbaiki lagi pls!",0
Apk rusak mau masuk aja ngak bisa,0
"Aplikasi konyol ,masuk aja susah bnget aplikasi gak ada guna",0
Ribet masuknya,0
"bikin emosi aj ini Netflix,,gk bisa di daftarin percuma udh berkali-kali aku coba tetep aja gk bisa knp sih kn aku masukin email dn sandi ny bnr knp harus ngulang ngulang lg,,benerin dong aplikasi nya mohon biar bisa daftar biar bisa nonton",0
erorrrrr mau masuk bikin akun aja nga bisa masa selalu terjadi kesalahan aplikasi apa ini rusakkkkk,0
"Gak bisa login, gk jlss",0
aplikasi ajg,0
Mau nonton aja pake ga ada gambarnya cuma ada suara doang,0
Kenapa akhir2 ini buka film lemot abis pdhal pakai wifi,0
APK PENIPU 2X DIDEBIT PEMBAYARAN GA BISA MASUK.. MAKSUDNYA APA ????? DIULANG2 LAGI SURUH DAFTAR BAYAR LAGI..BIKIN SUSAH ORANG AJA.. SAMPAH,0
Masak awak Bru download langsung ga bisa masuk😪,0
"sampah ga bisa login"" males bgt bikin g mood bikin bt",0
baru aja gabung dengan netflix,1
"Film nya update terus, mantap dah poko nya 🫵🏻👍🏻",1
ini sudah bagus sekali banyak film anak-anak tapi tolong kembalikan beberapa film di akun anak-anak,1
"Harusnya di kelompokkan Genre beserta tahunnya, biar ada pilihan buat nontonnya. Contoh : Misalkan kita pilih Genre Horor lalu muncul film terbaru berdasarkan tahun (bisa pilih 2025 atau 2024 & seterusnya). Nah dengan begitu kita ada rekomendasi film buat ditonton secara jelas, nggak acak²an. Coba deh liat situs Ilegal, mereka seperti itu fiturnya. Klo Netflix mah nggak jelas, nggak bisa filter film. Jadi klo kita nggak punya referensi film, pasti filmnya itu² mulu.",0
Sampah film ny ga lengkap,0
mantap film film nya,1
"Buat akun saja harus bayar klo gak dibayar gak bisa nonton, yaaah percuma download dan klo gak ada paket data juga gak bisa nonton, yahh terlalu banyak yg harus dikeluarkan demi mau menonton..",0
bagus banget buat nonton drama Korea tapi kurang lengkap Drakor nya😌,1
Masuk aja gak bisa apk burik ini,0
Masuk nya bikin emosi banget,0
"Aplikasi jelek banget, uda bali yang tertinggi tapi sayang banget gak bisa ubah resolusinya.",0
Sip coba deh,1
"Banyak banget film yang gada, cuman udah bagus sih kualitasnya",1
Konten pelecehan,1
kebanyakan bayar. dah gitu aja 👍,0
login doang bayar kocak,0
"Padahal aplikasi berbayar , tapi bisa loh out sendiri, sumpah jadi males mending buang skalian",0
"I really like it even though I have to pay, but it's really good for watching Korean dramas or horror films or children's films, basically it's the best",1
Ini knp sih login aja di buat susah??,0
Banyak film seru,1
"loginpun harus bayar, apalah",0
Kak boleh tidak di murahin berlangganan nya hehehehe,1
Saya suka nonton film di netflix,1
Oke,1
"Langganan udah, pas di tonton cuma suaranya aja, Video hitam ga ada tayangan sama sekali",0
"GABISA MASUK PROFIL, ANEH BANGET padahal coba di device lain bisa",1
"Login doang ribet,email+sandi udh bnr masih aja coba lagi²",0
Belum di coba tapi di gambaaaaar mirip youtube,1
Paket nya mahal 186 ribu premium 4K Namun tidak semua film 4K Dan koleksi film nya sedikit kebanyakan film lama dan film horor indonesia.. Banyak film dalam pencarian tidak di temukan oleh aplikasi ini..,0
Saya suka,1
"sinyal bagus, perangkat kelas atas, tapi kalo emang aplikasinya busuk mah busuk aja, sering banget mau nonton blank item doang, tau gitu gausah make netflix dah buang2 duit, better disney+",0
Ini gimana cara masuk log in nyaa😑😑,0
Sangat menguntungkan,1
Mau masuk aja bikin emosii,0
Mau login aja harus berlangganan heh dhlah,0
Kok ribet sih lama,0
Di suruh ganti email sama sandi biar bisa masuk malah GK mau aplikasi tolol,0
Film tidak lengkap,0
Moga layanan di tingkatkan,1
Kok nggak bisa masuk yah malah ngestack,0
Aku senang menonton aneme lucu dan seram,1
aplikasi ini matap sekali dan seruh,1
"Update Filmnya lama , film horor yang itu itu aja gada yang baruu payah",0
sebenar nya saya ngasi bintang 100000000 tapi nggak ada,1
"Mau masuk selalu gagal, padahal koneksi sangat aman.",1
"Apk aneh susah buat masukin akun, padahal udah bener tapi kok ada tulisan akun ini sudah di pakek kan aneh bnget ya tolong di perbaiki lagi",0
"udah beberapa bulan yang lalu, masuk doang gabisa bisa, udah dicoba berkali kali pun tetep gabisa, udah pake nomer, email, dll. tetep aja gabisa. mau masuk aja bikin emosi, udah masukin email, sandinya udah bener tetep salah terus, waktu udah di masukin emailnya malah gabisa, terjadi kesalahan terus, giliran di pencet pencet malah ada tulisan 'terlalu banyak upaya' hadeh, tolong lah ya, diperbaiki aplikasinya, udah males banget nyoba² masuk tapi tetep gabisa bisa.",0
Aplikasi bangke.mau login susah amat,0
"Tidak semua season ditayangkan, padahal itu series tahun 2018.",0
Konyol sudah beli ultra hd kualitas tetap 480 p konyol Netflix scam terusss,0
"kagak bisa daftar/login, aneh. baru juga instal kocak.",0
Tolong pakai bahasa Indonesia dengan baik dan benar dalam dubbing,1
Bagus,1
💯💯,1
Padu,1
ga bisa buat akun,1
G bisa joinnnnn uh sabar puasa Untung lu puasa kalau gak hmm gimana nasip lu,0
"saya tidak pernah beli paket 186 ribu, tapi ternyata tiap bulan selalu terpotong paket yang 65 ribu dan 186 ribu, mohon solusinya bagaimana? kenapa terpotong 2x paket padahal tidak pernah saya langganan",0
"It's hard to register, I know where to go to Google to find the apk, back and forth, but the result is I can't enter Crazy Dog",0
saya pengen nanya nih developer kenapa film indo di aplikasi ini enggak lengkap semua y ini saya jadi nyesel beli nya lengkapin dong film indo nya,0
mantep men.,1
Jelek,0
tidak bisa masuk.,0
mau daftar udh masukkan email ga bisa-bisa . aplikasi aneh,0
"Ga jelas ni apk dh batalin langganan juga kenapa masih di tagih Mulu dh gitu tiba potong saldo gua lagi sialan lu, maksud lu ap",0
👍,1
Bagus bangettt,1
Seharusnya netflix ada sistem pembayaran yang harus disetujui terlebih dahulu. Supaya tidak ada kekeliruan untuk saldo terpotong. Terima kasih 🙏,0
"Mau bayar kek nya susah bet, udh masukin cvv masih aja salahhh ga jelas",0
ribet,0
Aplikasinya gak bisa dibuka 😤😤,0
Buruk,0
"Saya berlangganan netflix yang harga 65.000 tiap bulannya. Tapi, hanya 1 perangkat saja yang bisa masuk. Sedangkan punya teman saya bisa masuk 2 perangkat",0
kasi bintang 5 kalo Lanjar jaya,0
Apk tolol bikin akun aja susah,0
Good,1
Eror login di tv android udh ganti jaringan. Udah update instalan. Masuk server berhasil semua tp gak bis adibuka di smart tv. Kesellll banget,0
"Sangat menjengkelkan, pertama kali instal dan saat ingin login setelan bahasa otomatis ke bahasa cina hanya karena saya berada di Taiwan, berada di cina bukan berarti bisa dan mengerti tulisan cina! Seharusnya setelan bahasa diubah ke default atau setidaknya ada fitur adjust perubahan bahasa! Bahkan untuk di screenshot untuk saya terjemahkan pun tidak bisa! Sangat menjengkelkan.",0
"Netflix keren banget, mulai dari kualitas streaming nya, UI smooth, yang kurang cuman film nya kurang lengkap aja, masih Ada beberapa film yang udah lama rilis di APLIKASI lain Ada di Netflix ga Ada",1
Apl taii ribet bgt mesti ke broswer2 segalaa heran kan udah dwoload napa mesti harus masuk ke broswer segala terus guna dwoload apl ni apa kalo mesti masuk ke broswer lagi mending langsung aja ke broswers g perlu dwonlod²an,0
"Kenapa episode film series kadang ga lengkap ya ?, contoh nya film snowpiecer, yang seharusnya 4 episode ini cuman 3 episode. Sedangkan di aplikasi lain episodenya lengkap untuk film tersebut 🙂",1
"Ribet ga bisa masuk terus aja di ulangin masukin email, saranku yang lain jangan donload aplikasi ini sangat rumit",0
"Mau daftar aja belibet, padahal dah bener masukin gmailnya trus malah ada kesalahan dan disuruh coba lagi... Sudah dicoba malah semakin jadi suruh nyoba lgi haduh",0
"Barusan install, utk masuk isi email, gagal. Kirim.pakai kode, use no telp juga gagal. Auto uninstall.",0
Buat login aja susah,0
Mantap,1
ga bisa dihapus di gunakan juga tidak bisa,0
"parah ini aplikasi,saya sudah nonaktifkan langganan tapi tetap saja di potong lewat shoppepay.",0
"Payment gagal akun ditangguhkan, sudah isi saldo dipaksa ganti meyode payment. Kocak",0
Apk sangat2 buruk tidak bisa d pke d 2.prangkat. Awal2 duank mau. Skrng hrus nambah klo mau d 2 hp. LINTAH ONLINE,0
"Jadwal filmnya ga sesuai keluarnya, pemberitahuannya tgl sekian munculnya 2 hari lagi haha. Trus udah stop langganan malah tbtb ad payment lagi",0
🎃🎃,1
GABISA DAFTAR,0
I like Netflix,1
Semua film kesukaanku ada di Netflix 👍🏻,1
Netflix tambahin fitur verifikasi ganti password ke akun Gmail lah biar gak gampang diganti pw nya,0
"Kenapa sih mau masuk doang bikin emosi , padahal udah bener akun nya pasword nya tapi setelah di pencet masuk kok di suruh salin link dan periksa email habis itu di suruh ke browser setelah itu keluar suruh masuk lagi. Sumpah udah berkali-kali ganti akun, ganti nomer telpon, bahkan pakek kode masuk tapi tetep gitu terus. (TOLONG DI BENERIN DONG APLIKASI RUSAK)",0
Jelek,0
DASAR GAK JELAS. PUNYA AKUN MAU MASUK AJA GA BISA . ANEH LU,0
BAGUS BNGTT,1
"tolong buat pembayaran jika sudah di cantumkan seperti shopepay/Ovo/Dana jika tidak berlangganan lagi, tolong berhentikan. saya isi saldo shopepay sya dan Saya sedang TIDAK mau membayar Netflix tiba-tiba terbayar begitu saja. saldo saya hangus begitu saja!. pihak Netflix tolong baca ini.",0
Aplikasi menonton film dan serial terbaik buat w..sudah ga ada lawan deh.. ..film dan serialnya banyak ga pelit kayak yg lainnnn..selalu ada film dan serial baru menonton jadi ga ngebosenin.. paling tambahin film2nya di full screen dong mi n..thanks netflix👍👍,1
apa apa proo apa apa pro muak btul,0
kenapa aplikasi nya berbayar,0
MANTAPP,1
Tidak dapat diputar di hp samsung galaxy a52s,0
mau login aja satu jam baru selesai,0
"Netflix saya sudah saya bayar,kata nya sukses pembayaran,tapi ga bisa masuk. Setelah banyak coba cara lain pakek kode,tiba² di bilang coba lagi nnti karna telat banyak masuk.",1
"Netflix knp sih ya ampun, login aja susah skrg. Tolong netflix keluh kesah pengguna itu diperhatikan, klo kyk gni gimana ga pada kabur ke aplikasi lain.",1
Gooddd,1
admin netflix apa betul ada promo berlangganan setahun dgn harga 186 ribu/tahun d medsos iklanny sering ketemu,1
Males lah login aja susahnya minta ampun! Langsung uninstall aja ! Aplikasi gak mutu !,0
Mantul,1
Mau nonton aja ribet banget suka keluar sendiri pas mau mulai film nya,0
"Mau duit atau gak sih developer ini, giliran mau login terjadi kesalahan terus",0
Lumayan boleh,1
Bagus banget bisa nonton biskop,1
Aduh udah langganan 720mp tapi layar tetep burik kalo sinyal jelek.minimal bisa di lock lah 720 kalo sekiranya ga mampu Ama sinyal loading juga GPP jangan di kasih yg burik 144mp 👎👎,0
Gak ada iklan.. Cuma sayangnya berlangganan 2-3x malah iurannya jadi naik skrg sy tdk langganan lagi.. Tolong pertahankan hrg awal sampai seterusnya. Jgn berubah²,1
tolong yang buat aplikasi Netflix perbaiki lagi yang loading itu membuat saya emosi Mulu dari tadi saya mau nonton malah keluar lagi saya sabar tapi semakin lama semakin emosi banget,0
Bagus,1
"Tolong dong pihak Netflix munculkan kembali fitur lanjutkan menonton di dalam apk Netflix, yg sudah di hapus baris",1
"Langsung uninstall masa sdh bener sandi, kata nya harus coba lagi netfilx mending kmu perbaiki sistem mu yg gak jelas itu",0
Susah banget mau login,0
"Sebel bgt baru download mau masuk aja susah banget suruh Coba lagi2 terus , gimana mau nonton ribet",0
Sangat bagus sekali,1
more beter,1
👍🏻,1
Gak bagus masa udh unduh tapi mau nonton bayar lagi,0
"Aplikasi sampah,mau daftar masuk aja g bisa",0
Aplikasinya sangat bagus. Buat daftar aja ribetnya minta duit. Belum apa apa dah minta duit.,0
Main potong2 aja saldo org,0
Hiburan,1
Kenapa aplikasinya sering minta di update?,1
Film nya gak lengkap. Percuma bayar kalau film nya gak lengkap,0
Keren,1
Aplikasi gk jelas. Disuruh masukkn email tp gk bisa bisa,0
Cuma ada film jadul giliran nunggu film nmbaru lama bnget update nya,0
Engeh banget Ama netflik .nyekek bngt .awal berlangganan 48000 lama nyekek JD 120 rbu sekarang malah 150 .JD makin naik .,0
Belum apa-apa sudah suruh daftar berbayar,0
B aja,1
yup kece,1
Log in susah,0
Oke,1
aplikasi tolol gabisa di login,0
"Saya tidak bisa masuk di Netflix selalu saja mendaftar,kode,sandi,dan email sungguh jelek saya mau nonton film horror tetapi tidak pernah masuk",0
👍,1
TOLOL,0
Ga bisa login daftar,0
"sumpah sihh Netflix ini jelek bgtt baru 2minggu pembayaran ga berhasil padahal udah di bayar, udah 2kali gini terus, kecewa bgtt dahh sumpahh",0
aplikasi rusak gak jelas udah login tetep gabisa padahal jaringan bagus memo masih banyak tapi malah gabisa login rusak gak jelas,0
"I put my last evening, thanks, it's ok, happiness 😐😐",1
Keren,1
kenapa ejen ali tidak ada di sini,0
"Aplikasi bukanya mempermudah pengguna malah dibikin ribet,,",0
Suara sama vidionya tak singkron,1
Sia sia langganan tapi gagal login. Pembodohan publik si ini,0
Is there no reward for loyal costumers netflix?,1
login nya ribet,0
Ribet amat login nya 👎,0
kenapa coba setiap akun harus berlangganan ga kaya apk lain,0
mantap,1
Ok,1
"Saya sudah menghentikan langganan bahkan no ajun pembayaran pun sudah diganti , kenapa masih juga menambil saldo saya tanpa konfirmasi ???",0
Apakah Netflix ini gratis ?,1
Emosi gue lemot bgt deh cuma mau pembayaran ajaaa gak bisa2,0
my fav app,1
Ok,1
KENAPA GUE GABISA MASUK ANJIR. PAS GUE MASUKIN EMAIL BUAT BIKIN AKUN. MALAH BERMASALAH MULU. PADAHAL UDH BENER EMAIL GUE!!!!!,0
Bagus,1
film nya kurang lengkap,1
"Terlalu mempersulit untuk membuat akun, apk payah jgn di unduh",0
Kenapa kok Susah daftarnya ? Selalu terjadi kesalan dan coba lagi nanti,1
BAGUS. BAngt,1
"Aplikasi kaga pernah dipakai , gabisa di unistal.pula lawak kali menuh menuhin menu aja ni aplikasi",0
"Film nya bagus tv series original nya bagus bagus, dub Indonesia nya di banyakin, dub Indonesia bagus banget Beda kalo di Disney+ kaku",1
"Saya mau komplain, ini saya sdh bayar Netflix knp tiba login saya baru download loh kalau GK di tanggepi saya laporkan loh",0
"kok ga bisa di buka di crhomebook ya ,alasanya tidak ada koneksi padahal wifi lancar lancar aja",0
GK di kasih uji coba sama sekali malah langsung suruh bayar,0
Bagus,1
beli paket 120k nggak bisa di pake miroring,0
apalah ni app susah kali mau login buat akun aja udh ribet banget kek apalah lu kira semua orang punya duit masuk aja disuruh langganan nyebelin banget udh mah susah login aneh...,0
"Tolong lah ya, untuk developer nya,di update lagi,perlengkap kan semua film, masa iya kaya film ( jack the giant slayer ) ga ada kan percuma berlangganan, mahal mahal bayar di Netflix, terpaksa harus nonton di apk VIDEO buat kalian yang belum download, kalau mau download trus mau berlangganan, kurang rekomend apk Netflix, bagus apk video lengkap mau apapun yang kita cari video nya tetap ada ga kaya Netflix udah mahal mahal bayar sekali nya mau cari video yang di inginkan ga ada😒",1
"Dari dulu selalu maju mundur kalo mau pake netflix,akhirnya baru banget kemaren beli paket yang 65k nyoba dulu ceritanya.. eh ternyata cuma bisa buat satu device doang.. ga bisa buat hp atau tv lain,kalo mau di device lain suruh bayar lagi 55k 👹 seenggaknya kalo kalian merasa takut ditipu atau takut diperjual belikan lagi,adain vermuk aja/kalo engga liat IP Adressnya,masih lingkungan yang sama apa enggak.. ribet banget,bulan besok ga mau perpanjang !!",0
"Ga mau pakai wifi, maunya pake paket data.",1
Bagus,1
Ok,1
Tidak baik,0
jelek tiba tiba gak bisa masuk akun email padahal udah masukkan email yang benar,0
Pembayaran nya ribet,0
ini kenapa gak bisa login di suruh nyelesai in pendaftaran mulu d web ny pada hal udah bayar juga,1
Udah beli paket tapi gabisa disambungin ke smart TV 🧐 udah bolak/ik keluar masuk akun pun ttap gabisa juga connect,0
"apa coba tiba tiba pembayaran otomatis, mana akunnya juga matiin sama netflix",0
Tontonan yang gak berbayar aja banyak ngapain harus nyari yang berbayar dan ribet,0
KERENN,1
"Netflix ga kayak dulu,mau login aja sekarangggg susahhhh bangettt",0
"Tolong diperbaiki secepatnya, kesabaran saya setipis tisu. Asal mau nonton, loading lama sekali (nggak bisa nonton). Sudah 2 Minggu setengah Lo.",0
Oke,1
aplikasi gjls,0
Susah banget buat log in.. terlalu banyak upaya masuk.. Jangan skali2 bwt langganan yg ponsel.. ujung2 gk bisa log in parah,0
Kan video udah di download knapa masih ada batas layar sih,0
Nice good,1
Suka aja dulu,1
Saya kasih bintang 2 dulu ya soalnya aku dah masuk ke Netflix udah berkali kali tetap tidak bisa kenapa ya,0
ga jelas gabisa dibuka padahal udah bayar mahal mahal malah ga bisa dibuka,0
Bisa nonton bareng teman keluarga dan dll,1
Akun sudah ada,1
Bagus sekali,1
"Gimna si cara masuk atau daftar nya, kok aku coba berkali kali gagal mulu",0
mantap anjenk,1
Tampilan barunya netflix gak banget ampun bkin mls liatnya plis balikin ke seperti sebelumnya. Tampilannya plihan film trllu besar bkin sakit mata.niat scroll pilih film ke kanan malah pindah ke kiri bkin pusing,0
tidak bisa login,0
"ini ga bisa ya bintang 0, sebel banget gak bisa login anjg, cuma bisa di laptop padahal kan ga kemana mana bawa laptop. pengen kaya biasa nonton di TV sama HP gabisa bisa login, suruh verif tapi ga muncul kode nya. apus aja lah ini aplikasi 🤕",0
"Netflix, gw g bisa login woiii padahal g ada yg salah sama email gw",0
Kenapa tidak bisa login ya???padahal baru aja maketkan malah gabisa dipakai Rugiiiii,0
Sediakan filem 3idiot lah india,1
😌👍👍👍👍👍,1
Apk ruwet,0
Mau daftar login aja ribet banget najong,0
Seru banget,1
suka keluar sendiri ajg,0
Tolong Netflix... Kalau waktunya habis tolong tagih aja jangan otomatis uang saya kesedot,1
Susa login,0
Okeee,1
jangan di download soalnya ngga bisa login dan masuk,0
"KOCAK NIH APLIKASI, UDAH GANTI KATA SANDI BEBERAPA KALI TETEP AJA KESALAHAN NAMA DAN KATA SANDI.",0
Baik,1
Masalah muncul saat akun ditangguhkan karena terlambat pembayaran. Kebijakan ini sangat tidak nyaman. Karena mengisi saldo ternyata tidak menyelesaikan pembayaran. Malah saldonya keburu hilang terpotong oleh aplikasi langganan yang lain. Penyelesaiannya harus mengganti metode pembayaran. Artinya harus membuat akun dompet digital berbeda dari sebelumnya. Dan isi saldo lagi. Pengalaman yang buruk.,0
"kenapa ya kalo nonton di hp kadang2 subtitle nya warna abu-abu bukan putih jadinya kurang jelas,itu terjadi di beberapa film",1
"Mengapa saya tidak dapat melihat gambar,hanya suara dan teks saja,mohon ditinjau secepat nya",0
mahal anj,1
Gw tengok bisa download gem aku mau download gem GTA sang Anders gem Nya si bayar tapi bisa download tapi harus download data Baru bisa,1
"Login aja ribet, aplikasi lain simpel mending gak usah douwnload de",0
Aplikasi rusak gk bisa daftar,0
Tidak bisa log in selulu ada tulisan terlalu banyak mencoba padahal baru berlangganan,0
"kakak developer tolong dong dubbing Indonesianya di setiap film dan serial Netflix nya , aku bakal langganan tiap bulannya dan aku kasih bintang 5 deh kalau udah hampir semua ada dubbing Indonesia nya😉",1
Saya sudah bayar 54 rb lewat dana tp saya tidak bisa masuk,0
tolong perbaiki .ketika saya mau log in kok g bisa bisaa biken kesell😡😠,0
"Mahal, gak lengkap",0
Lumayan bagus tapi saya cari film nya kurang lengkap seperti tidak ada gran turismo,0
"Susah bener buat login. Padahal email dan password udah bener. Sampe udah reset juga masih ga bisa. Tertulis ""Terlalu banyak upaya Login"" Apa sih mau nya? Mau login pake kode aj muncul notif ""Terlalu banyak mencoba"" Banyak mencoba karna system kalian ga beres wooii",0
"netflix tolong jangan di buat 1 orang aja yang bisa buka akun, ayah saya punya Netflix dan saya juga ingin masuk ke akun ayah saya untuk menonton saya sudah bilang dia setuju tetapi dari Netflix hanya bisa 1 orang tolong ya min sedih banget ☹️☹️☹️☹️☹️☹️☹️☹️☹️☹️☹️",0
Burik,0
"log in aja menguras emosi banget. Berkali2 di suruh coba lagi pada akhirnya harus nunggu lama untuk coba log in Ig. Padahal gk ada yg salah sm email n pass. Netflix minta pelanggan pada kabur ke applikasi lain mungkin. Udh bnyk keluhan yg sama, tapi gk ada perubahannya sama sekali 713 orang merasa ulasan ini berguna.",0
Bagus,1
"Kenapa sih nggak bisa login susah amat padahal dulu gampang banget, tolong pihak netflix di perbaiki lagi",0
Kalo ngga bisa buat aplikasi jangan di buat bikin orang pusing aja,0
kenapa GK bisa download film . pdahal saya udah bayarr 🤦🏻‍♀️🤦🏻‍♀️ GK jelas banget,0
"Mau daftar aja susahnya minta ampunnnn dehh, coba lagi coba lagi tapi masih ttep gak bisa 🤦‍♀️🤦‍♀️🤦‍♀️",0
gak bisa daftar,0
"kok ngga bisa login ya? padahal udah coba berkali kali, ttp aja gabisa, bkin akun baru jg ngga bisa, alasannya selalu ""terjadi kesalahan, coba lagi nanti"" gajelas banget, masa daftar doang gabisa? pls kasih tau caranya gimana?",0
Sangat susah as*,1
"apk ter-ribet, males download lagi.",0
Banyakin animenya,1
"Nyesel download Netflix, Untuk yang belum download, saya saranin jangan, saya juga nyesel banget, daftar juga hrus bayar",0
Aplikasi dongo,0
Gada ada kungfu panda 4 woyy,0
"Hallo netflix, kok sya gabisa login yaa, pake email manapun gabisa kenapa nih",0
tolong mudah kn login saya,1
"Cukup sekali aja langganan nya. Untuk login ajh manguras emosi. Awalnya salah sandi, terus udh ganti sandi baru malah muncul tulisan "" upaya login terlalu banyak, coba lagi "" Selang beberapa hari coba login lagi, masih muncul tulisan ""upaya login terlalu banyak, coba lagi"" Padahal sdh mngikuti tutor di youtube dari ganti jaringan internet wifi > Data. Terus hapus cookies, hapus data aplikasi, Dll. Hasil nya tetep sama gak bisa login.",0
Goood,1
"gajelas! pdhl udh bener loh kata sandinya, malah gabisa masuk? ini yang eror netflix kah atau gue sih, gasuka bgt udh 2 hari kek gtu trs.",0
minta langganan terus padahal udah ada bonus dri my telkomsel buat nnton netflix,0
Udah bayar malah tiba tiba keluar di suruh log-in lgi malah gak bisa Gimana itu dong kembali in ajah uang nyah,0
film nya kok sengaja dikurangi??? kenapa??????,0
Bagus,1
keren parahh,1
Gbsa daftar eror,0
Series animenya gak lengkap,0
"kebanyakan loading terus, bikin emosi lama lama",0
Ok,1
Susah,0
susah banget masuk...setiap kali masuk netflix harus perbarui rumah dengan akun netflix... sungguh aplikasi payah....,0
keren,1
Apalah baru aja mau login masa harus pembayaran dulu gak ada untuk pengguna baru gitu gak bisa bayar,0
"Kebanyakan loadingnya, berkali-kali tutup buka ttp nggk bisa.. padahal udh ganti provider dan wifi",0
"Ku kasih bintang 4 bcs bayar, aku GK dibolehin woilah 😞",1
bagus bagus koleksi film nya,1
gajelassss bgttt lu mint,0
daftar/masuk juga hrs ulang ulang bikin emosi Mandang devicemnding gausah di donlod gajelas ni apk mau nntn juga susah,0
Lagi nonton keluar sendiri terus? Jadi ganggu bgt. menit sekali keluar dari film,0
"Netflix makin jelek, susah masuk nya padahal email udh ada gara2 kaga perpanjang 1 bln hbs itu harus ganti email terus terusan, udh gtu susah masuk saya udh 20x masuk gk bisa walaupun pakai email baru bikin emosi 🤬🤬",0
Mantap,1
"merasa di rugikan, bayar mahal"" buat beli yg HD malah resolusi nya sd. mohon kembalikan uang saya",0
Gak jelas baru download mau login malah gak bisa padahal password sama email nya udah benar tolong di perbaiki,0
Good,1
Udah cobak berkali kali tetep aja ndak bisa masuk padahal email dn pasword udah bener,0
"Baru pertama kali download tapi mau masuk susah, suruh masukin email tapi masalah Mulu, pedahal koneksi bagus email juga gak ada masalah, gak jelas bangt aplikasi nya dihhh",0
ga bisa,0
mantap buat ngisi waktu senggang,1
Bejir ketipu Netflix,0
susah bgt log in nya,0
Oke bagus,1
Lumayan,1
Aplikasi qontoI walaupun sudah pernah nonton di aplikasi ini saldo masih di potong ajj q ga ikhlas gue,1
Bagus tapi kadang ngeleg,1
Kecerahan layarnya gak otomatis harus diatur manual... Tolong ditingkatkan,1
login sama pembayaran aja susah nya setengah mati,0
bagus banget saya tidak bisa log in padahal sudah beli yang bulanan,0
apk gajelas gabisa daftar atau masuk,0
Aku pengen GTA woy malah berlangganan mana mahal banget 65.000 cuman 1 bulan pelit ni orang Amerika,0
"apk taekk, gak perlu dijelaskan karna udah pada tau semua",0
Bagaimana ini padahal sudah tidak berlangganan tapi tetap ke tarik dari dana;(,0
Ya bintang 5 lha gaes!!,1
Bgus,1
Film jadul semua 💩,0
Berbayar,0
Nice,1
"Kacaww masa ga bisa daftar si, gimana ini developer",0
Nice,1
Gak masuk,0
Gimana sih netflix Gak bisa masuk sama sekali Hanya muncul tulisan NETFLIX doang GEDE mulu 👎👎👎,0
"Kok daftar ga bisa, coba lagi coba lagi",0
Sangat bagus,0
"Tolong lah saya mau daftar netflix cuma gak bisa masukin email , tolong di perbaiki",0
netflix bener² ya dari kemarin gabisa masuk buka app nya cuma tulisan Netflix doang ga kebuka buka tolong dong perbaiki,1
"Erorr terus apa apa an dah, sia sia langganannya",0
"Mengecewakan, kenapa saya disuruh creat new akun terus, padahal akun tidak ada kendala Woi knp ini!!!",0
Perbanyak Dorama Jepang dong! dikit banget...,1
Apa ada yg baru admin netflix nya,1
sering incor sama limit T_T,1
Saya sih cukup puas dengan harga segitu untuk sebulan saya rasa sangat cukuplah. Tapi sayang koleksi filmnya kurang lengkap. Contohnya saya mencari film James bond dan tidak ada. Bagaimana ini netflix.....????....di lengkapi koleksinya dong.,1
aku Aku paling suka banget sama netflix itu hantu hantunya serem serem semua ada kartun ada yang pembunuh,1
Buat login susah banget sih. Login pake email sandi sesuai malah di Netflix sandi anda salah padahal itu sandi saya bener. Sampe² malah akun google saya tek ganti sandi baru tapi tetep sama di Netflix sandi anda salah.,0
"Ribet amat mau masuk berlangganan juga, aneh juga ya Apa kita disuruh pindah apliaksi lain😌",0
Aplikasi kocak mau login aja dibuat ribett,0
Aplikasi ini berbayar kami yg kaum TDK punya uang kecewa lk21 di blok,0
Kok HP ku gak bisa update aplikasinya ya?,1
jelek banget selalu muncul 5.10,0
"aplikasi gagal😹 gua nyoba masuk gabisa bisa loh ""ada kesalahan teknis"" padahal sandi email bahkan nomor telepon uda bener semua, giliran gua minta kode masuk ""akun tidak ditemukan"" aneh😹",0
Untuk orang tua,1
Terlalu bnyak perangkat ??. Padahal cuma trpasang di 2hp doang. Kok jd gni stelah update. Tolong dong perbaiki.,1
"Selamat malam, izin masukannya Bapak/Ibu pengelola aplikasi Netflix. Film movie yang ada part selanjutnya ditampilkan supaya jangan tanggung nonton filmnya. Dan jangan hanya dintmpilkan film yang lama",1
Mau lihat film bf tapi ngk bisa terbuka,1
Bnr bnr capek bangetttt setiap sebulan sekali selalu ajaaa mau bayar susah capeeeeeee gedegggg sebdiriririririr,0
Masuk susah amat bayar susah hadeuh,0
"Langsung Stop langananan, drama schemes in antiques bisa bisa nya tidak ada!.",0
"tiap mau masuk pasti susah. ribet, data ilang apa gimana?",0
Apa ini masah bayar mana film chainsawman ngga ada lagi,0
"ko sekarang nonton netflix gabisa sambil vc sama telf wa ya? pdhal sblmnya bisaa, info apk sebelah dong, udah ga nyaman pake netflix",0
NETFLIX ANJG,0
"anime one piecenya ga lengkap, gimana ini. udah ditunggu lama banget ga update². arcnya langsung lompat ke egghead",0
"aplikasi ga jelas tiba² saldo dana ilang, ternyata masuk ke netflix, gimana cara refound nya padahal lagi butuh banget saldo nya buat beli obat",0
Susah banget loginnyo ribet banget,0
gak ielas banget gua login gak bisa bisa apalah aneh netflix sekarang mah,0
Apa kah bisa nonton gratis ?,1
saya mau bayar tapi gabisa. tolong perbaiki,0
"Beberapa film ga ada di netflix,diaplikasi lain udah ada 14 epsd tp dinetfilx malah belum tayang sama sekeli.. Tolong diupgrade lagi",0
Tidak bisa daftar,0
"Mau login aja susah, ribet banget ga bisa sat set ini aplikasi",0
"Halah padahal udah bayar buat paket sebulan,pas mau masuk malah sandi salah padahal sudah benar,gimana ya ini penipuan atau apa!? Kecewa bgt niat mau nyoba eh malah langsung dibikin kecewa sama Netflix.",0
Bagus,1
Film yg berqualitas dgn cerita yg mengalir alamai dan enak dinikmati,1
Aplikasi ini sangat bagus,1
Pakai nomor hp saya do tolak.. Pakai email katanya gak valid... Jadi bingung saya liat aplikasi Netflix,0
"Anime sering hilang ,kayak rugi langganan di Netflix .",0
"Susah masuk ganti email n daftar jg malah ribet, mending unduh yg simple",0
Senang,1
Kenapa tagihannya biasa 65rb jd 120rb.. Parah nih..,0
Mantab,1
"aplikasi penipu jangan berlangganan disinii rugi klian,udah berlangganan malah di suruh coba lagi nanti",0
Bgus bgt,1
Sangat membantu,1
Bagus,1
Bagus,1
Wah bagus,1
Mantap,1
Saya suka,1
GOOD JOB 🕊,1
Lagging,0
👍🏻,1
Sangat bagus,1
"Cara refund dana, tiba2 ke potong kak, tolong di bantu, butuh sekali soalnya",0
Jelek,0
Bad app. Always crash,0
"Cuma bisa nonton satu aja ,padahal sudah 2 perangkat hp dan laptop,malah tidak bisa ,hanya satu",0
Kaya aplikasi tolol msuk aj harus bertele-tele,0
Aplikasi ngk guna,0
"apk nya memang bagus,tetapi tolong tambahkan movie anime, seperti Naruto road to ninja,",1
Bagus,1
Bagus lengkap mantap pokonya 👍,1
"Saya tolong kembalikan uang saya, saya tidak merasa pembayaran Netflik premium, 69.000. Pembayaran jam 08.00 pagi , bukan mslah besar kecilnya , cuman saya sangat kecewa . Saya tidak merasa ikut premium. Mohon kembalikan , mohon ada tindakan",0
gabisa login.,0
Gak bisa login bagsat,0
Bagus,1
Aplikasi rusak setiap mau login error,0
Gud,1
susah daftar ny,0
Bagus bangett,1
Bagus,1
"Udah berlangganan,masih muter terus liat film nya",0
Aneh. Login doang dibilang salah sandi terus. Giliran beda notif cuma saat ini sedang ada gangguan. Ga boleh dipake apa gmn nih aplikasi.,0
Bagus,1
BERAT BANGET YA KODE NYA SAMPE DU 2000 TAHUN KU TUNGGU,0
"Baru langganan sekali udah males banget liatin kekurangan film yang gua cari, ga komplit ga asik nih app!!",0
Kata sandi pasti salah terus padahan aku sudah masukan sandi akun dengan benar.,1
"udh ga bisa buka lagi,, nggatau kenapa",0
Payah down terus tiap solo leveling update!!!,0
Susah daftar nya gagal terus,0
ga bisa masuk untuk daftar akun. terjadi kesalahan terus. udah pake email yang baru di buat sama aja ga bisa juga. paraaahhh,0
Makin lam makin lemot muter2 terus,0
Tidak terlalu lengkap drama atau flimnya,1
Ga jelas mau login aja susah bet,0
login nya ribet,0
Apk asu ribet,0
Sangar bagus untuk menonton,1
Tolong bos kalo sudah dihapus akunnya jangan di potong lagi pembayarannya tiap bulan...tolol... kebiasaan jelek di ubAh,0
Tolong masukin filem. Mahabarata. Ke netflik dong yg pemainya saher shek,1
Oke,1
Tambahin series yg baru lagi dong,1
"Kenapa ya gak bisa login pakek dua hp,,, soalnya saya dan istri beda kesukaan filem,,",1
saya sudah bayar bulanan tapi kenapa film yang saya cari tidak ada tolong responya dan di perbaiki saya sangat kecewa dan menyesal menggunakan netflix,0
film - film seru banget,1
"netflix tolong kembalikan saldo saya,saya tidak sengaja berlangganan sebesar 54.000. saldo saya tiba tiba disedot oleh Netflix saya mohon untuk dikembalikan😭🙏🏻",0
Ok,1
ok,1
"Film e ora lengkap boss, kalau tidak segera di perbaiki gak bakal langganan disini lagi",0
Afk nya sangat jelek ga usah di download susah amat mau login juga,0
Good app,1
Menyenangkan,1
"kukira tak berbayar, teryata.... pindah aee ke google",0
bagus tpi login bikin akunya aga ribet,0
Baru mau coba,1
"Susah login. Udah gitu aja. Andai bisa saya kirim videonya, saya kirim dah.....",0
Sound sistem,1
Mantap filmnya,1
Mantep,1
Wow wow wow just wow,1
netflix lucu,1
"aku bener' kcewa sama netflix,cuma mau nonton ajah susah bgt buat login,plis deh knp sih ini.Udh coba berkali kali ttp ga bisa,tolong lah di perbaiki",0
"Mohon penjelasan dari Netflix, saya berlangganan tgl 110225 dan di tanggal 210225 saya tidak dapat mengakses Netflix, dan d minta untuk membayar ulang, sedangkan di penagihan berikutnya tertulis 110325, dan saat ini saya tidak bisa membuka Netflix, ketika saya menghubungi customer care hanya berbahasa Inggris. Tolong di perbaiki",0
"Gak sesuai sebelum langganan banyak film baru begitu udah langganan malah film lama semuaa isinya,, nyesal saya langganan karuan nonton youtub lah",0
"Sekarang susah banget Log in setelah sekian lama, email tidak terdaftar atau apalah",0
Nggk bisa buat daftar,0
apaan tiba² saldo gw ilang sendiri cara batalin langganan gimana dah nyesel gw tiap bulan ilang mulu saldo gw mana ini apk ga kepake lagi,0
Mantap bos,1
"BISA GA DIHAPUS AJA NIH APLIKASI, BIKIN ORANG MALAS CARI DUIT !!",0
"Pemaksaan Harus nya ada Fitur ingatkan apakah paket mau di perpanjang atau enggak, Bukan Ujuk ujuk main Potong aj, sengaja Shope pay saya kosongin malah nyedot pay later",0
Bug parah. Mau nonton aja loading terus coba 🫠,0
"Apl ajg gua udah batalin e anggotaan sejak bulan lalu dan bahkan apl nya udah ku hapus tapi tetep saja tiba"" ada tagihan masuk",0
Sangat membantu,1
tolonggg donggggg bikinin fitur biar bisa nobar di aplikasinyaaaa,1
Ok,1
Bagus ceritanya update,1
"Netflix sudah ga kaya dulu, login email + password sudah benar di bilang salah terus. Jadi nyesel instal Netflix lagi.",0
"Udah berulang kali login sampai loginnya gonta-ganti hp, tapi tetap aja gak bisa. Padahal Email sama Passwordnya udah benar.",0
Netflix masukin film2 nya marvel donk,1
bagus,1
Bagus,1
"Benerin woy !!! Perangkat yg digunakan 1, kenapa di claim 2 perangkat bersamaan !!! Kecewa saya !!! Gausah langganan produk ini lagi, pindah ke yang yang lain aja",0
Neflik ini bagus bisa download game bayar tapi jadi gak bayar juga gak pake B kb mb dan GB AKU KASIH BINTANG 5,1
Banyak film yang bagus mantap,1
"plis tolong kembalikan uang saya , tiba tiba ketarik otomatis di akun dana saya senilai 54.000, itu sepertinya tidak sengaja kepencet fitur langganan nya, saya mohon tolong kembalikan uang saya, saya sangat membutuhkan nyaa",0
"Please lah film film nya di update sedikit yg seru seru apalagi film horror nya, jangan kebanyakan film lawas semua. Langganan sebulan ga murah. Apa yg mau dicari juga gada.",1
Gak bisa Log in!,0
Cukup baik,1
Ok,1
Mantap filmnya bagus bagus,1
Sering terjadi pemutaran beku ga pas suara sama gerakan nya,1
Mau login bikin akun aja susah,0
Crash after update,0
terkadang suka kesel layar hitam mulu tolong perbaikin min🙏,1
Mau coba dulu apl nya.,1
Bagus,1
Saya kaget tiba tiba dana saya hilang 54.000 yg dipakai untuk bayar netflix tolong netflix saya mau minta refund,0
"Aplikasi nya bagus enak, dan harga terjangkau dan aplikasi ini lebih baik dari pada TV indihome",1
Ok,1
👍👍👍,1
"Tadi daftar baru terus pembayaran lewat shopee tp lupa aku akun nya,gmn Cara taunya akun kita dengan riwayat transaksi shopee",0
good,1
Saya tidak bisa daftar katanya kesalahan download,0
bagus untuk ditonton,1
apk gam bisa di buka,0
tidak teetarik,0
Filmnya kebayakan lama dan tidak lengkap,1
Untuk berlangganan kenapa tidak tersedia melalui m-banking? Sungguh disayangkan,1
"bener""netflix nih mau login aja susah banget padahal password sma emailnya bnr tp tetep aja salah duhhh!!",0
Cuma mo ngintip film yg kucari aja harus langganan dulu... Apaan.... Kayak sebelah2 dong ..app tetep bisa dibuka wali gak langganan..ntar kalo mo nonton film tujuan baru deh langganan Payah .mending we tv,0
"Netflix tidak seperti dulu susah banget log in padahal email and pasword udah benar,tapi balik2 ke log in",0
Wow keren banget suka Netflix,1
Sangat bagus,1
Waw sangat kerja agus,1
Udh ok tolong di turunin harga langganan bulanannya dong,1
Kukira mudah ternyata ribet,0
"aplikasi apaan ini, susah bnget cara masuk nya, nyesel download aplikasi inii😤",0
BUG PEMBATASAN LAYAR TERUS RUGIIIII,0
Buruk . Setiap kali masuk melalui email selalu bilang kata sandi salah padahal sandiny udh bner smpai pakai 3 akun . Kocak,0
"Saldo dana ku tiba-tiba hilang bgst, tolong kembalikan",0
Aplikasi jelekkk seharusnya kasih tau dulu ada flim apa masa harus berlangganan dulu tapi flim yg ku cari gk ada percuma langganan,0
Mantep,1
Baru download tapi gk bisa masuk jadi uninstall lagi payaa .,0
"Ini gimana netflik, aku udah daftar dan bayar lewat dana jadi keanggotaan, tetapi ketika keluar akun, dan mau masuk gak bisa, malah suruh bayar dan daftar lagi, uang udh hilang, gak bisa masuk, malah suruh bayar dan daftar lg,",0
Bisa di apus aja ga si bang di apk? gebetan aku nonton aja kerjanya sampai lupa cara tidur!!,0
"Biji kodok lah, mesti minta email2 terus cape dah bikin inbox email penuh konfirmasi netflix. Uda bayar mahal2 tapi di persulit amat !!!",0
"Ngak jelas, udah berhenti berlangganan tau2 kepotong saldo gue",0
film seru,1
"Request : tolong tambahkan film padle pop pliss, dan sertakan semua seriesnya",1
Ok lah,1
Login ribet,0
Loading terus,0
gw sangat suka banget streaming film ini karena banyak bgtt film² yg bagus ama yg pernah ramai di bioskop,1
Ok,1
"Bagua bangetttttt g bisa berkata""",1
saya ingin berhenti berlangganan uang saya ketarik Rp 65.000 secara otomatis tolong kembalikan,0
filmnya bagus bagus,1
Saya harap episode tetangga masa gitu bisa lengkap semua season dan episode nyaa,1
"Aneh. berlangganan belum sampe sebulan, masa habis waktunya",0
Udh di berhentikan langganan nya masih aja suka nyedotin saldo pengguna nya tanpa persetujuan.,0
terbaik ini aplikasi nya....,1
"ga bisa nobar di discord, pelit, yang bayar siapa yang pelit siapa, kocak.",0
Coba dulu,1
Mau ubah kata sandi susah nya setengah mati,0
Sudah daftar,0
"Netflix Indonesia tapi film/drama luar negri yang baru tayang tidak ada sub Indonesianya, bahkan sudah lewat 2 hari dari tanggal tayang masih belum ada. Film2/drama2 baru yang muncul di Netflix Indonesia sedikit sekali dan kurang bagus",0
"banyak film yang ""uda akan segera pergi"" alias banyak film ke hapus dari neflix",0
Sangat bermanfaat,1
Mantabb,1
masuk aja ribet,0
Malas,0
"Netflix saya layar nya hitam dan ngelek dan sudah cari bantuan tapi masih gak tolong saya main nya di HP pliss hilangkan masalah ini netflix, wifi saya udah lancar tapi masi sama aja layar hitam dan ngelek sudah matiin HP uninstall netflix dan udah cari bantuan di pengaturan di netflix tapi sama aja udah ngobrol sama titi tapi sama tolong plis tarik masalah ini",0
Apk GK bisa login,0
"Nggak jelas, dah bayar langganan malah nggak bisa masuk.",0
nice,1
"mau login ga bisa bisa udah ganti email sampe sandi nya di ganti berkali kali tapi tetap aja ga bisa. developer tolong perbaiki lagi nih aplikasi nya, terimakasih.",0
"nyedot saldo tiba"" g suka saya dgn cara nya apk g jelas",0
TOLONG BANTUAN OBROLAN DAN TELEPON FAST RESPON..DITELPON SUSAH DAN OBROLAN TIDAK RESPON..INI BAGAIMANA PELAYANANNYA,0
Mencari Drakor Korea dan juga banyak Film lain untuk bahas Let's Go check this out,1
Ok,1
"Tolong dong kalau di tv, ratio layarnya yg full. Gaenak ini layarnya kepotong potong",0
Simunlihin,1
"setidaknya pihak developer kemudahan untuk menyediakan tampilan awal,untuk searching apakah tersedia apa yang di butuhkan, karna mendaftar perlu membayar setidaknya konsumen mengantongi kepastian dari apa yang di bayar",0
"Enek banget sm netflix sekarang, gk ky dulu. Skrg log in aja menguras emosi banget. Berkali2 di suruh coba lagi pada akhirnya harus nunggu lama untuk coba log in lg. Padahal gk ada yg salah sm email n pass. Netflix minta pelanggan pada kabur ke applikasi lain mungkin. Udh bnyk keluhan yg sama, tapi gk ada perubahannya sama sekali",0
Perfect apk,1
Saya isi yg 65 kenapa gabisa di TV. Karna gabisa saya lagi 120 tpi tetap gabisa gimna sih kok gini,0
"Nyesel banget berlangganan rupanya fast and furious gada di netflix, demi apapun gua nyesel karena ga tau 😭",0
"udah langganan masa ga bisa tonton di laptop hp si bisa tapi gw maunya di laptop, padahal udah langganan 1 bulan gimana si, lebih mudah langganan disney dari pada netflix 👎👎",0
"ga bisa daftarnya ""maf coba lagi, coba nantii lagi""",0
Kok ngga bisa dibuka ya klo dar HP aneh ya... Muncul pun tapi mesti salah2 terus pinnya... Apakah perbaikan?,0
uang saya tiba tiba di ambil tanpa saya setujui saya mau uang saya kembali,0
Ok,1
Lumayan,1
Y seru,1
Bintang 5,1
Mantab,1
Whyyy acara tv yg gw tonton yg harusnya seasonnya lengkap Ampe 3 ilang sedang kan dichenel luar ada yg cuma season 3 doank dan ituhh jadi ngegantung,0
Aplikasi tdk dpt di hapus,0
"Oii Netflix The Loud House Season 2-9 Mana, saya berlangganan demi ituu🙂🙂",0
"Cara bayarmu ketika sudah telat membayar ribet, menyusahkan padahal aplikasimu bagus",0
"Ini kenapa ya cuma muter"" gak bisa di stel. Di tv juga sama.tolong di perbaiki lagi ya udah langganan dari lama jangan mengecewakan",1
Aplikasi pelit harus bayarr,0
Bagus apalagi kalau banyak yg update,1
enaknya sih kalau gratis,1
Kenapa pas Mau masuk Gmail bermasalah tolong perbarui,0
Bagussss Banget,1
Harusnya ada fitur kek apk sebelah bisa digunakan sebelum berlangganan. Kalo sudah terlanjur berlangganan tapi ternyata film yang kita cari tidak ada jadinya kan percuma,0
Banyak film dan drama terbaru.wlpn g smua drama yg lg ngtrend ada d netflix.ttp suka sma netflix,1
Sangat bagus filmnya dan lengkap juga,1
Berbayar,0
Sangat puas,1
G bisa masuk😭,0
The best Netflix,1
minimal kalau buat apk di buat login yg responsif ngapa lama kali segala banyak kali gagal login,0
"Cukup bagus, cuma sayang ada beberapa film, film seri yang tidak ada subtitle indonesia. Contohnya la reina del sur season 2 ada sub indonesia, sedangkan season 1 dan 3 tidak ada sub indonesia.",1
kok pas buka di tv gak bisa yaa? gangguan terus,1
"gak bisa masuk sama sekali, eror terus",0
"hp ram 12 bisa ngelag cuma gara2 nonton film disini gaje banget dah🗿, mana filmnya dikit, mahal, sub gajelas.",0
"Kenapa sekelas Netflix perusahan besar akun/email aku bisa ke hack sama orang 😭😭😭 tolong kolom ubah email di hapus aja , bahaya banget soalnya",0
Bagus,1
Susah di daftar rin nya,0
Semenjak update udh ga bisa di tonton lagi semuanya loading mulu padahal jaringan semua bagus dan yg di download pun juga sekarang ga bisa di tonton loading mulu ga mau keputer jadi rugi berlangganan sekarang netflix makin hancur semakin update semakin rusak,0
Bisa nonton sepuasnya asalkan punya akun netflix,1
gak seru banget maaf bagi saya,0
gbs buat login ulang ke 2kalinya filmnya -,0
Maaf saya kasi bintang 1 karena aplikasi berbayar terus nonton juga pake Kuota,0
Penipuan berbasis aplikasi sih ini... Aku udah udah bayar tapi tetep gak bisa masuk 😭😭😭,0
Parah masa cuman bisa nonton thriller doang padahal dah langganan lama tolong dong di perbaiki,0
Baik bagus mantap sesuai cocok,1
"kacau, load terus hampir seminggu mending berlangganan Vidio/Viu",0
tambahkan 2x speed untuk pemutaran video,1
"Byk film lama , nyesal beli ny",0
Aplikasi keren untuk menonton film harga berlangganan juga murah dan bisa pilih sesuai kebutuhan.,1
KENAPA TIDAK BISA DIAKSES DI TAB ... NETFLIX RUSAK KAH ? TOLONG DI PERBAIKI,0
"Kenapa ni eror"" terus padahal jaringan wifi kencang , aduuh bug aplikasi terus terus tolong perbaiki bug nya , kami berlangganan jgn dibikin mengecewakan lah",0
"uang nya mah tidak seberapa,tapi kecawanya itu yg luar biasa",0
oke good,1
"tolong dong, ini kenapa punya ku enggak bisa dibuka.",0
Jelek sekali bintang 1,0
Gak semangat dibuang aja,1
"Tombol cepat dan lambatnya ga enak, sulit di klik Tolong diubah seperti dulu lagi",1
Susah masuk,0
kenapa season terbaru one piece belum keluar juga sudah berapa bulan 😡 mana lg seru serunya nonton ace meninggoi malah gk ada kelanjutan nya 😭,1
"Film jepang nya gak Ada subtitle indonesianya,tolong di tambahkan",1
"Asli bikin emosi padahal cape cape langganan premium, TAPI GAK BISA UBAH RESOLUSI SAAT STREAMING????? SAMA AJA NONTON DI KUALITAS RENDAH INI MAH. KALAU MAU BUAT APLIKASI TUH YANG BAGUS PERCUMA DONG LANGGANAN PREMIUM TAPI RESOLUSI GAK BISA DI UBAH....!!!!!! HADEH MOHON DITINGKATKAN LAGI APLIKASI NYA!!!!!!!!!!!!!!!!",0
Mantap,1
"Gak jelas sandi kog salah terus, mintakode pun ngk bisa masuk slaah aja terus, untung aja blm langganan",0
"Film baru ditonton tiba-tiba hilang,masalah begini berulang terus.tolong diperbaiki",0
"percuma bayar mahal2 filmnya itu2 aja yg luar gada masuk server indo, mana update film, anime, kartun lama bisa telat 1/2 hari",0
Ok,1
Aq udh langganan netflix dr tahun lalu sllu lncar tpi pas tahun ini mulai deh a udh bayar untk bulan ini tpi proses pmbyaranx blm trproses pdhl udh trbayar dr dana tpi tetp ngak bs nonton sm download ofline,1
sangat memuaskan,1
Aplikasi buruk gak patut di downlod cara daftar nya juga ribet,0
mantap,1
Mohon judul film nya banyak yg dobel.. Jadi kelihatan bnyak film nya ..padahal cuman itu yg d ganti2.. Film nya kurang lengkap.. Sumpah parah.. Sdah berbayar lagi,0
Filmnya kureng bgt dahh,0
Aplikasi bagus tidak ada masalah dan filmnya selalu update.,1
gabisa login kocak aplikasi gajelas,0
Banyak film yang tidak sempat ditonton bisa dinikmati di aplikasi ini,1
Sangat cocok untuk yang suka nonton film favorit,1
"Mantaabb, kapan season demon slayer di tambah min?? lagi seru seru nya",1
Aplikasi paling ribet,0
Sangat tidak bagus saya ingin masuk berkali kali tapi tidak bisa,0
"jelek rata"" epsd film nya ga full sampe tamat",0
yolooooooooo!,1
eror Mulu,1
"kagak ada peringatan, tiba² uang ludes aja di dana kesedot sendiri kek apasiiii",0
mantap kali ini apk,1
mahal doang film dikit nyesel beli,0
"Saya tidak menggunakan asli aplikasi ini, karena saya menggunakan aplikasi Netflix premium. Karena saya mendownloadnya dengan mod apk di google chrome. Pintar kan aku, jadi nonton gak pake bayar, karena menggunakan mod. 😁😁😁😁",1
makasih 😁,1
Aplikasi ga jelas,0
"bagus, tp ak pengen aja ngasi bintang 1",0
Itu sinyal lu yang gak ada coy tapi seru ko di hp gua ga ada bug bug nya tuh padahal hp gua hp kentang loh beneran,1
Lumayan bagus sih..,1
Mantap,1
untuk sekelas Netflix aplikasi masih banyak kurangnya contohnya gabisa atur resolusi,1
OPTIMAL SUKA,1
"gak bisa log-in tiap log-in pasti bilangnya sandi salah , tolong ya Netflix perbaiki",0
👎,0
Error melulu engk 😤😤😤🤬🤬,0
Black screen bangke,0
"Esmosi jiwa udh berlangganan tp ngga bisa masuk ke aplikasinya di minta untuk update terus Mana Kontak customers service jga ga jelas Di suruh salin link ke browser, udh di salin tetep minta pembaruan njiirr",0
lumayan lah,1
Baru mencoba semoga lebih baik dari aplikasi lain nya,1
Mantap Bagus,1
Susah masuknya. Bayar aja susah,0
Pas di daftar GK bisa du ulanɠ lagi tetap tidak bisa mau nya gi mana sih,0
bagus,1
"Tolong, jangan lama² update episode film nya... Ini udah siang... Jangan sampe sore baru di update... Itu namanya bukan lagi menunggu.. Tapi kelewatan menunggu",0
Good,1
Tidak bisa mengakses akun,0
"Tolonglahh kan saya udah ga pake Netflix,tapi kok uang yang ada di dana saya tiba tiba bayar ke Netflix sii",0
Bagus,1
Ok,1
Ko saya udah beli yang 54.000 ko gak bisa nonton di hp tolong dong uang saya ituhhh,0
Mantap,1
"knp ya saya padahal uda gak premium, tapi pas saya udah gak premium malah keambil uang di dana "" otomatis "" pengen ngomong kasar bgt ini samaa aplikasi Netflix knp bisa bisa nya ngambil otomotis kaya gitu mana lumayan kecewa banget, buat kalian hati hati jangan pernah mau bayar lagi🙏",0
lumayan,1
"Gajelas,tbtb aplikasi nya gada.pdhl baru perpanjang 3hari!",0
ini Netflix gmna si? udah berhenti berlangganan tapi tetep nyerott saldo gmn????????? ga ikhlas guee balikinnn gaa,0
"Banyak anime yang season nya hilang seperti overlord, the daily life of the immortal king, dan sebagainya tolong untuk menambah kannya yang hilang Season yang hilang Overlord: season 1, season 2, season 3 The daily life of the immortal king: season 1 Sudah itu saja yang gw protes",0
Bagus bagus drama dan film nya,1
"Buat masuknya susah bgt jir,,gak jelas .",0
good,1
Ni bukan apk yg bener ini palsu ya... Rugi anjir balikin duit gua quota gua...,0
"Ini kenapa jelek betul,masuk minta langganan,sudah bayar langganan eh gk bisa buat nonton huuft",0
Terbaik since 2021,1
Bagus,1
Gimana sih aku sudah download tapi kok gabisa masuk ke aplikasi nya. Tolong diperbaiki soalnya mau lihat squid game season 2...,0
uang saya tersedot 200 ribu tapi bahkan saya belum menonton atau masuk ke akun,0
aplikasi nya ngga enk mau daftar ribet bangget,0
Baru di update tidak bisa dibuka,0
Loginya error,1
Senang,1
"Baru download, semoga lancar",1
Bagusss👍👍,1
Eror susah login,1
Apk setelah di download tiba tiba hilang di download kembali malah tidak muncul tulisan buka di cari di menu apk tidak ada padahal sudah di download,0
"Ribet banget masuknya, udah kasih kata sandi malah ga bisa",0
Kenapa Netflix nya g bisa di buka ya. Padahal sudah melakukan pembayaran,0
"Sangat disayangkan Netflix belum pernah meluncurkan sistem Uji Coba Gratis, jadinya bagi pengguna baru saat membuat akun member Netflix harus langsung beli paket. Tapi walau begitu saya lumayan suka. Film HD dengan kualitas jernih, ramah untuk segala audiens (ada kontrol kedewasaan) dan yg terpenting subtittle Bahasa Indonesia yg mendukung. Harga juga terjangkau, bisa beli paket bulanan atau langsung tahunan. Per-bulan sih sekitar Rp 50k-an. Pertahankan kualitasnya untuk saat ini👍🏻 ~Fadhlan",1
Bagus bermanfaat,1
Mantapppp,1
Ok,1
"So suck, akun terlogout dan tidak bisa login kembali sudah kedua kali",0
Nonton Netflix di infocus bioskop mini pribadi me time d kamar sambil ngopdud,1
Ternyata dibawah udah komen kalau udah bayar 54ribu untuk ke anggotaan tapi tetep gak bisa buka filmnya. Aku juga udah bayar 54ribu tapi tetep aja gak bisa buka. Mau mu apa sih Netflix? Balikin uang ku 54ribu aja lah daripada ribet. Gak cuma q aja tuh yg minta balik uangnya.😡😡😡😡,0
Ribet sekali bsg,0
Seru dan serem,1
"Good, yeah, I like watching movies",1
Bagus,1
APAAN SIH MASUK JUGA GABISA UDAH BAYAR TETEP GABISA RP.54.000 LAGI MALAH SURUH BAYAR LAGI NYEBELIN BANGET SIH TOLONG NETFLIX NYA DI PERBAIKI👍,1
Aplikasi konnnn,0
"gimana sih cara masuk nya??, susah banget",0
"Film film nya bagus Tp sayang , saya sambung kan ke TV TCL kurang bagus, ngelo Ding terus Padahal baru 2 Minggu nonton di TV Netflix Tp sudah lemot muter mulu",1
OK,1
Untung untungan gue kagak download aplikasi Netflix dari pada di suruh membayar mending nonton YouTube Napa 😒,0
Good,1
"Saya beri bintang 1 ,film nya film lama semua,gak ada yg seru,membosan kan",0
ok,1
Mantep,1
Top,1
aplikasinya sangat bagus..mantap,1
"Netflix tolong dong diperbaiki, saya gabisa nonton udah hampir 1 bulan karena filmnya load terus. tapi trailer bisa ditonton, saya udh ganti pake datsel, wifi sana sini tetep gabisa. setelah di update malah gini tolong perbaikannya",0
Apk banyak bacott,0
👍👍👍,1
aplikasi bojot,0
59k cuma buat nonton solo leveling s2,0
Gw udah bayar tapi gak bisa masuk,0
Kalo bisa semua film menjadi audio bahasa indonesia. Bari top markotop,1
Kurang update film nya kurang kumplit,0
Filmnya bagus bagus dan menghibur,1
Good apk👍🏻👍🏻👍🏻,1
"Udah 2hri ini gak bs buka Netflix,error trus",0
TERBAIK,1
Tdk bisa kugunakan sam skli,0
kurang memuaskan kan,0
bagus,1
"Continue the film FATE THE WINX SAGA because the film is really exciting, please",1
Aneh. Susah loginya sudah bayar berlangganan 187rb malah susah masuk. Kocak !!!!,0
tolong add sonic the hedgehog 2,1
Great,1
Baik,1
Ga jelas. Langsung suruh bayar. Mending ke bioskop lah,0
"Caranya login akun baru gmn sih, bingung bngttt",0
Apk gj,0
Ini gimana ya udah langganan pas mau di buka di tv password dibilang salah mulu,0
Ok,1
Knpa sih harus berbayar,0
Ini aneh banget sih aku udah masukin akun tapi gak bisa itu harus di coba ulang dan tetep gak bisa padahal aku pengen banget nonton squid game,0
The best,1
"Jelekkkkk bgttt netflix Skrang!!, mau nonton aja harus bayar kecuali kalau film terbaru lah ya wajar kalau misal mau daftar langganan premium.",0
Good apps,1
Udh bayar mau nonton malah disuruh uodgrade,0
Mantap,1
terbaik,1
Keren keren filmnya dan banyak pilihan,1
Maaf netflik nya aku uninstal buat akun nya aja ribet banget padahal emailnya dan sandi google nya udah benar tp salah terus. Aku kasih bintang 1,0
Mantab,1
Good,1
"Tidak bisa login, cacat aplikasi",0
Apk gak jelas akun udah di loginin bukan nya masuk malah eror,0
Sangat baik,1
Oke bgt,1
Wah filmnya bagus-bagus Ada juga anime tapi lengkap 🙃🙃🙂,1
Buruk banget akun email saya katanya salah padahal udah bener dan kata sandi hy juga apk buruk dan tidak berguna🤬🤬🤬🤬😭😭😭😭😭😭😭,0
kenapa Emali nya susah😧 reting 1,0
sudah banget sekarang loginnya udah pindah-pindah hp bolak balik web juga ngga bisa tulisannya pasti password anda salah padahal udah bener tolong dong jangan pilih-pilih device biar ngga ribet😭😔😔,0
Udah bayar malah gabisa kebukak ruwet mengecewakan asli,0
Jelek bnget!! Semisalkan bulanannya habis bukan berarti memotong saldo sesuka hati!! Sya udah gak pake aplikasi nya dan bulanannya juga idah habis masa ia hrus di potong langsung dri saldo ku!!,0
Gak bisa download,1
Sumpah deh nyebelin bgt!! Udah kdung download trs mau login aja susahnya setengah matiii aplikasi ga guna plis deh diblacklist ajaaa 😩😣😭,0
Susah daftar,1
"kenapa tiba"" netflix terbayar otomatis, uang saya di dana 65 rb otomatis terisi ke netflix",0
Ok,1
Sudah cukup bagus tapi tolong perbanyak drama dari daratan China bukan Taiwan yah karena banyak yang bagus juga dan bisa disandingkan dengan Jepang dan Korea,1
boycottttt,0
Gta reallistic Gta sa,1
padahal udah ngikutin semua tata cara masuknya tpi ttep aja gabisa msuk yang muncul mlah notif suruh di cek trus,0
❤️❤️❤️,1
Aplikasi ribet,0
sangat jelek sekarang dah ga ada film interaktif ini aplikasi saya yang paling jelek di antara semuanya 👎🏻👎🏻👎🏻,0
BAGUS² FILEM NYA,1
sangat bagus dwag,1
apk ga jelas mau masuk ke apk malah ga bisa bisa parah,0
Mantappp,1
Sudah bayar tapi tidak bisa nonto masih disuruh bayar lagi,0
"Semakin parah masak tiap mau nonton harus verivikasi.jelas"" ini akun sya dan tv sya.",0
Bagus lancar nonton film nya. Cuman kurang lengkap aja dramanya.,1
Akun tertaut cuma satu tapi kena screen limit kocak,0
Nyesel bgt langganan di sini njir,0
bagusss sihhh,1
aplikasi pekok,0
Aplikasi ga guna login aja ribet amat,0
"RIBET MASUKNYA, SUSAH BINGUNGI BIKIN STRESS, BUANG BUANG KAUTO, GWA KASIH BINTANG 1, KARENA RIBET, BUANG BUANG KOUTA",0
"Mahal doang, tapi ga punya mode casting di applikasi nya..",0
Aplikasi tolol,0
"udah bayar tapi GK bisa nonton perkara pembayaran terakhir belum selesai ,tapi uang nya sudah keluar gimn tuh minn?",1
Ini anime knapa judulnya nggk bahasa jepang aja kenapa bahasa inggris smua rata²,0
Bagus banget sekeluarga nonton Netflix,1
Susah login kenapa ya? Tolong bantuannya dong,1
browser login errorrrr mohon perbaiki browser login uc browser,1
"Udah bagus ini, tapi tambahin dong film koleksi jurrasic park sama jurrasic world, tambahin film film itu aja sih.",1
Susah zaman penjajah nonton aja bayar,0
"Percuma downlod, gk bisa digunakan haeus daftar dan bayar dulu, nyesel banget gw donlot aplikasi netflik",0
"kenapa ya ketika saya ingin login masuk tidak bisa terdaftar kesalahan email lah, alamat email tidak terdaftar lah, sama ketika saya menggunakan nomor telepon, nomor tidak terdaftar😾",0
"Di Korea aplikasi ini sangat mengecewakan, banyak anime yg tidak ada, dan kalaupun ada banyak yang episodenya sedikit dan subtitle-nya hanya bahasa Korea, bahasa Inggris-pun tidak tersedia.",0
Sat saldo gua keambil padahal dah ga berlangganan,0
"App nya bagi saya sudah bagus, tapi banyak filem yang belum lengkap/seperti filem Holywood cuman beberapa filem saja jadi ngebosenin, saran saya ya tolong lengkapin lagi filem nya....",1
"Videonya ngadet2 sinyal juga g jelek2 bgt, tolong diperbaiki, ganggu saat menonton!!!!",0
Masuk nya terlalu susah pake acara daftar daftar dlu,0
Saya kasih bintang satu karena gk ada kartun we bear bears itu kartun kesukaan saya,0
"Buruk banget sih fairly oddparents season 1 sampai 10nya aja ga ada malah ada season 7 tambahan ada katanya ""akan segera pergi"" aduh jelek banget aplikasi ini",0
Ok,1
Min gua ga bisa daftar msuk,0
Knp semuanya harus berbayar juga login nya susah harus berbayar juga mahal banget,0
Gj bet susah bener masuknya padahal email udah bener sandi udah bener tapi masih aja di salahin gj emang,0
Ga ok,0
tidak bisa daftar email pdhl uda bener,0
Sayangnya gw tidak bisa login,1
kenapa si setiap login sandi salah terus padahal udah bener tapi salah aj trus,0
Trimakasih atas partisipasi nya,1
Gak bisa di pakai kalo gak bayar,0
ribet login nya,0
"Pdhludh d uninstal, tp tetep aja saldo terambil sendiri oleh apk T 41 inii !!!!!¡¡¡!!!!!",0
Mantap,1
Mantap,1
Mantab,1
Harus langganan dulu baru bisa,0
Tidak dikasih percobaan buat yang baru ingin mencoba netflix. Tolong dong dikasih percobaan dlu buat orang yang baru pertama kali nonton netflix,0
Filem nya jangan yg lama lah bos. Biar asik,1
"Kenapa one piece gak lengkap ,segera lengkapi arc Wano",1
Keren,1
Okk,1
Please donna! Season 2 please🙏😭😭😭,1
"Parah langsung ke potong, padahal saya mau bayar pake dana eh malah motong spaylater",0
"Saya awalnya senang dengan Netflix, karena sebelumnya dapat promo, dan pada saat itu saya melakukan transaksi melalui Shopee Pay, tetapi setelah itu saya putuskan untuk berhenti berlangganan, dan per tanggal 9 Januari 2025 terdeteksi usaha untuk login ke akun saya yang berniat memotong saldo shoppe pay saya walaupun saya sudah berhenti berlangganan untungnya saldo saya tidak pernah di isi, dan hari ini saya langsung hapus akun dan hapus keanggotaan saya. Sangat-sangat menakutkan dan merugikan!",0
Film di netflix skrng byk yg g bgs cerita nya,0
"/30 Januari 2025 Tampilan judul/thrillee di TV sekarang sudah berubah. Thriller yang tampil di layar terlalu besar hampir penuh selayar TV sehingga agak sulit untuk melihat judul-judul film lainnya. Sangat tidak nyaman dilihat. Masih bagus tampilan sebelumnya, semua judul lebih enak dilihat",1
Jelek lemot,0
"Knapa netflix saya ga bisa dipake,ket banyak prangkat pake,padahal cuma 1 perangkat y pake 😡😡",0
"sebagai pelanggan, saya ingin menyampaikan saran agar kalian menyediakan paket berlangganan bulanan khusus untuk satu pengguna dengan harga yang lebih terjangkau. Saya yakin opsi ini akan sangat diminati dan membantu mengurangi penggunaan akun ilegal",1
Autodebet Pembayaran Berhasil tapi Notifikasi Pembayaran gagal dan Saldo Terpotong. Aplikasi tanpa Pengaduan.,0
Plis Netflix nanti 2026 gratis 1 bulan plis😭😭😭,1
Aplikasinya sangat bagus,1
Masuk aja susah,0
Sangat bagus,1
Ini seru,1
"Mantap,,bisa nonton squid dame 😁",1
ngk bisa login,0
"Bikin gratis dong min , jdi klo ada film² yang udh lama tayang gratisin aja Nah film² yang baru aja bayar",0
Ini aplikasi kenapa harus bayar semua,0
Setelah update film yg sudah di download gk bisa play. Padalah sengaja download langsung 1 season biar bisa di play kapan aja,0
Gmn si ni apk cari laen muncul nya laen dah mahal,0
"gw ga bisa login sama sekali, gw udah pakai email gw sendiri, pw nya udah bener tapi di salahin mulu. muak banget nyoba berkali-kali tapi tetap ga bisa, di kata gw kaga tau email sama pw gw apa? udah di masukin yang bener malah di salahin terus, ampe gw bikin email baru berkali-kali tetap aja ga bisa. mau apasih Netflix",0
Bagus bgt buat nonton film,1
Suck,0
Gajelas masa habis bayar ga bisa login,0
Tolong dibantu saya mau melakukan refund/pengembalian uang saya mohon maaf atas ketidak salah dan mau pun sengaja 🙏,0
"Aplikasi nyaa baguss bgttt. Terkadang ada bug nya dikit sih,tapi saya puas dengan aplikasi nyaa",1
"Bagus, cuma pas dikit nnton suruh coba lagi. Ada apa ya..??? Tolong penjelasan nya.. Saya sudah bayar, langganan",1
Kalao gak bisa di buka terpaksa saya hapus....!!!!!,0
"Tampilannya buat di TV berubah jadi jelek, jadi males langganan lagi",0
wah bagus banget filmy,1
Keren,1
cara mendaftar sangat rumit,0
"Ga jelas, gabisa login via website!!!",0
"kena house hold terus, gimana cara ngatasinnya?",0
netflix tidak bisa melakukan reffund bagaimana bisa netflix berlangganan langsung menyedot saldo yang ad di dompet digital seharusnya tidak seperti ini tolong dijelaskan knp kya gini,0
"Aku langganan yg tiap bulan 65rb,, bulan berikutnya tanpa ada konfirmasi apapun langsung kepotong yg 180rb",0
"Hello, can you give an assistance here? A few days ago, there's notification while i watch Netflix and it says somethibg about ransomware, and suddenly most of my watching list dissapear and i cant search it. Its kinda annoy me, because most of my fav show saved in my list. Any solution about this problem? Thank you",1
"Tolong dong gimana caranya hapus metode bayar e-wallet gopay? Disaat mau bayar pake gopay gak bisa? Jika akun sebelumnya terhapus tapi masih tersambung dengan metode bayar e-wallet di gopay, seharusnya di hapus juga metode bayar e-wallet nya. Kalo ginikan repot e-wallet nya masih tersambung dengan akun Netflix sebelumnya, pas mau langganan lagi jadi tidak bisa. Tolong lah gimana caranya hapus metode bayar e-wallet di Netflix.",0
"Kaga bisa masuk, baru juga di download, selesai daftar.",0
"bagus, bisa menonton film apa aja",1
"padahal saya sudah berbayar tadi pagi,lantas mengapa tidak bisa di pakai? riwayat transaksi udah berhasil bahkan udah kepotong saldo saya juga. Mohon di perbaiki dong,makin sini makin jelek",0
👍👍👍,1
Sulit untuk daftar,0
bagus,1
"Udah download tapi lama banget, katanya ada link yang mau di kirim ke email, tapi tidak masuk",1
"Netflix skrang kocak herus di update terus Google play nya biar resolusi tetap full hd capek mau nonton full hd aja harus seperti itu terus, update Google play, trus restart hp uninstal aplikasi download lagi, baru bisa jadi L1 ribett",0
"mau login aja di persusah ni aplikasi padahal tinggal klik email masukan kata sandi udah jadi inimah gw bulak balik gak bisa bisa,aneh",0
Jelek banget jelek aplikasinya nggak bisa dipakai,0
Netflik sangat seru untuk di tonton,1
Gk seru ah berbayar masuk jga harus berbayar,0
ga sesuai ekspetasi,0
ok,1
ada squid game 2 gk??,1
subuh subuh kadang app nya gabisa dibuka,0
"Apalah dikit dikit berbayar, mau daftar aja mesti bayar",0
"Netflix mengecewakan! Sudah 2 kali. Film di download, giliran mau ditonton nggak bisa. Harus hapus dan download lagi. Ribet banget.",0
Mohon maaf Netflix tolong kembalikan saldo dana saya yang di potong tiba tiba saya tidak pernah melakukan langganan Netflix tolong kembalikan hp saya sedang di gunakan oleh adek saudara saya dan melakukan pembelian Netflix tolong kembalikan saldo saya,0
saya suka untuk menonton drama china,1
"Udah premium tapi gak bisa download, gak berjalan downloadnya padahal wifi lancar jaya",0
Nice,1
"perhari ini Netflix cuman stuck di ""memuat"" sama sekali gak bisa diputar filmnya, rugi aja langganan",0
Ini sangat bagus bisa sampai banyak video terbanyak,1
"kenapa tidak bisa terhubung di tv , padahal koneksi internet stabil dan lancar",0
Good,1
💩,0
Nonton Squid Game,1
Judwaaa,1
"Uda seminggu lebih Netflix'nya gak bisa di putar, muter² loading terus padahal paket internet aman.. kesel ih padahal kan berbayar, Uda di otak Atik ikutin tutor di YouTube, Uda komplen ttp aja gak bisa 🙈",0
aplikasi sampah,0
Bagus,1
"ini Netflix knp ya? belakangan ini suka error, mau play malah dibilang pake proxy atau vpn, pdhl ga pake itu..",1
Bagus dan byk film2nya... keren...,1
👍,1
"Mohon supaya aplikasi ini di hapus kan permanen dari dunia, gak bermanfaat sama sekali",0
"Koneksi internet udah bagus , buka YouTube juga lancar lancar aja ngga ada kendala giliran buka Netflix ngga bisa buka video muter² trus",0
"Pengen kasih bintang 5.. Dari segi aplikasi Netflix msh jauh lebih unggul mnrt sya di banding aplikasi pesaing / sejenisnya... Tapi sebagai pelanggan lama sejak upgrade terbaru ini sering sekali terjadi gagal putar, pdhal sinyal bagus dan kuota bnyak... Mohon di benahi biar nonton nya lancar kembali...",1
q kira g bayar dulu ternyata harus beli dlu baru bisa nntonx 😔😔😔,0
"Pas bikin akun dikasi link, pas dibuka minta pembaruan, sudah diperbarui kok masih muncul lagii minta diperbaruii gimama maksudnyaaa wooii",0
Aku mau coba dulu,1
The best,1
"Menjengkelkan, kebanyakan flim Indonesia dan itu sangat membosan, ada baiknya kategori asia di pisahkan. Kategori asia atau negara Indonesia dan negera asia lainnya tapi jika lebih bagus hilangkan saja flim Indonsia.",0
Kenapa aplikasi netflix setiap bioasko yang baru keluar tidak tayang diaplikasi netflixnya secara cepat tolong dong film bioskop yang baru rilis tayangkan dinetflix secepatnya terimakasih.,0
Kenapa netflix saya ga bsa kebuka ya?,1
"Gagal mulu di tv padahal apk lain bisa, keanggotaan telat bayar eh setelah mau bayar dibekukan. Duh kok ribet amat ya org mau bayar",0
saran filem baru baru di updet kita kan bayar . giliran filem udh lama baru muncul hadeh,1
"daftar nya susah bgt knpa dah, manaa pas mau slesai wakut anda hbis. truss mau secepat apo gw daftarnyaa ditambah saat nonton filmnya ngelagg polll samaa nge bugg jugaa padahal sinyal mah lancr jayaa, nunggu nyaa ampe ketiduran.",0
wow bagus⭐⭐⭐⭐⭐⭐⭐⭐⭐⭐⭐🤩,1
Cuma mau nonton squid game 2🗿👍,1
"elek koyo telek , mosok ra iso login padahal sandi ne wes pener",0
Apa apaan Netflix padahal udh gw hapus Netflix nya TPI masih aja saldo gw di ambil 54000 buat bayar bulanan tolong supaya bisa di perbaiki lagi soalnya itu duitnya buat makan lho gimana sih aneh,0
best,1
"Jelek, Karna suruh daftar dan itu mehong",1
ribet masuk,0
cuma bbrp yg ada subtitle Indonesia,0
Perfect,1
Oke bnget,1
Please balikin blues clues lagi donk di netfilx.. anak aq suka banget nontonnya,1
Ribet mau masuk aja susah sekali,0
"Saya sudah daftar, bayar sampe 2x 65.000 tpi selalu ada perintah menyelesaikan pendaftaran gak tau lagi deh masalahnya dimana. Soalnya pas lanjutkan pendaftaran malah ngulang dri awal, bayar lagi bayar lagi saya sudah kena 130.000 tpi sampai saat ini belum bisa di pakai netflixnya. Telpon layanan bantuannya tpi harus pake bahasa Inggris, yang ngelayanin juga sistem bukan call center, dah lah capek aing",0
"upgrade yg bgus dong aplikasinya ,mau bayar ajah susah pdhl uang sdh lebih lwt ovo g bs",1
Biaya langganan sangat mahal,0
sering eror payah,0
"Saya dowload di tv android sudah berlanganan film nya seru -seru ,tpi saya kecewa tiba tiba ngak bias di buka ada amasalah kode 15:25 apa gimana lihat solusi di you tube ngak ketemu keacewa aja bayar sudah mahal 187.000 di tambah kouta orbit wifi tapi aplikasi di TV andoroid polytron nya erorrrrrrr",1
Jelek,0
Bagus dan cocok untuk ditonton saat lagi galau,1
Bagus bgt,1
saya tidak mengecewakan aplikasi netflix bisa nonton tv...terima kasih Netflix,1
Filmnya Kurang Lengkap Banyak yang gak ada,1
"masuknya ribet udah 2 hari saya coba gk mau mulu,ini apk kek taik ribet banget,mana masuknya berbayar 🤮🤮🤮",0
Semoga menjadi aplikasi yang selalu bisa di andalkan ketika mau nonton film,1
Suka sekali dengan film-film yg di tayangkan..kualitas bagus dan sesuai semua,1
Jelek gak bisa bayar pakai pulsa,0
Bagus,1
"Untuk sekarang cukup puas menonton di Netflix, namun ada bug yang cukup membuat kesal, yaitu Resolusi Video yang diputar malah drop 480p, padahal berlangganan perbulan itu 720p! Dan juga untuk login sekarang masih aja ada kendala, malah lebih baik aplikasi streaming sebelah tanpa ada bug apapun! Tolonglah Netflix, berlangganan cukup mahal, masih aja ada Bug yang merugikan pengguna!",1
"Sudah perpanjang sudah bayar ,kenapa film ga bisa di putar",0
"I'VE PLAYED THESE GAMES, BEFORE",1
Seru banget bisa nonton the doll 3 pokoknya seru banget,1
"Apk buruk,kadang jadi kadang tidak",0
"Terjemahannya perbaiki dengan bhs sekarang jgn pake bhs baku jdi gk kereen nntonya , apalagi di ambil dri bhs suku ,",1
Biaya mahal tpi banyak bug 🤣🤣,0
Good,1
tiba tiba ada pembayaran berlangganan tanpa ada pemberitahuan,0
"Banyak serial & film bagus dan layak ditonton di sini, banyak metode langganan yang mudah seperti kredit maupun debit maupun dompet digital seperti Gopay.",1
Gajelas bgt masa katasandi udah bener gabisa masuk,0
Pokoke top,1
Makin sini makin tolol ni Netflix,0
loading mulu,0
Menyesal mendonlod harus berbayar tol,0
Aplikasi ini bagus & bermanfaat.,1
"Aplikasi yang bagus untuk menonton film secara legal , saran dari gw kalo bisa tambahin kayak badge gitu jadinya semisal kita udah langganan Netflix selama 4 bulan atau berapa gitu dapat lencana jadinya para penggemar lebih suka menggunakan aplikasi. dan satu lagi tambahin kayak action figure dari Netflix sendiri kayak bisa beli baju, mainan dari tokoh Netflix kayak marchedes lah . Ok sekian 😁",1
Udh masuk sandi nya selalu salah,0
"KENAPA AKHIR2 INI TIDAK BISA MEMUTAR NETFLIX DI PONSEL! JADI TIDAK BISA MENONTON SERIAL YANG SAYA SUKA, DIMANA SAJA!",0
Baguss bangettttt,1
"Udah 2 hari gabisa buka film yang ada di list,padahal paket kuota baru isi dan langganan netflix masih nyisa 1mingguan lagi,mohon pihak netflix benahi ya segera!",0
Bagus,1
Mau masuk susah byar pke debit BCA di bilang gk terdaftar di negari ini di Indonesia bca kartu sejuta umat.,0
Gak jelas Daftar aja susah Ngeselin banget👎👎👎👎👎👎👎👎👎,0
"Kecewa saya, Ini aplikasi gimana si, aplikasi prabayar atau perampok sih, padahal gak berlangganan lagi tapi kok dana saya ketransfer sendiri secara otomatis ke netflix buat berlangganan lagi, seperti sudah di setting, betul² aplikasi yang merugikan.",0
"Ini gmna ya ko tiba² saldo kesedot ke akun netflix, padahal ubah metode pembayaran. Mau berhenti langganan ! Cara balikin saldo nya gimana ini?!",0
Netflix 4/5,1
Nice tq,1
"Aplikasi gaje mnta ksi masuk email dan sandi tapi selalu di tolak padahal sandi sudah benar, pas coba pilihan ganti sandi, muncul tulisan akun email tidak terdaftar gaje banget padahl akun email saya sudah saya gunakan bertahun"" gaje banget sumpah",0
"Kalau bisa, bayar nontonnya tambahkan metode pembayaran kartu debit dan QRIS.",0
aku pengen netflix gratis tanpa berbayar,1
Tolong di perbaiki lagi. Film yang udah gwe download ada yng gak bisa di putar...ayolah jangan bikin rugy berlangganan,0
Cuma nonton vidio harus bayar mahal gak work it untuk di instal yaa gw saranin dari pada rugi,0
Susah daftar nya ribet lagi Daftar nya,0
gagak bisa masuk ke aplikasinya suda masuk email dan sandi Masi gak bisa masuk,0
Terbaik 🔥,1
pelit,0
Masa harus masuk pake email gw anak kecil mana bisa,0
Belum tanggal tagihan udah gak bisa nonton. Aneh,0
"Woi kembalikan uang saya, sudah tidak menjadi anggota kenapa masi auto paymnet",0
👍🏻,0
"TOLONG ADAIN FITUR ""SPEED"" KALO PAS NONTON DI TV. BIAR GA BOSEN TERLALU SLOWMO",0
"Filmnya tolong jangan film lama terus, ganti film baru dong",1
"nii ntah akun netflix ku doang apa gmn , ko semua yg aku search pada ga ada semuaa yaa , kemana cobaa itu filmnya apa akunku doang apa gmn , dikit bgt njir filmnyaa , apa yg aku search pasti ga ada semuaa , KEMANA FILMNYA , PADAHAL BAGUSS ITUU",0
"Buruk,,,,,,. Berbayar aich,,, males lah",0
Apk gajelas suka akun nggak bisa dibuka pdhl sudah bayar,0
"Filemnya kurang banyak, dan ga lengkap",0
mau login susah banget,0
"Entah karena gue yang kagak ngerti sistem aplikasi ini apa gimana, tapi gue sangat kecewa berat film yang gue cari gak ada rela bayar loh tapi dahlah. Rugi banget bayar mahal kagak bisa nonton, tolong perbaiki ya banyak yang kecewa loh jangan sampe lu gulung tikar!",0
"Gagal masuk Netflix, kata sandi salah, sudah diganti dengan yg baru tetap saja salah, padahal awal masuk bisa sampai selesai bayar berlangganan, tapi tidak bisa masuk, tolong di perhatikan dan diperbaiki LG, terimakasih",1
Ribet bgt loginnya kont,0
Subtitle busuk,0
"Kesel banget ngisi saldo langsung kesedot otomatis,minimal ada persetujuan dulu gak langsung main sedot aja,udah mahal film juga ga lengkap,mending aplikasi sebelah",0
Susah loginnya Kon**,0
Enggak bagus,0
Neflix kaga jelas,0
tolol,0
mantap,1
"Tolong dong dana saya kepotong sebesar 186.000 dari dana,padahal saya tidak mau berlangganan",0
"Kenapa ada penarikan saldo di tanggal 22 januari sebesar 120.000, padahal seharusnya penarikan saldo biasanya ditanggal 1 dan pembayaran hanya 65.000, kenapa jd 120.000?",0
Tolong di perbaiki. Sudah hari ke 2 ini tapi aplikasi Netflix masih belum bisa di gunakan karna error. Dengan code 500.-117,0
Ada film yg gk ada saya sudah nonton loud house tapi cuma season 1 ada 26 episode tapi season 2 nya gk ada,1
"Netflix taiii,tiba""aja terhubung ke akun dana gw kesedot 250 tolong kebalikan uang saya",0
Tidak bisa login dan bahasa Arab semua,0
Udah gak mau berlangganan lagi tetiba saldo ke potong 120rb...payah bener,0
Good,1
Keren,1
Menyenangkan,1
"Filmnya banyak, serasa ga ada habisnya ditonton. Selalu update film2 baru...",1
Karena ada wwe saya download netflix,1
Di update malah ke reset pengaturan awal akun nya. File yg di download semua ilang ga bisa di putar,0
GABISA BUAT NONTON PADAHAL UDAH MASUK DAN UDAH LOG IN!!!!!!,0
Busuk,0
Seru banget,1
Bagus,0
"netfilx anjeng gw daftar dri thn 2023 smpe skrg thn 2025 gk bisa""sllu blg sistem sibuk",0
Sip mantap,1
Film nya bagis tapi yng paling aneh loginnya selalu bermasalah,0
apk tai,0
Gak bisa dibuka padahal uda langganan,1
Tiba² tidak bisa masuk. Tertulis akun anda tidak menjafi bagian netflix. Kok bisa. Padahal waktu berlangganan masih ada.,0
Goods movie,1
Saya senang menontonny,1
Gimana ya setelah aku bayar malah ga mau kebukak... ngerasa rugi banget pdhal udh langganan lama ... ad yg bsa bantu?,1
Ternyata yang di rekomendasi kebanyakan film indonesia dan membosankan.,0
Aplikasi jelek,0
bangsaatt susah kali buat login kembali,0
Di gw ngga bisa batal ke anggotaan pler,0
"Udah Buat Akun baru atau Pakai Akun Lama Sandi Nya aku coba Gak Bisa , Gimana Sih Yang Buat Aplikasi nya , kalau Gak Ada Niat Buat Aplikasi Gak Usah Buat , Nyusahin Orang yang Mau nonton tanpa pergi ke bioskop",0
Kenapa harus premium K*NT*L,0
Bagus,1
👍🏼,1
Mungkin video ny bakalan bagus TPI plis lah di gratis in semua orang juga mau nonton loh bukan hanya orang kaya aj,1
Kenapa one piece belum update ke episode 517,0
Keren! saya pertama kali download netflix dan langganan 65 ribu tapi saya tidak tau ternyata setelah langganan habis ada pembayaran otomatis tiba-tiba dana terpotong 65 ribu dan tidak bisa di refund 🙂,1
loba mayar daftar hungkul ge mayar tai,0
"Gak BSA di buka pdhal udh berlangganan , ada suara layar hitam lama2 mati sndri . . Hadeuh",0
Ribet banget cara masuknya,0
uuuuk,1
"ribet sekali, mau mendaftar saja diharuskan bayar dulu hadeh",0
"ini gmn caranya sih kok aku udh beli netflix nya malah disuruh salin link terus ke browser, mana gada tutornya lagi di mana2",0
Memang enggak jelas,0
"Appsnya bayar, tp emang sig filmnya bagus²",0
Percuma bayar mahal gak bisa dipakai,0
bgus,1
"susah banget buat login alias gabisa login, udah berkali² coba banyak mau nya buat login, ku kira bakal gampang login ternyata nggak 👎🏻👎🏻",0
login ulang mulu gak jelas,0
"Sudah bayar, tapi tetep akun ditangguhkan dan harus tunggu 8-30 hari untuk uang itu kembalj itupun belum pasti. Tolong diperbaiki",0
"males bgt sm netflix, ribet tau ngga? uda nontoj gajadi tambah dibikin pusing juga",0
"Sudah baguh, tapi saran di kasih tanggal dan jamnya di bagian baru di tonton, biar tau kapannya orang nonton",1
Seruuu,1
aplikasi ribet,0
Film nya gk komplit .. Harus ditingkatkan lg dong biar gk bosan menonton film nya ..,1
Gk jadi dah bener,1
Tanggung jawab min tiba tiba saldo dana saya terpotong padahal ga aktif in berlangganan,0
Error terus ga bisa dibuka,0
"Dengan Netflix saya bisa menonton film Yang tidak ada di YouTube,ada tapi bukan full version",1
Banyak serial yg bagus,1
Kesini gara gara squid game 2,1
Aku suka bisa nonton,1
"seruuuhhhhh,lucuu",1
Ini gimana to udh langganan tp malah ga bs masuk pass keliru padhl udh bener... udh gitu suruh ganti pass udh diganti berhasil tetep ga bs masuk .. boleh langganan atau gaa parah,0
Bug terus beberapa hari terakhir,0
"Aplikasi buruk tidak sesuai dengan langganan film tidak upgrade ke yang baru, anime tidak update sesuai rilis terbaru, suka menagih langganan yang sudah dibatalkan dan tidak bisa refund, contact support sulit/ tidak bisa dihubungi sudah kayak penipu dan perampok saja aplikasi Netflix ini",0
Saldo dana saya selalu terpotong padahal saya gk bayar netflix,0
apk ini sangat bagus,1
Apk sampah kagak bisa masuk padahal sudah di berikan email pw yg benar tapi tetap GK bisa masuk EMG dasar apk jelek,0
Sering tidak bisa di buka aplikasi nya semenjak di update masa harus uninstall trus dwonload lagi baru bisa??,0
Liwa kejja,1
Susah banget masuk nya Masa iya hrus bayar dulu Dah lah unninstal aja ribet,0
g bs lojin,0
Tambah lagi dong film baruu,1
Gw yang nonton Squid Game disini be like🗿,1
"65ribu , nonton loading terus , udah gitu gambar ngeblur . Kacauuuuu",0
Sering crash,0
Ribet bat masukny busuk,0
gw langganan paket dasar 1bulan tapi baru berjalan 1minggu dah ditagih!!??,0
ini apk paling jelek dan paling buruk yang pernah saya download,0
Sayang filmnya kurang lengkap,1
Kenapa sering ada gangguan mlu ya?? Jadi ga kebuka2 gtu..,1
Sangat luar biasa 👍👏😆,1
"Gabisa play film, selalu terjadi masalah saat memutar video.",0
Bagus,1
baguss biaya nya juga murah😊😊👍🏻👍🏻,1
Login nya terlalu bertele- tele banyak bug buat emosi saja,0
Need scissor seven season 5,0
Langganan baru 5 hari kok nggak bisa diputar filmnya.,0
Good,1
boikotttt,0
Layar tiba-tiba hitam saat memutar film.Saya sudah ikut cara Netflix tapi masih tetap hitam.🤦🏻‍♂️,0
apk mh ckup bgus tp ps mau login gabisa :'(,0
Baguss,1
"bagus bangett, luvv luvv buat aplikasinya",0
"Saya mau masuk pakai akun google gak bisa,terjadi kesalahan erorr terus",0
coba aja Netflix gratis pasti tambah rame,1
Kenapa netflix di hp saya tidak bisa memutar filmnya?? Tlg solusinya,0
Kenapa anime overlord tidak ada subtitle indonesia?tolong ditambahkan,0
"Bisa g,dikit dikit jngn berbayar .",0
"makin kesini makin susah buat login ulang,padahal email sama sandi udah bener,hadeeeeeehhhh",0
Apk setres gak bisa di buka,0
gak lengkap,1
"Gini amat kualitas netflix ya padahal udah bulanan yg standar 720p sedangkan kualitas videonya kyk 240p jelek amat emang ngebug gini ya, sama filmnya terbatas lagi hadeh PAYAHHHHH 👎👎👎👎👎👎👎👎👎👎👎👎👎👎👎👎👎👎👎👎👎",0
"ribet banget masuknya, aku udh bayar keanggotaan nya yg 54rb, udh transaksi juga dari dana udh terverifikasi juga didananya tapi pas masuk ke apknya malah ga mau dan harus salin link dan ke browser tapi tetap ga bisa malah disuruh bayar lagi, gimana sih, daftar pun ga bisa, nomor, email, sama sandi udh benar semua, kalo bisa tolong balikin aja deh uangnya, udh ga bisa masuk rugi lagi",0
"Gak bisa masuk Netflix ,gak bisa daftar",0
Ko sekarang mau nonton di Handphone muter2 doang. Giliran trailer lancar. Ad apa dengan Netflix. Server nya GK kuat nampung?,0
Maaf min kalo bisa Netflix semua film bisa di tonton dan bisa lewat pencarian film yang kita mau bisa di tonton. Kami sebagai pengguna akan lebih senang memakai Netflix,1
ga bisa masuk ke Netflix nya,0
Login di aplikasi Netflix ini susah banget ya padahal saya sudah benar masukkin email tatap GK bisa...jadi terpaksa saya unistal kembali....tolong itu kayak mana sih..,0
YasArudin.s.766,1
"Erorr,tdk bisa dibuka",0
Xcellent,1
Saya pilih paket perbulan 65rb pembayaran melalui gopay tp blm ada sebulan br 2 minggu an dan gopay saya hbs netflix ga bs dbuka.kan udh bayar dimuka 65rb apakah tiap hr nya gopay saya disedot lagikah saya mau isi gopay jd takut kesedot netflix,1
. ..,0
"Kenapa harus berbayar sih, gratis tidak bisa ya?",0
seru film nya lengkap,1
"Pas masuk kata sandi salah terus padahal udah bener, minta ganti sandi pake link email malah ga valid terus, padahal belinya ga bajakan",0
"Hari ini Netflix tdk bsa di buka, selalu loading lama dan berakhir dengan pernyataan error, mau coba lagi. Tapi ketika di coba lagi tetap sama saja. Mohon untuk bisa segera diperbaiki",0
Bug masih ada di perangkat samsung.. terkadang tiba2 tombol play tidbisa di pencet.,0
Ribet amat daftar juga,0
"Film yg ditonton suka tiba2 ilang, pdhl sengaja berlangganan karna mau di tonton.",0
"Aplikasi ampas aowkoaj, mau masuk akun aja di persulit wkwkw",0
Aplikasi jelek,0
Tidak untuk kaum mendang mending seperti saya. Lebih prefer nonton langsung di bioskop daripada langganan aplikasi berbayar ini. Tapi untuk anda yang suka banget nonton film dan punya banyak waktu its ok.,0
"harus bayar njir gk ada yg bisa di putar, najis",0
Kek tai,0
Sebenarnya aku pengen nonton film di Netflix tapi kok berbayar? sebenarnya gw blm tau Netflix nya bagus atau ngga tapi kukasih bintang tiga dlu:),1
"Kecewa kali sama netflix saldo d potong tapi tidak bisa menonton, trus daftar lagi dengan pembayaran baru juga g bisa, aneh aplikasi ini",0
b aja,1
"Uda bayar, tapi pas login dibilang salah passwr terus uda diganti bolak balik masih aja ga dibilang salah passwrd. Login pake kode masuk muncul notif lagi perbaikan tunggu beberapa menit Dicoba terus ga bisa bisa juga",0
el pay to win,0
"Pembayarannya ribet banget , harusnya langganan itu dipermudah dong bayar pakek virtual account , gak kayak gini berbelit belit beda sama aplikasi Video yang mudah langganannya",0
Punya saya tiba-tiba gk bisa nonton film.tolong di perbaiki aplikasinya 😭,1
Ini aplikasi nonton film atau apk buat KTP,0
Ok mantap,1
Karena pakai kata sandi segala jadi gue pasang bintang 1 aplikasi nya jelekkkkkkkkk,0
Tidak berjalan dengan baik di tipe HP Xiaomi redmi note 13 pro+ 5G knp yah? Ada yg bisa bantu jawab,0
Ini sangat baguss,1
"Setelah update OS, ada bug gak bisa nonton lagi malah keluar sendiri, bohon di update",1
hati hati dengan aplikasi ini soalnya dalam 1 bulan 2 kali pemotongan saldo karna saya sudah mengalamihnya,0
Ok,1
"Aplikasi jelek skali, daftar saja repot 🤬🤬🤬",0
Kenapa netflix jadi aplikasi sistem kan ngga ngotak jir,0
mantap,1
Wkwkw kocak daftar aja susah gemana mau masuk lol,0
Mantap App netflix nonton jadi gampang,1
Apa ni bodoh betul lah,0
Daftar akun pun bayar lawak,0
Bagus sekali,1
"Knp nonton lewat HP sering error? Parah emang aplikasi nya, percuma langganan mahal2",0
Jhgbfgcgu gak ada yg mau pulang dari kantor pusat PT Bank udah ada kesingnya ya 🙂‍↕️ ya ya udah kita udah ya ya 🙂‍↕️ ada komentar or e yang ia miliki dan ini merupakan yang ia inginkan dan menghindari dan mengurangi munculnya urat urat dan ini bukan hanya sekedar ada kesingnya aja ya gan ya 🙂‍↕️ ya 🙂‍↕️ ya 🙂‍↕️ tidak ada komentar or,1
Susah mbanget mau log in,0
"bagus apk nya, film nya banyak yang seru",1
Login di browser error terus mending ganti bisa login di aplikasi,0
"sederhana saja, langganan netflix karena pengen nonton squid game, eh ternyata film-filmnya seru. temen-temen jadi ketularan langganan netflix juga🤣",1
Squid game eps nya ga smpe 9 yg laen beda beda juga,1
Bagus bgttt😭,1
"Apa tau"" Ngambil dana gopay app gj jelas app apaan",0
Ga bisa login hampir selesai,0
gabisa digunakan di handphone ya sekarang ?,0
Tempat pangicepan,1
"Kenapa nih Netflix lagi enak"" nntn taw taw kluar sendiri,error gmn sih,KLO begini trus maaf besok AQ g mo berlangganan LG,AQ apus sekalian",1
Udah di hapus apk nya masih langganan uang gw tiba tiba kepotong padahal di google udah gak langganan lagi memang apk bangst,0
Memuaskan 👍👍,1
Lebih baik apk ini baiknya tidak ada lagi udah login tidak bisa harus berbayar dan jika sudah berbayar tidak bisa juga dah lah bubar aja Lo Netflix nggak berguna,0
"Sejauh ini bagus banget, tp kalau boleh saran mohon di update film²nya karna aplikasi lain sudah tayang Netflix belum tayang, diupdate terus agar lebih memuaskan 👍👍👍",1
Mau masuk aja dipersulit baru donload langsung gw apus lagi nih aplikasi. Mana bayar masuk aja susah.. najisss,0
Sesat,0
"Tidak bisa diputar filmnya, kenapa penyebab nya??",0
Bagus semoga langganan nya di murah lagi,1
pening daftar lain kali yang mudah ah Netflix,0
Apakah di apk ini bisa buat nonton sepak bola liga 1,1
best,1
"Bagus banget bisa nonton santai dirumah sambil makan cemilan, apalagi sudah bisa nyambung ke TV.",1
Bagus,1
Kon gak bisa masuk ngentlldhdjd,0
"Saya rasa aplikasi netflix ini benar-benar tolol, coba saja ketik sesuatu film di pencarian, ketika film yg ingin dicari ada atau tidak, maka tidak ada bedanya!",0
Netflix gak jelas g lengkap jelek,0
"Waduh banyak bug, nonton film baru setengah nanti nonton lagi malah gabisa di buka",1
Log in nya susah.! Belibet,0
No coment,0
"Bikin rugi masa paketan isi sendiri 185 aneh,kapok pake netflik maen potong uang orang sembarangan",0
"bagaimana ini netflix, saya ingin melanjutkan nonton malah tidak mau di mulai film nya, tolong di perbarui lagi bug yang ada",1
"Mau nonton squid game season2, ada didalem season 1, ribet banget",1
Good,1
Kuontol,0
Gak bisa loginn... Plsss,1
Boikot,0
apk nya bagus bangett,1
Aman,1
"anak haram dajal, disuruh inilah itulah login aja pakek di persulit pepek kau jahanam",0
Blm dicoba,1
Gimana caranya masuk gratiss,0
Saya tidak masuk Padahal sudah lengkap semua,1
Gk bisa login🤬,0
"Aku udah lama langganan netflix semuanya baik"" aja selama 1 tahun lebih, tp akhir"" ini udh seminggu lebih netflix tidak bisa di putar di handphone Android ku, kenapa ya? kalau di smartTV bisa. Kalau di HP cuman hitam saja tanpa suara, tolong segera di perbaiki!!!",0
bgs banget,1
Netflix tolol garep anime aj GK bisa lu goblok,0
Tak best,0
gedabuk,1
"NETFLIXX ANJG TIBA' SALDO KEKURAS SENDIRI GARA' BAYAR PAKET NYA, PADAHAL GA MAU BELI PAKET NYA MALAH OTOMATIS KE BELI ANJGHHH",0
saya sudah memasukkan sandi email asli saya tapi tidak bisa,0
Ebitsidli,1
Jelek bayar,0
Apk ke kntl,0
Aplikasi nya jelekk harus membayar dulu baru bisa nonton,0
Aku suka,1
sangat jelek,0
banyak gangguan anjir,0
"Akhir2 ini memutar Netflix di hp sangat sulit, loadingnya lama sekali, bahkan untuk film yang sudah didownload, terkadang pas sedang tidak di rumah ingin menonton Netflix jadi susah",0
ok,1
Jualan makanan,1
Coba,0
Ribet daftar,0
Gak bisa login,0
TIDAK BERGUNA,0
k3pda Netflix asu kenpa sy susah banget daftarin nya ini Netflix kayak lanjut madu,0
Berbayar parah,0
bgus,1
jelek apk nya ga bisa daftar or masuk ke Netflix jangan install apk ini nyesel tambah bikin emosi,0
Sumpah ya saya cuma mau nonton squid game tapi harus ini lah itu lah harus pake bayar lagi saya udh daftar di ulang lagi gimana sih Netflix ini tololl bnget dah,0
Apalah GK bisa masuk. Padahal semua nya udah ku coba. Tapi GK bisa masuk. Login aja GK bisa. Apk GK jelas,0
tidak bisa login selalu gagal walau sudah benar sandi dan email,0
Sekarang nonton tv sebagian tidak ada suaranya sekalipun di hp nyala di TV bisu & gambar kadang jelek padahal settingan audio sudah posisi tepat..... Mahal tapi kurang berkualitas malah Disney hostar ada suaranya semua padahal lebih murah gambar lebih jernih internet kecepatan sama 30 mbps..... Perlu berpikir ulang,0
Ga dapat pin,0
ga kaya di apk lainnya daftar akun aja harus bayar,0
"Bagus, tapi tolong di perbanyak lagifilmnya",1
"tolong kembalikan uang saya tiba"" ketarik otomatis diakun dana sayaa senilai 120,000,itu sepertinya tidak sengaja kepencet fitur langganan nya,saya mohon kembalikan uang saya,saya sangat membutuhkannya",0
kenapa harus bayar?,0
Kenapa di tablet tiba tiba error ya padahal di tv bisa sama di hp. Mana bayar baru makek setengh bulan aja,1
"Apk sampah , mau daftar aja susahnya minta ampun..",0
Keren,1
"g bisa dibuka, minta link terus, tapi pas dibuka g bisa. Katanya linknya ngg valid.",0
👍,1
bagus,1
Gak bisa masuk,0
Ada apa dengan netflix????? Mengapa 5.10 kesalahan terus,0
"Sepertinya Netflix sedang error, tapilan beranda saya isinya film anak"" semua secara tiba"". Dan film yang masih berlanjut tidak dapat dicari lagi.",1
Sangat baik,1
"Sebenarnya sih apk ini bagus cuma saya kalau mau search film atau animasi yang saya mau kadang ada tulisan ""Wah, maaf judul tidak ada"" padahal ada tolon segera di fiks",1
Knp saat saya melakukan pencarian film malah muncul wah maaf judul tidak ada padahal filmnya baru di tonton aneh bngt,0
Pendaftaran terlalu rumit,0
Bagus,1
bagus,1
"tiba-tiba saldo Dana berkurang tanpa pemberitahuan padahal sudah gk berlangganan, uninstal aja dah ni app systemnya pembayarannya broken, minimal minta persetujuan dulu lah gk langsung nyedot saldo dana, saldo juga gk bisa di balikkin lg😡",0
"saya gak bisa masuk, udah tekan untuk gimail eh malah eror, gimana sih, saya kasih bintang 1 tolong di bisain lagi apk nya😡😡",0
Kenapa tiba-tiba bgt suka gak bisa masuk ya? Padahal sebelumnya gak kenapa-napa,0
Kada punya duit😭😭😭,0
Bisakah membayar melalui via pulsa prabayar?,1
Ko aku ga bisa kalo mau masuk ke netflix harus bayar ya,0
Full HD,1
"Tidak bisa login di device lain, padahal sebelumnya bisa. Tolong segera diperbaiki.",0
Sedang,0
Sangat susah log in di Netflix padahal saya sudah masukan password dengan benar.,0
Aplikasi samvah,0
Kebanyakan horor. Banyakin film actionny lah,1
Goood,1
"Parah sih,, aplikasi laknat",0
Tolong klw mau masukin akun langganan jgn di bikin muter2 mulu buat isi pin,0
"Lading nya lelet banget, pdhal kuota full wifi full",0
"So expensive, low price for 480p only lmaow",0
"Plis ntar suatu saat nanti tambahin Film Sonic The Hedgehog 3!! aku capek bolak balik ke bioskop perkara mau nonton Sonic 3, btw aku udah rewatch 3 kali saking bagusnya tuh film.",1
Netflix ajg kaga bisa daftar akun,0
kikir,0
bagus,1
Ribet bgt mw masuk,0
"Sangat bagus, film nya seru semua! the best deh",1
Nie kenap ya awal berlangganan enk aja dan lancar to pas udh berjalan hmpr 1 tahun mau ntn aja loding y mau 30 mnt x hadep cape dah,0
"jelek bngt masa hrs langganan dulu baru bisa nonton,gmn sih.",0
Gk ada yg gratis auto delete,0
Tidak sangat jelekkkkkk,0
"baguss, sukaa bangettt🤍🤍💭💭",1
Akhirnya saya bisa nonton Film yang saya mimpikan,1
"Please add all of the sonic the hedgehog series and movie here, thank you.",1
Good,1
buat season 4 Anne with an E plisssssss,1
B aja,1
"Drama Korea When The Phones Ring Pro Zionis, boikot penayangannya lewat Netflix",0
Padahal langganan nya udah di berentiin tapi saldo nya tetep nyedot.giliran mau di tonton login ga bisa stuck logo,0
Tidak seru.,0
Persetan dengan household gua jdinya setiap mau nonton harus minta link ke ayah gua babi sama kurang hd puqi,0
BAGUSSSSSSSS BANGETTTTTTT,1
Ini gimana dah gw mau login ga bisa padahal sudah bayar,0
2ɔ9,1
Tidak bisa masuk padahal sandinya udah benar kenapa malah gak bisa masuk,0
B aja,0
sru poll film nya,1
"Sy koq ga bisa buka Netflix yaa, sdh seminggu, dgn tukisan : maaf, kami tidak dapat menjangkau layanan Netflix. Coba lagi nanti (-1000). Tolong, ada apa inih?",0
Alat propaganda,0
Mantap,1
"Filmnya gak lengkap, buat apa berlangganan kalo dari 5 season cuma ada 1 season doang di Netflix mending aplikasi lain dah",0
The only reason i subscb Netflix is because i want to watch FRIENDS but now it's not there anymore.. so good bye netflix,1
"Bangke, beli yg 1080 malah kayak 480 kualitasnya.",0
"Lebih baik langganan di MAXTRIM, maaf uninstall dulu",0
Netflix Ter the bestttt,1
burik padalah sudah login akun instagram tetep ga bisa,0
"apk aneh anj, mau daftar aja di persulit banget, segala acara eror akses, dan masih banyak kedala yg aneh banget",0
"Aplikasinya bagus,TPI bikin rugi,perbayar sendiri,saya sangat tidak menyukai",0
mau login susah banget tolong ini apl nya dibenerin,0
Di hp ku muter terus,0
bosok,0
"ga tau kenapa sering banget bermasalah, mana kalo bermasalah ga bisa dibuat nonton sama sekali jadi ngerasa rugi bangett!!",1
Aplikasi TAI pro z10onist sirewel,0
Heh harus bayar🤣🤣🤣,0
Sebuah saluran favorit keluarga dengan tontonan film dan acara tv yang menghibur. Success Netflik dan terus berinovasi,1
film patah patah pada saat pemutaran,0
"Sia pirage nonton meni kudu mayar anjing perhitungan pisan netflix mhh,apal te aing thh hyg nonton squid game anjing meni kudu mayar mening keneh meuli baju aing mhh daripada beak saldo demi aplikasi tolol",0
Mantap aplikasinya,1
Bagussss,1
Boycot👎🏻👎🏻👎🏻👎🏻👎🏻👎🏻👎🏻👎🏻👎🏻👎🏻👎🏻👎🏻👎🏻👎🏻👎🏻👎🏻👎🏻👎🏻,0
Buruk!,0
Di Setiap film pasti ada kampanye LG*T,0
Enak di lihat,1
"Netflix is doom. It clearly shows THD's bias towards Genocide, from the choice of films, to the altered language translations. Unbelievable",0
harus nya bisa melihat dulu sebelum berlangganan film apa saja yg akan tayang bulan ini. . 😎,0
"Tiba tiba saldo gopay berkurang, woi kntl balikin duit gw. gw udah berhenti berlangganan kenapa masih di potong",0
ga bisa ngeplay ngestuck selalu bermasalah!!!!!,0
Aplikasi zionissss 👎🏻,0
Supporter of genoside,0
Aplikasi ini makin lama tidak seru. Saya sudah berulang kali saldo dana saya tersedot. Padahal sudah saya berhenti langganan. Tetap juga tersedot saldo dana brulang kali. Tolong pihak netflix giman ini,0
Lelet bnget,0
"Aplikasih ngk guna ngk bisa login ke akun ,sedot uang di dana trs perbulan apk ampas",0
kalian tau apa arti dari bintang 1,0
Good😘🥰😍🤩👍👍👍,1
Aplikasi yang takberguna,0
Film nya ga lengkap,0
"Jelek, propaganda!",0
Mantap,1
Oke sip,1
Aneh,0
"kurang lengkap film nya, nyesel deh banyak yang nggak ada film Hollywood nya,, padahal mah pengen nonton Suburbicon, Wonder, Pay It Forward dan film film Marvel,,malah nggak ada semua, nyesellll bangett, mana dah berlangganan lagi aghhhh",0
Tidak tahu,1
vidionya sangat keren sekali,1
Sehat jasmani dan kesehatan tubuhnya,1
"Gausahlah nayangin film yang berbau propaganda fitnah, BOIKOT MBC",0
Baik,1
Kenapa aku gak bisa masuk padahal kan sandinya benar?,1
Tiba tiba gk bisa di buka di matepade saya,0
boikot,0
"Why can't I login several times, please help",0
Saya tidak bisa mendaftar di Netflix,1
Kok gaada pengabdi setan 2 communion ya?,1
"Aplikasi buat hiburan, gausah jadi tempat propaganda",0
🙏🏻🙏🏻🙏🏻🙏🏻🙏🏻🙏🏻🙏🏻🙏🏻🙏🏻🙏🏻🙏🏻🙏🏻🙏🏻🙏🏻🙏🏻🙏🏻,1
"hama, zionis",0
🗿,0
Ada bug GK bisa masuk ke Netflix nya tolang lh di benerin sistem nya 😒,0
Boikot,0
"Awalnya saya berencana untuk berlangganan karena ingin menonton when the phone ring dan squid game s2, tapi dengan kasus propaganda pada wtpr membuat saya mengurungkan niat saya.",0
Kecewa 😥,0
App ga lengkap setting layanan customer service gda,0
Saya sudah nonaktifkan BERLANGGANAN tapi kenapa bisa aktif sediri Kenapa dengan fitur BERLANGSUNG langsung MEMOTONG SALDO begitu saja tanpa ada PEMBERITAHUAN / PESAN PENGINGAT lewat email atau chat.,0
APLIKASI APAAN GAJELAS UDH DI PREMIUMIN GABISA DI PAKE NONTON BENER BENER PARAH,0
Halah pro zi0n ternyata wkwk #buycut,0
Buat menghilangkan jenuh saat menonton kalo bisa di perbarui film film baru dan yg bagus,1
Aku sebenernya belum download aplikasinya sih tapi boleh nanya Netflix harus bayar buat login ya,1
Anjayyy,1
Baik,1
mahal ajg,0
Tolong bantuannya dong bagaimana supaya bisa daftarnya tanpa pake kredit,1
Baik,1
Macam mana daptarkan akun kon,0
Pro zionis,0
"Aplikasi mata2, uninstall by playstore & perangkat sia2, tetap muncul kembali setelah perangkat reboot. Hadeu",0
"Pengen lihat list aja harus bayar dulu, pelit luu",0
Jengkelin betul susah,0
Pemaiiii pendo apk bgni,0
Semakin kesini semakin jelek ini apk.,0
Developer nya mata duitan ajg masuk aja harus bayar,0
Skipp pendaftaran nya erorr hampir 5jm tetep ga bisa masukk,1
Penyepong isriwil,0
"ga jelas error kode -1000 mulu jadi gabisa di buka, padahal sudah langganan",0
busuk,0
"𝐊𝐚𝐫𝐞𝐧𝐚 𝐦𝐞𝐧𝐚𝐲𝐚𝐧𝐠𝐤𝐚𝐧 𝐝𝐫𝐚𝐦𝐚"" 𝐚𝐭𝐚𝐮 𝐟𝐢𝐥𝐦 𝐲𝐠 𝐝𝐮𝐤𝐮𝐧𝐠 𝐠𝐞𝐧𝐨𝐬𝐢𝐝𝐚 𝐉𝐝 𝐦𝐚𝐚𝐟 𝐬𝐚𝐲𝐚 𝐤𝐚𝐬𝐢𝐡𝐡 𝐛𝐢𝐧𝐭𝐚𝐧𝐠 𝐭𝐞𝐫𝐛𝐚𝐢𝐤 𝐛𝐮𝐚𝐭 𝐩𝐞𝐧𝐝𝐮𝐤𝐮𝐧𝐠 𝐠𝐞𝐧𝐨𝐬𝐢𝐝𝐚",0
apaan Netflix sekarang apa' bayar sama aja kaya capcut kebelet haji,0
Ternyata isi akun nya dulu kalao aku mau kasih bintang lima harus masuk akun nya ya okeee sahabaaaat se....,0
Kok flmnya bnyak yang gak bisa ditonton,0
Aplikasi jelek,0
Propaganda,0
"Niat hati nyoba bayar Netflix buat nonton film, ternyata film nya pada GK lengkap:(",0
jelek alasannya saya ga bisa membuat akun di aplikasi ini,0
Bagus,1
Jahat,0
"aplikasi kebelet haji,masa daftar doang harus bayar😒😒",0
"NETFLIX PLS KEEP HUNTERXHUNTER PLSPLSPLS, JANGAN DI ILANGIN.",1
Pro Zionis!,0
👎👎👎👎👎👎,0
"Mau bayar langganan aja susah, gak bisa bayar pakek VA harus dompet digital",0
Skrg Netflix sdh bagus. Dulu kesusahan sekali untuk masuk dan pembayaran. Skrg sdh sangat mudah dan film nya bagus* Tolong di pertahankan 👍🏻,1
"parah banget nih netplikkk.. propaganda terooooos, memutarbalikkan fakta film2nya, kacung zionist",0
Shame on you,0
Tidak suka dengan Netflix yang film nya penuh propaganda dan pembodohan,0
Jelèk apalagi bayar masih bagusan loklok,0
Aplikasi sampah,0
Ending #whenthephonerings paling aku benci. Diselipkan isu perang yg sedang berlangsung. Propaganda busuq,0
Zionis,0
Seting susah masuk ke netflik,0
Sekelas netflix ribet juga mau ganti password karena lupa. Verifikasi ke email gagal terus. Lewat nomor hp malah keterangan nya nomor tidak terdaftar di akun manapun. Heyyy itu jelas-jelas nomor tercantum udh tertaut ke akun kntol,0
Boikot,0
Pret,0
Pendukung 510N13,0
Pendukung Israhell !!,0
"jelek bgt,gw top up yang kualitas 720,malah nonton burem mirip kualitas 240",0
susah untk masuk tp ydh dh gpp,1
pro zionis gak akan tenang hidupnya,0
Aplkasi sampah,0
Mantap,1
Bagus,1
BOYCOT!,0
"aplikasi gk guna, isinya propaganda semua",0
Aplikasi bodoh blum masuk sdah suruh top up,0
Apk gk jelas gagal terus masuk,0
aplikasi bawaan gak bisa hapus mau nonton paksa bayar perbulan,0
Pendukung zionajis boikot selamanya,0
agen propaganda yg hancurr,0
ok,1
"netflix pendukung genosida, tukang memutar balikkan fakta,. SHAME ON YOU",0
Aplikasi pro penjajah israhell; ada beberapa videonya memutar balikkan fakta,0
Are you kidding me?,0
Aplikasi yang menyenangkan dan seru,1
Harus langanan,1
Bad,0
"Tidak bisa menonton film satupun. Stuck di loading screen terus HP ngefreeze, gak bisa dipencet tombol apapun. Sudah menghubungi CS juga sama aja, yg disampaikan cuma restart HP, reinstall Netflix, cabut colok reuter sma test speed, gitu aja terus tpi tetep gak menyelesaikan masalah. Mubadzir bayar kalau akhir²nya gak ada yang bisa ditonton.",0
"Payah,🔥🔥",0
"Boikot Netflix, karna pro zionis",0
Good,1
Aplikasi sampah,0
Coba dulu,0
Sangat tidak masuk akal sehat,0
Aplikasi yang paling susah dimasuki. Iklan dimana-mana tapi sulit untuk mendaftar..,1
Aplikasinya suka ngelag padahal jaringannya bagus bagus aja,0
ga tau mai heli truck,0
BAGUS banget soalnya bisa mainin GTA Sanateras,1
Maff Aku kasih bintang 1 karna Masuk Nya Susah Dan aku Udh Bercoba Berkali-kali tetep gk Bisa Padahal Imel sama kata sandi ku Udh Bener total Tapi Tetap Gk Bisa gmn Dong,0
"The application is good, all the films that are in the cinema are there so it saves money 🗿 oh yeah, please add my favorite anime, tonikaku kawai, if possible because I'm lazy having to watch ads if I pay. Spend the money just to save money hehehe and add the Oscar gecko film, I looked for it but it wasn't there, that's all, developer ♥️",1
Sampah,0
🥰,1
"Apk nya bagus, cuma waktu login nya agak payah , padahal sudah di masukkan semua yang di perintahkan tapi tetap tidak bisa",0
selalu bermasalah dengan pasword yg slah trus menerus,1
"drama when the phone rings eps terakhirnya tolong di ganti gasuka, boykot",0
Baik,1
Aku suka nonton netflix,1
"Saldo ovo tiba-tiba berkurang, keterangan nya pembayaran netflix, padahal udah ga berlangganan. Karna udah lama ga buka aplikasi nya, sandi nya jadi lupa lagi. Coba klik yang 'lupa sandi' terus masukin gmail yang terdaftar, tapi malah gagal terus. Bagaimana ini netflix? Saldo ovo saya sudah kepotong tapi mau masuk gagal terus",0
"NETFLIX TIDAK BISA TAMPIL 2 SUBTITLE BAHASA SECARA BERSAMAAN,JADI KITA TIDAK BISA BELAJAR BAHASA DAN MEMAHAMI",0
Bagus aplikasinya.. Bisa nonton film dengan nyaman dan bisa beberapa perangkat dirumahku.. Cuman ada beberapa film yang mungkin loyalty di netflix sudah habis (mungkin karena sebab lain) kayak home alone itu sudah gak ada pas dicari.. Terminator yang ku nonton ada yang keterangan: tayangan terakhir tanggal 11 (berarti 11 Januari 2025)..tolong agar film nya masih ada karena saya dan orang-orang masih mau nonton.. Masa iya film kayak home alone udah gak ada? Tambahin ya tapi harga langganan sama,1
"Kecewa beratt sudag bayar tapi akun tidak bisa di buka, saldo sudah terpotong tali masih di suruh selesaikan pendaftaran giliran di klik selesaikan pendaftaran harus bayar lagi. WOIII BALIKIN DUIT GUEE!!",0
Apakah bisa pengembalian dana karna kemaren otomatis dana saya ke pindah kan ke netflix,0
"Kenapa tidak bisa diputar padahal masih berlaku 10 hari lagi, dicoba di Android & TV Android tetep gagal",0
Tiba tiba netflix tidak bisa di akses melalui hp xiaomi 14t..setiap masuk ke aplikasi selalu lgsg keluar..sudah di install ulang tetap saja..,0
Udah langganan malah gabisa dibuka lagi aplikasinya!,0
"Error2. Pilihan masuk ke akun gak bs kebuka. Mental semua. Katanya ada Bug, disuruh update tp gak ada pilihan update, disuruh hpus junk udah hapus maaih gak bisa buka. Si restart pun gak bisa. Anehh tp nyata. Hanya di Netflix",0
App jelek,0
"ini kita bayar mahal perlu wifi perlu labgganan tiap bulan klo di tonton di smart tv ga bisa mending di hapus aja netflix , sumpah capek bgt . nonton yt lancar giliran buka netflix langsung muter2 aja ga bisa nonton dan juga kadang bisa nonton baru 14 menit langsung muter lagi padahal 22 mbps keceng itu , parah sih udah stop langganan ini mah . good bye netflix",0
oke banget menurut ku,1
Apa ini sekarang mau buka selalu gak bisa dengan keterangan ada bug nya...udh di hapus data dan memori masih belum bisa masuk aplikasi,0
Tolong untuk melengkapi series anime one piece,0
"no komen, mau daftar ga bisa² kocak",0
Mau log in aja susah ribet su,0
sangat bagus saya bisa nonton squid geme,1
"Netflix ku eror kali ya setiap bulan saya bayar. Tapi punya saya episode baru belum keluar, sedangkan saya tanya dengan teman saya punya dia sudah tayang?? Apakah ada perbedaan di Netflix? Tolong dibantu perbaiki.",1
"Kadang tiba-tiba filmnya jadi burik, padahal sudah langganan yg 4k",0
Pemerasan,0
"Tolong deh ya apk Netflix ini, saya tadi mencoba netflix pakai sandi-email nah itu langsung ada habis itu di suruh tf terus pas sudah mau di tf ngulang lagi, kenapa ya tolong deh jangan buat ginian ngebugnya banyak banget gak suka plsss",0
Mahal doang kg ada flim pertaruhan Tokyo revenge S2 kg ada flim nya kurang rugi bayar mahal² tapi flim yg pengen di nonton kg ada,0
"Kenapa setelah update closed app, crash tiap kali di buka.. tolong di perbaiki",0
Apk jelek,0
Bagus aplikasi nya pokonya top buat nonton film Dan sedikit diperbaiki masalah masalah sepelh ya tapi yg lain bagus juga cuma ada masalah dikit aja,1
Ewh,1
Apk aneh baru download aja mau daftar ribet ga bisa bisa,0
Gak bisa masuk for close muku,0
Alhamdulillah lanjut ken,1
tiap mau login eror mulu,0
"There's bug in this app, I try to update but There's no updated.",1
Aplikasi kikir mau nonton aja segala make premium,0
𝗴 𝗯𝗶𝘀𝗮 𝗹𝗼𝗴𝗶𝗻,0
Bagusss,1
"Gw coba buat akun yang lama malah ga bisa, dan gw coba berkali kali ttp ga bisa, kenapa ya? Aku gak suka bneran",0
"apaansi login gabisa bisa tulisannya sandinya salah, pdhl udah jelas jelas bener masih dibilang salah. jelek",0
Seruu bgtt,1
Saya tidak bisa login ke akun saya yg dulu padahal dulu bisa dan hp sama pakaki oppo a9,0
Daftar aja nga bisa,0
mantap pilihan drama dan filmnya. jernih tampilan dan suaranya.,1
Bagus,1
Thank Bro,1
"Saya sudah puas tapi terkadang ada bug di resolusi saat pemutaran film yang dimana gambar nya malah beralih ke 480P, padahal saya berlangganan yang 720P jadi saya harus refresh terlebih dahulu agar resolusi gambar kembali ke 720P tolong Bug ini diperbaiki secepatnya berlaku juga untuk TV dll.",1
Kenapa punya saya tidak ada subtitle nya,0
Ok,1
Gila keren sih,1
Seronok 👍👍👍,1
"keren,good",1
Ga ada ejen ali;(,0
Developer kok netflix nya agak ngebug ya developer plisss di perbaikin lagi dong developer🙏🙏🙏🙏🙏,0
Nyempitin hp aja,0
Bagus banget yang kalian terakhir liat itu mamaku yang tulis tapi jangan di dengerin,1
KEREN BANGET,1
Kurang update,0
"Bagus, bisa saya lihat di hp, tv maupun head unit di mobil. Cuman kadang mau cari film yang saya pingini tidak ada, pdhl dipromonya ada.",1
"Permisi pihak NETFLIX,kenapa saya login pake akun saya gak bisa ya?!.Padahal email dan kata sandinya sudah bener.Terus pas saya coba pake kode sih bisa aja tapi langkah selanjutnya udah gak bisa.Mohon pihak NETFLIX memperbaiki ini maaf harus kasih bintang 2 dulu",0
"masih ada aja drama yg subtitle nya ga ada pilihan Indonesia,padhal drama lama",1
Apk ga jelas mending g usah download,0
"Apaaan cb, sy mw masuk g bs, udh berulang kali daftar di suruh masuk ke browser, di browser di suruh bayar, di situ ny blg ""nonton tanpa di pungut biaya 1 pun"" apaan dah ni aplikasi, mau nonton aja harus bayar dlu🤢",0
loginnya ribet,0
gk bisa daftar,0
Ribet ih. Emang gk bs ya pakai 2 email dgn pembayaran di nomor yg sama? Gw udah lupa akun gw yg lama,0
Tidak bisa daftar,0
Sungguh tidak layak di pakai,0
Ok,1
"Bungo stray Dogs di update dong, sudah banyak episodenya",1
Bintang 5,1
Bisa download gta,1
Kok kalo login harus bayar dan kenapa bayarnya itu tidak dari awal aja saat install kalo login nya harus bayar,0
Good,1
Aplikasi yang tidak berguna percuma saya keluarkan duit pas saya cari judul drama Korea yang ingin saya tonton tidak ada dan juga anime saya kira lengkap ternyata tidak kecewa saya bayar mahal mahal,0
"Aplikasi Netflix Lumayan Bagus, Saya Kasih Bintang 5 Aja Gaesss 🙏👍",1
Boycott netflix part a genocide,0
"Harga yg begitu buat langganan itu menurut dewasa ok aja tapi menurut ku lumayan kemahalan,maaf ya",1
"Kurang lengkap film nya, film deadpool pun tidak ada🥲",1
"Kok ngga bisa yah katanya belum update browsernya padahal udah, bantu jawab🙏🏽",0
Sebenarnya apk-nya udah bagus tapi masih banyak film yang blum di update.,0
Keren,1
"Kenapa dengan netflix, tiba2 film yg sementara di nonton tidak bisa di nonton lagi, bahkan ada yg ongoing tidak bisa juga, dan film yg udah di list tidak bisa nonton, mohon diperbaiki secapatnya. Agar tidak rugi saat berlangganan",0
Bagus dan jelas tetapi harus ada paketan semoga bulan depan nonton Netflix tidak ada paketan atau data,1
lama nginstalnya,0
Menyedot Saldo sendiri,0
Bagus,1
Iujucoba,1
Masuk nya ribet😡,0
Gak guna,0
Raffled hilsls,1
ok,1
Suka bgt,1
dh 3 bulan brlangganan. bulan ke 4 jdi 120rb kok bisa,0
apk nonton mantap dah,1
Plissd akting nyA BIKIN NANGIS,1
Langganan sebulan hanya karena penasaran pengen nonton squid game 2. 😂,1
padahal udah bagusbanget menurut ku eh tapibayar mahal banget lagi gak rekomen bnget 😟,0
bagus,1
Susah login ke TV 😭 Bahkan set ulang sandi jg ga bs Passw udah bener eh ttp ga bs login well,0
"Bagus cuma harus masukin email,sandi email,pdhl belum sempet nonton,udh exsited pengen nonton,eh ternyata pas liat ulasan ternyata disuruh bayar,trs kn aku belum bisa masukin email.",0
Buruk!!! Error vedio tidak bisa di putar!,0
"Ngak bisa buat akun,sangat kecewa",0
aplikasi ini bagus tetapi kita tidak bisa memakai app ini jika kita tidak berlangganan,1
Good,1
Apk anj***. Tiba2 berlangganan tanpa pemberitauan👎,0
rekomen buat suka nonton,1
"Saya memakai samsung tab A spen. Netflix januari 2025, bikin tab sy autorestart stelah 5 mnt nonton, bahkan saat sy nntn youtube. Jk sg uninstal netflix.. jalan normal. Tlg dcek bug nya !",0
kurang bagus buat orng indo ga banyak film horor indonya mending we tv asasin,0
Tidak bagus dan rugi yang download aplikasi ini 😡😡😡👎🏻👎🏻👎🏻👎🏻,0
Aku udh cek email nya kok GK mau masuk ya!?,0
"cara bikin akun ny gmn sih,di ksh sandi malah gk masuk",0
aplikasih asu sdh d downdod tdk ada hasil.bkin rygi data saja ..gk iklas sy hbsin data saja😡😡😡👊👊👊👊👊,0
MANTULL,1
tlg jgn massive mulu y gw mau jualan,1
aku yg miskin ini. gmn byrny :(,0
ok cool when will robocar poli season 5 will drop vro,1
Udah berhenti langganan kok masih ke potong sih saldo dana saya? Mending gausah langganan deh buat yang mau langganan dari pada kepotong terus tiap bulan padahal udah ngga berlangganan,0
Aplikasinya suka kadang ga bisa di tonton gajelas,0
Ga bisa dibuka cacat,1
Aplikasi kikir dikit² premium + login ny juga rumit,0
"Netflix saya mau tanya,kenapa saya sudah melakukan pembayaran lewat aplikasi dana tapi tetap tidak bisa memutar film?ini sudah terjadi 2 kali.Mohon saran nya terimakasih.",1
Kenapa semuanya harus Netflix,0
Haram,0
Aneh masuk aja bayar,0
mals bayar,0
Bagus,1
miskin😹,0
Download cuma mau nantinya squid game,1
bagus,1
Good,1
gatau kenapa kok gk bisa login,1
Bagus,1
"mau nonton aja ribet bgt sekarang ada household atau apalah itu, tolong di hapus fitur ga guna gitu!! lagi asik nya nonton malah device nya keluar pas mau login lagi sandi nya salah terus!!! padahal benar sandinya pas di login di hp lain bisa tolol",0
daftar aja bayar si anjinh,0
Mff deh gue kira gratis mlh w ngrep bat pen nonton trnyata bayar,0
"banyak bug. seperti ketika sedang menonton dan langsung keluar dari netflix, progres film yang udah ditonton tadi ga ke track. alhasil harus nebak nebak menit berapa tadi nonton. harap diperbaiki🙏",0
"Riweh cara daftarnya, nggk bisa masuk2😤",0
Gak bagus ini sih lebih baik vio dari pada ini,0
Napa film nya bayar?,0
"Aplikasi apaan ini, masuknya saja wajib berlangganan dulu... jadi untuk apa gunanya kalau sdh punya paket data neflik dr pembelian operator tidak bisa dipakai... k___fret",0
Gak bagus masuk aja harus bayar aneh,0
ini gimana cara daftar ya saya gak tau saya juga udah cari tutorial nya tapi gak bisa tolong min gimana cara nya,1
"Masa ga ada persetujuan buat bayar tiba""potong saldo dana si harus nya kan pke pin dlu ini tiba""di potong saldo saya merugikan bngett!!!",0
"Apknya sebenarnya sudah bagus, cuma kenapa film/anime yang sudah masuk ke ""daftar saya"" kadang gak muncul, yang keluar hanya beberapa saja, tapi setelah memasukkan film lain ke daftar saya, barulah muncul semua. Dan kenapa tampilan durasi dan tombol play tidak hilang saat tap layar saja, masa' perlu scroll panel notifikasi dulu baru hilang, ditunggu juga agak lama hilangnya, jadi ganggu subtitle. Habis update malah sering force close berkali kali ketika baru buka apk. Dah lah berhenti langganan.",0
like it,1
Senang...bisa santai nonton bareng di rumah bersama keluarga,1
"for all good, but i want to report please return the series the big bang theory because i want to watch it and i only got to 5 seasons not 7 more, please Netflix to consider closing again if possible reopen until february after that close, thank you. Greetings from Movie Fans",1
Ajg,0
"Login nya sangat susah, ajg bgt buat darah tinggi",0
Gimana cara login nya aplikasi GJ,0
"apk inii sangat membantu, cocokk buatt kamuu yang sukaa nonton, kualitas premium guysss, asikk bangett nonton disini yaa, ini mahh cocok buat yg suka nonton recommended bangettt, pokoknya haruss download yaa!!!",1
downlod netfilx cmn buat nonton squid game 🗿,1
Jujur tydack rugi,1
andi nama bapak saya,0
"eruu, gak mengecewakan sama sekali!!, pas itu aku nonton sekawan limo puji Tuhan filmnya lancar dan layarnya baguss puol lo reBCA J",1
"Aplikasi gak bisa digunakan kalau belum berlangganan dan itu pun mahal banget buat anak sekolahan kayak aku, tolong dong hapus berlangganan nyaaa",0
Sangat jelek kualitas ny,0
Apk anjeng masa maen potong aj saldo orang sedangkan gua cuma cek langganan GK gua tekan bayar saldo nya di sedot sendiri SMA ni apk konto,0
"Tidak Mengecewakan Sama Sekali,Walaupun Tidak gratis tapi wajar,pokoknya the best dehh",1
Bagus,1
IABO,1
Ok tanpa iklan,1
Ga bisa daftar akun,0
Tidak bisa login,0
the best,1
"Mau masuk aja harus berbayar dulu.. Kirain film² nya banyak dan lengkap. Gak tau nya itu² aja,sekelas film harry pother aja gak ada. Nyesel udah bayar bulanan.",0
"bagus , apLikasi , nya .",1
Nonton squid game 🗿,1
"Setiap login masukin pasword email selalu salah, padahal pasword email nya udh bener tapi di suruh ulang lagi selalu begitu terus",0
"Bagus sebenarnya, sudah langganan dr lama tapi gatau kenapa akhir akhir ini setiap mau masuk nonton itu selalu akunnya keluar sendiri dan setelah dimasukin email pw yang benar tulisannya kode sandi salah atau terlalu banyak mencoba padahal saya baru login itu. Seperti tidak ke save oleh netflix nya",0
🔥💗💫,1
Bagus bisa nonton di mana saja,1
"mau masuk nya susah bgt kayak gini salah,cara ini salah,gabisa"" burik bet",0
Bnyak film jadul yg di upload ketinggalan terus scissor seven masa masih season 4,0
"Kenapa daftar akun ga bisa dibuka Netflix membuat gmail, Brower kata ga dukung berarti harus bayar, ga gratis maaf ya memberikan bintang 1 ,",0
bagussss bgtttttt lowewwwwwwhhhh,1
"Very bad mau bayar gak bis alewat apapun disuruh nunggu gak selesai"" , apk apaan ini",0
Bagus,1
ok,1
keren,1
"ini kenapa mau login/masuk gabisa,cape terus' kode",1
Perilisannya sebuah serial episode agak delay tidak sesuai tanggal,1
Bagus,1
Benci kli g bisa login,0
Bikin emosi Flmnya gak bisa di putar padahal udh di download Habislah kuotaku😢,0
"Baru daftar disuruh bayar, bayar nya mahalll 54rb, iya emg gada iklan, tpi gk deh males",0
"SANGAT SANGAT JELEK, SAYA DOWNLOAD DARI PAGI SAMPE SEKARANG GAK BISA BISA DAFTARNYA, DAFTAR PUN DI PERSULIT, OTP GAK ADA YANG MASUK SAMA SEKALI",0
Kurang baik sering terjadi kesalahan pas mau nonton,0
ok,1
Saya sudah daftar tapi tetep gk bisa coba ulang ulang tetep gk bisa,0
Hello admin Netflix Aku kasi bintang 5 tolong masukkan flm Avatar the way of water biar tambah lebih seru lagi untuk menonton di Netflix... Terimakasih admin. 😁,1
"Pdahal sudah langganan netflix tp sering gagal masuk,,,apikasi sial",0
"Ngeselin.. Udh klar dri ke anggotaan gak mau lnjut langganan, ehhhh masih aja di potong dana ku,😡😡😡😡 Mnta bantuan jg ga d bls"" Sm cs nya😡😡😡 ga jls.. Dri bln kemaren udh berhenti masih aja di potong saldo.. Apa kali mau nya😡😡😡",0
"KESAL BANGET MAU DAFTAR AJA RIBET, PADAHAL PAKE EMAIL PASSWORD UDAH INGET DISURUH PERBARUI PASWORD TETAP AJA NGGA BISA🙂👊🏻",0
bagus bangettt,1
I love it,1
Seharusnya kalo mau daftar jangan harus bayar dulu masak daftar harus bayar dulu percuma nanti pas mau cari film yang mau kita nonton gak ada rugii,0
"kata sandi sering incorrect, pdhl udah bener",0
aku GK bisa login pdhl udh coba terus melulu tpi gk jdi,0
Berbayar tidak gratis,0
"Udah bayar mahal buat nonton, eh malah banyak yg gratisan di telegram. Mending ga usah langganan",0
daftar aja di ribetin apk gak jelas,0
RAKUS KIKIR,0
Susah masuk,0
jelek anj,0
Gak bisa login,0
mantap,1
"Balikin fitur download di apk pc pliss Ga semua orang punya paket buat streaming, nonton bayar, mau stream harus beli paket, plis dehh",0
Jelek apk terjelek di dunia masa aku daftar gak bisa bisa padahal email nya udah bener kan aneh apk apa ini orang mau nonton film jadi gak mood,0
Tolong di perbaiki sistem nya saya gak besa daftar akun,0
haduh apa apa berbayar,0
suka ajaa ehekk :3,1
Tolong tambahin anime captain stubasa udah cari kok gak ada sih kapan captain stubasa rilis ya?!,1
Mantaf,1
Gk bsa login gk jls pdhl sandiny udh bener peaaakk,1
dicoba ber kali kali ttp aja gabisa masuk! gmn sih apk nya,0
memotong saldo di ovo tanpa persetujuan,0
parah ya Netflix itu langsung ketagihan pembayaran cm Krn kita login.. pdhl kita udah stop batalin anggota. ga sengaja login pake akun lama yg nyangkut di tv krn emg pas buka aplikasi di tv tau tau masuk pake akun lama yang udah ga dipake. eh ketagihan langsung keanggotaan dipotong otomatis sebulan bangkek. padahal baru sehari. langsung berlangganan sebulan. minta dibatalin pun dibatalinnya ga bisa hari itu stop langganan. tp malah distop setelah sebulan. parah banget. mana otomatis kepotong.,0
"Saya sudah 2 kali membatalkan keanggotaan, tetapi saldo saya tetap di potong, aplikasi yg ga ada otak",0
Mungkin aplikasi ini gak co Cok buat guwe yang kekurangan uang tapi tetep kukasi bintang lima 😔😔,1
"kont**, setiap mau login pasti gak bisa dan dipaksa beli premium. kere amat aplikasinya",0
Sudah berlanganan yg premium. Giliran login gabisa malah suruh daftar ulang udan bayar lagi. Padahal saldo udah kepotong dan transaksi sukses. Udah coba login di PC tv dan hp tapi ttp gagal harus bayar ulang.,0
film nga komplit yang lama 2000an min,0
harus banget ya bayar,0
"Kalo mau isi ulang paket. Lamanya minta ampun. Coba lagi, coba lagi.",1
bagus bangett,1
Kecewa dengan Netflix sekarang.lebih sulit login dari aplikasi yg lain.parah lah pokoknya.,0
Jelek sekali saya daftar dan masukan sandi padahal sandi saya sudah benar tapi Netflix berkata salah,0
"Ini gmna ya tolong tanggung jawab nya,, kenapa tiba-tiba saldo saya kesedot semua. Tlong lah duit saldo saya pulangkn",0
baguss,1
"Aplikasi tidak berotak, setidaknya beri kami persetujuan untuk membayar langganan,tiba tiba dengan mudah menarik uang untuk premium tanpa persetujuan,makan uang haram,uang yang saya simpan untuk membeli barang malah diambil tanpa konfirmasi,aplikasi b****",0
Klw bisa lebih murah bulanan ny bru kasih bintang 5 hahaa,1
good,1
nonton Netflix seru banggetttttttttt,1
ga ad pelepasan akun pembayaran jd biar dimatiin anggotaannya ttp narik sendiri saldonya,0
"Ini kenapa dah film nya ada yg ga bisa di putar? Layarnya cuman hitam aja, banyak film yg ga bisa di putar. Padahal sudah bayar. Agak kecewa sih",1
Baik penyajiannya acara,1
Susah betul konek ke TV scan barcode dari hp,0
Buat masuk aj susah mana udah dapat gratisan tapi gk bisa di pakai,0
"Aplikasi berbayar tapi filmnya itu² aja... Semua film di masukin ke semua kategori film, cuma biar kelihatan banyak stok filmnya padahal itu² aja filmnya.. Rugi dong... mending nonton di sebelah banyak stok film dan sering update film baru dan seru actionnya. Payah..!!!",0
Afk bagus sayang banget engga lengkap. Film avengees aja gaada,1
"banyak ngelagnya, tolong di perbaiki lagi!!",0
Saran saya untuk kedepannya Mudah-mudahan Fitur subtitle nya bisa double Indonesia dan inggris jadi bisa sambil belajar juga Dah itu saja,1
Like like,1
bagus,1
Aplikasi nya gajelas kalau daftar ribet mana ga gratis lagi mau nonton squid game padahal 🫢🤭,0
"Film, drama dan series nya update...kereeeen",1
mantap,0
untuk masuk saja susah..GK seperti dulu,0
"Tolong balikin duit saya main potong aja.,",0
Gbisa aneh,0
Gw dah langganan kok 480p burik bgt gila kek 240p,0
"Netflix kenapa pas saya lagi nonton tiba tiba keluar sendiri dari aplikasinya? pas saya masuk lagi gabisa masuk ke berandanya, udah ditunggu, eh terjadi kesalahan perangkat, itu bagaimana min?",1
Grafik nya hd,1
serius kudu berlangganan dulu supaya bisa login?,1
Parah udh beli paket engga bisa di pake parah,0
"Halo kak saya mau refund, ini tidak sengaja berlangganan. Apa bisa? Please kak. Saya gak ada uang lagi duhh. Ini anak kecil yg megang gak ngerti apa apa 😭",0
Kenapa langsung di potong dgn hrga yg lebih besar tnpa persetujuan.,0
Saya suka,1
Asikkk,1
"ga ada settingan untuk 1080p keatas, nonton burik. pls adain settingannya kaya platform platform streaming lain",1
"ADMINN tolongg update series ""The amazing world of gumball"" PLLSSSS tontonan masa kecil guaa pen lanjut nonton series nyaa 🥲🥲",1
PEMBAYARAN NYA TERTUNDA MULU PADAHAL SALDO UDH KEPOTONG DI SHOPEEPAY,0
Ok,1
bgs ajaa bisa buat nonton film,1
jelekkk abiss udh bayar mahal mahal tau taunya pas di putar di HP ga HD sama sekali gegara HP nya ga mendukung 🥱🥱🥱🥱🥱🥱🥱🥱,0
"Kenapa saya tidak bisa login bahkan daftar akun baru?? selalu ada pemberitahuan ""Maaf terjadi kesalahan, coba lagi nanti""",0
"aplikasi netflix adalah sebuah aplikasi hiburan yg sangat memudahkan kita untuk menemukan film hiburan, yg bertema sedi, senang maupun fim anak sekalipun",1
Saya sudah berhenti berlangganan netflix tetapi kenapa masih dipotong 120 ribu dana saya ada ap dengan netflix...120 ribu bisa buat beli beras..kecil lah uang segito bagi netflix..kembalikan uang saya.. Mngembalikan uang 120 tdk akan membuat anda miskin,0
"saya suka karena filmnya banyak yang menarik,dan yang paling saya suka adalah fitur Netflix yang ada gamenya,apalagi yang spongebob,banyakin yang lucu.walaupun saya tahu ini aplikasi streaming.tapi jadi ngga bosen amat karena ada rekomendasi game terimakasih.",1
Sangat bagussssssssssss,1
kok gua daftar ga bisa² ya terus ngulang² mulu gimn mau nonton,0
Agak gk enk sih klo buat di HP,1
Aplikasi bagus untuk nonton film bioskop,1
Ga jelas,0
Susah login,0
saya download+ langganan karena squid game S2 ❤️,1
tidak muncul sub,1
"Mau daftar akun aja susah,apa saya yang salah apa gimana.sudah benar sandinya aja tetap salah udah di coba dari jam 5 sore sampai jam 9 malem masih gak bisa udah di ganti-ganti sandinya tetep aja aduh.",0
JELEK. GAK BISA LOGIN!!!!,0
"Pada tanggal 16 Desember 2024 saya membayar Paket Dasar yaitu 720p sebesar 65.000 rupiah, dimana harga tersebut adalah harga untuk 1 bulan. Seharusnya pembayaran berikutnya tanggal 15 Januari 2024, tetapi saya sudah diperingatkan untuk membayar yang berikutnya di tanggal 2 Januari 2025, jika tidak maka tidak bisa menggunakan fasilitasnya. Tolong pihak netflix untuk membenahi langganan saya. Terimakasih",0
💅👍,1
jelek banget kalau pertama kali masuk harus bayar,0
Boo,0
Demi nonton black clover movie 🙏🏻,1
Suka Log out Sendiri😔,1
Baru mendownload tetapi disuruh minta bayaran Astaga,0
"Hai Netflix, mohon untuk buatkan film tentang pelaku pembunuhan vina dan eki. 7 orang telah divonis seumur hidup tanpa adanya saksi dan bukti. Barang kali dengan adanya ini bisa membantu mereka yang telah dihukum seumur hidup. Bantu mereka mencari keadilan",1
Apk susah buat daftar ga guna,0
Cok bayar kon,0
Tidak mau terbuka di ROG Phone 8,0
Netflix udah KK Tadi update netflix,1
Uang saya kesedot terus sehinga uang saya habis padahal sudah di batalkan,0
saya suka apk ini,1
Kenapa mau masuk atau mau daftar akun tidak bisa,0
Bagus,1
Kenapa susah bnget login k akun ny,1
gᥲ ᥲძᥲ,0
"Klo aplikasi sdh mantap cuma saya kecawa kenapa film KINGDOM 4 sampai skrng blm juga di putar padahal informasi filmnya sdh di rilis dari 17 juni thn lalu, tolong kalau memang filmnya sudah ada di tanyangkanlah jangan di gantung begini 🙏",1
Christ Is Lord,1
Keren,1
Aplikasi tolol sudah tidak berlangganan tapi saldo saya di ambil oleh netflix,0
"I gave 1 star because there is no Indonesian language audio, even though many people use Netflix in Indonesia. If you don't want 🤨🤨🤨to provide Indonesian language audio, don't enter Indonesian Netflix🤔🤔🤔",0
Saya tdk bisa berlangganan,0
Kok ga bisa nganu akunya sih,0
Bagusssss sihh bagus bangettt tapi pas mau login nya ituu lohhhh rudeeettt banget Masyaallah lebih dari apapun kayak mau daftar ke bank ajaa aduhhh ribeettt bangettt udah beberapa kali coba tunggu nanti' udah uninstal instal lagi tetep tunggu nanti' aduhhh,1
Tolong dong android 14 di atasi masa setiap mau nonton harus restart ulang dulu hpnya mohon di perbaiki,1
Maaf kenapa tiap bulannya naik terus yaaa...,1
iyh,0
Bagus menarik tugas tugasnya 🥰,1
Kena aplikasi ini harus bayar??😔 Kirain gw gak bayar 😕,1
Seru,1
Apk yang bagus membantu sekali,1
netflix film nya lengkap,1
"Kyk nya bagus sih! Soalnya belum di coba.semoga aja bagus,aku kasih bintang 🌟 5",1
Mantap,1
Bagus bgt applikasi nya,1
Apan apk gajelas harus bayar apalah coba mana daftar nya pake goggle gak guna,0
saya mendowload ini hanya untuk nonton teasing master takagi san dan tolong jangan mengecewakan saya,1
Untuk film India lawas nya kurang banyak seperti film Salman Khan chori-chori chupke chupke dan har dil jo pyar karega tidak ada di Netflix,0
Percobaan aplikasi nya,1
Ngk bisa login,0
"menuh menuhin memori, padahal ga kepake nih apk trs abis itu ga bisa di uninstal.",0
Padahal seriesnya bagus² kenapa selalu ada unsur LGBT nya,0
Aplikasi wajib buat kuwarga gw. Ga ada hari tanpa nonton netplik dari pagi mpe malem on muluuuuu.... film keluarga tambahin dunk biar agak banyak.,1
Jelek diperbarui malah tdk bs digunakan cok,0
Gak bisa daftar aneh banget sihh kocak amat,0
Gimana orang mau langganan mau langganan di persulit gak ada mode bayar lewat Alfa hadeh,0
Knpa netflix kaga bisa daftar,0
dikit-dikit langganan dikit-dikit langganan apk apa coba,0
"Pokoknya langganan teruss, semoga lebih banyak film yang dapat memotivasi penonton di berbagai belahan dunia sana. 👀👀",1
Bener bener yeee ppn naik 12% 😢😢😥,1
Mohon maaf nie buat Netflix..emang klw ber langganan baru sehari trus di batalkan..yang nya gak bisa kembali ya,0
Good,1
Sudah saya bayar tetapi tidak dapat masuk ke akun nya,0
"Bagus"" filmnya tpi perbulannya semoga turun lg yah :)",1
Mantap bisa main game juga,1
Apk nya mlah tambah ribet udh ada akun masa gk bisa nonton harus in lah itu lah apa lah merepotkan orang,0
Bagus,1
Saya tidak suka sama apk ini karena ribet susah cuma buang buang waktu,0
Mantab,1
Seharusnya ada sistem custom resolusi. Sangat disayangkan saat dipertengahan film tiba² kualitas film buram! Sudah bayar mahal!,0
Gak bisa nonton pkek wifi,1
"aplikasi superrr juwelekkk dari tadi daftar gk bisa""aneh kasta aku donglod",0
Tolong tambahkan akun google agar login lebih mudah,0
Aplikasi terbangsat yang pernah gw temuin apa apa bayar pay to win,0
"Sub anime ke indo jelek banget 🤮🤮🤮 artinya cuman di transtlate doang artinya beda, pls pecat aja yng transtlate",0
Jelek amat masak selalu bayar kirain gak bayar ternyata bayar kecewa,0
Is the best deh,1
Udah daftar yg premium tapi kecewa karena banyak sekali yg masih belum ada translate bahasa Indonesia.,0
payah,0
bagus,1
"Tambah kan samoyeds 2, the darker s1 dan s2 guo jing fei, when snail fall in love 2016, rookie agent rouge",1
"Masak iyaa nggak bisa masukk udah di ganti kata santi nya tetap nggak bisa, entah apk nya yang salah entah apa yang salah nii",0
Boikot,0
Akunku jd tiba2 gak bisa dipakai lg knp sih😓,1
Terbaik,1
"Gabisa login harus, bayar dulu baru bisa kebuka aplikasinya, kalian semua jangan download ini",0
"App bermasalah, mending yg lain",0
Njr netflix gk bisa di unistal😭😭,0
"Filmya terlalu lama update, kalah sma web web bajakan , udh langganan tapi hasilnya kalah sma y gratisan 👎",1
Banyak film yang ke hapus seperti card captor sakura aku mau minta balikin film ini aku pengen nonton lagi ini,0
Giod,1
Good,1
Aplikasi gak jelas,0
kukira gratis teryata bayar,0
Ok,1
Napa agak slow motion gw nonton nya sejak kemarin lusa,1
berbayar,1
Aplikasi mengecewakan masuk harus bayar haduuuh mendingan nonton yt,0
Mau daftar masukin email ada notif: Terjadi Kesalahan Coba Lagi Nanti,0
Good ok,1
Apk bermasalah,0
Kenapa tidak bisa putar film...padahal sudah bayar..kok keluar trus metode pembayaran harus dirubah,1
Terlalu ribet harus login trs susah masuk nya byr mahal jg,0
Saya sangat menyesal memggunakan app ni baru saya download masa tidak bisa masuk mau nnton tolong konfirmasinya,0
Kenaikan harga 👎,0
Juga merupakan bagian selatan dan kingdom hearts of the Juga merupakan bagian dari genus Onthophagus beast,1
"Ini kenapa nonton Netflix malah sendat sendat, walau videonya udah di download tetap sendat sendat. Padahal jaringan kenceng",0
"Gimana ini Netflik aku baru bayar dan baru di pake 2 hari langsung gk bisa di buka😑padahal baru nonton 1 film aja, tolong di perbaikin lah",0
Banyak film favorit yang ilang,0
Apasi mau masuk aja susah banget harus pake email atau no HP sam sandi susah saya kecewa dengan Netflix,0
kenapa ya ketika nonton netflix video nya pecah padahal udah berlangganan :(,1
nruh,1
Oķ coba,1
Seru banget,1
"saya melanjutkan pembayaran untuk kedua kalinya agar bisa melanjutkan menonton, tetapi film nya tidak bisa diputar setelah pembayaran berhasil. bagaimana ini, duit saya tidak kembali dan film tidak bisa di tonton! saya sangat kecewa dan marah",0
Bgs doang kadang ngleg tapi gpp seru kok nontonnya,1
Sngat keren sih,1
"Gada yang salah dari ini apk. Cuman yang buat kecewa dan ga berlangganan lagi buat kedepan, tiap resolusi ada harga yang harus dibayar kan, di resolusi paling rendah juga masih tidak bisa di sambungin ke perangkat smart tv. Film yang disajikan juga kurang lengkap kalo di suruh berlangganan. Ini jadi kelemahan yang sangat menonjol jika dibandingkan apk sebelah. Dan semoga kedepannya bisa lebih baik lagi, terimakasih",0
Aku gak bisa berlangganan netflix..keterangan eror terus,0
Hoax bayar larang wekkkk,0
Ribet banget cok padahal cuman mau login anjir,0
Saya mau masuk koq susah ya...katanya bisa ditonton melalui ponsel...knp ini gag bisa ya... Suruh salin link... Ditonton di tv...nah KLO gag punya tv smart gimana...gag semua orang punya duit kayak loe Netflix.... App aneh...,0
"Gajelas bgt udh di unduh tpi ga bsa"" suru download ini itu",0
"Kurangnya film terbaru termasuk Venom the last dance , menyedihkan.",0
hha sekelas Netflix kalah sama lok lok. makanya ga usah serba bayar😹 mana bayar nya mahal bngt lgi,0
Kurang bagus,0
Mantap,1
Percuma udh daftar eh malah byr pula,0
"Saya masuk dan bayar ke Netflix buat nonton ninjago dari pilot sampe dragon rising, eh ternyata cuman ada dragon rising doang",0
"aplikasi nya aneh g bisa login/ga bisa bikin akun,gajelas aplikasi nya👎👎👎👎👎👎👎👎👎👎👎👎👎👎👎👎👎👎👎👎👎👎👎👎🤮🤮🤢",0
"Sebaiknya semua film, apalagi film yang sudah lama tayang wajib memiliki pengisian suara bahasa indonesia. Sebaiknya hal-hal kecil seperti ini tolong diperhatikan dan up to date.",0
"Tiba-tiba kamu bukan bagian dari A (padahal itu akun sendiri), silahkan buat akun baru atau tonton sementara. Pas pilih tonton sementara disuruh masukin kode padahal blm 15 menit udh invalid.",0
Oke,1
Sangat menghibur waktu libur panjang kerja,1
"Huu apalah haa Mau login netflix d rave aja susah banget,selalu aj terjadi kesalahan teknis😠😠",0
Baguss dan keren,1
Ok,1
Sangat bagus,1
di rekomendasikan teman teman untuk menonton di sini tapi pertamakali masuk harus bayar🙁,0
ini kenapa tombol play gk bisa hilang ya? nonton jadi gk nyaman subtitle tertutup,1
"waktu kecepatannya di set ke 1,25 atau 1,5 pasti bakal patah patah. please bngt di ya, di fix. ga nyaman banget tiba tiba patah patah gitu. terus juga tombol prev/skip 10dtk nya juga ngga sesuai, kadang 8dtk kadang juga lebih dari 10dtk",1
bagus,1
Bagus,1
suka sama Netflix karena punya series jojo dari part 1-6,1
I Like Yeeee,1
kok eror sih di tab,0
Anjir ada GTA,1
Burik banget karena gw sandi dah bener malah disalahin pekok netflix,0
Payah netflik skrg ya. Masak iya pake 2 unit hp buka netflik gak bisa. Biasanya bisa. Klw begini saya batalkan saja ke anggotaan di netflik. Otomatis uninstall,0
Baru coba sudah kurang memuaskan. Tolong perbaiki lagi aplikasinya.,0
Semoga gak mahal taun depan.😠,1
Uang gw ilang 200 buat Netflix anjeng tiba tiba ke bayar perpanjang sendiri tanpa gw mau lanjutin buat perpanjang langganan,0
Ok,1
Terlalu rumit alias ribet ....,0
"Tambahin drama² jepang/horor jepang dong developer, playlist drama/horor jepang sedang tidak baik² saja ini aseli. Sering langganan di netflix karena cukup murah dan komplit mau nonton anime/movie/tv series ada, semoga kedepannya bisa di perlengkap lagi untuk drama, horor/anime jepang. Info ada bug pada subtitle ""ERASED"" dimana karakter dan NPC belum ngomong tapi subtitle udh muncul dluan dan terlalu cepat untuk subtitle Indonesia mohon diperbaiki!",1
"Knp aku masuk di game squid game kok nggak bisa padahal udah tak masukan akun,masa suruh buat ulang sandi trs ayolah bung kasih yg jelas lah",1
harus langganan,0
Gak bisa di download ribet harus pake Imel,0
Oke,1
Terbaik,1
udah beli paket yg bisa dipakek di pc malah gk bisa login kamfrett,0
harus bayar ga worth it,0
Menghibur,1
Karna bayar,0
Saya mengunakanya semoga memuaskan aplikasi ini,1
"Daftar akun, malah di persulit harus langsung langganan.",0
"sudah bayar tapi gabisa,malah disuruh bayar lagi",0
sudah bayar tapi gabisa anj,0
Hapus aja aplikasi KIKIR,0
Tidak ada filem yg saya mau ini aplikasi gjls,0
Apk to! 0!,0
"saya kasih bintang 3 karena filmnya banyak yang ga ada,tolong netflix lebih di perbanyak filmnya lagi🙏🙏",1
Good,1
"Sudah berlangganan tapi pas login ulang nggak bisa, kod masuk eror terus , nggak muncul",0
Sangat bagusss,1
"Netflix ga jelas , ga bisa log in",0
APLIKASI NETFLIX SANGAT MENGGIBUR GA ADA KATA NGLEG.GOOD,1
Rekomended,1
Koq bisa ya harga berlangganan netflix di Akoon. Id lebih murah dari netflix sendiri.. Di situ cuma bayar 100ribu/tahun,0
"Sudah 1 tahun saya dgn Netflix puas appnya oke banget tanpa kendala banyak pilihan film nya termasuk film Indonesia bagus2 klo boleh usul tambah koleksi nya film James bond 007 baik lama maupun baru saya yakin banyak juga pelanggan lain yg suka,dan film mission impossible terbaru nya juga tolong ditayangkan terimakasih Netflix.",1
"Pengalaman menonton di aplikasi ini biasa saja. Menurut saya masih kurang dalam fitur sebuah video player utuh. Saran saya adakan fitur2 tambahan pada video player nya agar bisa leluasa dalam menonton. Misalnya, seperti pergantian resolusi video/film, pemilihan audio dan subtitle yang komplit serta penambahan fitur lainnya.",1
Banyak bug,0
Always Error system,0
Kenapa ini netflix ga bisa di putar di hp & tv pdhal sudah berlangganan loh udh 4 hari ga bisa di buat nntn sama sekali..,0
kenapa netflix gabisa ngatur resolusi videonya siii,1
Gabisa bayar make ovo,0
Jangan di ragukan lagi tapi dompet langsung kosong,1
Maruf,1
Kecewa udh beli premium tapi nyari film Jurassic aja ga ad,0
sangat menyenangkan,1
Bagus banget kesukaan aku kalo mau nonton anime juga ada disini,1
Ada seris thailan ktnnya tayang di net kenapa gk ada yaa udh bayar malah gimana sih,0
"netflix yg dulu oke, tqpi sekarang login aja gabisaa👎🏼👎🏼👎🏼👎🏼👎🏼👎🏼👎🏼👎🏼👎🏼👎🏼👎🏼",0
"aplikasi jozzzz, nomor 1 pokoknya",1
Susah masuknya,0
Aplikasi tolollll begoo,0
Tolong dong tambahin fitur screenshotnya😭🙏🏻,1
Udah daftar tapi ga masuk masuk heran,0
"kok aneh ya, dibuat play dari wifi malah gabisa, start harus dipancing pakai kuota internet dulu baru bisa seterusnya baru bisa pakai wifi",0
"Bagus aplikasi nya bintang 5.. min masukin film zona merah, sama zombie yang judulnya The last of Us 😁",1
Bagus,1
"Gak bisa nonton video padahal udah premium, sinyal lancar, udah melakukan yang ada di bantuan masih tetap gak bisa nonton film. Stack di bagian load",0
"maaf saya beri bintang 3, karena ada alasan setiap saya login kenapa stuck di logo Netflix ? berkali"" dan sekarang malah gak bisa masuk masih stuck padahal udah di uninstall, kasih solusi dong buat saya sebagai member.",1
"udah langganan, beli mahal mahal, tau tau aplikasinya suka nge bug kalo masukin pw",0
Entlah susah sekali mendaftar nya,0
"Info dong, Netflix lgi eror yaa? Kok gk kebuka sih",1
Dipersulit daftarnya🤒🤒🤒,0
Gak bisa masuk woiiii,0
Netflix selalu berikan yg terbaik,1
Mantap,1
"udh langanan, tp sering erorr, g bs di buka. kecewa bngt, mn pas seru2 nya",0
Udah di download pas mau daftar ga bisa aplikasi gak bagus,0
"Pelayanan customer service sangat membantu,akun saya sdh aktif lg. Terima kasih netflix..",1
Karena udet dan dana kepala botak gilak,0
Gak bisa nonton harus berlangganan,0
"Gak bisa masuk akun lama, malah di bilang terlalu banyak upaya login y jgan gitu kasih solusi biar bisa masuk suruh konfirmasi lagi atau bisa bikin akun baru bukan malah di suruh login terus udah tau login sandi di tolak , dan setau saya sandi y saya simpen knp gk bisa login.",0
gk bisa login,0
"cakep sih, but kudu bayar memeq",1
ini kena Netflix saya ngga bisa di pake saya udah bayar kemarin tanggal 12 loh uang segitu ya ngga murah buat kita yang kaum mendang mending,0
aplikasi nya ga baguss bngett,0
Ok,1
Mau sign up atau sign in via email ribet amat. Login pake no hp juga sama ribetnya. Payah bgt ga flexibel.,0
Ok,1
Tingkatkan lagi filmnya yg baru²,1
Seru GK bosan,1
Houmouse,1
"Suka sii sm netflik kualitas vidionya bagus dan cepat ga loading""😍😍",1
Udah berlangganan malah gak bisa login,0
Cukup Bagus,1
"Saya mau masuk ke akun saya malah gabisa, padahal password sama email udah bener. Tolong dong Netflix kenapa jadi gajelas gini?!?",0
apalah aneh mau daftar akun suruh bayar,0
Customer service NETFLIX budeg semua. Gak bisa komplen.,0
"Please, umobile payment method, please, please",1
minesnya ga gratis,0
Login di TV selalu error. Buruk super buruk!,0
Good Apk,1
ga lengkap film nya,1
Berbayar,1
SAMPAH🚮🚮🚮🚮🚮,0
"PENCAHAYAAN LO TUH NAPA SIH????? TERANG BGT BUSET GABISA DI KECILIN, MASA HARUS APUS DATA MULU",0
Buka aplikasi ini mengggunakan android pake jaringan wifi malah tidak bisa login. Nonton youtube lancar aja,0
Lol ga bisa login,0
Masih banyak film action yang tidak lengkap sangat mengecewakan,0
"Aplikasi gila mau masuk akun terus menerus masukin email ga bisa"" gmna si",0
Susah banget login nya,0
Ngk bermanfaat,0
Wah aplikasinya bagus,1
Mantap,1
Terbaik,1
Ga konek,0
Aplikasi katrok...salah pin mulu ga bs masuk,0
Kenap ini saya udah bayar kok ngak bisa d tongton malah suruh bayar lagi,0
Min tolong dong masukan Kindom 4 Rertun,1
Susah login nyaa mau login harus seribet ini yaa🙃??,0
Ntar kalo bisa login baru ku kasih bintang 5,0
aplikasi k*nt*l daftar aja susa bngt,0
apk apa ini cok ribet,0
Bagus,1
Gamenya ada pilihan Bahasa Indonesia donk. Susah banget mainnya kalau gak ada bahasa Indonesia,1
aplikasi repot lol,0
"Tolong di Update Filmnya kak. Sudah langganan mahal-mahal, film udah hampir tamat semua, ga ada film baru yang bagus kah. ? Tolong ditingkatkan Update Filmnya kak. Terima kasih.",1
"Banyak Film, Drama, Series, Anime Populer Yg Tidak Ada Disini. Malah Lebih Baik L*k2. Lalu Pilihan Kategorinya Cuma Sebatas Drama, Film, Anime, Asia, Dsj. Tidak Sampai Terperinci, Seperti Genrenya, Tahun, On Going/Tamat, Dst.",1
"Film film nya bervariasi dan mudah diakses serta ada kategori dokumenter dan ada terjemahan, bagus",1
ga bsa,0
Mengesankan dan menyenangkan,1
Mantap movie Film Netflix.,1
Lamakkkkkkkkkk Uqqqqqq,1
Kenapa ya kalau mau menonton sering lag Premium doang,1
Mengecewakan sekali harus bayar dulu baru bisa masuk apk ga jelas banget,0
Oke,1
Terbaik,1
gol,1
"udah berlangganan tapi pas nonton malah filmnya gak jalan cuman suaranya aja yang jalan ,trus coba ke pusat bantuan untuk fitur bantuan di handphone juga gak lengkap ,yaa mungkin murah untuk kalangan yang punya uanh tapi yaa kalo untuk menengah ke bawah buat berlangganan trus ada kendala gitu ya termasuk gak nyaman.",0
akun saya gabisa masuk sama sekali,0
"Balikan saldo DANA saya, tidak ada persetujuan lagi langsung potong saldo dana saya saja",0
B aja tapi lumayan,1
Ribet daftarnya,0
Belum di coba tpi kasih bintang tiga aja mudah-mudahan bagus aplikasi nya,1
Bagus,1
Film nya gak lengkap,1
Ga jelas,1
lovee sekebonnnnnnnnn,1
Xx xx drrrr free ee,1
Opsional,1
Setelah update malah ga bisa putar film.. 🤦🏻‍♀️,1
Login gagal trs,0
"Aplikasi maksa, masa saya gk jadi daftar di suruh daftar mulu",0
Masa baru 4 hari bayar 54rb per bulan diponsel sekarang udh ditarik lagi ini mah namanya pemerasan masa cuma nonton beberapa udh ketarik aja dana aku hadeh nyesel deh karna kan baru coba,0
MENGAMBIL SALDO DANA TANPA IZIN BALIKAN SALDO KU AKU GK MAU LANGGANAN BANGUN PAGI TENGOK2 SALDO DANA KURANG TAU2NYA NETFIX BALIKAN SALDO DANA KU BALIKAN,0
GK bisa login,0
Saya ingin refund dana di aplikasi ini di karenakan tidak ada persetujuan dari saya untuk membelinya dan juga tidak ada jejak pembelian di akun google saya.,0
Ini sangat membatu saya,1
Bayar mahal mahal tiap bulan tapi gak bisa di pakai kenapa yaa ? Tampilan layar nya cuma keterangan Netflix,0
Payah jelek aplikasi nya,0
"jelek banget, baru download eh eror nyesel banget abis² in Kouta aja kalo tau gitu GK usah download. dasar",0
Film nya seru2... Jadi gak perlu nonton ke bioskop dehh,1
good,1
tidak memuaskan,0
"Apaan tidak bisa login, dgn alasan terlalu banyak aktivitas diakun ini, Maksud looohh. Itu akun gw sendiri gmn cranya banyak aktivitas memang panteek kauu",0
"Flim yang saya tonton tidak ada di histori tontonan saya, setiap saya nonton film baru pasti episode yang sudah di tonton tidak ada jejak sampai mana tontonan saya. Jd saya lupa udh nonton sampe mana. Tolong ya diperbaiki aplikasi Netflix nya bermasalah terus sudah seminggu ini!!!",0
BUN KHIET SEN PHO PHO KU YUEN AMSIONG 🤣🤣🤣🤣🤣,1
mantep,1
Memuaskan,1
"Saya kecewa dengan netflix mengapa banyak acara tv di server indonesia sedikit sedangkan di server luar banyak contoh saya ingin menonton 2001 space odyssey di server indonesia gaada tpi di server luar gaada,nyesel langganan netflix.",0
Aplikasi ini tidak work untuk dibeli karna film2nya kagak lengkap mending pindah aja deh lagian aplikasi ini ngasih videonya setengah2 filmnya tidak terlalu banyak membosankan semuanya tidak ada yang lengkap atau film yang di inginkan untuk nonton alangkah baiknya contohi noh aplikasi sebelah vidio lengkap nggak mahal murah juga paket lengkap,0
Mauu daftar susah banget,0
kok sering gk bisa dibuka ya aplikasi netflix nya....cuma2 loading2 aja....ganggu banget....coba jelaskan dong itu kenapa,0
Ok,1
"Gak bagusss saldo tiba"" ilang sendiri di ksrna ketarok sama netflix,,, bikin nyesek",0
"cara masuk nya susah banget, harus ini itu, pas kita ini itu ehh tetep gk bisa gimna si udh minta bantuan, cari opsi lain tetep gk bisa,malah di kasih link, kita pencet link itu mlah buka chrome, buka chrome pun masih kaga bisa email pun kaga bisaa, knpa si harus pake email segala, merepotkan banget, knpa gk dismbungin aja ke google,kaya temen' yang lain ini maunya beda sendiri, thun lalu saya pernah mau login tapi gk bisa,thun ini pun sma mau login lagi tpi tetep gk bisa, apa sebenarnya sayany-",0
"Film ya kurang lengkap,saya cri film yang di tahun 2017 malah tidak da padahal itu film sudh lama rilis ya di indo",0
kenapa ya tiba tiba eror gini mana udah berlangganan,0
Bagus unt habisin waktu,1
"malah dirusu buat aplikasi lain,terus katanya Netflix telah berhenti, lah????",0
Bagus,1
Nice app,1
Kecewa,0
terbaik,1
"i don't know why aku gabisa login padahal uda bener semua dan di suruh periksa email lagi dan aku terpaksa buat uninstal, tolong ka ini kenapa ya?? uda di bantu temen ku juga",1
sangat baguss,1
"Saya sudah berhenti berlangganan netflik..tapi masih masuk tagihan di kartu kredit saya. Dan menghubungi netflik susah sekali Ada yang tau cara menghubungi netflik yang mudah, saya mau pengajuan refund",1
Serving videos and film trends,1
login gagal terus terjadi kesalah terus ga di bener'in dari dlu gitu terus.,0
Netflix ini sagat seru,1
Terlalu mahal,0
Mudah dan memuaskan,1
Sangat bagus aplikasinya,1
Tidak bisa di gunakan,0
Mahal tapi filmnya sedikit,0
Capek2 gue download biar bs nonton offline (nonton pake data kadang gk stabil resolusi ngedrop)malah selalu muncul ada masalah dgn pemutaran. Sptnya bulan terakhir langgann5,0
👌,1
Baru mencoba,1
mantap,1
GOOD,1
Seru,1
saya blum tauu cuma pas saya dongload kok ga bisaa daftar ya gak jelas nieh netflix,1
Bagus sekalii aplikasi nya,1
Saya suka aflliikasi ini,1
"Nyesal download ngefrezz parah, udh relog berulang2, udh uninstal, udh hapus apk game yg berat, tetap ngefrezzz",0
Gak bisa login,0
Netflix tolol gem apa aj bayar tolol kalo gitu lu ga usah buat gem anj uh dasar kikir😹,0
Mantappp,1
"Why are there ongoing film series with release dates but the episodes are missing? Please fix it again developer, if it is done I will increase the rating again.",1
Lanjutkan..,1
"bagus bgttt, banyak film2 terbaru",1
"Apkikasi kuntul,saya udah langganan,giliran mau login di suruh bayar lagi,bikin emosi aplikasi Babhii ini,perbaiki aplikasi mu ini KTL",0
Buruk jadul repot,0
Baik,1
Woo atmin ni fitur searchnya ga di bener2rin ga ada tindakan apa 2 udah lama loo masih gini aja ga ada perbaikan nyari film susah amat ga pernah dapet selalu melenceng tolong laa profesional dikit,1
"Udah bayar pas daftar Netflix tapi pas buka aplikasi gak bisa mulu, ribet amatt daftar aja. Kalo masalah bayar gpp sih cuma daftar nya aja ribet banget.",0
Jelek bangat sumpah 🤮🤮,0
Best movie & series platfrom👍,1
Ngebug,0
Brokennn gua dah bayar 114 ribu tapi malah minta lagi 65 ribu gilaa ni aplikasi,0
Nagus,1
Susahkali masuk nyaa,0
Mantul...,1
"Gak bisa masuk padahal kata sandi bener malah d salahin, lewat kode terlalu banyak upaya padahal baru 1 kali pake kode, mo bikin akun baru email yg ke 2 tiba2 salah padahal email udah tercantum d akun hp, mau mu apasii Netflix?? Susah amat mo masuk juga, pliss lah Jan susahin gw bat masuk, pen liat Drakor berlangganan ajj susah amat",0
Ga ad anime iruma kun,0
entah knp serial netflix yg sekarang pada jelek² semoga aja 2025 banyak serial bagus,1
Nonton Serial Tanpa DVD Supreme Dora MOON.,1
Bagus .,1
apk bikin pusing mau login gk bisa padahal email sama pwnya bener masih gk bisa,0
Saya sudah membayar 460 ntd kenapa malah keluar sendiri...dan semakin sulit untuk login nya,1
terlalu lama daftar,0
"Tiba2 logout sendiri,pas mau dipake nonton mesti log in lagi tp udh di coba berkali2 malah bilang koneksi tidak terhubung ke netflix disuruh cek jaringan padahal jaringan bagus,wifi lancar tp tetep aja gak bisa log in,hadeuuh...",1
"gk suka. Mau msuk aja harus byar premium dlu bru bisa msuk ke akun. Mau masuk akun aja susah disuruh ini disuruh itu, udh di lakuin malah ga masuk! gimna si bkin kesel aja malam malam",0
"Gak jelas, keluar sendiri, disangka ini bukan akun kita, harus verifikasi ulang, tapi link nya bermasalah GAK JELAS",0
Best,1
"tidak bisa dibuka di perangkat ponsel realme gt neo 3t, udah komplain ke Cs tapi sama sekali tidak membantu.",0
UN INSTALNYA MANA UIIII... Kok gak bisa dihapus.,0
Mantap,1
Jadiin genap 50 k ajadah nanggung amat,0
Kamu 😀,0
Ok,1
"Gabisa bikin akun ,gtw knp,gajelas gitu",1
